{
    "counter": {
        "ACTIVE": 43833,
        "INACTIVE": 58797,
        "INVALID": 0,
        "MALICIOUS": 0,
        "SANE": 0,
        "VALID": 0,
        "total": 102630
    },
    "percentage": {
        "ACTIVE": 42.70973399590763,
        "INACTIVE": 57.29026600409237,
        "INVALID": 0.0,
        "MALICIOUS": 0.0,
        "SANE": 0.0,
        "VALID": 0.0,
        "total": 100.0
    }
}