{
    "counter": {
        "ACTIVE": 35956,
        "INACTIVE": 45010,
        "INVALID": 0,
        "MALICIOUS": 0,
        "SANE": 0,
        "VALID": 0,
        "total": 80966
    },
    "percentage": {
        "ACTIVE": 44.40876417261567,
        "INACTIVE": 55.59123582738433,
        "INVALID": 0.0,
        "MALICIOUS": 0.0,
        "SANE": 0.0,
        "VALID": 0.0,
        "total": 100.0
    }
}