{
    "counter": {
        "ACTIVE": 32390,
        "INACTIVE": 40604,
        "INVALID": 0,
        "MALICIOUS": 0,
        "SANE": 0,
        "VALID": 0,
        "total": 72994
    },
    "percentage": {
        "ACTIVE": 44.373510151519305,
        "INACTIVE": 55.626489848480695,
        "INVALID": 0.0,
        "MALICIOUS": 0.0,
        "SANE": 0.0,
        "VALID": 0.0,
        "total": 100.0
    }
}