{
    "counter": {
        "ACTIVE": 25227,
        "INACTIVE": 31737,
        "INVALID": 0,
        "MALICIOUS": 0,
        "SANE": 0,
        "VALID": 0,
        "total": 56964
    },
    "percentage": {
        "ACTIVE": 44.28586475668843,
        "INACTIVE": 55.71413524331157,
        "INVALID": 0.0,
        "MALICIOUS": 0.0,
        "SANE": 0.0,
        "VALID": 0.0,
        "total": 100.0
    }
}