{
    "counter": {
        "ACTIVE": 21503,
        "INACTIVE": 26414,
        "INVALID": 0,
        "MALICIOUS": 0,
        "SANE": 0,
        "VALID": 0,
        "total": 47917
    },
    "percentage": {
        "ACTIVE": 44.87551390946846,
        "INACTIVE": 55.12448609053154,
        "INVALID": 0.0,
        "MALICIOUS": 0.0,
        "SANE": 0.0,
        "VALID": 0.0,
        "total": 100.0
    }
}