{
    "counter": {
        "ACTIVE": 5747,
        "INACTIVE": 7179,
        "INVALID": 0,
        "MALICIOUS": 0,
        "SANE": 0,
        "VALID": 0,
        "total": 12926
    },
    "percentage": {
        "ACTIVE": 44.471098042250254,
        "INACTIVE": 55.53922327092681,
        "INVALID": 0,
        "MALICIOUS": 0,
        "SANE": 0,
        "VALID": 0,
        "total": 100.01032131317706
    }
}