{
    "counter": {
        "ACTIVE": 8397,
        "INACTIVE": 11247,
        "INVALID": 0,
        "MALICIOUS": 0,
        "SANE": 0,
        "VALID": 0,
        "total": 19644
    },
    "percentage": {
        "ACTIVE": 42.75240568199175,
        "INACTIVE": 57.25412339645693,
        "INVALID": 0,
        "MALICIOUS": 0,
        "SANE": 0,
        "VALID": 0,
        "total": 100.0065290784487
    }
}