{
    "counter": {
        "ACTIVE": 9277,
        "INACTIVE": 12347,
        "INVALID": 0,
        "MALICIOUS": 0,
        "SANE": 0,
        "VALID": 0,
        "total": 21624
    },
    "percentage": {
        "ACTIVE": 42.90140584535701,
        "INACTIVE": 57.10123479628174,
        "INVALID": 0,
        "MALICIOUS": 0,
        "SANE": 0,
        "VALID": 0,
        "total": 100.00264064163875
    }
}