{
    "counter": {
        "ACTIVE": 26545,
        "INACTIVE": 33948,
        "INVALID": 0,
        "MALICIOUS": 0,
        "SANE": 0,
        "VALID": 0,
        "total": 60493
    },
    "percentage": {
        "ACTIVE": 43.88111021109881,
        "INACTIVE": 56.11888978890119,
        "INVALID": 0.0,
        "MALICIOUS": 0.0,
        "SANE": 0.0,
        "VALID": 0.0,
        "total": 100.0
    }
}