{
    "counter": {
        "ACTIVE": 15156,
        "INACTIVE": 20243,
        "INVALID": 0,
        "MALICIOUS": 0,
        "SANE": 0,
        "VALID": 0,
        "total": 35399
    },
    "percentage": {
        "ACTIVE": 42.81597830385898,
        "INACTIVE": 57.18523122122094,
        "INVALID": 0,
        "MALICIOUS": 0,
        "SANE": 0,
        "VALID": 0,
        "total": 100.00120952507991
    }
}