{
    "counter": {
        "ACTIVE": 12039,
        "INACTIVE": 14805,
        "INVALID": 0,
        "MALICIOUS": 0,
        "SANE": 0,
        "VALID": 0,
        "total": 26844
    },
    "percentage": {
        "ACTIVE": 44.85803711155824,
        "INACTIVE": 55.15198927134555,
        "INVALID": 0,
        "MALICIOUS": 0,
        "SANE": 0,
        "VALID": 0,
        "total": 100.01002638290379
    }
}