{
    "counter": {
        "ACTIVE": 40610,
        "INACTIVE": 53939,
        "INVALID": 0,
        "MALICIOUS": 0,
        "SANE": 0,
        "VALID": 0,
        "total": 94549
    },
    "percentage": {
        "ACTIVE": 42.95127394261177,
        "INACTIVE": 57.04872605738823,
        "INVALID": 0.0,
        "MALICIOUS": 0.0,
        "SANE": 0.0,
        "VALID": 0.0,
        "total": 100.0
    }
}