{
    "counter": {
        "ACTIVE": 23010,
        "INACTIVE": 28169,
        "INVALID": 0,
        "MALICIOUS": 0,
        "SANE": 0,
        "VALID": 0,
        "total": 51179
    },
    "percentage": {
        "ACTIVE": 44.959846812169054,
        "INACTIVE": 55.040153187830946,
        "INVALID": 0.0,
        "MALICIOUS": 0.0,
        "SANE": 0.0,
        "VALID": 0.0,
        "total": 100.0
    }
}