{
    "counter": {
        "ACTIVE": 36663,
        "INACTIVE": 45881,
        "INVALID": 0,
        "MALICIOUS": 0,
        "SANE": 0,
        "VALID": 0,
        "total": 82544
    },
    "percentage": {
        "ACTIVE": 44.416311300639656,
        "INACTIVE": 55.583688699360344,
        "INVALID": 0.0,
        "MALICIOUS": 0.0,
        "SANE": 0.0,
        "VALID": 0.0,
        "total": 100.0
    }
}