{
    "counter": {
        "ACTIVE": 39688,
        "INACTIVE": 49679,
        "INVALID": 0,
        "MALICIOUS": 0,
        "SANE": 0,
        "VALID": 0,
        "total": 89367
    },
    "percentage": {
        "ACTIVE": 44.41012901854152,
        "INACTIVE": 55.58987098145848,
        "INVALID": 0.0,
        "MALICIOUS": 0.0,
        "SANE": 0.0,
        "VALID": 0.0,
        "total": 100.0
    }
}