{
    "counter": {
        "ACTIVE": 34603,
        "INACTIVE": 43203,
        "INVALID": 0,
        "MALICIOUS": 0,
        "SANE": 0,
        "VALID": 0,
        "total": 77806
    },
    "percentage": {
        "ACTIVE": 44.47343392540421,
        "INACTIVE": 55.52656607459579,
        "INVALID": 0.0,
        "MALICIOUS": 0.0,
        "SANE": 0.0,
        "VALID": 0.0,
        "total": 100.0
    }
}