{
    "counter": {
        "ACTIVE": 40112,
        "INACTIVE": 50937,
        "INVALID": 0,
        "MALICIOUS": 0,
        "SANE": 0,
        "VALID": 0,
        "total": 91049
    },
    "percentage": {
        "ACTIVE": 44.05539874133708,
        "INACTIVE": 55.94460125866292,
        "INVALID": 0.0,
        "MALICIOUS": 0.0,
        "SANE": 0.0,
        "VALID": 0.0,
        "total": 100.0
    }
}