{
    "counter": {
        "ACTIVE": 6796,
        "INACTIVE": 8994,
        "INVALID": 0,
        "MALICIOUS": 0,
        "SANE": 0,
        "VALID": 0,
        "total": 15790
    },
    "percentage": {
        "ACTIVE": 43.03989867004433,
        "INACTIVE": 56.967316949581964,
        "INVALID": 0,
        "MALICIOUS": 0,
        "SANE": 0,
        "VALID": 0,
        "total": 100.0072156196263
    }
}