{
    "counter": {
        "ACTIVE": 22520,
        "INACTIVE": 27661,
        "INVALID": 0,
        "MALICIOUS": 0,
        "SANE": 0,
        "VALID": 0,
        "total": 50181
    },
    "percentage": {
        "ACTIVE": 44.87754329327833,
        "INACTIVE": 55.12245670672167,
        "INVALID": 0.0,
        "MALICIOUS": 0.0,
        "SANE": 0.0,
        "VALID": 0.0,
        "total": 100.0
    }
}