{
    "counter": {
        "ACTIVE": 11835,
        "INACTIVE": 14606,
        "INVALID": 0,
        "MALICIOUS": 0,
        "SANE": 0,
        "VALID": 0,
        "total": 26441
    },
    "percentage": {
        "ACTIVE": 44.76003176884384,
        "INACTIVE": 55.24205748865356,
        "INVALID": 0,
        "MALICIOUS": 0,
        "SANE": 0,
        "VALID": 0,
        "total": 100.0020892574974
    }
}