{
    "counter": {
        "ACTIVE": 3972,
        "INACTIVE": 4982,
        "INVALID": 0,
        "MALICIOUS": 0,
        "SANE": 0,
        "VALID": 0,
        "total": 8954
    },
    "percentage": {
        "ACTIVE": 44.36501731263264,
        "INACTIVE": 55.63993745811928,
        "INVALID": 0,
        "MALICIOUS": 0,
        "SANE": 0,
        "VALID": 0,
        "total": 100.00495477075191
    }
}