{
    "counter": {
        "ACTIVE": 40075,
        "INACTIVE": 50644,
        "INVALID": 0,
        "MALICIOUS": 0,
        "SANE": 0,
        "VALID": 0,
        "total": 90719
    },
    "percentage": {
        "ACTIVE": 44.174869652443256,
        "INACTIVE": 55.825130347556744,
        "INVALID": 0.0,
        "MALICIOUS": 0.0,
        "SANE": 0.0,
        "VALID": 0.0,
        "total": 100.0
    }
}