{
    "counter": {
        "ACTIVE": 19379,
        "INACTIVE": 24248,
        "INVALID": 0,
        "MALICIOUS": 0,
        "SANE": 0,
        "VALID": 0,
        "total": 43627
    },
    "percentage": {
        "ACTIVE": 44.41974006922319,
        "INACTIVE": 55.5815339476459,
        "INVALID": 0,
        "MALICIOUS": 0,
        "SANE": 0,
        "VALID": 0,
        "total": 100.00127401686909
    }
}