{
    "counter": {
        "ACTIVE": 38805,
        "INACTIVE": 47909,
        "INVALID": 0,
        "MALICIOUS": 0,
        "SANE": 0,
        "VALID": 0,
        "total": 86714
    },
    "percentage": {
        "ACTIVE": 44.75055930991535,
        "INACTIVE": 55.24944069008465,
        "INVALID": 0.0,
        "MALICIOUS": 0.0,
        "SANE": 0.0,
        "VALID": 0.0,
        "total": 100.0
    }
}