{
    "counter": {
        "ACTIVE": 40313,
        "INACTIVE": 52632,
        "INVALID": 0,
        "MALICIOUS": 0,
        "SANE": 0,
        "VALID": 0,
        "total": 92945
    },
    "percentage": {
        "ACTIVE": 43.37296250470708,
        "INACTIVE": 56.62703749529292,
        "INVALID": 0.0,
        "MALICIOUS": 0.0,
        "SANE": 0.0,
        "VALID": 0.0,
        "total": 100.0
    }
}