{
    "counter": {
        "ACTIVE": 41773,
        "INACTIVE": 55494,
        "INVALID": 0,
        "MALICIOUS": 0,
        "SANE": 0,
        "VALID": 0,
        "total": 97267
    },
    "percentage": {
        "ACTIVE": 42.94673424696968,
        "INACTIVE": 57.05326575303032,
        "INVALID": 0.0,
        "MALICIOUS": 0.0,
        "SANE": 0.0,
        "VALID": 0.0,
        "total": 100.0
    }
}