{
    "counter": {
        "ACTIVE": 38695,
        "INACTIVE": 47747,
        "INVALID": 0,
        "MALICIOUS": 0,
        "SANE": 0,
        "VALID": 0,
        "total": 86442
    },
    "percentage": {
        "ACTIVE": 44.76411929386178,
        "INACTIVE": 55.23588070613822,
        "INVALID": 0.0,
        "MALICIOUS": 0.0,
        "SANE": 0.0,
        "VALID": 0.0,
        "total": 100.0
    }
}