{
    "counter": {
        "ACTIVE": 14261,
        "INACTIVE": 19100,
        "INVALID": 0,
        "MALICIOUS": 0,
        "SANE": 0,
        "VALID": 0,
        "total": 33361
    },
    "percentage": {
        "ACTIVE": 42.74751955876622,
        "INACTIVE": 57.25591294703079,
        "INVALID": 0,
        "MALICIOUS": 0,
        "SANE": 0,
        "VALID": 0,
        "total": 100.00343250579701
    }
}