{
    "counter": {
        "ACTIVE": 8218,
        "INACTIVE": 10991,
        "INVALID": 0,
        "MALICIOUS": 0,
        "SANE": 0,
        "VALID": 0,
        "total": 19209
    },
    "percentage": {
        "ACTIVE": 42.782029257119056,
        "INACTIVE": 57.22094960433153,
        "INVALID": 0,
        "MALICIOUS": 0,
        "SANE": 0,
        "VALID": 0,
        "total": 100.00297886145059
    }
}