{
    "counter": {
        "ACTIVE": 40765,
        "INACTIVE": 54502,
        "INVALID": 0,
        "MALICIOUS": 0,
        "SANE": 0,
        "VALID": 0,
        "total": 95267
    },
    "percentage": {
        "ACTIVE": 42.790263155132415,
        "INACTIVE": 57.209736844867585,
        "INVALID": 0.0,
        "MALICIOUS": 0.0,
        "SANE": 0.0,
        "VALID": 0.0,
        "total": 100.0
    }
}