{
    "counter": {
        "ACTIVE": 17084,
        "INACTIVE": 22164,
        "INVALID": 0,
        "MALICIOUS": 0,
        "SANE": 0,
        "VALID": 0,
        "total": 39248
    },
    "percentage": {
        "ACTIVE": 43.528332653893195,
        "INACTIVE": 56.47310622467959,
        "INVALID": 0,
        "MALICIOUS": 0,
        "SANE": 0,
        "VALID": 0,
        "total": 100.00143887857278
    }
}