{
    "counter": {
        "ACTIVE": 4378,
        "INACTIVE": 5521,
        "INVALID": 0,
        "MALICIOUS": 0,
        "SANE": 0,
        "VALID": 0,
        "total": 9899
    },
    "percentage": {
        "ACTIVE": 44.28484725874975,
        "INACTIVE": 55.77331043539751,
        "INVALID": 0,
        "MALICIOUS": 0,
        "SANE": 0,
        "VALID": 0,
        "total": 100.05815769414727
    }
}