{
    "counter": {
        "ACTIVE": 8003,
        "INACTIVE": 10547,
        "INVALID": 0,
        "MALICIOUS": 0,
        "SANE": 0,
        "VALID": 0,
        "total": 18550
    },
    "percentage": {
        "ACTIVE": 43.142857142857146,
        "INACTIVE": 56.86020809747156,
        "INVALID": 0,
        "MALICIOUS": 0,
        "SANE": 0,
        "VALID": 0,
        "total": 100.00306524032871
    }
}