{
    "counter": {
        "ACTIVE": 34021,
        "INACTIVE": 42756,
        "INVALID": 0,
        "MALICIOUS": 0,
        "SANE": 0,
        "VALID": 0,
        "total": 76777
    },
    "percentage": {
        "ACTIVE": 44.311447438686066,
        "INACTIVE": 55.688552561313934,
        "INVALID": 0.0,
        "MALICIOUS": 0.0,
        "SANE": 0.0,
        "VALID": 0.0,
        "total": 100.0
    }
}