{
    "counter": {
        "ACTIVE": 8213,
        "INACTIVE": 10969,
        "INVALID": 0,
        "MALICIOUS": 0,
        "SANE": 0,
        "VALID": 0,
        "total": 19182
    },
    "percentage": {
        "ACTIVE": 42.82957863996663,
        "INACTIVE": 57.183818162861016,
        "INVALID": 0,
        "MALICIOUS": 0,
        "SANE": 0,
        "VALID": 0,
        "total": 100.01339680282764
    }
}