{
    "counter": {
        "ACTIVE": 35242,
        "INACTIVE": 44168,
        "INVALID": 0,
        "MALICIOUS": 0,
        "SANE": 0,
        "VALID": 0,
        "total": 79410
    },
    "percentage": {
        "ACTIVE": 44.37980103261554,
        "INACTIVE": 55.62019896738446,
        "INVALID": 0.0,
        "MALICIOUS": 0.0,
        "SANE": 0.0,
        "VALID": 0.0,
        "total": 100.0
    }
}