{
    "counter": {
        "ACTIVE": 14244,
        "INACTIVE": 19049,
        "INVALID": 0,
        "MALICIOUS": 0,
        "SANE": 0,
        "VALID": 0,
        "total": 33293
    },
    "percentage": {
        "ACTIVE": 42.78505346629821,
        "INACTIVE": 57.21623164028475,
        "INVALID": 0,
        "MALICIOUS": 0,
        "SANE": 0,
        "VALID": 0,
        "total": 100.00128510658296
    }
}