{
    "counter": {
        "ACTIVE": 41939,
        "INACTIVE": 55772,
        "INVALID": 0,
        "MALICIOUS": 0,
        "SANE": 0,
        "VALID": 0,
        "total": 97711
    },
    "percentage": {
        "ACTIVE": 42.92147250565443,
        "INACTIVE": 57.07852749434557,
        "INVALID": 0.0,
        "MALICIOUS": 0.0,
        "SANE": 0.0,
        "VALID": 0.0,
        "total": 100.0
    }
}