{
    "counter": {
        "ACTIVE": 18376,
        "INACTIVE": 23473,
        "INVALID": 0,
        "MALICIOUS": 0,
        "SANE": 0,
        "VALID": 0,
        "total": 41849
    },
    "percentage": {
        "ACTIVE": 43.91129803096922,
        "INACTIVE": 56.0897512485364,
        "INVALID": 0,
        "MALICIOUS": 0,
        "SANE": 0,
        "VALID": 0,
        "total": 100.00104927950562
    }
}