{
    "counter": {
        "ACTIVE": 20146,
        "INACTIVE": 25248,
        "INVALID": 0,
        "MALICIOUS": 0,
        "SANE": 0,
        "VALID": 0,
        "total": 45394
    },
    "percentage": {
        "ACTIVE": 44.38227000352485,
        "INACTIVE": 55.619685420980744,
        "INVALID": 0,
        "MALICIOUS": 0,
        "SANE": 0,
        "VALID": 0,
        "total": 100.0019554245056
    }
}