{
    "counter": {
        "ACTIVE": 7489,
        "INACTIVE": 9893,
        "INVALID": 0,
        "MALICIOUS": 0,
        "SANE": 0,
        "VALID": 0,
        "total": 17382
    },
    "percentage": {
        "ACTIVE": 43.094717458856024,
        "INACTIVE": 56.91519963180301,
        "INVALID": 0,
        "MALICIOUS": 0,
        "SANE": 0,
        "VALID": 0,
        "total": 100.00991709065903
    }
}