{
    "counter": {
        "ACTIVE": 32498,
        "INACTIVE": 40789,
        "INVALID": 0,
        "MALICIOUS": 0,
        "SANE": 0,
        "VALID": 0,
        "total": 73287
    },
    "percentage": {
        "ACTIVE": 44.34347155702921,
        "INACTIVE": 55.65652844297079,
        "INVALID": 0.0,
        "MALICIOUS": 0.0,
        "SANE": 0.0,
        "VALID": 0.0,
        "total": 100.0
    }
}