{
    "counter": {
        "ACTIVE": 15016,
        "INACTIVE": 20122,
        "INVALID": 0,
        "MALICIOUS": 0,
        "SANE": 0,
        "VALID": 0,
        "total": 35138
    },
    "percentage": {
        "ACTIVE": 42.73436165974159,
        "INACTIVE": 57.26889799635701,
        "INVALID": 0,
        "MALICIOUS": 0,
        "SANE": 0,
        "VALID": 0,
        "total": 100.0032596560986
    }
}