{
    "counter": {
        "ACTIVE": 39615,
        "INACTIVE": 49448,
        "INVALID": 0,
        "MALICIOUS": 0,
        "SANE": 0,
        "VALID": 0,
        "total": 89063
    },
    "percentage": {
        "ACTIVE": 44.479750289121185,
        "INACTIVE": 55.520249710878815,
        "INVALID": 0.0,
        "MALICIOUS": 0.0,
        "SANE": 0.0,
        "VALID": 0.0,
        "total": 100.0
    }
}