{
    "counter": {
        "ACTIVE": 20894,
        "INACTIVE": 25811,
        "INVALID": 0,
        "MALICIOUS": 0,
        "SANE": 0,
        "VALID": 0,
        "total": 46705
    },
    "percentage": {
        "ACTIVE": 44.73610962423724,
        "INACTIVE": 55.269807280513916,
        "INVALID": 0,
        "MALICIOUS": 0,
        "SANE": 0,
        "VALID": 0,
        "total": 100.00591690475116
    }
}