{
    "counter": {
        "ACTIVE": 32232,
        "INACTIVE": 40416,
        "INVALID": 0,
        "MALICIOUS": 0,
        "SANE": 0,
        "VALID": 0,
        "total": 72648
    },
    "percentage": {
        "ACTIVE": 44.36736042286092,
        "INACTIVE": 55.63263957713908,
        "INVALID": 0.0,
        "MALICIOUS": 0.0,
        "SANE": 0.0,
        "VALID": 0.0,
        "total": 100.0
    }
}