{
    "counter": {
        "ACTIVE": 33643,
        "INACTIVE": 42479,
        "INVALID": 0,
        "MALICIOUS": 0,
        "SANE": 0,
        "VALID": 0,
        "total": 76122
    },
    "percentage": {
        "ACTIVE": 44.19615879771945,
        "INACTIVE": 55.80384120228055,
        "INVALID": 0.0,
        "MALICIOUS": 0.0,
        "SANE": 0.0,
        "VALID": 0.0,
        "total": 100.0
    }
}