{
    "counter": {
        "ACTIVE": 9870,
        "INACTIVE": 12858,
        "INVALID": 0,
        "MALICIOUS": 0,
        "SANE": 0,
        "VALID": 0,
        "total": 22728
    },
    "percentage": {
        "ACTIVE": 43.438077634011094,
        "INACTIVE": 56.57338965153115,
        "INVALID": 0,
        "MALICIOUS": 0,
        "SANE": 0,
        "VALID": 0,
        "total": 100.01146728554224
    }
}