{
    "counter": {
        "ACTIVE": 158,
        "INACTIVE": 252,
        "INVALID": 0,
        "MALICIOUS": 0,
        "SANE": 0,
        "VALID": 0,
        "total": 410
    },
    "percentage": {
        "ACTIVE": 38.72549019607843,
        "INACTIVE": 61.46341463414634,
        "INVALID": 0,
        "MALICIOUS": 0,
        "SANE": 0,
        "VALID": 0,
        "total": 100.18890483022477
    }
}