{
    "counter": {
        "ACTIVE": 40920,
        "INACTIVE": 54598,
        "INVALID": 0,
        "MALICIOUS": 0,
        "SANE": 0,
        "VALID": 0,
        "total": 95518
    },
    "percentage": {
        "ACTIVE": 42.84009296677066,
        "INACTIVE": 57.15990703322934,
        "INVALID": 0.0,
        "MALICIOUS": 0.0,
        "SANE": 0.0,
        "VALID": 0.0,
        "total": 100.0
    }
}