{
    "counter": {
        "ACTIVE": 34982,
        "INACTIVE": 43644,
        "INVALID": 0,
        "MALICIOUS": 0,
        "SANE": 0,
        "VALID": 0,
        "total": 78626
    },
    "percentage": {
        "ACTIVE": 44.491643985450104,
        "INACTIVE": 55.508356014549896,
        "INVALID": 0.0,
        "MALICIOUS": 0.0,
        "SANE": 0.0,
        "VALID": 0.0,
        "total": 100.0
    }
}