{
    "counter": {
        "ACTIVE": 26647,
        "INACTIVE": 34078,
        "INVALID": 0,
        "MALICIOUS": 0,
        "SANE": 0,
        "VALID": 0,
        "total": 60725
    },
    "percentage": {
        "ACTIVE": 43.881432688349115,
        "INACTIVE": 56.118567311650885,
        "INVALID": 0.0,
        "MALICIOUS": 0.0,
        "SANE": 0.0,
        "VALID": 0.0,
        "total": 100.0
    }
}