{
    "counter": {
        "ACTIVE": 42644,
        "INACTIVE": 56795,
        "INVALID": 0,
        "MALICIOUS": 0,
        "SANE": 0,
        "VALID": 0,
        "total": 99439
    },
    "percentage": {
        "ACTIVE": 42.88458250786915,
        "INACTIVE": 57.11541749213085,
        "INVALID": 0.0,
        "MALICIOUS": 0.0,
        "SANE": 0.0,
        "VALID": 0.0,
        "total": 100.0
    }
}