{
    "counter": {
        "ACTIVE": 11546,
        "INACTIVE": 14320,
        "INVALID": 0,
        "MALICIOUS": 0,
        "SANE": 0,
        "VALID": 0,
        "total": 25866
    },
    "percentage": {
        "ACTIVE": 44.64292618799057,
        "INACTIVE": 55.362251604422795,
        "INVALID": 0,
        "MALICIOUS": 0,
        "SANE": 0,
        "VALID": 0,
        "total": 100.00517779241336
    }
}