{
    "counter": {
        "ACTIVE": 3143,
        "INACTIVE": 3879,
        "INVALID": 0,
        "MALICIOUS": 0,
        "SANE": 0,
        "VALID": 0,
        "total": 7022
    },
    "percentage": {
        "ACTIVE": 44.75932782682996,
        "INACTIVE": 55.256410256410255,
        "INVALID": 0,
        "MALICIOUS": 0,
        "SANE": 0,
        "VALID": 0,
        "total": 100.01573808324022
    }
}