{
    "counter": {
        "ACTIVE": 4119,
        "INACTIVE": 5146,
        "INVALID": 0,
        "MALICIOUS": 0,
        "SANE": 0,
        "VALID": 0,
        "total": 9265
    },
    "percentage": {
        "ACTIVE": 44.467235236964264,
        "INACTIVE": 55.54236373448462,
        "INVALID": 0,
        "MALICIOUS": 0,
        "SANE": 0,
        "VALID": 0,
        "total": 100.00959897144888
    }
}