{
    "counter": {
        "ACTIVE": 33904,
        "INACTIVE": 42696,
        "INVALID": 0,
        "MALICIOUS": 0,
        "SANE": 0,
        "VALID": 0,
        "total": 76600
    },
    "percentage": {
        "ACTIVE": 44.26109660574413,
        "INACTIVE": 55.73890339425587,
        "INVALID": 0.0,
        "MALICIOUS": 0.0,
        "SANE": 0.0,
        "VALID": 0.0,
        "total": 100.0
    }
}