{
    "counter": {
        "ACTIVE": 36145,
        "INACTIVE": 45221,
        "INVALID": 0,
        "MALICIOUS": 0,
        "SANE": 0,
        "VALID": 0,
        "total": 81366
    },
    "percentage": {
        "ACTIVE": 44.422731853599785,
        "INACTIVE": 55.577268146400215,
        "INVALID": 0.0,
        "MALICIOUS": 0.0,
        "SANE": 0.0,
        "VALID": 0.0,
        "total": 100.0
    }
}