{
    "counter": {
        "ACTIVE": 29379,
        "INACTIVE": 37202,
        "INVALID": 0,
        "MALICIOUS": 0,
        "SANE": 0,
        "VALID": 0,
        "total": 66581
    },
    "percentage": {
        "ACTIVE": 44.12718916158491,
        "INACTIVE": 55.87479911686517,
        "INVALID": 0.0,
        "MALICIOUS": 0.0,
        "SANE": 0.0,
        "VALID": 0.0,
        "total": 100.00198827845009
    }
}