{
    "counter": {
        "ACTIVE": 30067,
        "INACTIVE": 37848,
        "INVALID": 0,
        "MALICIOUS": 0,
        "SANE": 0,
        "VALID": 0,
        "total": 67915
    },
    "percentage": {
        "ACTIVE": 44.2721677415555,
        "INACTIVE": 55.728484134579986,
        "INVALID": 0.0,
        "MALICIOUS": 0.0,
        "SANE": 0.0,
        "VALID": 0.0,
        "total": 100.00065187613549
    }
}