{
    "counter": {
        "ACTIVE": 19816,
        "INACTIVE": 24940,
        "INVALID": 0,
        "MALICIOUS": 0,
        "SANE": 0,
        "VALID": 0,
        "total": 44756
    },
    "percentage": {
        "ACTIVE": 44.27661713774997,
        "INACTIVE": 55.724372151219946,
        "INVALID": 0,
        "MALICIOUS": 0,
        "SANE": 0,
        "VALID": 0,
        "total": 100.00098928896992
    }
}