{
    "counter": {
        "ACTIVE": 33894,
        "INACTIVE": 42693,
        "INVALID": 0,
        "MALICIOUS": 0,
        "SANE": 0,
        "VALID": 0,
        "total": 76587
    },
    "percentage": {
        "ACTIVE": 44.255552508911435,
        "INACTIVE": 55.744447491088565,
        "INVALID": 0.0,
        "MALICIOUS": 0.0,
        "SANE": 0.0,
        "VALID": 0.0,
        "total": 100.0
    }
}