{
    "counter": {
        "ACTIVE": 36661,
        "INACTIVE": 45869,
        "INVALID": 0,
        "MALICIOUS": 0,
        "SANE": 0,
        "VALID": 0,
        "total": 82530
    },
    "percentage": {
        "ACTIVE": 44.42142251302557,
        "INACTIVE": 55.57857748697443,
        "INVALID": 0.0,
        "MALICIOUS": 0.0,
        "SANE": 0.0,
        "VALID": 0.0,
        "total": 100.0
    }
}