{
    "counter": {
        "ACTIVE": 17417,
        "INACTIVE": 22512,
        "INVALID": 0,
        "MALICIOUS": 0,
        "SANE": 0,
        "VALID": 0,
        "total": 39929
    },
    "percentage": {
        "ACTIVE": 43.61992536752736,
        "INACTIVE": 56.38431097530431,
        "INVALID": 0,
        "MALICIOUS": 0,
        "SANE": 0,
        "VALID": 0,
        "total": 100.00423634283166
    }
}