{
    "counter": {
        "ACTIVE": 10192,
        "INACTIVE": 13122,
        "INVALID": 0,
        "MALICIOUS": 0,
        "SANE": 0,
        "VALID": 0,
        "total": 23314
    },
    "percentage": {
        "ACTIVE": 43.71622201252466,
        "INACTIVE": 56.28619225324926,
        "INVALID": 0,
        "MALICIOUS": 0,
        "SANE": 0,
        "VALID": 0,
        "total": 100.00241426577392
    }
}