{
    "counter": {
        "ACTIVE": 15391,
        "INACTIVE": 20687,
        "INVALID": 0,
        "MALICIOUS": 0,
        "SANE": 0,
        "VALID": 0,
        "total": 36078
    },
    "percentage": {
        "ACTIVE": 42.66507734102123,
        "INACTIVE": 57.339652974111644,
        "INVALID": 0,
        "MALICIOUS": 0,
        "SANE": 0,
        "VALID": 0,
        "total": 100.00473031513287
    }
}