{
    "counter": {
        "ACTIVE": 13013,
        "INACTIVE": 16485,
        "INVALID": 0,
        "MALICIOUS": 0,
        "SANE": 0,
        "VALID": 0,
        "total": 29498
    },
    "percentage": {
        "ACTIVE": 44.11784648765934,
        "INACTIVE": 55.88514475557665,
        "INVALID": 0,
        "MALICIOUS": 0,
        "SANE": 0,
        "VALID": 0,
        "total": 100.00299124323598
    }
}