{
    "counter": {
        "ACTIVE": 43650,
        "INACTIVE": 58542,
        "INVALID": 0,
        "MALICIOUS": 0,
        "SANE": 0,
        "VALID": 0,
        "total": 102192
    },
    "percentage": {
        "ACTIVE": 42.71371535932363,
        "INACTIVE": 57.28628464067637,
        "INVALID": 0.0,
        "MALICIOUS": 0.0,
        "SANE": 0.0,
        "VALID": 0.0,
        "total": 100.0
    }
}