{
    "counter": {
        "ACTIVE": 16366,
        "INACTIVE": 21444,
        "INVALID": 0,
        "MALICIOUS": 0,
        "SANE": 0,
        "VALID": 0,
        "total": 37810
    },
    "percentage": {
        "ACTIVE": 43.287134997884046,
        "INACTIVE": 56.71515472097329,
        "INVALID": 0,
        "MALICIOUS": 0,
        "SANE": 0,
        "VALID": 0,
        "total": 100.00228971885733
    }
}