{
    "counter": {
        "ACTIVE": 17120,
        "INACTIVE": 22191,
        "INVALID": 0,
        "MALICIOUS": 0,
        "SANE": 0,
        "VALID": 0,
        "total": 39311
    },
    "percentage": {
        "ACTIVE": 43.552367142384696,
        "INACTIVE": 56.4498486428735,
        "INVALID": 0,
        "MALICIOUS": 0,
        "SANE": 0,
        "VALID": 0,
        "total": 100.00221578525819
    }
}