{
    "counter": {
        "ACTIVE": 8186,
        "INACTIVE": 10826,
        "INVALID": 0,
        "MALICIOUS": 0,
        "SANE": 0,
        "VALID": 0,
        "total": 19012
    },
    "percentage": {
        "ACTIVE": 43.06154655444503,
        "INACTIVE": 56.942983378918576,
        "INVALID": 0,
        "MALICIOUS": 0,
        "SANE": 0,
        "VALID": 0,
        "total": 100.00452993336361
    }
}