{
    "counter": {
        "ACTIVE": 13011,
        "INACTIVE": 16477,
        "INVALID": 0,
        "MALICIOUS": 0,
        "SANE": 0,
        "VALID": 0,
        "total": 29488
    },
    "percentage": {
        "ACTIVE": 44.12303309820944,
        "INACTIVE": 55.87886187133313,
        "INVALID": 0,
        "MALICIOUS": 0,
        "SANE": 0,
        "VALID": 0,
        "total": 100.00189496954258
    }
}