{
    "counter": {
        "ACTIVE": 41410,
        "INACTIVE": 55209,
        "INVALID": 0,
        "MALICIOUS": 0,
        "SANE": 0,
        "VALID": 0,
        "total": 96619
    },
    "percentage": {
        "ACTIVE": 42.859064987217835,
        "INACTIVE": 57.140935012782165,
        "INVALID": 0.0,
        "MALICIOUS": 0.0,
        "SANE": 0.0,
        "VALID": 0.0,
        "total": 100.0
    }
}