{
    "counter": {
        "ACTIVE": 35400,
        "INACTIVE": 44351,
        "INVALID": 0,
        "MALICIOUS": 0,
        "SANE": 0,
        "VALID": 0,
        "total": 79751
    },
    "percentage": {
        "ACTIVE": 44.388158142217655,
        "INACTIVE": 55.611841857782345,
        "INVALID": 0.0,
        "MALICIOUS": 0.0,
        "SANE": 0.0,
        "VALID": 0.0,
        "total": 100.0
    }
}