{
    "counter": {
        "ACTIVE": 22429,
        "INACTIVE": 27581,
        "INVALID": 0,
        "MALICIOUS": 0,
        "SANE": 0,
        "VALID": 0,
        "total": 50010
    },
    "percentage": {
        "ACTIVE": 44.849030193961205,
        "INACTIVE": 55.150969806038795,
        "INVALID": 0.0,
        "MALICIOUS": 0.0,
        "SANE": 0.0,
        "VALID": 0.0,
        "total": 100.0
    }
}