{
    "counter": {
        "ACTIVE": 11988,
        "INACTIVE": 14721,
        "INVALID": 0,
        "MALICIOUS": 0,
        "SANE": 0,
        "VALID": 0,
        "total": 26709
    },
    "percentage": {
        "ACTIVE": 44.885427587239775,
        "INACTIVE": 55.11625294844434,
        "INVALID": 0,
        "MALICIOUS": 0,
        "SANE": 0,
        "VALID": 0,
        "total": 100.00168053568412
    }
}