{
    "counter": {
        "ACTIVE": 32395,
        "INACTIVE": 40613,
        "INVALID": 0,
        "MALICIOUS": 0,
        "SANE": 0,
        "VALID": 0,
        "total": 73008
    },
    "percentage": {
        "ACTIVE": 44.3718496603112,
        "INACTIVE": 55.6281503396888,
        "INVALID": 0.0,
        "MALICIOUS": 0.0,
        "SANE": 0.0,
        "VALID": 0.0,
        "total": 100.0
    }
}