{
    "counter": {
        "ACTIVE": 35433,
        "INACTIVE": 44381,
        "INVALID": 0,
        "MALICIOUS": 0,
        "SANE": 0,
        "VALID": 0,
        "total": 79814
    },
    "percentage": {
        "ACTIVE": 44.394467136091414,
        "INACTIVE": 55.605532863908586,
        "INVALID": 0.0,
        "MALICIOUS": 0.0,
        "SANE": 0.0,
        "VALID": 0.0,
        "total": 100.0
    }
}