{
    "counter": {
        "ACTIVE": 25898,
        "INACTIVE": 33026,
        "INVALID": 0,
        "MALICIOUS": 0,
        "SANE": 0,
        "VALID": 0,
        "total": 58924
    },
    "percentage": {
        "ACTIVE": 43.951530785418505,
        "INACTIVE": 56.048469214581495,
        "INVALID": 0.0,
        "MALICIOUS": 0.0,
        "SANE": 0.0,
        "VALID": 0.0,
        "total": 100.0
    }
}