{
    "counter": {
        "ACTIVE": 3972,
        "INACTIVE": 4981,
        "INVALID": 0,
        "MALICIOUS": 0,
        "SANE": 0,
        "VALID": 0,
        "total": 8953
    },
    "percentage": {
        "ACTIVE": 44.36501731263264,
        "INACTIVE": 55.641197497765866,
        "INVALID": 0,
        "MALICIOUS": 0,
        "SANE": 0,
        "VALID": 0,
        "total": 100.0062148103985
    }
}