{
    "counter": {
        "ACTIVE": 35804,
        "INACTIVE": 44835,
        "INVALID": 0,
        "MALICIOUS": 0,
        "SANE": 0,
        "VALID": 0,
        "total": 80639
    },
    "percentage": {
        "ACTIVE": 44.40035218690708,
        "INACTIVE": 55.59964781309292,
        "INVALID": 0.0,
        "MALICIOUS": 0.0,
        "SANE": 0.0,
        "VALID": 0.0,
        "total": 100.0
    }
}