{
    "counter": {
        "ACTIVE": 26296,
        "INACTIVE": 33685,
        "INVALID": 0,
        "MALICIOUS": 0,
        "SANE": 0,
        "VALID": 0,
        "total": 59981
    },
    "percentage": {
        "ACTIVE": 43.840549507343994,
        "INACTIVE": 56.159450492656006,
        "INVALID": 0.0,
        "MALICIOUS": 0.0,
        "SANE": 0.0,
        "VALID": 0.0,
        "total": 100.0
    }
}