{
    "counter": {
        "ACTIVE": 23990,
        "INACTIVE": 29340,
        "INVALID": 0,
        "MALICIOUS": 0,
        "SANE": 0,
        "VALID": 0,
        "total": 53330
    },
    "percentage": {
        "ACTIVE": 44.98406150384399,
        "INACTIVE": 55.01593849615601,
        "INVALID": 0.0,
        "MALICIOUS": 0.0,
        "SANE": 0.0,
        "VALID": 0.0,
        "total": 100.0
    }
}