{
    "counter": {
        "ACTIVE": 1923,
        "INACTIVE": 2436,
        "INVALID": 0,
        "MALICIOUS": 0,
        "SANE": 0,
        "VALID": 0,
        "total": 4359
    },
    "percentage": {
        "ACTIVE": 44.11562284927736,
        "INACTIVE": 55.93570608495982,
        "INVALID": 0,
        "MALICIOUS": 0,
        "SANE": 0,
        "VALID": 0,
        "total": 100.05132893423718
    }
}