{
    "counter": {
        "ACTIVE": 3606,
        "INACTIVE": 4388,
        "INVALID": 0,
        "MALICIOUS": 0,
        "SANE": 0,
        "VALID": 0,
        "total": 7994
    },
    "percentage": {
        "ACTIVE": 45.13141426783479,
        "INACTIVE": 54.89116837628221,
        "INVALID": 0,
        "MALICIOUS": 0,
        "SANE": 0,
        "VALID": 0,
        "total": 100.022582644117
    }
}