{
    "counter": {
        "ACTIVE": 10383,
        "INACTIVE": 13286,
        "INVALID": 0,
        "MALICIOUS": 0,
        "SANE": 0,
        "VALID": 0,
        "total": 23669
    },
    "percentage": {
        "ACTIVE": 43.86935947270576,
        "INACTIVE": 56.132493979466815,
        "INVALID": 0,
        "MALICIOUS": 0,
        "SANE": 0,
        "VALID": 0,
        "total": 100.00185345217258
    }
}