{
    "counter": {
        "ACTIVE": 21281,
        "INACTIVE": 26215,
        "INVALID": 0,
        "MALICIOUS": 0,
        "SANE": 0,
        "VALID": 0,
        "total": 47496
    },
    "percentage": {
        "ACTIVE": 44.80587838975914,
        "INACTIVE": 55.19412161024086,
        "INVALID": 0.0,
        "MALICIOUS": 0.0,
        "SANE": 0.0,
        "VALID": 0.0,
        "total": 100.0
    }
}