{
    "counter": {
        "ACTIVE": 30267,
        "INACTIVE": 38028,
        "INVALID": 0,
        "MALICIOUS": 0,
        "SANE": 0,
        "VALID": 0,
        "total": 68295
    },
    "percentage": {
        "ACTIVE": 44.320627901187564,
        "INACTIVE": 55.68196793323084,
        "INVALID": 0.0,
        "MALICIOUS": 0.0,
        "SANE": 0.0,
        "VALID": 0.0,
        "total": 100.0025958344184
    }
}