{
    "counter": {
        "ACTIVE": 7489,
        "INACTIVE": 9890,
        "INVALID": 0,
        "MALICIOUS": 0,
        "SANE": 0,
        "VALID": 0,
        "total": 17379
    },
    "percentage": {
        "ACTIVE": 43.094717458856024,
        "INACTIVE": 56.90776224178607,
        "INVALID": 0,
        "MALICIOUS": 0,
        "SANE": 0,
        "VALID": 0,
        "total": 100.00247970064208
    }
}