{
    "counter": {
        "ACTIVE": 17639,
        "INACTIVE": 22731,
        "INVALID": 0,
        "MALICIOUS": 0,
        "SANE": 0,
        "VALID": 0,
        "total": 40370
    },
    "percentage": {
        "ACTIVE": 43.69333663611593,
        "INACTIVE": 56.30805816344225,
        "INVALID": 0,
        "MALICIOUS": 0,
        "SANE": 0,
        "VALID": 0,
        "total": 100.00139479955817
    }
}