{
    "counter": {
        "ACTIVE": 20784,
        "INACTIVE": 25718,
        "INVALID": 0,
        "MALICIOUS": 0,
        "SANE": 0,
        "VALID": 0,
        "total": 46502
    },
    "percentage": {
        "ACTIVE": 44.696774193548386,
        "INACTIVE": 55.305148165670296,
        "INVALID": 0,
        "MALICIOUS": 0,
        "SANE": 0,
        "VALID": 0,
        "total": 100.00192235921868
    }
}