{
    "counter": {
        "ACTIVE": 6370,
        "INACTIVE": 8148,
        "INVALID": 0,
        "MALICIOUS": 0,
        "SANE": 0,
        "VALID": 0,
        "total": 14518
    },
    "percentage": {
        "ACTIVE": 43.88563554943162,
        "INACTIVE": 56.123432979749275,
        "INVALID": 0,
        "MALICIOUS": 0,
        "SANE": 0,
        "VALID": 0,
        "total": 100.0090685291809
    }
}