{
    "counter": {
        "ACTIVE": 23522,
        "INACTIVE": 28843,
        "INVALID": 0,
        "MALICIOUS": 0,
        "SANE": 0,
        "VALID": 0,
        "total": 52365
    },
    "percentage": {
        "ACTIVE": 44.91931633724816,
        "INACTIVE": 55.08068366275184,
        "INVALID": 0.0,
        "MALICIOUS": 0.0,
        "SANE": 0.0,
        "VALID": 0.0,
        "total": 100.0
    }
}