{
    "counter": {
        "ACTIVE": 40363,
        "INACTIVE": 53056,
        "INVALID": 0,
        "MALICIOUS": 0,
        "SANE": 0,
        "VALID": 0,
        "total": 93419
    },
    "percentage": {
        "ACTIVE": 43.20641411276079,
        "INACTIVE": 56.79358588723921,
        "INVALID": 0.0,
        "MALICIOUS": 0.0,
        "SANE": 0.0,
        "VALID": 0.0,
        "total": 100.0
    }
}