{
    "counter": {
        "ACTIVE": 29450,
        "INACTIVE": 37287,
        "INVALID": 0,
        "MALICIOUS": 0,
        "SANE": 0,
        "VALID": 0,
        "total": 66737
    },
    "percentage": {
        "ACTIVE": 44.12844449106193,
        "INACTIVE": 55.8732299393122,
        "INVALID": 0.0,
        "MALICIOUS": 0.0,
        "SANE": 0.0,
        "VALID": 0.0,
        "total": 100.00167443037412
    }
}