{
    "counter": {
        "ACTIVE": 7502,
        "INACTIVE": 9916,
        "INVALID": 0,
        "MALICIOUS": 0,
        "SANE": 0,
        "VALID": 0,
        "total": 17418
    },
    "percentage": {
        "ACTIVE": 43.09512867647059,
        "INACTIVE": 56.9296130439775,
        "INVALID": 0,
        "MALICIOUS": 0,
        "SANE": 0,
        "VALID": 0,
        "total": 100.02474172044808
    }
}