{
    "counter": {
        "ACTIVE": 25142,
        "INACTIVE": 31284,
        "INVALID": 0,
        "MALICIOUS": 0,
        "SANE": 0,
        "VALID": 0,
        "total": 56426
    },
    "percentage": {
        "ACTIVE": 44.557473505121756,
        "INACTIVE": 55.442526494878244,
        "INVALID": 0.0,
        "MALICIOUS": 0.0,
        "SANE": 0.0,
        "VALID": 0.0,
        "total": 100.0
    }
}