{
    "counter": {
        "ACTIVE": 36944,
        "INACTIVE": 46009,
        "INVALID": 0,
        "MALICIOUS": 0,
        "SANE": 0,
        "VALID": 0,
        "total": 82953
    },
    "percentage": {
        "ACTIVE": 44.5360625896592,
        "INACTIVE": 55.4639374103408,
        "INVALID": 0.0,
        "MALICIOUS": 0.0,
        "SANE": 0.0,
        "VALID": 0.0,
        "total": 100.0
    }
}