{
    "counter": {
        "ACTIVE": 24143,
        "INACTIVE": 29896,
        "INVALID": 0,
        "MALICIOUS": 0,
        "SANE": 0,
        "VALID": 0,
        "total": 54039
    },
    "percentage": {
        "ACTIVE": 44.676992542423065,
        "INACTIVE": 55.323007457576935,
        "INVALID": 0.0,
        "MALICIOUS": 0.0,
        "SANE": 0.0,
        "VALID": 0.0,
        "total": 100.0
    }
}