{
    "counter": {
        "ACTIVE": 40616,
        "INACTIVE": 54047,
        "INVALID": 0,
        "MALICIOUS": 0,
        "SANE": 0,
        "VALID": 0,
        "total": 94663
    },
    "percentage": {
        "ACTIVE": 42.90588719985633,
        "INACTIVE": 57.09411280014367,
        "INVALID": 0.0,
        "MALICIOUS": 0.0,
        "SANE": 0.0,
        "VALID": 0.0,
        "total": 100.0
    }
}