{
    "counter": {
        "ACTIVE": 40674,
        "INACTIVE": 54322,
        "INVALID": 0,
        "MALICIOUS": 0,
        "SANE": 0,
        "VALID": 0,
        "total": 94996
    },
    "percentage": {
        "ACTIVE": 42.816539643774476,
        "INACTIVE": 57.183460356225524,
        "INVALID": 0.0,
        "MALICIOUS": 0.0,
        "SANE": 0.0,
        "VALID": 0.0,
        "total": 100.0
    }
}