{
    "counter": {
        "ACTIVE": 25137,
        "INACTIVE": 31254,
        "INVALID": 0,
        "MALICIOUS": 0,
        "SANE": 0,
        "VALID": 0,
        "total": 56391
    },
    "percentage": {
        "ACTIVE": 44.57626216949513,
        "INACTIVE": 55.42373783050487,
        "INVALID": 0.0,
        "MALICIOUS": 0.0,
        "SANE": 0.0,
        "VALID": 0.0,
        "total": 100.0
    }
}