{
    "counter": {
        "ACTIVE": 43885,
        "INACTIVE": 58876,
        "INVALID": 0,
        "MALICIOUS": 0,
        "SANE": 0,
        "VALID": 0,
        "total": 102761
    },
    "percentage": {
        "ACTIVE": 42.70589036696801,
        "INACTIVE": 57.29410963303199,
        "INVALID": 0.0,
        "MALICIOUS": 0.0,
        "SANE": 0.0,
        "VALID": 0.0,
        "total": 100.0
    }
}