{
    "counter": {
        "ACTIVE": 13965,
        "INACTIVE": 18438,
        "INVALID": 0,
        "MALICIOUS": 0,
        "SANE": 0,
        "VALID": 0,
        "total": 32403
    },
    "percentage": {
        "ACTIVE": 43.101851851851855,
        "INACTIVE": 56.90213869086196,
        "INVALID": 0,
        "MALICIOUS": 0,
        "SANE": 0,
        "VALID": 0,
        "total": 100.00399054271381
    }
}