{
    "counter": {
        "ACTIVE": 31404,
        "INACTIVE": 39329,
        "INVALID": 0,
        "MALICIOUS": 0,
        "SANE": 0,
        "VALID": 0,
        "total": 70733
    },
    "percentage": {
        "ACTIVE": 44.4017136312865,
        "INACTIVE": 55.6020527900697,
        "INVALID": 0.0,
        "MALICIOUS": 0.0,
        "SANE": 0.0,
        "VALID": 0.0,
        "total": 100.0037664213562
    }
}