{
    "counter": {
        "ACTIVE": 25199,
        "INACTIVE": 31658,
        "INVALID": 0,
        "MALICIOUS": 0,
        "SANE": 0,
        "VALID": 0,
        "total": 56857
    },
    "percentage": {
        "ACTIVE": 44.31996060291609,
        "INACTIVE": 55.68003939708391,
        "INVALID": 0.0,
        "MALICIOUS": 0.0,
        "SANE": 0.0,
        "VALID": 0.0,
        "total": 100.0
    }
}