{
    "counter": {
        "ACTIVE": 34417,
        "INACTIVE": 43109,
        "INVALID": 0,
        "MALICIOUS": 0,
        "SANE": 0,
        "VALID": 0,
        "total": 77526
    },
    "percentage": {
        "ACTIVE": 44.394138740551554,
        "INACTIVE": 55.605861259448446,
        "INVALID": 0.0,
        "MALICIOUS": 0.0,
        "SANE": 0.0,
        "VALID": 0.0,
        "total": 100.0
    }
}