{
    "counter": {
        "ACTIVE": 39715,
        "INACTIVE": 49726,
        "INVALID": 0,
        "MALICIOUS": 0,
        "SANE": 0,
        "VALID": 0,
        "total": 89441
    },
    "percentage": {
        "ACTIVE": 44.40357330530741,
        "INACTIVE": 55.59642669469259,
        "INVALID": 0.0,
        "MALICIOUS": 0.0,
        "SANE": 0.0,
        "VALID": 0.0,
        "total": 100.0
    }
}