{
    "counter": {
        "ACTIVE": 6431,
        "INACTIVE": 8285,
        "INVALID": 0,
        "MALICIOUS": 0,
        "SANE": 0,
        "VALID": 0,
        "total": 14716
    },
    "percentage": {
        "ACTIVE": 43.70964453204649,
        "INACTIVE": 56.299266104919816,
        "INVALID": 0,
        "MALICIOUS": 0,
        "SANE": 0,
        "VALID": 0,
        "total": 100.0089106369663
    }
}