{
    "counter": {
        "ACTIVE": 42078,
        "INACTIVE": 55980,
        "INVALID": 0,
        "MALICIOUS": 0,
        "SANE": 0,
        "VALID": 0,
        "total": 98058
    },
    "percentage": {
        "ACTIVE": 42.911338187603256,
        "INACTIVE": 57.088661812396744,
        "INVALID": 0.0,
        "MALICIOUS": 0.0,
        "SANE": 0.0,
        "VALID": 0.0,
        "total": 100.0
    }
}