{
    "counter": {
        "ACTIVE": 29127,
        "INACTIVE": 37028,
        "INVALID": 0,
        "MALICIOUS": 0,
        "SANE": 0,
        "VALID": 0,
        "total": 66155
    },
    "percentage": {
        "ACTIVE": 44.02841810898647,
        "INACTIVE": 55.97327407676145,
        "INVALID": 0.0,
        "MALICIOUS": 0.0,
        "SANE": 0.0,
        "VALID": 0.0,
        "total": 100.00169218574791
    }
}