{
    "counter": {
        "ACTIVE": 12946,
        "INACTIVE": 16390,
        "INVALID": 0,
        "MALICIOUS": 0,
        "SANE": 0,
        "VALID": 0,
        "total": 29336
    },
    "percentage": {
        "ACTIVE": 44.130079083719664,
        "INACTIVE": 55.87373014249676,
        "INVALID": 0,
        "MALICIOUS": 0,
        "SANE": 0,
        "VALID": 0,
        "total": 100.00380922621642
    }
}