{
    "counter": {
        "ACTIVE": 40610,
        "INACTIVE": 53940,
        "INVALID": 0,
        "MALICIOUS": 0,
        "SANE": 0,
        "VALID": 0,
        "total": 94550
    },
    "percentage": {
        "ACTIVE": 42.950819672131146,
        "INACTIVE": 57.049180327868854,
        "INVALID": 0.0,
        "MALICIOUS": 0.0,
        "SANE": 0.0,
        "VALID": 0.0,
        "total": 100.0
    }
}