{
    "counter": {
        "ACTIVE": 20766,
        "INACTIVE": 25705,
        "INVALID": 0,
        "MALICIOUS": 0,
        "SANE": 0,
        "VALID": 0,
        "total": 46471
    },
    "percentage": {
        "ACTIVE": 44.687856420409304,
        "INACTIVE": 55.314066837382455,
        "INVALID": 0,
        "MALICIOUS": 0,
        "SANE": 0,
        "VALID": 0,
        "total": 100.00192325779176
    }
}