{
    "counter": {
        "ACTIVE": 40321,
        "INACTIVE": 52701,
        "INVALID": 0,
        "MALICIOUS": 0,
        "SANE": 0,
        "VALID": 0,
        "total": 93022
    },
    "percentage": {
        "ACTIVE": 43.345660166412245,
        "INACTIVE": 56.654339833587755,
        "INVALID": 0.0,
        "MALICIOUS": 0.0,
        "SANE": 0.0,
        "VALID": 0.0,
        "total": 100.0
    }
}