{
    "counter": {
        "ACTIVE": 39773,
        "INACTIVE": 49832,
        "INVALID": 0,
        "MALICIOUS": 0,
        "SANE": 0,
        "VALID": 0,
        "total": 89605
    },
    "percentage": {
        "ACTIVE": 44.38703197366218,
        "INACTIVE": 55.61296802633782,
        "INVALID": 0.0,
        "MALICIOUS": 0.0,
        "SANE": 0.0,
        "VALID": 0.0,
        "total": 100.0
    }
}