{
    "counter": {
        "ACTIVE": 17316,
        "INACTIVE": 22388,
        "INVALID": 0,
        "MALICIOUS": 0,
        "SANE": 0,
        "VALID": 0,
        "total": 39704
    },
    "percentage": {
        "ACTIVE": 43.61383270785583,
        "INACTIVE": 56.38726576667338,
        "INVALID": 0,
        "MALICIOUS": 0,
        "SANE": 0,
        "VALID": 0,
        "total": 100.00109847452921
    }
}