{
    "counter": {
        "ACTIVE": 26224,
        "INACTIVE": 33613,
        "INVALID": 0,
        "MALICIOUS": 0,
        "SANE": 0,
        "VALID": 0,
        "total": 59837
    },
    "percentage": {
        "ACTIVE": 43.825726557146915,
        "INACTIVE": 56.174273442853085,
        "INVALID": 0.0,
        "MALICIOUS": 0.0,
        "SANE": 0.0,
        "VALID": 0.0,
        "total": 100.0
    }
}