{
    "counter": {
        "ACTIVE": 40280,
        "INACTIVE": 52267,
        "INVALID": 0,
        "MALICIOUS": 0,
        "SANE": 0,
        "VALID": 0,
        "total": 92547
    },
    "percentage": {
        "ACTIVE": 43.5238311344506,
        "INACTIVE": 56.4761688655494,
        "INVALID": 0.0,
        "MALICIOUS": 0.0,
        "SANE": 0.0,
        "VALID": 0.0,
        "total": 100.0
    }
}