{
    "counter": {
        "ACTIVE": 39480,
        "INACTIVE": 49209,
        "INVALID": 0,
        "MALICIOUS": 0,
        "SANE": 0,
        "VALID": 0,
        "total": 88689
    },
    "percentage": {
        "ACTIVE": 44.51510333863275,
        "INACTIVE": 55.48489666136725,
        "INVALID": 0.0,
        "MALICIOUS": 0.0,
        "SANE": 0.0,
        "VALID": 0.0,
        "total": 100.0
    }
}