{
    "counter": {
        "ACTIVE": 10071,
        "INACTIVE": 13037,
        "INVALID": 0,
        "MALICIOUS": 0,
        "SANE": 0,
        "VALID": 0,
        "total": 23108
    },
    "percentage": {
        "ACTIVE": 43.58419526550396,
        "INACTIVE": 56.4176908429981,
        "INVALID": 0,
        "MALICIOUS": 0,
        "SANE": 0,
        "VALID": 0,
        "total": 100.00188610850205
    }
}