{
    "counter": {
        "ACTIVE": 42369,
        "INACTIVE": 56385,
        "INVALID": 0,
        "MALICIOUS": 0,
        "SANE": 0,
        "VALID": 0,
        "total": 98754
    },
    "percentage": {
        "ACTIVE": 42.9035785892217,
        "INACTIVE": 57.0964214107783,
        "INVALID": 0.0,
        "MALICIOUS": 0.0,
        "SANE": 0.0,
        "VALID": 0.0,
        "total": 100.0
    }
}