{
    "counter": {
        "ACTIVE": 16735,
        "INACTIVE": 21799,
        "INVALID": 0,
        "MALICIOUS": 0,
        "SANE": 0,
        "VALID": 0,
        "total": 38534
    },
    "percentage": {
        "ACTIVE": 43.431433613619845,
        "INACTIVE": 56.570820574038514,
        "INVALID": 0,
        "MALICIOUS": 0,
        "SANE": 0,
        "VALID": 0,
        "total": 100.00225418765837
    }
}