{
    "counter": {
        "ACTIVE": 7437,
        "INACTIVE": 9830,
        "INVALID": 0,
        "MALICIOUS": 0,
        "SANE": 0,
        "VALID": 0,
        "total": 17267
    },
    "percentage": {
        "ACTIVE": 43.07309162515927,
        "INACTIVE": 56.92940290727978,
        "INVALID": 0,
        "MALICIOUS": 0,
        "SANE": 0,
        "VALID": 0,
        "total": 100.00249453243904
    }
}