{
    "counter": {
        "ACTIVE": 30801,
        "INACTIVE": 38620,
        "INVALID": 0,
        "MALICIOUS": 0,
        "SANE": 0,
        "VALID": 0,
        "total": 69421
    },
    "percentage": {
        "ACTIVE": 44.36969705700169,
        "INACTIVE": 55.63158122182049,
        "INVALID": 0.0,
        "MALICIOUS": 0.0,
        "SANE": 0.0,
        "VALID": 0.0,
        "total": 100.00127827882218
    }
}