{
    "counter": {
        "ACTIVE": 19807,
        "INACTIVE": 24931,
        "INVALID": 0,
        "MALICIOUS": 0,
        "SANE": 0,
        "VALID": 0,
        "total": 44738
    },
    "percentage": {
        "ACTIVE": 44.276293729741816,
        "INACTIVE": 55.72667530958022,
        "INVALID": 0,
        "MALICIOUS": 0,
        "SANE": 0,
        "VALID": 0,
        "total": 100.00296903932204
    }
}