{
    "counter": {
        "ACTIVE": 19513,
        "INACTIVE": 24445,
        "INVALID": 0,
        "MALICIOUS": 0,
        "SANE": 0,
        "VALID": 0,
        "total": 43958
    },
    "percentage": {
        "ACTIVE": 44.394139327478726,
        "INACTIVE": 55.60990035943401,
        "INVALID": 0,
        "MALICIOUS": 0,
        "SANE": 0,
        "VALID": 0,
        "total": 100.00403968691273
    }
}