{
    "counter": {
        "ACTIVE": 41829,
        "INACTIVE": 55590,
        "INVALID": 0,
        "MALICIOUS": 0,
        "SANE": 0,
        "VALID": 0,
        "total": 97419
    },
    "percentage": {
        "ACTIVE": 42.93720937394143,
        "INACTIVE": 57.06279062605857,
        "INVALID": 0.0,
        "MALICIOUS": 0.0,
        "SANE": 0.0,
        "VALID": 0.0,
        "total": 100.0
    }
}