{
    "counter": {
        "ACTIVE": 41268,
        "INACTIVE": 54985,
        "INVALID": 0,
        "MALICIOUS": 0,
        "SANE": 0,
        "VALID": 0,
        "total": 96253
    },
    "percentage": {
        "ACTIVE": 42.87450780754885,
        "INACTIVE": 57.12549219245115,
        "INVALID": 0.0,
        "MALICIOUS": 0.0,
        "SANE": 0.0,
        "VALID": 0.0,
        "total": 100.0
    }
}