{
    "counter": {
        "ACTIVE": 32377,
        "INACTIVE": 40592,
        "INVALID": 0,
        "MALICIOUS": 0,
        "SANE": 0,
        "VALID": 0,
        "total": 72969
    },
    "percentage": {
        "ACTIVE": 44.37089723033069,
        "INACTIVE": 55.62910276966931,
        "INVALID": 0.0,
        "MALICIOUS": 0.0,
        "SANE": 0.0,
        "VALID": 0.0,
        "total": 100.0
    }
}