{
    "counter": {
        "ACTIVE": 40721,
        "INACTIVE": 54439,
        "INVALID": 0,
        "MALICIOUS": 0,
        "SANE": 0,
        "VALID": 0,
        "total": 95160
    },
    "percentage": {
        "ACTIVE": 42.792139554434634,
        "INACTIVE": 57.207860445565366,
        "INVALID": 0.0,
        "MALICIOUS": 0.0,
        "SANE": 0.0,
        "VALID": 0.0,
        "total": 100.0
    }
}