{
    "counter": {
        "ACTIVE": 17109,
        "INACTIVE": 22183,
        "INVALID": 0,
        "MALICIOUS": 0,
        "SANE": 0,
        "VALID": 0,
        "total": 39292
    },
    "percentage": {
        "ACTIVE": 43.54543140748282,
        "INACTIVE": 56.456785096202786,
        "INVALID": 0,
        "MALICIOUS": 0,
        "SANE": 0,
        "VALID": 0,
        "total": 100.00221650368562
    }
}