{
    "counter": {
        "ACTIVE": 18995,
        "INACTIVE": 23927,
        "INVALID": 0,
        "MALICIOUS": 0,
        "SANE": 0,
        "VALID": 0,
        "total": 42922
    },
    "percentage": {
        "ACTIVE": 44.25675675675676,
        "INACTIVE": 55.74530543777084,
        "INVALID": 0,
        "MALICIOUS": 0,
        "SANE": 0,
        "VALID": 0,
        "total": 100.0020621945276
    }
}