{
    "counter": {
        "ACTIVE": 12382,
        "INACTIVE": 15279,
        "INVALID": 0,
        "MALICIOUS": 0,
        "SANE": 0,
        "VALID": 0,
        "total": 27661
    },
    "percentage": {
        "ACTIVE": 44.76500361532899,
        "INACTIVE": 55.236614728317846,
        "INVALID": 0,
        "MALICIOUS": 0,
        "SANE": 0,
        "VALID": 0,
        "total": 100.00161834364684
    }
}