{
    "counter": {
        "ACTIVE": 4648,
        "INACTIVE": 5970,
        "INVALID": 0,
        "MALICIOUS": 0,
        "SANE": 0,
        "VALID": 0,
        "total": 10618
    },
    "percentage": {
        "ACTIVE": 43.77472216990017,
        "INACTIVE": 56.2411681582666,
        "INVALID": 0,
        "MALICIOUS": 0,
        "SANE": 0,
        "VALID": 0,
        "total": 100.01589032816678
    }
}