{
    "counter": {
        "ACTIVE": 27718,
        "INACTIVE": 35392,
        "INVALID": 0,
        "MALICIOUS": 0,
        "SANE": 0,
        "VALID": 0,
        "total": 63110
    },
    "percentage": {
        "ACTIVE": 43.92013943907463,
        "INACTIVE": 56.08163782721684,
        "INVALID": 0.0,
        "MALICIOUS": 0.0,
        "SANE": 0.0,
        "VALID": 0.0,
        "total": 100.00177726629147
    }
}