{
    "counter": {
        "ACTIVE": 15739,
        "INACTIVE": 21015,
        "INVALID": 0,
        "MALICIOUS": 0,
        "SANE": 0,
        "VALID": 0,
        "total": 36754
    },
    "percentage": {
        "ACTIVE": 42.822549926538606,
        "INACTIVE": 57.18211749340154,
        "INVALID": 0,
        "MALICIOUS": 0,
        "SANE": 0,
        "VALID": 0,
        "total": 100.00466741994015
    }
}