{
    "counter": {
        "ACTIVE": 2234,
        "INACTIVE": 2906,
        "INVALID": 0,
        "MALICIOUS": 0,
        "SANE": 0,
        "VALID": 0,
        "total": 5140
    },
    "percentage": {
        "ACTIVE": 43.47149250827009,
        "INACTIVE": 56.536964980544745,
        "INVALID": 0,
        "MALICIOUS": 0,
        "SANE": 0,
        "VALID": 0,
        "total": 100.00845748881483
    }
}