{
    "counter": {
        "ACTIVE": 13309,
        "INACTIVE": 17204,
        "INVALID": 0,
        "MALICIOUS": 0,
        "SANE": 0,
        "VALID": 0,
        "total": 30513
    },
    "percentage": {
        "ACTIVE": 43.618904037755634,
        "INACTIVE": 56.38252548094255,
        "INVALID": 0,
        "MALICIOUS": 0,
        "SANE": 0,
        "VALID": 0,
        "total": 100.00142951869819
    }
}