{
    "counter": {
        "ACTIVE": 8677,
        "INACTIVE": 11649,
        "INVALID": 0,
        "MALICIOUS": 0,
        "SANE": 0,
        "VALID": 0,
        "total": 20326
    },
    "percentage": {
        "ACTIVE": 42.689166584669884,
        "INACTIVE": 57.313653136531364,
        "INVALID": 0,
        "MALICIOUS": 0,
        "SANE": 0,
        "VALID": 0,
        "total": 100.00281972120125
    }
}