{
    "counter": {
        "ACTIVE": 14047,
        "INACTIVE": 18640,
        "INVALID": 0,
        "MALICIOUS": 0,
        "SANE": 0,
        "VALID": 0,
        "total": 32687
    },
    "percentage": {
        "ACTIVE": 42.983476132190944,
        "INACTIVE": 57.02572888304219,
        "INVALID": 0,
        "MALICIOUS": 0,
        "SANE": 0,
        "VALID": 0,
        "total": 100.00920501523314
    }
}