{
    "counter": {
        "ACTIVE": 40691,
        "INACTIVE": 54375,
        "INVALID": 0,
        "MALICIOUS": 0,
        "SANE": 0,
        "VALID": 0,
        "total": 95066
    },
    "percentage": {
        "ACTIVE": 42.802894830959545,
        "INACTIVE": 57.197105169040455,
        "INVALID": 0.0,
        "MALICIOUS": 0.0,
        "SANE": 0.0,
        "VALID": 0.0,
        "total": 100.0
    }
}