{
    "counter": {
        "ACTIVE": 6376,
        "INACTIVE": 8159,
        "INVALID": 0,
        "MALICIOUS": 0,
        "SANE": 0,
        "VALID": 0,
        "total": 14535
    },
    "percentage": {
        "ACTIVE": 43.86954726847392,
        "INACTIVE": 56.13347093223254,
        "INVALID": 0,
        "MALICIOUS": 0,
        "SANE": 0,
        "VALID": 0,
        "total": 100.00301820070646
    }
}