{
    "counter": {
        "ACTIVE": 35058,
        "INACTIVE": 43871,
        "INVALID": 0,
        "MALICIOUS": 0,
        "SANE": 0,
        "VALID": 0,
        "total": 78929
    },
    "percentage": {
        "ACTIVE": 44.417134386600615,
        "INACTIVE": 55.582865613399385,
        "INVALID": 0.0,
        "MALICIOUS": 0.0,
        "SANE": 0.0,
        "VALID": 0.0,
        "total": 100.0
    }
}