{
    "counter": {
        "ACTIVE": 1802,
        "INACTIVE": 2098,
        "INVALID": 0,
        "MALICIOUS": 0,
        "SANE": 0,
        "VALID": 0,
        "total": 3900
    },
    "percentage": {
        "ACTIVE": 46.205128205128204,
        "INACTIVE": 53.808668889458836,
        "INVALID": 0,
        "MALICIOUS": 0,
        "SANE": 0,
        "VALID": 0,
        "total": 100.01379709458703
    }
}