{
    "counter": {
        "ACTIVE": 10597,
        "INACTIVE": 13490,
        "INVALID": 0,
        "MALICIOUS": 0,
        "SANE": 0,
        "VALID": 0,
        "total": 24087
    },
    "percentage": {
        "ACTIVE": 43.9946859301698,
        "INACTIVE": 56.00763929253508,
        "INVALID": 0,
        "MALICIOUS": 0,
        "SANE": 0,
        "VALID": 0,
        "total": 100.00232522270488
    }
}