{
    "counter": {
        "ACTIVE": 21168,
        "INACTIVE": 26106,
        "INVALID": 0,
        "MALICIOUS": 0,
        "SANE": 0,
        "VALID": 0,
        "total": 47274
    },
    "percentage": {
        "ACTIVE": 44.777255996953926,
        "INACTIVE": 55.22391216973748,
        "INVALID": 0,
        "MALICIOUS": 0,
        "SANE": 0,
        "VALID": 0,
        "total": 100.0011681666914
    }
}