{
    "counter": {
        "ACTIVE": 39621,
        "INACTIVE": 49464,
        "INVALID": 0,
        "MALICIOUS": 0,
        "SANE": 0,
        "VALID": 0,
        "total": 89085
    },
    "percentage": {
        "ACTIVE": 44.475500926081835,
        "INACTIVE": 55.524499073918165,
        "INVALID": 0.0,
        "MALICIOUS": 0.0,
        "SANE": 0.0,
        "VALID": 0.0,
        "total": 100.0
    }
}