{
    "counter": {
        "ACTIVE": 4494,
        "INACTIVE": 5691,
        "INVALID": 0,
        "MALICIOUS": 0,
        "SANE": 0,
        "VALID": 0,
        "total": 10185
    },
    "percentage": {
        "ACTIVE": 44.123711340206185,
        "INACTIVE": 55.88726308553471,
        "INVALID": 0,
        "MALICIOUS": 0,
        "SANE": 0,
        "VALID": 0,
        "total": 100.0109744257409
    }
}