{
    "counter": {
        "ACTIVE": 16787,
        "INACTIVE": 21845,
        "INVALID": 0,
        "MALICIOUS": 0,
        "SANE": 0,
        "VALID": 0,
        "total": 38632
    },
    "percentage": {
        "ACTIVE": 43.45473842251042,
        "INACTIVE": 56.546386415406914,
        "INVALID": 0,
        "MALICIOUS": 0,
        "SANE": 0,
        "VALID": 0,
        "total": 100.00112483791733
    }
}