{
    "counter": {
        "ACTIVE": 21733,
        "INACTIVE": 26696,
        "INVALID": 0,
        "MALICIOUS": 0,
        "SANE": 0,
        "VALID": 0,
        "total": 48429
    },
    "percentage": {
        "ACTIVE": 44.87600404716182,
        "INACTIVE": 55.12399595283818,
        "INVALID": 0.0,
        "MALICIOUS": 0.0,
        "SANE": 0.0,
        "VALID": 0.0,
        "total": 100.0
    }
}