{
    "counter": {
        "ACTIVE": 14273,
        "INACTIVE": 19115,
        "INVALID": 0,
        "MALICIOUS": 0,
        "SANE": 0,
        "VALID": 0,
        "total": 33388
    },
    "percentage": {
        "ACTIVE": 42.75145270472653,
        "INACTIVE": 57.251108182580566,
        "INVALID": 0,
        "MALICIOUS": 0,
        "SANE": 0,
        "VALID": 0,
        "total": 100.0025608873071
    }
}