{
    "counter": {
        "ACTIVE": 39664,
        "INACTIVE": 49577,
        "INVALID": 0,
        "MALICIOUS": 0,
        "SANE": 0,
        "VALID": 0,
        "total": 89241
    },
    "percentage": {
        "ACTIVE": 44.445938526013826,
        "INACTIVE": 55.554061473986174,
        "INVALID": 0.0,
        "MALICIOUS": 0.0,
        "SANE": 0.0,
        "VALID": 0.0,
        "total": 100.0
    }
}