{
    "counter": {
        "ACTIVE": 22921,
        "INACTIVE": 28031,
        "INVALID": 0,
        "MALICIOUS": 0,
        "SANE": 0,
        "VALID": 0,
        "total": 50952
    },
    "percentage": {
        "ACTIVE": 44.98547652692731,
        "INACTIVE": 55.01452347307269,
        "INVALID": 0.0,
        "MALICIOUS": 0.0,
        "SANE": 0.0,
        "VALID": 0.0,
        "total": 100.0
    }
}