{
    "counter": {
        "ACTIVE": 36323,
        "INACTIVE": 45444,
        "INVALID": 0,
        "MALICIOUS": 0,
        "SANE": 0,
        "VALID": 0,
        "total": 81767
    },
    "percentage": {
        "ACTIVE": 44.4225665610821,
        "INACTIVE": 55.5774334389179,
        "INVALID": 0.0,
        "MALICIOUS": 0.0,
        "SANE": 0.0,
        "VALID": 0.0,
        "total": 100.0
    }
}