{
    "counter": {
        "ACTIVE": 6055,
        "INACTIVE": 7612,
        "INVALID": 0,
        "MALICIOUS": 0,
        "SANE": 0,
        "VALID": 0,
        "total": 13667
    },
    "percentage": {
        "ACTIVE": 44.30379746835443,
        "INACTIVE": 55.7002780623445,
        "INVALID": 0,
        "MALICIOUS": 0,
        "SANE": 0,
        "VALID": 0,
        "total": 100.00407553069894
    }
}