{
    "counter": {
        "ACTIVE": 23202,
        "INACTIVE": 28465,
        "INVALID": 0,
        "MALICIOUS": 0,
        "SANE": 0,
        "VALID": 0,
        "total": 51667
    },
    "percentage": {
        "ACTIVE": 44.90680705285772,
        "INACTIVE": 55.09319294714228,
        "INVALID": 0.0,
        "MALICIOUS": 0.0,
        "SANE": 0.0,
        "VALID": 0.0,
        "total": 100.0
    }
}