{
    "counter": {
        "ACTIVE": 2597,
        "INACTIVE": 3303,
        "INVALID": 0,
        "MALICIOUS": 0,
        "SANE": 0,
        "VALID": 0,
        "total": 5900
    },
    "percentage": {
        "ACTIVE": 44.03934203832457,
        "INACTIVE": 55.983050847457626,
        "INVALID": 0,
        "MALICIOUS": 0,
        "SANE": 0,
        "VALID": 0,
        "total": 100.0223928857822
    }
}