{
    "counter": {
        "ACTIVE": 35897,
        "INACTIVE": 44941,
        "INVALID": 0,
        "MALICIOUS": 0,
        "SANE": 0,
        "VALID": 0,
        "total": 80838
    },
    "percentage": {
        "ACTIVE": 44.40609614290309,
        "INACTIVE": 55.59390385709691,
        "INVALID": 0.0,
        "MALICIOUS": 0.0,
        "SANE": 0.0,
        "VALID": 0.0,
        "total": 100.0
    }
}