{
    "counter": {
        "ACTIVE": 11212,
        "INACTIVE": 13911,
        "INVALID": 0,
        "MALICIOUS": 0,
        "SANE": 0,
        "VALID": 0,
        "total": 25123
    },
    "percentage": {
        "ACTIVE": 44.62842813358277,
        "INACTIVE": 55.38700430004778,
        "INVALID": 0,
        "MALICIOUS": 0,
        "SANE": 0,
        "VALID": 0,
        "total": 100.01543243363055
    }
}