{
    "counter": {
        "ACTIVE": 7833,
        "INACTIVE": 10256,
        "INVALID": 0,
        "MALICIOUS": 0,
        "SANE": 0,
        "VALID": 0,
        "total": 18089
    },
    "percentage": {
        "ACTIVE": 43.304953560371516,
        "INACTIVE": 56.697440433412574,
        "INVALID": 0,
        "MALICIOUS": 0,
        "SANE": 0,
        "VALID": 0,
        "total": 100.0023939937841
    }
}