{
    "counter": {
        "ACTIVE": 29153,
        "INACTIVE": 37036,
        "INVALID": 0,
        "MALICIOUS": 0,
        "SANE": 0,
        "VALID": 0,
        "total": 66189
    },
    "percentage": {
        "ACTIVE": 44.045083019837136,
        "INACTIVE": 55.963372066667674,
        "INVALID": 0.0,
        "MALICIOUS": 0.0,
        "SANE": 0.0,
        "VALID": 0.0,
        "total": 100.00845508650481
    }
}