{
    "counter": {
        "ACTIVE": 12653,
        "INACTIVE": 15863,
        "INVALID": 0,
        "MALICIOUS": 0,
        "SANE": 0,
        "VALID": 0,
        "total": 28516
    },
    "percentage": {
        "ACTIVE": 44.37158086688175,
        "INACTIVE": 55.630369980711905,
        "INVALID": 0,
        "MALICIOUS": 0,
        "SANE": 0,
        "VALID": 0,
        "total": 100.00195084759366
    }
}