{
    "counter": {
        "ACTIVE": 27326,
        "INACTIVE": 35035,
        "INVALID": 0,
        "MALICIOUS": 0,
        "SANE": 0,
        "VALID": 0,
        "total": 62361
    },
    "percentage": {
        "ACTIVE": 43.81905357515114,
        "INACTIVE": 56.18094642484886,
        "INVALID": 0.0,
        "MALICIOUS": 0.0,
        "SANE": 0.0,
        "VALID": 0.0,
        "total": 100.0
    }
}