{
    "counter": {
        "ACTIVE": 26390,
        "INACTIVE": 33783,
        "INVALID": 0,
        "MALICIOUS": 0,
        "SANE": 0,
        "VALID": 0,
        "total": 60173
    },
    "percentage": {
        "ACTIVE": 43.85687933126153,
        "INACTIVE": 56.14312066873847,
        "INVALID": 0.0,
        "MALICIOUS": 0.0,
        "SANE": 0.0,
        "VALID": 0.0,
        "total": 100.0
    }
}