{
    "counter": {
        "ACTIVE": 27300,
        "INACTIVE": 35005,
        "INVALID": 0,
        "MALICIOUS": 0,
        "SANE": 0,
        "VALID": 0,
        "total": 62305
    },
    "percentage": {
        "ACTIVE": 43.81670812936361,
        "INACTIVE": 56.18329187063639,
        "INVALID": 0.0,
        "MALICIOUS": 0.0,
        "SANE": 0.0,
        "VALID": 0.0,
        "total": 100.0
    }
}