{
    "counter": {
        "ACTIVE": 3761,
        "INACTIVE": 4600,
        "INVALID": 0,
        "MALICIOUS": 0,
        "SANE": 0,
        "VALID": 0,
        "total": 8361
    },
    "percentage": {
        "ACTIVE": 44.98265757684487,
        "INACTIVE": 55.02392344497608,
        "INVALID": 0,
        "MALICIOUS": 0,
        "SANE": 0,
        "VALID": 0,
        "total": 100.00658102182095
    }
}