{
    "counter": {
        "ACTIVE": 25683,
        "INACTIVE": 32648,
        "INVALID": 0,
        "MALICIOUS": 0,
        "SANE": 0,
        "VALID": 0,
        "total": 58331
    },
    "percentage": {
        "ACTIVE": 44.029761190447616,
        "INACTIVE": 55.970238809552384,
        "INVALID": 0.0,
        "MALICIOUS": 0.0,
        "SANE": 0.0,
        "VALID": 0.0,
        "total": 100.0
    }
}