{
    "counter": {
        "ACTIVE": 24836,
        "INACTIVE": 30815,
        "INVALID": 0,
        "MALICIOUS": 0,
        "SANE": 0,
        "VALID": 0,
        "total": 55651
    },
    "percentage": {
        "ACTIVE": 44.62812887459345,
        "INACTIVE": 55.37187112540655,
        "INVALID": 0.0,
        "MALICIOUS": 0.0,
        "SANE": 0.0,
        "VALID": 0.0,
        "total": 100.0
    }
}