{
    "counter": {
        "ACTIVE": 38193,
        "INACTIVE": 47232,
        "INVALID": 0,
        "MALICIOUS": 0,
        "SANE": 0,
        "VALID": 0,
        "total": 85425
    },
    "percentage": {
        "ACTIVE": 44.709394205443374,
        "INACTIVE": 55.290605794556626,
        "INVALID": 0.0,
        "MALICIOUS": 0.0,
        "SANE": 0.0,
        "VALID": 0.0,
        "total": 100.0
    }
}