{
    "counter": {
        "ACTIVE": 33023,
        "INACTIVE": 41627,
        "INVALID": 0,
        "MALICIOUS": 0,
        "SANE": 0,
        "VALID": 0,
        "total": 74650
    },
    "percentage": {
        "ACTIVE": 44.23710649698594,
        "INACTIVE": 55.76289350301406,
        "INVALID": 0.0,
        "MALICIOUS": 0.0,
        "SANE": 0.0,
        "VALID": 0.0,
        "total": 100.0
    }
}