{
    "counter": {
        "ACTIVE": 35327,
        "INACTIVE": 44227,
        "INVALID": 0,
        "MALICIOUS": 0,
        "SANE": 0,
        "VALID": 0,
        "total": 79554
    },
    "percentage": {
        "ACTIVE": 44.40631520728059,
        "INACTIVE": 55.59368479271941,
        "INVALID": 0.0,
        "MALICIOUS": 0.0,
        "SANE": 0.0,
        "VALID": 0.0,
        "total": 100.0
    }
}