{
    "counter": {
        "ACTIVE": 8683,
        "INACTIVE": 11657,
        "INVALID": 0,
        "MALICIOUS": 0,
        "SANE": 0,
        "VALID": 0,
        "total": 20340
    },
    "percentage": {
        "ACTIVE": 42.69557948566652,
        "INACTIVE": 57.31071779744346,
        "INVALID": 0,
        "MALICIOUS": 0,
        "SANE": 0,
        "VALID": 0,
        "total": 100.00629728310997
    }
}