{
    "counter": {
        "ACTIVE": 33647,
        "INACTIVE": 42484,
        "INVALID": 0,
        "MALICIOUS": 0,
        "SANE": 0,
        "VALID": 0,
        "total": 76131
    },
    "percentage": {
        "ACTIVE": 44.1961881493741,
        "INACTIVE": 55.8038118506259,
        "INVALID": 0.0,
        "MALICIOUS": 0.0,
        "SANE": 0.0,
        "VALID": 0.0,
        "total": 100.0
    }
}