{
    "counter": {
        "ACTIVE": 11014,
        "INACTIVE": 13789,
        "INVALID": 0,
        "MALICIOUS": 0,
        "SANE": 0,
        "VALID": 0,
        "total": 24803
    },
    "percentage": {
        "ACTIVE": 44.40591863887433,
        "INACTIVE": 55.596322877187326,
        "INVALID": 0,
        "MALICIOUS": 0,
        "SANE": 0,
        "VALID": 0,
        "total": 100.00224151606166
    }
}