{
    "counter": {
        "ACTIVE": 35636,
        "INACTIVE": 44623,
        "INVALID": 0,
        "MALICIOUS": 0,
        "SANE": 0,
        "VALID": 0,
        "total": 80259
    },
    "percentage": {
        "ACTIVE": 44.40125095004922,
        "INACTIVE": 55.59874904995078,
        "INVALID": 0.0,
        "MALICIOUS": 0.0,
        "SANE": 0.0,
        "VALID": 0.0,
        "total": 100.0
    }
}