{
    "counter": {
        "ACTIVE": 40688,
        "INACTIVE": 54370,
        "INVALID": 0,
        "MALICIOUS": 0,
        "SANE": 0,
        "VALID": 0,
        "total": 95058
    },
    "percentage": {
        "ACTIVE": 42.80334111805424,
        "INACTIVE": 57.19665888194576,
        "INVALID": 0.0,
        "MALICIOUS": 0.0,
        "SANE": 0.0,
        "VALID": 0.0,
        "total": 100.0
    }
}