{
    "counter": {
        "ACTIVE": 14512,
        "INACTIVE": 19349,
        "INVALID": 0,
        "MALICIOUS": 0,
        "SANE": 0,
        "VALID": 0,
        "total": 33861
    },
    "percentage": {
        "ACTIVE": 42.87022539954506,
        "INACTIVE": 57.142435249992616,
        "INVALID": 0,
        "MALICIOUS": 0,
        "SANE": 0,
        "VALID": 0,
        "total": 100.01266064953768
    }
}