{
    "counter": {
        "ACTIVE": 13903,
        "INACTIVE": 18281,
        "INVALID": 0,
        "MALICIOUS": 0,
        "SANE": 0,
        "VALID": 0,
        "total": 32184
    },
    "percentage": {
        "ACTIVE": 43.19982599509058,
        "INACTIVE": 56.80151628138206,
        "INVALID": 0,
        "MALICIOUS": 0,
        "SANE": 0,
        "VALID": 0,
        "total": 100.00134227647263
    }
}