{
    "counter": {
        "ACTIVE": 16905,
        "INACTIVE": 21943,
        "INVALID": 0,
        "MALICIOUS": 0,
        "SANE": 0,
        "VALID": 0,
        "total": 38848
    },
    "percentage": {
        "ACTIVE": 43.51575370675453,
        "INACTIVE": 56.48860857253186,
        "INVALID": 0,
        "MALICIOUS": 0,
        "SANE": 0,
        "VALID": 0,
        "total": 100.0043622792864
    }
}