{
    "counter": {
        "ACTIVE": 36175,
        "INACTIVE": 45257,
        "INVALID": 0,
        "MALICIOUS": 0,
        "SANE": 0,
        "VALID": 0,
        "total": 81432
    },
    "percentage": {
        "ACTIVE": 44.42356813046468,
        "INACTIVE": 55.57643186953532,
        "INVALID": 0.0,
        "MALICIOUS": 0.0,
        "SANE": 0.0,
        "VALID": 0.0,
        "total": 100.0
    }
}