{
    "counter": {
        "ACTIVE": 36542,
        "INACTIVE": 45708,
        "INVALID": 0,
        "MALICIOUS": 0,
        "SANE": 0,
        "VALID": 0,
        "total": 82250
    },
    "percentage": {
        "ACTIVE": 44.427963525835864,
        "INACTIVE": 55.572036474164136,
        "INVALID": 0.0,
        "MALICIOUS": 0.0,
        "SANE": 0.0,
        "VALID": 0.0,
        "total": 100.0
    }
}