{
    "counter": {
        "ACTIVE": 26686,
        "INACTIVE": 34112,
        "INVALID": 0,
        "MALICIOUS": 0,
        "SANE": 0,
        "VALID": 0,
        "total": 60798
    },
    "percentage": {
        "ACTIVE": 43.89289121352676,
        "INACTIVE": 56.10710878647324,
        "INVALID": 0.0,
        "MALICIOUS": 0.0,
        "SANE": 0.0,
        "VALID": 0.0,
        "total": 100.0
    }
}