{
    "counter": {
        "ACTIVE": 29913,
        "INACTIVE": 37783,
        "INVALID": 0,
        "MALICIOUS": 0,
        "SANE": 0,
        "VALID": 0,
        "total": 67696
    },
    "percentage": {
        "ACTIVE": 44.18855437704966,
        "INACTIVE": 55.812751122666036,
        "INVALID": 0.0,
        "MALICIOUS": 0.0,
        "SANE": 0.0,
        "VALID": 0.0,
        "total": 100.0013054997157
    }
}