{
    "counter": {
        "ACTIVE": 5685,
        "INACTIVE": 7097,
        "INVALID": 0,
        "MALICIOUS": 0,
        "SANE": 0,
        "VALID": 0,
        "total": 12782
    },
    "percentage": {
        "ACTIVE": 44.48008763007589,
        "INACTIVE": 55.52339227038022,
        "INVALID": 0,
        "MALICIOUS": 0,
        "SANE": 0,
        "VALID": 0,
        "total": 100.00347990045611
    }
}