{
    "counter": {
        "ACTIVE": 8130,
        "INACTIVE": 10734,
        "INVALID": 0,
        "MALICIOUS": 0,
        "SANE": 0,
        "VALID": 0,
        "total": 18864
    },
    "percentage": {
        "ACTIVE": 43.09796437659033,
        "INACTIVE": 56.90505221862906,
        "INVALID": 0,
        "MALICIOUS": 0,
        "SANE": 0,
        "VALID": 0,
        "total": 100.00301659521939
    }
}