{
    "counter": {
        "ACTIVE": 14617,
        "INACTIVE": 19547,
        "INVALID": 0,
        "MALICIOUS": 0,
        "SANE": 0,
        "VALID": 0,
        "total": 34164
    },
    "percentage": {
        "ACTIVE": 42.784802716309564,
        "INACTIVE": 57.21854692348223,
        "INVALID": 0,
        "MALICIOUS": 0,
        "SANE": 0,
        "VALID": 0,
        "total": 100.0033496397918
    }
}