{
    "counter": {
        "ACTIVE": 20996,
        "INACTIVE": 25933,
        "INVALID": 0,
        "MALICIOUS": 0,
        "SANE": 0,
        "VALID": 0,
        "total": 46929
    },
    "percentage": {
        "ACTIVE": 44.74087964541425,
        "INACTIVE": 55.26007372839822,
        "INVALID": 0,
        "MALICIOUS": 0,
        "SANE": 0,
        "VALID": 0,
        "total": 100.00095337381248
    }
}