{
    "counter": {
        "ACTIVE": 39658,
        "INACTIVE": 49556,
        "INVALID": 0,
        "MALICIOUS": 0,
        "SANE": 0,
        "VALID": 0,
        "total": 89214
    },
    "percentage": {
        "ACTIVE": 44.45266438003004,
        "INACTIVE": 55.54733561996996,
        "INVALID": 0.0,
        "MALICIOUS": 0.0,
        "SANE": 0.0,
        "VALID": 0.0,
        "total": 100.0
    }
}