{
    "counter": {
        "ACTIVE": 41132,
        "INACTIVE": 54863,
        "INVALID": 0,
        "MALICIOUS": 0,
        "SANE": 0,
        "VALID": 0,
        "total": 95995
    },
    "percentage": {
        "ACTIVE": 42.84806500338559,
        "INACTIVE": 57.15193499661441,
        "INVALID": 0.0,
        "MALICIOUS": 0.0,
        "SANE": 0.0,
        "VALID": 0.0,
        "total": 100.0
    }
}