{
    "counter": {
        "ACTIVE": 19221,
        "INACTIVE": 24120,
        "INVALID": 0,
        "MALICIOUS": 0,
        "SANE": 0,
        "VALID": 0,
        "total": 43341
    },
    "percentage": {
        "ACTIVE": 44.348307607115665,
        "INACTIVE": 55.652976465159206,
        "INVALID": 0,
        "MALICIOUS": 0,
        "SANE": 0,
        "VALID": 0,
        "total": 100.00128407227487
    }
}