{
    "counter": {
        "ACTIVE": 16834,
        "INACTIVE": 21896,
        "INVALID": 0,
        "MALICIOUS": 0,
        "SANE": 0,
        "VALID": 0,
        "total": 38730
    },
    "percentage": {
        "ACTIVE": 43.46725883082008,
        "INACTIVE": 56.534985799122126,
        "INVALID": 0,
        "MALICIOUS": 0,
        "SANE": 0,
        "VALID": 0,
        "total": 100.0022446299422
    }
}