{
    "counter": {
        "ACTIVE": 23605,
        "INACTIVE": 28912,
        "INVALID": 0,
        "MALICIOUS": 0,
        "SANE": 0,
        "VALID": 0,
        "total": 52517
    },
    "percentage": {
        "ACTIVE": 44.947350381781135,
        "INACTIVE": 55.052649618218865,
        "INVALID": 0.0,
        "MALICIOUS": 0.0,
        "SANE": 0.0,
        "VALID": 0.0,
        "total": 100.0
    }
}