{
    "counter": {
        "ACTIVE": 27153,
        "INACTIVE": 34793,
        "INVALID": 0,
        "MALICIOUS": 0,
        "SANE": 0,
        "VALID": 0,
        "total": 61946
    },
    "percentage": {
        "ACTIVE": 43.833338714364125,
        "INACTIVE": 56.166661285635875,
        "INVALID": 0.0,
        "MALICIOUS": 0.0,
        "SANE": 0.0,
        "VALID": 0.0,
        "total": 100.0
    }
}