{
    "counter": {
        "ACTIVE": 32368,
        "INACTIVE": 40588,
        "INVALID": 0,
        "MALICIOUS": 0,
        "SANE": 0,
        "VALID": 0,
        "total": 72956
    },
    "percentage": {
        "ACTIVE": 44.36646745983881,
        "INACTIVE": 55.63353254016119,
        "INVALID": 0.0,
        "MALICIOUS": 0.0,
        "SANE": 0.0,
        "VALID": 0.0,
        "total": 100.0
    }
}