{
    "counter": {
        "ACTIVE": 20765,
        "INACTIVE": 25702,
        "INVALID": 0,
        "MALICIOUS": 0,
        "SANE": 0,
        "VALID": 0,
        "total": 46467
    },
    "percentage": {
        "ACTIVE": 44.68955127515334,
        "INACTIVE": 55.31237222114619,
        "INVALID": 0,
        "MALICIOUS": 0,
        "SANE": 0,
        "VALID": 0,
        "total": 100.00192349629953
    }
}