{
    "counter": {
        "ACTIVE": 3722,
        "INACTIVE": 4548,
        "INVALID": 0,
        "MALICIOUS": 0,
        "SANE": 0,
        "VALID": 0,
        "total": 8270
    },
    "percentage": {
        "ACTIVE": 45.00604594921403,
        "INACTIVE": 55.02056617469151,
        "INVALID": 0,
        "MALICIOUS": 0,
        "SANE": 0,
        "VALID": 0,
        "total": 100.02661212390554
    }
}