{
    "counter": {
        "ACTIVE": 8529,
        "INACTIVE": 11429,
        "INVALID": 0,
        "MALICIOUS": 0,
        "SANE": 0,
        "VALID": 0,
        "total": 19958
    },
    "percentage": {
        "ACTIVE": 42.73474296021645,
        "INACTIVE": 57.28247794707298,
        "INVALID": 0,
        "MALICIOUS": 0,
        "SANE": 0,
        "VALID": 0,
        "total": 100.01722090728943
    }
}