{
    "counter": {
        "ACTIVE": 21093,
        "INACTIVE": 26039,
        "INVALID": 0,
        "MALICIOUS": 0,
        "SANE": 0,
        "VALID": 0,
        "total": 47132
    },
    "percentage": {
        "ACTIVE": 44.75398357768772,
        "INACTIVE": 55.246965967919884,
        "INVALID": 0,
        "MALICIOUS": 0,
        "SANE": 0,
        "VALID": 0,
        "total": 100.0009495456076
    }
}