{
    "counter": {
        "ACTIVE": 15462,
        "INACTIVE": 20837,
        "INVALID": 0,
        "MALICIOUS": 0,
        "SANE": 0,
        "VALID": 0,
        "total": 36299
    },
    "percentage": {
        "ACTIVE": 42.599735508044965,
        "INACTIVE": 57.4037852282432,
        "INVALID": 0,
        "MALICIOUS": 0,
        "SANE": 0,
        "VALID": 0,
        "total": 100.00352073628817
    }
}