{
    "counter": {
        "ACTIVE": 11858,
        "INACTIVE": 14621,
        "INVALID": 0,
        "MALICIOUS": 0,
        "SANE": 0,
        "VALID": 0,
        "total": 26479
    },
    "percentage": {
        "ACTIVE": 44.782657955360854,
        "INACTIVE": 55.22568460812087,
        "INVALID": 0,
        "MALICIOUS": 0,
        "SANE": 0,
        "VALID": 0,
        "total": 100.00834256348173
    }
}