{
    "counter": {
        "ACTIVE": 31898,
        "INACTIVE": 39929,
        "INVALID": 0,
        "MALICIOUS": 0,
        "SANE": 0,
        "VALID": 0,
        "total": 71827
    },
    "percentage": {
        "ACTIVE": 44.409483898812425,
        "INACTIVE": 55.593612074126675,
        "INVALID": 0.0,
        "MALICIOUS": 0.0,
        "SANE": 0.0,
        "VALID": 0.0,
        "total": 100.0030959729391
    }
}