{
    "counter": {
        "ACTIVE": 24159,
        "INACTIVE": 29945,
        "INVALID": 0,
        "MALICIOUS": 0,
        "SANE": 0,
        "VALID": 0,
        "total": 54104
    },
    "percentage": {
        "ACTIVE": 44.65289072896643,
        "INACTIVE": 55.34710927103357,
        "INVALID": 0.0,
        "MALICIOUS": 0.0,
        "SANE": 0.0,
        "VALID": 0.0,
        "total": 100.0
    }
}