{
    "counter": {
        "ACTIVE": 29814,
        "INACTIVE": 37680,
        "INVALID": 0,
        "MALICIOUS": 0,
        "SANE": 0,
        "VALID": 0,
        "total": 67494
    },
    "percentage": {
        "ACTIVE": 44.17281536136545,
        "INACTIVE": 55.83132065966306,
        "INVALID": 0.0,
        "MALICIOUS": 0.0,
        "SANE": 0.0,
        "VALID": 0.0,
        "total": 100.0041360210285
    }
}