{
    "counter": {
        "ACTIVE": 33141,
        "INACTIVE": 41800,
        "INVALID": 0,
        "MALICIOUS": 0,
        "SANE": 0,
        "VALID": 0,
        "total": 74941
    },
    "percentage": {
        "ACTIVE": 44.22278859369371,
        "INACTIVE": 55.77721140630629,
        "INVALID": 0.0,
        "MALICIOUS": 0.0,
        "SANE": 0.0,
        "VALID": 0.0,
        "total": 100.0
    }
}