{
    "counter": {
        "ACTIVE": 25201,
        "INACTIVE": 31667,
        "INVALID": 0,
        "MALICIOUS": 0,
        "SANE": 0,
        "VALID": 0,
        "total": 56868
    },
    "percentage": {
        "ACTIVE": 44.31490469156643,
        "INACTIVE": 55.68509530843357,
        "INVALID": 0.0,
        "MALICIOUS": 0.0,
        "SANE": 0.0,
        "VALID": 0.0,
        "total": 100.0
    }
}