{
    "counter": {
        "ACTIVE": 3738,
        "INACTIVE": 4573,
        "INVALID": 0,
        "MALICIOUS": 0,
        "SANE": 0,
        "VALID": 0,
        "total": 8311
    },
    "percentage": {
        "ACTIVE": 44.99819429396894,
        "INACTIVE": 55.023462880519794,
        "INVALID": 0,
        "MALICIOUS": 0,
        "SANE": 0,
        "VALID": 0,
        "total": 100.02165717448874
    }
}