{
    "counter": {
        "ACTIVE": 34483,
        "INACTIVE": 43158,
        "INVALID": 0,
        "MALICIOUS": 0,
        "SANE": 0,
        "VALID": 0,
        "total": 77641
    },
    "percentage": {
        "ACTIVE": 44.41338983269149,
        "INACTIVE": 55.58661016730851,
        "INVALID": 0.0,
        "MALICIOUS": 0.0,
        "SANE": 0.0,
        "VALID": 0.0,
        "total": 100.0
    }
}