{
    "counter": {
        "ACTIVE": 33413,
        "INACTIVE": 42173,
        "INVALID": 0,
        "MALICIOUS": 0,
        "SANE": 0,
        "VALID": 0,
        "total": 75586
    },
    "percentage": {
        "ACTIVE": 44.20527610933242,
        "INACTIVE": 55.79472389066758,
        "INVALID": 0.0,
        "MALICIOUS": 0.0,
        "SANE": 0.0,
        "VALID": 0.0,
        "total": 100.0
    }
}