{
    "counter": {
        "ACTIVE": 39571,
        "INACTIVE": 49336,
        "INVALID": 0,
        "MALICIOUS": 0,
        "SANE": 0,
        "VALID": 0,
        "total": 88907
    },
    "percentage": {
        "ACTIVE": 44.50830643256437,
        "INACTIVE": 55.49169356743563,
        "INVALID": 0.0,
        "MALICIOUS": 0.0,
        "SANE": 0.0,
        "VALID": 0.0,
        "total": 100.0
    }
}