{
    "counter": {
        "ACTIVE": 42991,
        "INACTIVE": 57336,
        "INVALID": 0,
        "MALICIOUS": 0,
        "SANE": 0,
        "VALID": 0,
        "total": 100327
    },
    "percentage": {
        "ACTIVE": 42.85087763014941,
        "INACTIVE": 57.14912236985059,
        "INVALID": 0.0,
        "MALICIOUS": 0.0,
        "SANE": 0.0,
        "VALID": 0.0,
        "total": 100.0
    }
}