{
    "counter": {
        "ACTIVE": 14062,
        "INACTIVE": 18693,
        "INVALID": 0,
        "MALICIOUS": 0,
        "SANE": 0,
        "VALID": 0,
        "total": 32755
    },
    "percentage": {
        "ACTIVE": 42.936093554395285,
        "INACTIVE": 57.06914974813006,
        "INVALID": 0,
        "MALICIOUS": 0,
        "SANE": 0,
        "VALID": 0,
        "total": 100.00524330252534
    }
}