{
    "counter": {
        "ACTIVE": 23800,
        "INACTIVE": 29132,
        "INVALID": 0,
        "MALICIOUS": 0,
        "SANE": 0,
        "VALID": 0,
        "total": 52932
    },
    "percentage": {
        "ACTIVE": 44.9633492027507,
        "INACTIVE": 55.0366507972493,
        "INVALID": 0.0,
        "MALICIOUS": 0.0,
        "SANE": 0.0,
        "VALID": 0.0,
        "total": 100.0
    }
}