{
    "counter": {
        "ACTIVE": 6700,
        "INACTIVE": 8843,
        "INVALID": 0,
        "MALICIOUS": 0,
        "SANE": 0,
        "VALID": 0,
        "total": 15543
    },
    "percentage": {
        "ACTIVE": 43.106221450170494,
        "INACTIVE": 56.904761904761905,
        "INVALID": 0,
        "MALICIOUS": 0,
        "SANE": 0,
        "VALID": 0,
        "total": 100.01098335493239
    }
}