{
    "counter": {
        "ACTIVE": 20005,
        "INACTIVE": 25106,
        "INVALID": 0,
        "MALICIOUS": 0,
        "SANE": 0,
        "VALID": 0,
        "total": 45111
    },
    "percentage": {
        "ACTIVE": 44.34616834031611,
        "INACTIVE": 55.656299186415126,
        "INVALID": 0,
        "MALICIOUS": 0,
        "SANE": 0,
        "VALID": 0,
        "total": 100.00246752673124
    }
}