{
    "counter": {
        "ACTIVE": 18363,
        "INACTIVE": 23464,
        "INVALID": 0,
        "MALICIOUS": 0,
        "SANE": 0,
        "VALID": 0,
        "total": 41827
    },
    "percentage": {
        "ACTIVE": 43.90331372830297,
        "INACTIVE": 56.097735912209814,
        "INVALID": 0,
        "MALICIOUS": 0,
        "SANE": 0,
        "VALID": 0,
        "total": 100.00104964051278
    }
}