{
    "counter": {
        "ACTIVE": 2052,
        "INACTIVE": 2672,
        "INVALID": 0,
        "MALICIOUS": 0,
        "SANE": 0,
        "VALID": 0,
        "total": 4724
    },
    "percentage": {
        "ACTIVE": 43.50222599109603,
        "INACTIVE": 56.56223539373412,
        "INVALID": 0,
        "MALICIOUS": 0,
        "SANE": 0,
        "VALID": 0,
        "total": 100.06446138483015
    }
}