{
    "counter": {
        "ACTIVE": 6393,
        "INACTIVE": 8190,
        "INVALID": 0,
        "MALICIOUS": 0,
        "SANE": 0,
        "VALID": 0,
        "total": 14583
    },
    "percentage": {
        "ACTIVE": 43.83871631351574,
        "INACTIVE": 56.16513509806611,
        "INVALID": 0,
        "MALICIOUS": 0,
        "SANE": 0,
        "VALID": 0,
        "total": 100.00385141158185
    }
}