{
    "counter": {
        "ACTIVE": 3908,
        "INACTIVE": 4857,
        "INVALID": 0,
        "MALICIOUS": 0,
        "SANE": 0,
        "VALID": 0,
        "total": 8765
    },
    "percentage": {
        "ACTIVE": 44.58642327438677,
        "INACTIVE": 55.445205479452056,
        "INVALID": 0,
        "MALICIOUS": 0,
        "SANE": 0,
        "VALID": 0,
        "total": 100.03162875383882
    }
}