{
    "counter": {
        "ACTIVE": 38038,
        "INACTIVE": 47046,
        "INVALID": 0,
        "MALICIOUS": 0,
        "SANE": 0,
        "VALID": 0,
        "total": 85084
    },
    "percentage": {
        "ACTIVE": 44.70640778524752,
        "INACTIVE": 55.29359221475248,
        "INVALID": 0.0,
        "MALICIOUS": 0.0,
        "SANE": 0.0,
        "VALID": 0.0,
        "total": 100.0
    }
}