{
    "counter": {
        "ACTIVE": 1761,
        "INACTIVE": 1950,
        "INVALID": 0,
        "MALICIOUS": 0,
        "SANE": 0,
        "VALID": 0,
        "total": 3711
    },
    "percentage": {
        "ACTIVE": 47.45351657235246,
        "INACTIVE": 52.56064690026954,
        "INVALID": 0,
        "MALICIOUS": 0,
        "SANE": 0,
        "VALID": 0,
        "total": 100.014163472622
    }
}