{
    "counter": {
        "ACTIVE": 24555,
        "INACTIVE": 30407,
        "INVALID": 0,
        "MALICIOUS": 0,
        "SANE": 0,
        "VALID": 0,
        "total": 54962
    },
    "percentage": {
        "ACTIVE": 44.67632182234999,
        "INACTIVE": 55.32367817765001,
        "INVALID": 0.0,
        "MALICIOUS": 0.0,
        "SANE": 0.0,
        "VALID": 0.0,
        "total": 100.0
    }
}