{
    "counter": {
        "ACTIVE": 10430,
        "INACTIVE": 13341,
        "INVALID": 0,
        "MALICIOUS": 0,
        "SANE": 0,
        "VALID": 0,
        "total": 23771
    },
    "percentage": {
        "ACTIVE": 43.880684925743616,
        "INACTIVE": 56.123007025367045,
        "INVALID": 0,
        "MALICIOUS": 0,
        "SANE": 0,
        "VALID": 0,
        "total": 100.00369195111065
    }
}