{
    "counter": {
        "ACTIVE": 29560,
        "INACTIVE": 37413,
        "INVALID": 0,
        "MALICIOUS": 0,
        "SANE": 0,
        "VALID": 0,
        "total": 66973
    },
    "percentage": {
        "ACTIVE": 44.137189613724935,
        "INACTIVE": 55.8644786549402,
        "INVALID": 0.0,
        "MALICIOUS": 0.0,
        "SANE": 0.0,
        "VALID": 0.0,
        "total": 100.00166826866513
    }
}