{
    "counter": {
        "ACTIVE": 6570,
        "INACTIVE": 8611,
        "INVALID": 0,
        "MALICIOUS": 0,
        "SANE": 0,
        "VALID": 0,
        "total": 15181
    },
    "percentage": {
        "ACTIVE": 43.280632411067195,
        "INACTIVE": 56.72221856267703,
        "INVALID": 0,
        "MALICIOUS": 0,
        "SANE": 0,
        "VALID": 0,
        "total": 100.00285097374422
    }
}