{
    "counter": {
        "ACTIVE": 5572,
        "INACTIVE": 6975,
        "INVALID": 0,
        "MALICIOUS": 0,
        "SANE": 0,
        "VALID": 0,
        "total": 12547
    },
    "percentage": {
        "ACTIVE": 44.41256177267655,
        "INACTIVE": 55.59097792300948,
        "INVALID": 0,
        "MALICIOUS": 0,
        "SANE": 0,
        "VALID": 0,
        "total": 100.00353969568603
    }
}