{
    "counter": {
        "ACTIVE": 35720,
        "INACTIVE": 44754,
        "INVALID": 0,
        "MALICIOUS": 0,
        "SANE": 0,
        "VALID": 0,
        "total": 80474
    },
    "percentage": {
        "ACTIVE": 44.38700698362204,
        "INACTIVE": 55.61299301637796,
        "INVALID": 0.0,
        "MALICIOUS": 0.0,
        "SANE": 0.0,
        "VALID": 0.0,
        "total": 100.0
    }
}