{
    "counter": {
        "ACTIVE": 5214,
        "INACTIVE": 6535,
        "INVALID": 0,
        "MALICIOUS": 0,
        "SANE": 0,
        "VALID": 0,
        "total": 11749
    },
    "percentage": {
        "ACTIVE": 44.37824495701762,
        "INACTIVE": 55.63122499361539,
        "INVALID": 0,
        "MALICIOUS": 0,
        "SANE": 0,
        "VALID": 0,
        "total": 100.00946995063302
    }
}