{
    "counter": {
        "ACTIVE": 15023,
        "INACTIVE": 20134,
        "INVALID": 0,
        "MALICIOUS": 0,
        "SANE": 0,
        "VALID": 0,
        "total": 35157
    },
    "percentage": {
        "ACTIVE": 42.73117729044002,
        "INACTIVE": 57.270451700989874,
        "INVALID": 0,
        "MALICIOUS": 0,
        "SANE": 0,
        "VALID": 0,
        "total": 100.0016289914299
    }
}