{
    "counter": {
        "ACTIVE": 20775,
        "INACTIVE": 25710,
        "INVALID": 0,
        "MALICIOUS": 0,
        "SANE": 0,
        "VALID": 0,
        "total": 46485
    },
    "percentage": {
        "ACTIVE": 44.6918360761536,
        "INACTIVE": 55.31054363961018,
        "INVALID": 0,
        "MALICIOUS": 0,
        "SANE": 0,
        "VALID": 0,
        "total": 100.00237971576378
    }
}