{
    "counter": {
        "ACTIVE": 24090,
        "INACTIVE": 29690,
        "INVALID": 0,
        "MALICIOUS": 0,
        "SANE": 0,
        "VALID": 0,
        "total": 53780
    },
    "percentage": {
        "ACTIVE": 44.79360357010041,
        "INACTIVE": 55.20639642989959,
        "INVALID": 0.0,
        "MALICIOUS": 0.0,
        "SANE": 0.0,
        "VALID": 0.0,
        "total": 100.0
    }
}