{
    "counter": {
        "ACTIVE": 41949,
        "INACTIVE": 55784,
        "INVALID": 0,
        "MALICIOUS": 0,
        "SANE": 0,
        "VALID": 0,
        "total": 97733
    },
    "percentage": {
        "ACTIVE": 42.92204270819477,
        "INACTIVE": 57.07795729180523,
        "INVALID": 0.0,
        "MALICIOUS": 0.0,
        "SANE": 0.0,
        "VALID": 0.0,
        "total": 100.0
    }
}