{
    "counter": {
        "ACTIVE": 28374,
        "INACTIVE": 36276,
        "INVALID": 0,
        "MALICIOUS": 0,
        "SANE": 0,
        "VALID": 0,
        "total": 64650
    },
    "percentage": {
        "ACTIVE": 43.88863109048724,
        "INACTIVE": 56.11223684821111,
        "INVALID": 0.0,
        "MALICIOUS": 0.0,
        "SANE": 0.0,
        "VALID": 0.0,
        "total": 100.00086793869835
    }
}