{
    "counter": {
        "ACTIVE": 34341,
        "INACTIVE": 43049,
        "INVALID": 0,
        "MALICIOUS": 0,
        "SANE": 0,
        "VALID": 0,
        "total": 77390
    },
    "percentage": {
        "ACTIVE": 44.37395012275488,
        "INACTIVE": 55.62604987724512,
        "INVALID": 0.0,
        "MALICIOUS": 0.0,
        "SANE": 0.0,
        "VALID": 0.0,
        "total": 100.0
    }
}