{
    "counter": {
        "ACTIVE": 32988,
        "INACTIVE": 41583,
        "INVALID": 0,
        "MALICIOUS": 0,
        "SANE": 0,
        "VALID": 0,
        "total": 74571
    },
    "percentage": {
        "ACTIVE": 44.237035845033596,
        "INACTIVE": 55.762964154966404,
        "INVALID": 0.0,
        "MALICIOUS": 0.0,
        "SANE": 0.0,
        "VALID": 0.0,
        "total": 100.0
    }
}