{
    "counter": {
        "ACTIVE": 34113,
        "INACTIVE": 42817,
        "INVALID": 0,
        "MALICIOUS": 0,
        "SANE": 0,
        "VALID": 0,
        "total": 76930
    },
    "percentage": {
        "ACTIVE": 44.34290913817756,
        "INACTIVE": 55.65709086182244,
        "INVALID": 0.0,
        "MALICIOUS": 0.0,
        "SANE": 0.0,
        "VALID": 0.0,
        "total": 100.0
    }
}