{
    "counter": {
        "ACTIVE": 31729,
        "INACTIVE": 39732,
        "INVALID": 0,
        "MALICIOUS": 0,
        "SANE": 0,
        "VALID": 0,
        "total": 71461
    },
    "percentage": {
        "ACTIVE": 44.400442199241546,
        "INACTIVE": 55.60033585222502,
        "INVALID": 0.0,
        "MALICIOUS": 0.0,
        "SANE": 0.0,
        "VALID": 0.0,
        "total": 100.00077805146657
    }
}