{
    "counter": {
        "ACTIVE": 17341,
        "INACTIVE": 22428,
        "INVALID": 0,
        "MALICIOUS": 0,
        "SANE": 0,
        "VALID": 0,
        "total": 39769
    },
    "percentage": {
        "ACTIVE": 43.604314918655234,
        "INACTIVE": 56.39852138707974,
        "INVALID": 0,
        "MALICIOUS": 0,
        "SANE": 0,
        "VALID": 0,
        "total": 100.00283630573497
    }
}