{
    "counter": {
        "ACTIVE": 28090,
        "INACTIVE": 35838,
        "INVALID": 0,
        "MALICIOUS": 0,
        "SANE": 0,
        "VALID": 0,
        "total": 63928
    },
    "percentage": {
        "ACTIVE": 43.94761956912871,
        "INACTIVE": 56.05994243523964,
        "INVALID": 0.0,
        "MALICIOUS": 0.0,
        "SANE": 0.0,
        "VALID": 0.0,
        "total": 100.00756200436835
    }
}