{
    "counter": {
        "ACTIVE": 24487,
        "INACTIVE": 30375,
        "INVALID": 0,
        "MALICIOUS": 0,
        "SANE": 0,
        "VALID": 0,
        "total": 54862
    },
    "percentage": {
        "ACTIVE": 44.63380846487551,
        "INACTIVE": 55.36619153512449,
        "INVALID": 0.0,
        "MALICIOUS": 0.0,
        "SANE": 0.0,
        "VALID": 0.0,
        "total": 100.0
    }
}