{
    "counter": {
        "ACTIVE": 20975,
        "INACTIVE": 25913,
        "INVALID": 0,
        "MALICIOUS": 0,
        "SANE": 0,
        "VALID": 0,
        "total": 46888
    },
    "percentage": {
        "ACTIVE": 44.73426036512541,
        "INACTIVE": 55.27045473935671,
        "INVALID": 0,
        "MALICIOUS": 0,
        "SANE": 0,
        "VALID": 0,
        "total": 100.00471510448212
    }
}