{
    "counter": {
        "ACTIVE": 25823,
        "INACTIVE": 32888,
        "INVALID": 0,
        "MALICIOUS": 0,
        "SANE": 0,
        "VALID": 0,
        "total": 58711
    },
    "percentage": {
        "ACTIVE": 43.9832399380014,
        "INACTIVE": 56.0167600619986,
        "INVALID": 0.0,
        "MALICIOUS": 0.0,
        "SANE": 0.0,
        "VALID": 0.0,
        "total": 100.0
    }
}