{
    "counter": {
        "ACTIVE": 6078,
        "INACTIVE": 7648,
        "INVALID": 0,
        "MALICIOUS": 0,
        "SANE": 0,
        "VALID": 0,
        "total": 13726
    },
    "percentage": {
        "ACTIVE": 44.309980316395716,
        "INACTIVE": 55.719073291563454,
        "INVALID": 0,
        "MALICIOUS": 0,
        "SANE": 0,
        "VALID": 0,
        "total": 100.02905360795917
    }
}