{
    "counter": {
        "ACTIVE": 43904,
        "INACTIVE": 58907,
        "INVALID": 0,
        "MALICIOUS": 0,
        "SANE": 0,
        "VALID": 0,
        "total": 102811
    },
    "percentage": {
        "ACTIVE": 42.70360175467606,
        "INACTIVE": 57.29639824532394,
        "INVALID": 0.0,
        "MALICIOUS": 0.0,
        "SANE": 0.0,
        "VALID": 0.0,
        "total": 100.0
    }
}