{
    "counter": {
        "ACTIVE": 31071,
        "INACTIVE": 38827,
        "INVALID": 0,
        "MALICIOUS": 0,
        "SANE": 0,
        "VALID": 0,
        "total": 69898
    },
    "percentage": {
        "ACTIVE": 44.45191564851641,
        "INACTIVE": 55.5488790649098,
        "INVALID": 0.0,
        "MALICIOUS": 0.0,
        "SANE": 0.0,
        "VALID": 0.0,
        "total": 100.00079471342622
    }
}