{
    "counter": {
        "ACTIVE": 40175,
        "INACTIVE": 51689,
        "INVALID": 0,
        "MALICIOUS": 0,
        "SANE": 0,
        "VALID": 0,
        "total": 91864
    },
    "percentage": {
        "ACTIVE": 43.7331272315597,
        "INACTIVE": 56.2668727684403,
        "INVALID": 0.0,
        "MALICIOUS": 0.0,
        "SANE": 0.0,
        "VALID": 0.0,
        "total": 100.0
    }
}