{
    "counter": {
        "ACTIVE": 40739,
        "INACTIVE": 54469,
        "INVALID": 0,
        "MALICIOUS": 0,
        "SANE": 0,
        "VALID": 0,
        "total": 95208
    },
    "percentage": {
        "ACTIVE": 42.78947147298546,
        "INACTIVE": 57.21052852701454,
        "INVALID": 0.0,
        "MALICIOUS": 0.0,
        "SANE": 0.0,
        "VALID": 0.0,
        "total": 100.0
    }
}