{
    "counter": {
        "ACTIVE": 17647,
        "INACTIVE": 22735,
        "INVALID": 0,
        "MALICIOUS": 0,
        "SANE": 0,
        "VALID": 0,
        "total": 40382
    },
    "percentage": {
        "ACTIVE": 43.701245635323545,
        "INACTIVE": 56.29983656084394,
        "INVALID": 0,
        "MALICIOUS": 0,
        "SANE": 0,
        "VALID": 0,
        "total": 100.00108219616749
    }
}