{
    "counter": {
        "ACTIVE": 20923,
        "INACTIVE": 25867,
        "INVALID": 0,
        "MALICIOUS": 0,
        "SANE": 0,
        "VALID": 0,
        "total": 46790
    },
    "percentage": {
        "ACTIVE": 44.71681983329771,
        "INACTIVE": 55.28554330170129,
        "INVALID": 0,
        "MALICIOUS": 0,
        "SANE": 0,
        "VALID": 0,
        "total": 100.002363134999
    }
}