{
    "counter": {
        "ACTIVE": 38985,
        "INACTIVE": 48182,
        "INVALID": 0,
        "MALICIOUS": 0,
        "SANE": 0,
        "VALID": 0,
        "total": 87167
    },
    "percentage": {
        "ACTIVE": 44.724494361398236,
        "INACTIVE": 55.275505638601764,
        "INVALID": 0.0,
        "MALICIOUS": 0.0,
        "SANE": 0.0,
        "VALID": 0.0,
        "total": 100.0
    }
}