{
    "counter": {
        "ACTIVE": 15332,
        "INACTIVE": 20527,
        "INVALID": 0,
        "MALICIOUS": 0,
        "SANE": 0,
        "VALID": 0,
        "total": 35859
    },
    "percentage": {
        "ACTIVE": 42.7599286033021,
        "INACTIVE": 57.24364873532446,
        "INVALID": 0,
        "MALICIOUS": 0,
        "SANE": 0,
        "VALID": 0,
        "total": 100.00357733862657
    }
}