{
    "counter": {
        "ACTIVE": 16941,
        "INACTIVE": 21974,
        "INVALID": 0,
        "MALICIOUS": 0,
        "SANE": 0,
        "VALID": 0,
        "total": 38915
    },
    "percentage": {
        "ACTIVE": 43.53446060543763,
        "INACTIVE": 56.466658100989335,
        "INVALID": 0,
        "MALICIOUS": 0,
        "SANE": 0,
        "VALID": 0,
        "total": 100.00111870642696
    }
}