{
    "counter": {
        "ACTIVE": 4799,
        "INACTIVE": 6152,
        "INVALID": 0,
        "MALICIOUS": 0,
        "SANE": 0,
        "VALID": 0,
        "total": 10951
    },
    "percentage": {
        "ACTIVE": 43.838494564720925,
        "INACTIVE": 56.17751803488266,
        "INVALID": 0,
        "MALICIOUS": 0,
        "SANE": 0,
        "VALID": 0,
        "total": 100.01601259960358
    }
}