{
    "counter": {
        "ACTIVE": 8181,
        "INACTIVE": 10813,
        "INVALID": 0,
        "MALICIOUS": 0,
        "SANE": 0,
        "VALID": 0,
        "total": 18994
    },
    "percentage": {
        "ACTIVE": 43.07603201347936,
        "INACTIVE": 56.928503738022535,
        "INVALID": 0,
        "MALICIOUS": 0,
        "SANE": 0,
        "VALID": 0,
        "total": 100.00453575150189
    }
}