{
    "counter": {
        "ACTIVE": 42883,
        "INACTIVE": 57095,
        "INVALID": 0,
        "MALICIOUS": 0,
        "SANE": 0,
        "VALID": 0,
        "total": 99978
    },
    "percentage": {
        "ACTIVE": 42.89243633599392,
        "INACTIVE": 57.10756366400608,
        "INVALID": 0.0,
        "MALICIOUS": 0.0,
        "SANE": 0.0,
        "VALID": 0.0,
        "total": 100.0
    }
}