{
    "counter": {
        "ACTIVE": 2667,
        "INACTIVE": 3357,
        "INVALID": 0,
        "MALICIOUS": 0,
        "SANE": 0,
        "VALID": 0,
        "total": 6024
    },
    "percentage": {
        "ACTIVE": 44.28761208900698,
        "INACTIVE": 55.72709163346614,
        "INVALID": 0,
        "MALICIOUS": 0,
        "SANE": 0,
        "VALID": 0,
        "total": 100.01470372247312
    }
}