{
    "counter": {
        "ACTIVE": 26651,
        "INACTIVE": 34081,
        "INVALID": 0,
        "MALICIOUS": 0,
        "SANE": 0,
        "VALID": 0,
        "total": 60732
    },
    "percentage": {
        "ACTIVE": 43.882961206612656,
        "INACTIVE": 56.117038793387344,
        "INVALID": 0.0,
        "MALICIOUS": 0.0,
        "SANE": 0.0,
        "VALID": 0.0,
        "total": 100.0
    }
}