{
    "counter": {
        "ACTIVE": 38818,
        "INACTIVE": 47936,
        "INVALID": 0,
        "MALICIOUS": 0,
        "SANE": 0,
        "VALID": 0,
        "total": 86754
    },
    "percentage": {
        "ACTIVE": 44.74491089748023,
        "INACTIVE": 55.25508910251977,
        "INVALID": 0.0,
        "MALICIOUS": 0.0,
        "SANE": 0.0,
        "VALID": 0.0,
        "total": 100.0
    }
}