{
    "counter": {
        "ACTIVE": 20342,
        "INACTIVE": 25411,
        "INVALID": 0,
        "MALICIOUS": 0,
        "SANE": 0,
        "VALID": 0,
        "total": 45753
    },
    "percentage": {
        "ACTIVE": 44.46047253731996,
        "INACTIVE": 55.540741388354604,
        "INVALID": 0,
        "MALICIOUS": 0,
        "SANE": 0,
        "VALID": 0,
        "total": 100.00121392567456
    }
}