{
    "counter": {
        "ACTIVE": 1615,
        "INACTIVE": 1727,
        "INVALID": 0,
        "MALICIOUS": 0,
        "SANE": 0,
        "VALID": 0,
        "total": 3342
    },
    "percentage": {
        "ACTIVE": 48.324356672651106,
        "INACTIVE": 51.706586826347305,
        "INVALID": 0,
        "MALICIOUS": 0,
        "SANE": 0,
        "VALID": 0,
        "total": 100.03094349899841
    }
}