{
    "counter": {
        "ACTIVE": 36060,
        "INACTIVE": 45125,
        "INVALID": 0,
        "MALICIOUS": 0,
        "SANE": 0,
        "VALID": 0,
        "total": 81185
    },
    "percentage": {
        "ACTIVE": 44.41707211923385,
        "INACTIVE": 55.58292788076615,
        "INVALID": 0.0,
        "MALICIOUS": 0.0,
        "SANE": 0.0,
        "VALID": 0.0,
        "total": 100.0
    }
}