{
    "counter": {
        "ACTIVE": 35003,
        "INACTIVE": 43710,
        "INVALID": 0,
        "MALICIOUS": 0,
        "SANE": 0,
        "VALID": 0,
        "total": 78713
    },
    "percentage": {
        "ACTIVE": 44.469147408941346,
        "INACTIVE": 55.530852591058654,
        "INVALID": 0.0,
        "MALICIOUS": 0.0,
        "SANE": 0.0,
        "VALID": 0.0,
        "total": 100.0
    }
}