{
    "counter": {
        "ACTIVE": 6250,
        "INACTIVE": 7896,
        "INVALID": 0,
        "MALICIOUS": 0,
        "SANE": 0,
        "VALID": 0,
        "total": 14146
    },
    "percentage": {
        "ACTIVE": 44.18834841628959,
        "INACTIVE": 55.817899052735754,
        "INVALID": 0,
        "MALICIOUS": 0,
        "SANE": 0,
        "VALID": 0,
        "total": 100.00624746902534
    }
}