{
    "counter": {
        "ACTIVE": 29678,
        "INACTIVE": 37497,
        "INVALID": 0,
        "MALICIOUS": 0,
        "SANE": 0,
        "VALID": 0,
        "total": 67175
    },
    "percentage": {
        "ACTIVE": 44.180126535169336,
        "INACTIVE": 55.82153543834576,
        "INVALID": 0.0,
        "MALICIOUS": 0.0,
        "SANE": 0.0,
        "VALID": 0.0,
        "total": 100.0016619735151
    }
}