{
    "counter": {
        "ACTIVE": 170,
        "INACTIVE": 281,
        "INVALID": 0,
        "MALICIOUS": 0,
        "SANE": 0,
        "VALID": 0,
        "total": 451
    },
    "percentage": {
        "ACTIVE": 37.6940133037694,
        "INACTIVE": 62.723214285714285,
        "INVALID": 0,
        "MALICIOUS": 0,
        "SANE": 0,
        "VALID": 0,
        "total": 100.41722758948369
    }
}