{
    "counter": {
        "ACTIVE": 39012,
        "INACTIVE": 48226,
        "INVALID": 0,
        "MALICIOUS": 0,
        "SANE": 0,
        "VALID": 0,
        "total": 87238
    },
    "percentage": {
        "ACTIVE": 44.7190444531053,
        "INACTIVE": 55.2809555468947,
        "INVALID": 0.0,
        "MALICIOUS": 0.0,
        "SANE": 0.0,
        "VALID": 0.0,
        "total": 100.0
    }
}