{
    "counter": {
        "ACTIVE": 25002,
        "INACTIVE": 30971,
        "INVALID": 0,
        "MALICIOUS": 0,
        "SANE": 0,
        "VALID": 0,
        "total": 55973
    },
    "percentage": {
        "ACTIVE": 44.66796491165383,
        "INACTIVE": 55.33203508834617,
        "INVALID": 0.0,
        "MALICIOUS": 0.0,
        "SANE": 0.0,
        "VALID": 0.0,
        "total": 100.0
    }
}