{
    "counter": {
        "ACTIVE": 19511,
        "INACTIVE": 24437,
        "INVALID": 0,
        "MALICIOUS": 0,
        "SANE": 0,
        "VALID": 0,
        "total": 43948
    },
    "percentage": {
        "ACTIVE": 44.39665961271532,
        "INACTIVE": 55.604350596159094,
        "INVALID": 0,
        "MALICIOUS": 0,
        "SANE": 0,
        "VALID": 0,
        "total": 100.00101020887442
    }
}