{
    "counter": {
        "ACTIVE": 36536,
        "INACTIVE": 45699,
        "INVALID": 0,
        "MALICIOUS": 0,
        "SANE": 0,
        "VALID": 0,
        "total": 82235
    },
    "percentage": {
        "ACTIVE": 44.42877120447498,
        "INACTIVE": 55.57122879552502,
        "INVALID": 0.0,
        "MALICIOUS": 0.0,
        "SANE": 0.0,
        "VALID": 0.0,
        "total": 100.0
    }
}