{
    "counter": {
        "ACTIVE": 6741,
        "INACTIVE": 8919,
        "INVALID": 0,
        "MALICIOUS": 0,
        "SANE": 0,
        "VALID": 0,
        "total": 15660
    },
    "percentage": {
        "ACTIVE": 43.059725327371446,
        "INACTIVE": 56.95402298850575,
        "INVALID": 0,
        "MALICIOUS": 0,
        "SANE": 0,
        "VALID": 0,
        "total": 100.0137483158772
    }
}