{
    "counter": {
        "ACTIVE": 39054,
        "INACTIVE": 48313,
        "INVALID": 0,
        "MALICIOUS": 0,
        "SANE": 0,
        "VALID": 0,
        "total": 87367
    },
    "percentage": {
        "ACTIVE": 44.70108851168061,
        "INACTIVE": 55.29891148831939,
        "INVALID": 0.0,
        "MALICIOUS": 0.0,
        "SANE": 0.0,
        "VALID": 0.0,
        "total": 100.0
    }
}