{
    "counter": {
        "ACTIVE": 1369,
        "INACTIVE": 1504,
        "INVALID": 0,
        "MALICIOUS": 0,
        "SANE": 0,
        "VALID": 0,
        "total": 2873
    },
    "percentage": {
        "ACTIVE": 47.650539505743126,
        "INACTIVE": 52.36768802228412,
        "INVALID": 0,
        "MALICIOUS": 0,
        "SANE": 0,
        "VALID": 0,
        "total": 100.01822752802724
    }
}