{
    "counter": {
        "ACTIVE": 25610,
        "INACTIVE": 32531,
        "INVALID": 0,
        "MALICIOUS": 0,
        "SANE": 0,
        "VALID": 0,
        "total": 58141
    },
    "percentage": {
        "ACTIVE": 44.0480899881323,
        "INACTIVE": 55.9519100118677,
        "INVALID": 0.0,
        "MALICIOUS": 0.0,
        "SANE": 0.0,
        "VALID": 0.0,
        "total": 100.0
    }
}