{
    "counter": {
        "ACTIVE": 17304,
        "INACTIVE": 22374,
        "INVALID": 0,
        "MALICIOUS": 0,
        "SANE": 0,
        "VALID": 0,
        "total": 39678
    },
    "percentage": {
        "ACTIVE": 43.613267466478476,
        "INACTIVE": 56.38893089369424,
        "INVALID": 0,
        "MALICIOUS": 0,
        "SANE": 0,
        "VALID": 0,
        "total": 100.00219836017271
    }
}