{
    "counter": {
        "ACTIVE": 42340,
        "INACTIVE": 56346,
        "INVALID": 0,
        "MALICIOUS": 0,
        "SANE": 0,
        "VALID": 0,
        "total": 98686
    },
    "percentage": {
        "ACTIVE": 42.903755345236405,
        "INACTIVE": 57.096244654763595,
        "INVALID": 0.0,
        "MALICIOUS": 0.0,
        "SANE": 0.0,
        "VALID": 0.0,
        "total": 100.0
    }
}