{
    "counter": {
        "ACTIVE": 33276,
        "INACTIVE": 41959,
        "INVALID": 0,
        "MALICIOUS": 0,
        "SANE": 0,
        "VALID": 0,
        "total": 75235
    },
    "percentage": {
        "ACTIVE": 44.22941450122948,
        "INACTIVE": 55.77058549877052,
        "INVALID": 0.0,
        "MALICIOUS": 0.0,
        "SANE": 0.0,
        "VALID": 0.0,
        "total": 100.0
    }
}