{
    "counter": {
        "ACTIVE": 22128,
        "INACTIVE": 27137,
        "INVALID": 0,
        "MALICIOUS": 0,
        "SANE": 0,
        "VALID": 0,
        "total": 49265
    },
    "percentage": {
        "ACTIVE": 44.91626915660205,
        "INACTIVE": 55.08373084339795,
        "INVALID": 0.0,
        "MALICIOUS": 0.0,
        "SANE": 0.0,
        "VALID": 0.0,
        "total": 100.0
    }
}