{
    "counter": {
        "ACTIVE": 23588,
        "INACTIVE": 28902,
        "INVALID": 0,
        "MALICIOUS": 0,
        "SANE": 0,
        "VALID": 0,
        "total": 52490
    },
    "percentage": {
        "ACTIVE": 44.93808344446561,
        "INACTIVE": 55.06191655553439,
        "INVALID": 0.0,
        "MALICIOUS": 0.0,
        "SANE": 0.0,
        "VALID": 0.0,
        "total": 100.0
    }
}