{
    "counter": {
        "ACTIVE": 22747,
        "INACTIVE": 27868,
        "INVALID": 0,
        "MALICIOUS": 0,
        "SANE": 0,
        "VALID": 0,
        "total": 50615
    },
    "percentage": {
        "ACTIVE": 44.94122295762126,
        "INACTIVE": 55.05877704237874,
        "INVALID": 0.0,
        "MALICIOUS": 0.0,
        "SANE": 0.0,
        "VALID": 0.0,
        "total": 100.0
    }
}