{
    "counter": {
        "ACTIVE": 22118,
        "INACTIVE": 27121,
        "INVALID": 0,
        "MALICIOUS": 0,
        "SANE": 0,
        "VALID": 0,
        "total": 49239
    },
    "percentage": {
        "ACTIVE": 44.91967749141941,
        "INACTIVE": 55.08032250858059,
        "INVALID": 0.0,
        "MALICIOUS": 0.0,
        "SANE": 0.0,
        "VALID": 0.0,
        "total": 100.0
    }
}