{
    "counter": {
        "ACTIVE": 1968,
        "INACTIVE": 2528,
        "INVALID": 0,
        "MALICIOUS": 0,
        "SANE": 0,
        "VALID": 0,
        "total": 4496
    },
    "percentage": {
        "ACTIVE": 43.78197997775306,
        "INACTIVE": 56.22775800711744,
        "INVALID": 0,
        "MALICIOUS": 0,
        "SANE": 0,
        "VALID": 0,
        "total": 100.0097379848705
    }
}