{
    "counter": {
        "ACTIVE": 25967,
        "INACTIVE": 33204,
        "INVALID": 0,
        "MALICIOUS": 0,
        "SANE": 0,
        "VALID": 0,
        "total": 59171
    },
    "percentage": {
        "ACTIVE": 43.88467323519968,
        "INACTIVE": 56.11532676480032,
        "INVALID": 0.0,
        "MALICIOUS": 0.0,
        "SANE": 0.0,
        "VALID": 0.0,
        "total": 100.0
    }
}