{
    "counter": {
        "ACTIVE": 7042,
        "INACTIVE": 9325,
        "INVALID": 0,
        "MALICIOUS": 0,
        "SANE": 0,
        "VALID": 0,
        "total": 16367
    },
    "percentage": {
        "ACTIVE": 43.044009779951104,
        "INACTIVE": 56.97439970672695,
        "INVALID": 0,
        "MALICIOUS": 0,
        "SANE": 0,
        "VALID": 0,
        "total": 100.01840948667805
    }
}