{
    "counter": {
        "ACTIVE": 14725,
        "INACTIVE": 19754,
        "INVALID": 0,
        "MALICIOUS": 0,
        "SANE": 0,
        "VALID": 0,
        "total": 34479
    },
    "percentage": {
        "ACTIVE": 42.71211022480058,
        "INACTIVE": 57.29284492009629,
        "INVALID": 0,
        "MALICIOUS": 0,
        "SANE": 0,
        "VALID": 0,
        "total": 100.00495514489688
    }
}