{
    "counter": {
        "ACTIVE": 518,
        "INACTIVE": 714,
        "INVALID": 0,
        "MALICIOUS": 0,
        "SANE": 0,
        "VALID": 0,
        "total": 1232
    },
    "percentage": {
        "ACTIVE": 42.182410423452765,
        "INACTIVE": 57.95454545454545,
        "INVALID": 0,
        "MALICIOUS": 0,
        "SANE": 0,
        "VALID": 0,
        "total": 100.13695587799822
    }
}