{
    "counter": {
        "ACTIVE": 26894,
        "INACTIVE": 34412,
        "INVALID": 0,
        "MALICIOUS": 0,
        "SANE": 0,
        "VALID": 0,
        "total": 61306
    },
    "percentage": {
        "ACTIVE": 43.86846311943366,
        "INACTIVE": 56.13153688056634,
        "INVALID": 0.0,
        "MALICIOUS": 0.0,
        "SANE": 0.0,
        "VALID": 0.0,
        "total": 100.0
    }
}