{
    "counter": {
        "ACTIVE": 32261,
        "INACTIVE": 40447,
        "INVALID": 0,
        "MALICIOUS": 0,
        "SANE": 0,
        "VALID": 0,
        "total": 72708
    },
    "percentage": {
        "ACTIVE": 44.37063321780272,
        "INACTIVE": 55.62936678219728,
        "INVALID": 0.0,
        "MALICIOUS": 0.0,
        "SANE": 0.0,
        "VALID": 0.0,
        "total": 100.0
    }
}