{
    "counter": {
        "ACTIVE": 23545,
        "INACTIVE": 28872,
        "INVALID": 0,
        "MALICIOUS": 0,
        "SANE": 0,
        "VALID": 0,
        "total": 52417
    },
    "percentage": {
        "ACTIVE": 44.91863326783295,
        "INACTIVE": 55.08136673216705,
        "INVALID": 0.0,
        "MALICIOUS": 0.0,
        "SANE": 0.0,
        "VALID": 0.0,
        "total": 100.0
    }
}