{
    "counter": {
        "ACTIVE": 16391,
        "INACTIVE": 21486,
        "INVALID": 0,
        "MALICIOUS": 0,
        "SANE": 0,
        "VALID": 0,
        "total": 37877
    },
    "percentage": {
        "ACTIVE": 43.27771030258225,
        "INACTIVE": 56.72571745386382,
        "INVALID": 0,
        "MALICIOUS": 0,
        "SANE": 0,
        "VALID": 0,
        "total": 100.00342775644607
    }
}