{
    "counter": {
        "ACTIVE": 4830,
        "INACTIVE": 6177,
        "INVALID": 0,
        "MALICIOUS": 0,
        "SANE": 0,
        "VALID": 0,
        "total": 11007
    },
    "percentage": {
        "ACTIVE": 43.89312977099237,
        "INACTIVE": 56.11883346961025,
        "INVALID": 0,
        "MALICIOUS": 0,
        "SANE": 0,
        "VALID": 0,
        "total": 100.01196324060263
    }
}