{
    "counter": {
        "ACTIVE": 40627,
        "INACTIVE": 54151,
        "INVALID": 0,
        "MALICIOUS": 0,
        "SANE": 0,
        "VALID": 0,
        "total": 94778
    },
    "percentage": {
        "ACTIVE": 42.86543290637068,
        "INACTIVE": 57.13456709362932,
        "INVALID": 0.0,
        "MALICIOUS": 0.0,
        "SANE": 0.0,
        "VALID": 0.0,
        "total": 100.0
    }
}