{
    "counter": {
        "ACTIVE": 15114,
        "INACTIVE": 20207,
        "INVALID": 0,
        "MALICIOUS": 0,
        "SANE": 0,
        "VALID": 0,
        "total": 35321
    },
    "percentage": {
        "ACTIVE": 42.79040797259421,
        "INACTIVE": 57.2128316203743,
        "INVALID": 0,
        "MALICIOUS": 0,
        "SANE": 0,
        "VALID": 0,
        "total": 100.00323959296851
    }
}