{
    "counter": {
        "ACTIVE": 34204,
        "INACTIVE": 42895,
        "INVALID": 0,
        "MALICIOUS": 0,
        "SANE": 0,
        "VALID": 0,
        "total": 77099
    },
    "percentage": {
        "ACTIVE": 44.36374012633108,
        "INACTIVE": 55.63625987366892,
        "INVALID": 0.0,
        "MALICIOUS": 0.0,
        "SANE": 0.0,
        "VALID": 0.0,
        "total": 100.0
    }
}