{
    "counter": {
        "ACTIVE": 21076,
        "INACTIVE": 26012,
        "INVALID": 0,
        "MALICIOUS": 0,
        "SANE": 0,
        "VALID": 0,
        "total": 47088
    },
    "percentage": {
        "ACTIVE": 44.75874957526334,
        "INACTIVE": 55.24477009663375,
        "INVALID": 0,
        "MALICIOUS": 0,
        "SANE": 0,
        "VALID": 0,
        "total": 100.0035196718971
    }
}