{
    "counter": {
        "ACTIVE": 33836,
        "INACTIVE": 42640,
        "INVALID": 0,
        "MALICIOUS": 0,
        "SANE": 0,
        "VALID": 0,
        "total": 76476
    },
    "percentage": {
        "ACTIVE": 44.24394581306554,
        "INACTIVE": 55.75605418693446,
        "INVALID": 0.0,
        "MALICIOUS": 0.0,
        "SANE": 0.0,
        "VALID": 0.0,
        "total": 100.0
    }
}