{
    "counter": {
        "ACTIVE": 8659,
        "INACTIVE": 11621,
        "INVALID": 0,
        "MALICIOUS": 0,
        "SANE": 0,
        "VALID": 0,
        "total": 20280
    },
    "percentage": {
        "ACTIVE": 42.69723865877712,
        "INACTIVE": 57.30558706050594,
        "INVALID": 0,
        "MALICIOUS": 0,
        "SANE": 0,
        "VALID": 0,
        "total": 100.00282571928307
    }
}