{
    "counter": {
        "ACTIVE": 19592,
        "INACTIVE": 24686,
        "INVALID": 0,
        "MALICIOUS": 0,
        "SANE": 0,
        "VALID": 0,
        "total": 44278
    },
    "percentage": {
        "ACTIVE": 44.24970638720752,
        "INACTIVE": 55.7522923347938,
        "INVALID": 0,
        "MALICIOUS": 0,
        "SANE": 0,
        "VALID": 0,
        "total": 100.00199872200132
    }
}