{
    "counter": {
        "ACTIVE": 24978,
        "INACTIVE": 30937,
        "INVALID": 0,
        "MALICIOUS": 0,
        "SANE": 0,
        "VALID": 0,
        "total": 55915
    },
    "percentage": {
        "ACTIVE": 44.671376196011806,
        "INACTIVE": 55.328623803988194,
        "INVALID": 0.0,
        "MALICIOUS": 0.0,
        "SANE": 0.0,
        "VALID": 0.0,
        "total": 100.0
    }
}