{
    "counter": {
        "ACTIVE": 29716,
        "INACTIVE": 37570,
        "INVALID": 0,
        "MALICIOUS": 0,
        "SANE": 0,
        "VALID": 0,
        "total": 67286
    },
    "percentage": {
        "ACTIVE": 44.163719050025264,
        "INACTIVE": 55.83711079735453,
        "INVALID": 0.0,
        "MALICIOUS": 0.0,
        "SANE": 0.0,
        "VALID": 0.0,
        "total": 100.0008298473798
    }
}