{
    "counter": {
        "ACTIVE": 40162,
        "INACTIVE": 51556,
        "INVALID": 0,
        "MALICIOUS": 0,
        "SANE": 0,
        "VALID": 0,
        "total": 91718
    },
    "percentage": {
        "ACTIVE": 43.788569310277154,
        "INACTIVE": 56.211430689722846,
        "INVALID": 0.0,
        "MALICIOUS": 0.0,
        "SANE": 0.0,
        "VALID": 0.0,
        "total": 100.0
    }
}