{
    "counter": {
        "ACTIVE": 24303,
        "INACTIVE": 30236,
        "INVALID": 0,
        "MALICIOUS": 0,
        "SANE": 0,
        "VALID": 0,
        "total": 54539
    },
    "percentage": {
        "ACTIVE": 44.560773024807936,
        "INACTIVE": 55.439226975192064,
        "INVALID": 0.0,
        "MALICIOUS": 0.0,
        "SANE": 0.0,
        "VALID": 0.0,
        "total": 100.0
    }
}