{
    "counter": {
        "ACTIVE": 34090,
        "INACTIVE": 42793,
        "INVALID": 0,
        "MALICIOUS": 0,
        "SANE": 0,
        "VALID": 0,
        "total": 76883
    },
    "percentage": {
        "ACTIVE": 44.340101192721406,
        "INACTIVE": 55.659898807278594,
        "INVALID": 0.0,
        "MALICIOUS": 0.0,
        "SANE": 0.0,
        "VALID": 0.0,
        "total": 100.0
    }
}