{
    "counter": {
        "ACTIVE": 8342,
        "INACTIVE": 11144,
        "INVALID": 0,
        "MALICIOUS": 0,
        "SANE": 0,
        "VALID": 0,
        "total": 19486
    },
    "percentage": {
        "ACTIVE": 42.81241981011034,
        "INACTIVE": 57.18977727599302,
        "INVALID": 0,
        "MALICIOUS": 0,
        "SANE": 0,
        "VALID": 0,
        "total": 100.00219708610337
    }
}