{
    "counter": {
        "ACTIVE": 8150,
        "INACTIVE": 10756,
        "INVALID": 0,
        "MALICIOUS": 0,
        "SANE": 0,
        "VALID": 0,
        "total": 18906
    },
    "percentage": {
        "ACTIVE": 43.1125687685146,
        "INACTIVE": 56.89199196022427,
        "INVALID": 0,
        "MALICIOUS": 0,
        "SANE": 0,
        "VALID": 0,
        "total": 100.00456072873887
    }
}