{
    "counter": {
        "ACTIVE": 40555,
        "INACTIVE": 53758,
        "INVALID": 0,
        "MALICIOUS": 0,
        "SANE": 0,
        "VALID": 0,
        "total": 94313
    },
    "percentage": {
        "ACTIVE": 43.00043472267874,
        "INACTIVE": 56.99956527732126,
        "INVALID": 0.0,
        "MALICIOUS": 0.0,
        "SANE": 0.0,
        "VALID": 0.0,
        "total": 100.0
    }
}