{
    "counter": {
        "ACTIVE": 27032,
        "INACTIVE": 34627,
        "INVALID": 0,
        "MALICIOUS": 0,
        "SANE": 0,
        "VALID": 0,
        "total": 61659
    },
    "percentage": {
        "ACTIVE": 43.84112619406737,
        "INACTIVE": 56.15887380593263,
        "INVALID": 0.0,
        "MALICIOUS": 0.0,
        "SANE": 0.0,
        "VALID": 0.0,
        "total": 100.0
    }
}