{
    "counter": {
        "ACTIVE": 36320,
        "INACTIVE": 45442,
        "INVALID": 0,
        "MALICIOUS": 0,
        "SANE": 0,
        "VALID": 0,
        "total": 81762
    },
    "percentage": {
        "ACTIVE": 44.421613952691956,
        "INACTIVE": 55.578386047308044,
        "INVALID": 0.0,
        "MALICIOUS": 0.0,
        "SANE": 0.0,
        "VALID": 0.0,
        "total": 100.0
    }
}