{
    "counter": {
        "ACTIVE": 41705,
        "INACTIVE": 55429,
        "INVALID": 0,
        "MALICIOUS": 0,
        "SANE": 0,
        "VALID": 0,
        "total": 97134
    },
    "percentage": {
        "ACTIVE": 42.93553235736199,
        "INACTIVE": 57.06446764263801,
        "INVALID": 0.0,
        "MALICIOUS": 0.0,
        "SANE": 0.0,
        "VALID": 0.0,
        "total": 100.0
    }
}