{
    "counter": {
        "ACTIVE": 16314,
        "INACTIVE": 21375,
        "INVALID": 0,
        "MALICIOUS": 0,
        "SANE": 0,
        "VALID": 0,
        "total": 37689
    },
    "percentage": {
        "ACTIVE": 43.28813649268979,
        "INACTIVE": 56.71416063042267,
        "INVALID": 0,
        "MALICIOUS": 0,
        "SANE": 0,
        "VALID": 0,
        "total": 100.00229712311246
    }
}