{
    "counter": {
        "ACTIVE": 19020,
        "INACTIVE": 23947,
        "INVALID": 0,
        "MALICIOUS": 0,
        "SANE": 0,
        "VALID": 0,
        "total": 42967
    },
    "percentage": {
        "ACTIVE": 44.268590713371346,
        "INACTIVE": 55.73346987222752,
        "INVALID": 0,
        "MALICIOUS": 0,
        "SANE": 0,
        "VALID": 0,
        "total": 100.00206058559887
    }
}