{
    "counter": {
        "ACTIVE": 39672,
        "INACTIVE": 49603,
        "INVALID": 0,
        "MALICIOUS": 0,
        "SANE": 0,
        "VALID": 0,
        "total": 89275
    },
    "percentage": {
        "ACTIVE": 44.437972556706804,
        "INACTIVE": 55.562027443293196,
        "INVALID": 0.0,
        "MALICIOUS": 0.0,
        "SANE": 0.0,
        "VALID": 0.0,
        "total": 100.0
    }
}