{
    "counter": {
        "ACTIVE": 5218,
        "INACTIVE": 6540,
        "INVALID": 0,
        "MALICIOUS": 0,
        "SANE": 0,
        "VALID": 0,
        "total": 11758
    },
    "percentage": {
        "ACTIVE": 44.38584552568901,
        "INACTIVE": 55.62170437149175,
        "INVALID": 0,
        "MALICIOUS": 0,
        "SANE": 0,
        "VALID": 0,
        "total": 100.00754989718075
    }
}