{
    "counter": {
        "ACTIVE": 39423,
        "INACTIVE": 49053,
        "INVALID": 0,
        "MALICIOUS": 0,
        "SANE": 0,
        "VALID": 0,
        "total": 88476
    },
    "percentage": {
        "ACTIVE": 44.55784619557846,
        "INACTIVE": 55.44215380442154,
        "INVALID": 0.0,
        "MALICIOUS": 0.0,
        "SANE": 0.0,
        "VALID": 0.0,
        "total": 100.0
    }
}