{
    "counter": {
        "ACTIVE": 5346,
        "INACTIVE": 6653,
        "INVALID": 0,
        "MALICIOUS": 0,
        "SANE": 0,
        "VALID": 0,
        "total": 11999
    },
    "percentage": {
        "ACTIVE": 44.55742623770628,
        "INACTIVE": 55.446287190599215,
        "INVALID": 0,
        "MALICIOUS": 0,
        "SANE": 0,
        "VALID": 0,
        "total": 100.0037134283055
    }
}