{
    "counter": {
        "ACTIVE": 44061,
        "INACTIVE": 59128,
        "INVALID": 0,
        "MALICIOUS": 0,
        "SANE": 0,
        "VALID": 0,
        "total": 103189
    },
    "percentage": {
        "ACTIVE": 42.69931872583318,
        "INACTIVE": 57.30068127416682,
        "INVALID": 0.0,
        "MALICIOUS": 0.0,
        "SANE": 0.0,
        "VALID": 0.0,
        "total": 100.0
    }
}