{
    "counter": {
        "ACTIVE": 17255,
        "INACTIVE": 22319,
        "INVALID": 0,
        "MALICIOUS": 0,
        "SANE": 0,
        "VALID": 0,
        "total": 39574
    },
    "percentage": {
        "ACTIVE": 43.601859806943956,
        "INACTIVE": 56.39956536022035,
        "INVALID": 0,
        "MALICIOUS": 0,
        "SANE": 0,
        "VALID": 0,
        "total": 100.00142516716431
    }
}