{
    "counter": {
        "ACTIVE": 20710,
        "INACTIVE": 25671,
        "INVALID": 0,
        "MALICIOUS": 0,
        "SANE": 0,
        "VALID": 0,
        "total": 46381
    },
    "percentage": {
        "ACTIVE": 44.651904874840994,
        "INACTIVE": 55.37197213174867,
        "INVALID": 0,
        "MALICIOUS": 0,
        "SANE": 0,
        "VALID": 0,
        "total": 100.02387700658966
    }
}