{
    "counter": {
        "ACTIVE": 22068,
        "INACTIVE": 27045,
        "INVALID": 0,
        "MALICIOUS": 0,
        "SANE": 0,
        "VALID": 0,
        "total": 49113
    },
    "percentage": {
        "ACTIVE": 44.933113432288806,
        "INACTIVE": 55.066886567711194,
        "INVALID": 0.0,
        "MALICIOUS": 0.0,
        "SANE": 0.0,
        "VALID": 0.0,
        "total": 100.0
    }
}