{
    "counter": {
        "ACTIVE": 24751,
        "INACTIVE": 30679,
        "INVALID": 0,
        "MALICIOUS": 0,
        "SANE": 0,
        "VALID": 0,
        "total": 55430
    },
    "percentage": {
        "ACTIVE": 44.65271513620783,
        "INACTIVE": 55.34728486379217,
        "INVALID": 0.0,
        "MALICIOUS": 0.0,
        "SANE": 0.0,
        "VALID": 0.0,
        "total": 100.0
    }
}