{
    "counter": {
        "ACTIVE": 36553,
        "INACTIVE": 45720,
        "INVALID": 0,
        "MALICIOUS": 0,
        "SANE": 0,
        "VALID": 0,
        "total": 82273
    },
    "percentage": {
        "ACTIVE": 44.42891349531438,
        "INACTIVE": 55.57108650468562,
        "INVALID": 0.0,
        "MALICIOUS": 0.0,
        "SANE": 0.0,
        "VALID": 0.0,
        "total": 100.0
    }
}