{
    "counter": {
        "ACTIVE": 40965,
        "INACTIVE": 54644,
        "INVALID": 0,
        "MALICIOUS": 0,
        "SANE": 0,
        "VALID": 0,
        "total": 95609
    },
    "percentage": {
        "ACTIVE": 42.846384754573315,
        "INACTIVE": 57.153615245426685,
        "INVALID": 0.0,
        "MALICIOUS": 0.0,
        "SANE": 0.0,
        "VALID": 0.0,
        "total": 100.0
    }
}