{
    "counter": {
        "ACTIVE": 15728,
        "INACTIVE": 21009,
        "INVALID": 0,
        "MALICIOUS": 0,
        "SANE": 0,
        "VALID": 0,
        "total": 36737
    },
    "percentage": {
        "ACTIVE": 42.81242344230612,
        "INACTIVE": 57.19069007758269,
        "INVALID": 0,
        "MALICIOUS": 0,
        "SANE": 0,
        "VALID": 0,
        "total": 100.00311351988881
    }
}