{
    "counter": {
        "ACTIVE": 27220,
        "INACTIVE": 34876,
        "INVALID": 0,
        "MALICIOUS": 0,
        "SANE": 0,
        "VALID": 0,
        "total": 62096
    },
    "percentage": {
        "ACTIVE": 43.83535171347591,
        "INACTIVE": 56.16464828652409,
        "INVALID": 0.0,
        "MALICIOUS": 0.0,
        "SANE": 0.0,
        "VALID": 0.0,
        "total": 100.0
    }
}