{
    "counter": {
        "ACTIVE": 11728,
        "INACTIVE": 14518,
        "INVALID": 0,
        "MALICIOUS": 0,
        "SANE": 0,
        "VALID": 0,
        "total": 26246
    },
    "percentage": {
        "ACTIVE": 44.68490436637964,
        "INACTIVE": 55.33407020619735,
        "INVALID": 0,
        "MALICIOUS": 0,
        "SANE": 0,
        "VALID": 0,
        "total": 100.018974572577
    }
}