{
    "counter": {
        "ACTIVE": 42065,
        "INACTIVE": 55928,
        "INVALID": 0,
        "MALICIOUS": 0,
        "SANE": 0,
        "VALID": 0,
        "total": 97993
    },
    "percentage": {
        "ACTIVE": 42.926535568867166,
        "INACTIVE": 57.073464431132834,
        "INVALID": 0.0,
        "MALICIOUS": 0.0,
        "SANE": 0.0,
        "VALID": 0.0,
        "total": 100.0
    }
}