{
    "counter": {
        "ACTIVE": 3826,
        "INACTIVE": 4724,
        "INVALID": 0,
        "MALICIOUS": 0,
        "SANE": 0,
        "VALID": 0,
        "total": 8550
    },
    "percentage": {
        "ACTIVE": 44.75900795507721,
        "INACTIVE": 55.251461988304094,
        "INVALID": 0,
        "MALICIOUS": 0,
        "SANE": 0,
        "VALID": 0,
        "total": 100.01046994338131
    }
}