{
    "counter": {
        "ACTIVE": 28174,
        "INACTIVE": 36054,
        "INVALID": 0,
        "MALICIOUS": 0,
        "SANE": 0,
        "VALID": 0,
        "total": 64228
    },
    "percentage": {
        "ACTIVE": 43.86696976302432,
        "INACTIVE": 56.134396213489445,
        "INVALID": 0.0,
        "MALICIOUS": 0.0,
        "SANE": 0.0,
        "VALID": 0.0,
        "total": 100.00136597651377
    }
}