{
    "counter": {
        "ACTIVE": 17752,
        "INACTIVE": 22887,
        "INVALID": 0,
        "MALICIOUS": 0,
        "SANE": 0,
        "VALID": 0,
        "total": 40639
    },
    "percentage": {
        "ACTIVE": 43.68325212854963,
        "INACTIVE": 56.317822781072366,
        "INVALID": 0,
        "MALICIOUS": 0,
        "SANE": 0,
        "VALID": 0,
        "total": 100.00107490962199
    }
}