{
    "counter": {
        "ACTIVE": 40415,
        "INACTIVE": 53304,
        "INVALID": 0,
        "MALICIOUS": 0,
        "SANE": 0,
        "VALID": 0,
        "total": 93719
    },
    "percentage": {
        "ACTIVE": 43.1235928680417,
        "INACTIVE": 56.8764071319583,
        "INVALID": 0.0,
        "MALICIOUS": 0.0,
        "SANE": 0.0,
        "VALID": 0.0,
        "total": 100.0
    }
}