{
    "counter": {
        "ACTIVE": 798,
        "INACTIVE": 1063,
        "INVALID": 0,
        "MALICIOUS": 0,
        "SANE": 0,
        "VALID": 0,
        "total": 1861
    },
    "percentage": {
        "ACTIVE": 42.972536348949916,
        "INACTIVE": 57.11982804943579,
        "INVALID": 0,
        "MALICIOUS": 0,
        "SANE": 0,
        "VALID": 0,
        "total": 100.09236439838571
    }
}