{
    "counter": {
        "ACTIVE": 8350,
        "INACTIVE": 11161,
        "INVALID": 0,
        "MALICIOUS": 0,
        "SANE": 0,
        "VALID": 0,
        "total": 19511
    },
    "percentage": {
        "ACTIVE": 42.80514687035423,
        "INACTIVE": 57.20362872225924,
        "INVALID": 0,
        "MALICIOUS": 0,
        "SANE": 0,
        "VALID": 0,
        "total": 100.00877559261346
    }
}