{
    "counter": {
        "ACTIVE": 33716,
        "INACTIVE": 42565,
        "INVALID": 0,
        "MALICIOUS": 0,
        "SANE": 0,
        "VALID": 0,
        "total": 76281
    },
    "percentage": {
        "ACTIVE": 44.19973518962782,
        "INACTIVE": 55.80026481037218,
        "INVALID": 0.0,
        "MALICIOUS": 0.0,
        "SANE": 0.0,
        "VALID": 0.0,
        "total": 100.0
    }
}