{
    "counter": {
        "ACTIVE": 38127,
        "INACTIVE": 47173,
        "INVALID": 0,
        "MALICIOUS": 0,
        "SANE": 0,
        "VALID": 0,
        "total": 85300
    },
    "percentage": {
        "ACTIVE": 44.69753810082063,
        "INACTIVE": 55.30246189917937,
        "INVALID": 0.0,
        "MALICIOUS": 0.0,
        "SANE": 0.0,
        "VALID": 0.0,
        "total": 100.0
    }
}