{
    "counter": {
        "ACTIVE": 23141,
        "INACTIVE": 28360,
        "INVALID": 0,
        "MALICIOUS": 0,
        "SANE": 0,
        "VALID": 0,
        "total": 51501
    },
    "percentage": {
        "ACTIVE": 44.93310809498845,
        "INACTIVE": 55.06689190501155,
        "INVALID": 0.0,
        "MALICIOUS": 0.0,
        "SANE": 0.0,
        "VALID": 0.0,
        "total": 100.0
    }
}