{
    "counter": {
        "ACTIVE": 31215,
        "INACTIVE": 39035,
        "INVALID": 0,
        "MALICIOUS": 0,
        "SANE": 0,
        "VALID": 0,
        "total": 70250
    },
    "percentage": {
        "ACTIVE": 44.43542876665528,
        "INACTIVE": 55.56583629893238,
        "INVALID": 0.0,
        "MALICIOUS": 0.0,
        "SANE": 0.0,
        "VALID": 0.0,
        "total": 100.00126506558766
    }
}