{
    "counter": {
        "ACTIVE": 7926,
        "INACTIVE": 10405,
        "INVALID": 0,
        "MALICIOUS": 0,
        "SANE": 0,
        "VALID": 0,
        "total": 18331
    },
    "percentage": {
        "ACTIVE": 43.24530772588389,
        "INACTIVE": 56.76176967977742,
        "INVALID": 0,
        "MALICIOUS": 0,
        "SANE": 0,
        "VALID": 0,
        "total": 100.0070774056613
    }
}