{
    "counter": {
        "ACTIVE": 23225,
        "INACTIVE": 28513,
        "INVALID": 0,
        "MALICIOUS": 0,
        "SANE": 0,
        "VALID": 0,
        "total": 51738
    },
    "percentage": {
        "ACTIVE": 44.88963624415323,
        "INACTIVE": 55.11036375584677,
        "INVALID": 0.0,
        "MALICIOUS": 0.0,
        "SANE": 0.0,
        "VALID": 0.0,
        "total": 100.0
    }
}