{
    "counter": {
        "ACTIVE": 24051,
        "INACTIVE": 29513,
        "INVALID": 0,
        "MALICIOUS": 0,
        "SANE": 0,
        "VALID": 0,
        "total": 53564
    },
    "percentage": {
        "ACTIVE": 44.90142633111792,
        "INACTIVE": 55.09857366888208,
        "INVALID": 0.0,
        "MALICIOUS": 0.0,
        "SANE": 0.0,
        "VALID": 0.0,
        "total": 100.0
    }
}