{
    "counter": {
        "ACTIVE": 15321,
        "INACTIVE": 20487,
        "INVALID": 0,
        "MALICIOUS": 0,
        "SANE": 0,
        "VALID": 0,
        "total": 35808
    },
    "percentage": {
        "ACTIVE": 42.786528150134046,
        "INACTIVE": 57.21506967911302,
        "INVALID": 0,
        "MALICIOUS": 0,
        "SANE": 0,
        "VALID": 0,
        "total": 100.00159782924706
    }
}