{
    "counter": {
        "ACTIVE": 36952,
        "INACTIVE": 46011,
        "INVALID": 0,
        "MALICIOUS": 0,
        "SANE": 0,
        "VALID": 0,
        "total": 82963
    },
    "percentage": {
        "ACTIVE": 44.54033725877801,
        "INACTIVE": 55.45966274122199,
        "INVALID": 0.0,
        "MALICIOUS": 0.0,
        "SANE": 0.0,
        "VALID": 0.0,
        "total": 100.0
    }
}