{
    "counter": {
        "ACTIVE": 39836,
        "INACTIVE": 49986,
        "INVALID": 0,
        "MALICIOUS": 0,
        "SANE": 0,
        "VALID": 0,
        "total": 89822
    },
    "percentage": {
        "ACTIVE": 44.34993654115918,
        "INACTIVE": 55.65006345884082,
        "INVALID": 0.0,
        "MALICIOUS": 0.0,
        "SANE": 0.0,
        "VALID": 0.0,
        "total": 100.0
    }
}