{
    "counter": {
        "ACTIVE": 32478,
        "INACTIVE": 40753,
        "INVALID": 0,
        "MALICIOUS": 0,
        "SANE": 0,
        "VALID": 0,
        "total": 73231
    },
    "percentage": {
        "ACTIVE": 44.35007032540864,
        "INACTIVE": 55.64992967459136,
        "INVALID": 0.0,
        "MALICIOUS": 0.0,
        "SANE": 0.0,
        "VALID": 0.0,
        "total": 100.0
    }
}