{
    "counter": {
        "ACTIVE": 28093,
        "INACTIVE": 35845,
        "INVALID": 0,
        "MALICIOUS": 0,
        "SANE": 0,
        "VALID": 0,
        "total": 63938
    },
    "percentage": {
        "ACTIVE": 43.939251751751755,
        "INACTIVE": 56.06212268134755,
        "INVALID": 0.0,
        "MALICIOUS": 0.0,
        "SANE": 0.0,
        "VALID": 0.0,
        "total": 100.0013744330993
    }
}