{
    "counter": {
        "ACTIVE": 1639,
        "INACTIVE": 1800,
        "INVALID": 0,
        "MALICIOUS": 0,
        "SANE": 0,
        "VALID": 0,
        "total": 3439
    },
    "percentage": {
        "ACTIVE": 47.659203256760684,
        "INACTIVE": 52.38649592549476,
        "INVALID": 0,
        "MALICIOUS": 0,
        "SANE": 0,
        "VALID": 0,
        "total": 100.04569918225545
    }
}