{
    "counter": {
        "ACTIVE": 6810,
        "INACTIVE": 9019,
        "INVALID": 0,
        "MALICIOUS": 0,
        "SANE": 0,
        "VALID": 0,
        "total": 15829
    },
    "percentage": {
        "ACTIVE": 43.02230084022996,
        "INACTIVE": 56.984899222847034,
        "INVALID": 0,
        "MALICIOUS": 0,
        "SANE": 0,
        "VALID": 0,
        "total": 100.007200063077
    }
}