{
    "counter": {
        "ACTIVE": 39633,
        "INACTIVE": 49501,
        "INVALID": 0,
        "MALICIOUS": 0,
        "SANE": 0,
        "VALID": 0,
        "total": 89134
    },
    "percentage": {
        "ACTIVE": 44.464514102362735,
        "INACTIVE": 55.535485897637265,
        "INVALID": 0.0,
        "MALICIOUS": 0.0,
        "SANE": 0.0,
        "VALID": 0.0,
        "total": 100.0
    }
}