{
    "counter": {
        "ACTIVE": 6780,
        "INACTIVE": 8976,
        "INVALID": 0,
        "MALICIOUS": 0,
        "SANE": 0,
        "VALID": 0,
        "total": 15756
    },
    "percentage": {
        "ACTIVE": 43.031226199543035,
        "INACTIVE": 56.97238971754999,
        "INVALID": 0,
        "MALICIOUS": 0,
        "SANE": 0,
        "VALID": 0,
        "total": 100.00361591709301
    }
}