{
    "counter": {
        "ACTIVE": 23147,
        "INACTIVE": 28371,
        "INVALID": 0,
        "MALICIOUS": 0,
        "SANE": 0,
        "VALID": 0,
        "total": 51518
    },
    "percentage": {
        "ACTIVE": 44.92992740401413,
        "INACTIVE": 55.07007259598587,
        "INVALID": 0.0,
        "MALICIOUS": 0.0,
        "SANE": 0.0,
        "VALID": 0.0,
        "total": 100.0
    }
}