{
    "counter": {
        "ACTIVE": 40088,
        "INACTIVE": 50732,
        "INVALID": 0,
        "MALICIOUS": 0,
        "SANE": 0,
        "VALID": 0,
        "total": 90820
    },
    "percentage": {
        "ACTIVE": 44.140057256110985,
        "INACTIVE": 55.859942743889015,
        "INVALID": 0.0,
        "MALICIOUS": 0.0,
        "SANE": 0.0,
        "VALID": 0.0,
        "total": 100.0
    }
}