{
    "counter": {
        "ACTIVE": 22375,
        "INACTIVE": 27526,
        "INVALID": 0,
        "MALICIOUS": 0,
        "SANE": 0,
        "VALID": 0,
        "total": 49901
    },
    "percentage": {
        "ACTIVE": 44.838780785956196,
        "INACTIVE": 55.161219214043804,
        "INVALID": 0.0,
        "MALICIOUS": 0.0,
        "SANE": 0.0,
        "VALID": 0.0,
        "total": 100.0
    }
}