{
    "counter": {
        "ACTIVE": 17231,
        "INACTIVE": 22285,
        "INVALID": 0,
        "MALICIOUS": 0,
        "SANE": 0,
        "VALID": 0,
        "total": 39516
    },
    "percentage": {
        "ACTIVE": 43.60622548399342,
        "INACTIVE": 56.394878024091504,
        "INVALID": 0,
        "MALICIOUS": 0,
        "SANE": 0,
        "VALID": 0,
        "total": 100.00110350808492
    }
}