{
    "counter": {
        "ACTIVE": 28259,
        "INACTIVE": 36143,
        "INVALID": 0,
        "MALICIOUS": 0,
        "SANE": 0,
        "VALID": 0,
        "total": 64402
    },
    "percentage": {
        "ACTIVE": 43.87907207850688,
        "INACTIVE": 56.12267080745342,
        "INVALID": 0.0,
        "MALICIOUS": 0.0,
        "SANE": 0.0,
        "VALID": 0.0,
        "total": 100.0017428859603
    }
}