{
    "counter": {
        "ACTIVE": 35334,
        "INACTIVE": 44243,
        "INVALID": 0,
        "MALICIOUS": 0,
        "SANE": 0,
        "VALID": 0,
        "total": 79577
    },
    "percentage": {
        "ACTIVE": 44.402277039848194,
        "INACTIVE": 55.597722960151806,
        "INVALID": 0.0,
        "MALICIOUS": 0.0,
        "SANE": 0.0,
        "VALID": 0.0,
        "total": 100.0
    }
}