{
    "counter": {
        "ACTIVE": 25528,
        "INACTIVE": 32300,
        "INVALID": 0,
        "MALICIOUS": 0,
        "SANE": 0,
        "VALID": 0,
        "total": 57828
    },
    "percentage": {
        "ACTIVE": 44.14470498720343,
        "INACTIVE": 55.85529501279657,
        "INVALID": 0.0,
        "MALICIOUS": 0.0,
        "SANE": 0.0,
        "VALID": 0.0,
        "total": 100.0
    }
}