{
    "counter": {
        "ACTIVE": 40877,
        "INACTIVE": 54579,
        "INVALID": 0,
        "MALICIOUS": 0,
        "SANE": 0,
        "VALID": 0,
        "total": 95456
    },
    "percentage": {
        "ACTIVE": 42.82287127053302,
        "INACTIVE": 57.17712872946698,
        "INVALID": 0.0,
        "MALICIOUS": 0.0,
        "SANE": 0.0,
        "VALID": 0.0,
        "total": 100.0
    }
}