{
    "counter": {
        "ACTIVE": 8834,
        "INACTIVE": 11895,
        "INVALID": 0,
        "MALICIOUS": 0,
        "SANE": 0,
        "VALID": 0,
        "total": 20729
    },
    "percentage": {
        "ACTIVE": 42.61662405325872,
        "INACTIVE": 57.386144345812426,
        "INVALID": 0,
        "MALICIOUS": 0,
        "SANE": 0,
        "VALID": 0,
        "total": 100.00276839907114
    }
}