{
    "counter": {
        "ACTIVE": 15744,
        "INACTIVE": 21018,
        "INVALID": 0,
        "MALICIOUS": 0,
        "SANE": 0,
        "VALID": 0,
        "total": 36762
    },
    "percentage": {
        "ACTIVE": 42.82799706210386,
        "INACTIVE": 57.17316794516076,
        "INVALID": 0,
        "MALICIOUS": 0,
        "SANE": 0,
        "VALID": 0,
        "total": 100.00116500726463
    }
}