{
    "counter": {
        "ACTIVE": 20961,
        "INACTIVE": 25901,
        "INVALID": 0,
        "MALICIOUS": 0,
        "SANE": 0,
        "VALID": 0,
        "total": 46862
    },
    "percentage": {
        "ACTIVE": 44.729204899492125,
        "INACTIVE": 55.27433363921552,
        "INVALID": 0,
        "MALICIOUS": 0,
        "SANE": 0,
        "VALID": 0,
        "total": 100.00353853870764
    }
}