{
    "counter": {
        "ACTIVE": 17035,
        "INACTIVE": 22091,
        "INVALID": 0,
        "MALICIOUS": 0,
        "SANE": 0,
        "VALID": 0,
        "total": 39126
    },
    "percentage": {
        "ACTIVE": 43.53882328886163,
        "INACTIVE": 56.46261980830671,
        "INVALID": 0,
        "MALICIOUS": 0,
        "SANE": 0,
        "VALID": 0,
        "total": 100.00144309716833
    }
}