{
    "counter": {
        "ACTIVE": 9859,
        "INACTIVE": 12843,
        "INVALID": 0,
        "MALICIOUS": 0,
        "SANE": 0,
        "VALID": 0,
        "total": 22702
    },
    "percentage": {
        "ACTIVE": 43.43171806167401,
        "INACTIVE": 56.572108184300944,
        "INVALID": 0,
        "MALICIOUS": 0,
        "SANE": 0,
        "VALID": 0,
        "total": 100.00382624597495
    }
}