{
    "counter": {
        "ACTIVE": 40076,
        "INACTIVE": 50650,
        "INVALID": 0,
        "MALICIOUS": 0,
        "SANE": 0,
        "VALID": 0,
        "total": 90726
    },
    "percentage": {
        "ACTIVE": 44.17256354297555,
        "INACTIVE": 55.82743645702445,
        "INVALID": 0.0,
        "MALICIOUS": 0.0,
        "SANE": 0.0,
        "VALID": 0.0,
        "total": 100.0
    }
}