{
    "counter": {
        "ACTIVE": 24119,
        "INACTIVE": 29854,
        "INVALID": 0,
        "MALICIOUS": 0,
        "SANE": 0,
        "VALID": 0,
        "total": 53973
    },
    "percentage": {
        "ACTIVE": 44.687158394011824,
        "INACTIVE": 55.312841605988176,
        "INVALID": 0.0,
        "MALICIOUS": 0.0,
        "SANE": 0.0,
        "VALID": 0.0,
        "total": 100.0
    }
}