{
    "counter": {
        "ACTIVE": 22747,
        "INACTIVE": 27870,
        "INVALID": 0,
        "MALICIOUS": 0,
        "SANE": 0,
        "VALID": 0,
        "total": 50617
    },
    "percentage": {
        "ACTIVE": 44.93944722128929,
        "INACTIVE": 55.06055277871071,
        "INVALID": 0.0,
        "MALICIOUS": 0.0,
        "SANE": 0.0,
        "VALID": 0.0,
        "total": 100.0
    }
}