{
    "counter": {
        "ACTIVE": 34760,
        "INACTIVE": 43340,
        "INVALID": 0,
        "MALICIOUS": 0,
        "SANE": 0,
        "VALID": 0,
        "total": 78100
    },
    "percentage": {
        "ACTIVE": 44.50704225352113,
        "INACTIVE": 55.49295774647887,
        "INVALID": 0.0,
        "MALICIOUS": 0.0,
        "SANE": 0.0,
        "VALID": 0.0,
        "total": 100.0
    }
}