{
    "counter": {
        "ACTIVE": 11432,
        "INACTIVE": 14190,
        "INVALID": 0,
        "MALICIOUS": 0,
        "SANE": 0,
        "VALID": 0,
        "total": 25622
    },
    "percentage": {
        "ACTIVE": 44.617906486613066,
        "INACTIVE": 55.3885787891799,
        "INVALID": 0,
        "MALICIOUS": 0,
        "SANE": 0,
        "VALID": 0,
        "total": 100.00648527579297
    }
}