{
    "counter": {
        "ACTIVE": 43700,
        "INACTIVE": 58660,
        "INVALID": 0,
        "MALICIOUS": 0,
        "SANE": 0,
        "VALID": 0,
        "total": 102360
    },
    "percentage": {
        "ACTIVE": 42.69245799140289,
        "INACTIVE": 57.30754200859711,
        "INVALID": 0.0,
        "MALICIOUS": 0.0,
        "SANE": 0.0,
        "VALID": 0.0,
        "total": 100.0
    }
}