{
    "counter": {
        "ACTIVE": 35759,
        "INACTIVE": 44815,
        "INVALID": 0,
        "MALICIOUS": 0,
        "SANE": 0,
        "VALID": 0,
        "total": 80574
    },
    "percentage": {
        "ACTIVE": 44.380321195422844,
        "INACTIVE": 55.619678804577156,
        "INVALID": 0.0,
        "MALICIOUS": 0.0,
        "SANE": 0.0,
        "VALID": 0.0,
        "total": 100.0
    }
}