{
    "counter": {
        "ACTIVE": 20990,
        "INACTIVE": 25926,
        "INVALID": 0,
        "MALICIOUS": 0,
        "SANE": 0,
        "VALID": 0,
        "total": 46916
    },
    "percentage": {
        "ACTIVE": 44.74048811680699,
        "INACTIVE": 55.260465512831445,
        "INVALID": 0,
        "MALICIOUS": 0,
        "SANE": 0,
        "VALID": 0,
        "total": 100.00095362963845
    }
}