{
    "counter": {
        "ACTIVE": 26338,
        "INACTIVE": 33724,
        "INVALID": 0,
        "MALICIOUS": 0,
        "SANE": 0,
        "VALID": 0,
        "total": 60062
    },
    "percentage": {
        "ACTIVE": 43.85135360127868,
        "INACTIVE": 56.14864639872132,
        "INVALID": 0.0,
        "MALICIOUS": 0.0,
        "SANE": 0.0,
        "VALID": 0.0,
        "total": 100.0
    }
}