{
    "counter": {
        "ACTIVE": 43417,
        "INACTIVE": 58100,
        "INVALID": 0,
        "MALICIOUS": 0,
        "SANE": 0,
        "VALID": 0,
        "total": 101517
    },
    "percentage": {
        "ACTIVE": 42.76820631027316,
        "INACTIVE": 57.23179368972684,
        "INVALID": 0.0,
        "MALICIOUS": 0.0,
        "SANE": 0.0,
        "VALID": 0.0,
        "total": 100.0
    }
}