{
    "counter": {
        "ACTIVE": 9328,
        "INACTIVE": 12446,
        "INVALID": 0,
        "MALICIOUS": 0,
        "SANE": 0,
        "VALID": 0,
        "total": 21774
    },
    "percentage": {
        "ACTIVE": 42.851892686512315,
        "INACTIVE": 57.15991549554514,
        "INVALID": 0,
        "MALICIOUS": 0,
        "SANE": 0,
        "VALID": 0,
        "total": 100.01180818205745
    }
}