{
    "counter": {
        "ACTIVE": 5631,
        "INACTIVE": 7043,
        "INVALID": 0,
        "MALICIOUS": 0,
        "SANE": 0,
        "VALID": 0,
        "total": 12674
    },
    "percentage": {
        "ACTIVE": 44.44356748224151,
        "INACTIVE": 55.57045920782705,
        "INVALID": 0,
        "MALICIOUS": 0,
        "SANE": 0,
        "VALID": 0,
        "total": 100.01402669006856
    }
}