{
    "counter": {
        "ACTIVE": 6482,
        "INACTIVE": 8425,
        "INVALID": 0,
        "MALICIOUS": 0,
        "SANE": 0,
        "VALID": 0,
        "total": 14907
    },
    "percentage": {
        "ACTIVE": 43.49751711179707,
        "INACTIVE": 56.517072516267525,
        "INVALID": 0,
        "MALICIOUS": 0,
        "SANE": 0,
        "VALID": 0,
        "total": 100.0145896280646
    }
}