{
    "counter": {
        "ACTIVE": 28742,
        "INACTIVE": 36635,
        "INVALID": 0,
        "MALICIOUS": 0,
        "SANE": 0,
        "VALID": 0,
        "total": 65377
    },
    "percentage": {
        "ACTIVE": 43.96347339278339,
        "INACTIVE": 56.037383749388155,
        "INVALID": 0.0,
        "MALICIOUS": 0.0,
        "SANE": 0.0,
        "VALID": 0.0,
        "total": 100.00085714217155
    }
}