{
    "counter": {
        "ACTIVE": 29055,
        "INACTIVE": 36976,
        "INVALID": 0,
        "MALICIOUS": 0,
        "SANE": 0,
        "VALID": 0,
        "total": 66031
    },
    "percentage": {
        "ACTIVE": 44.00272603362108,
        "INACTIVE": 55.99794036134543,
        "INVALID": 0.0,
        "MALICIOUS": 0.0,
        "SANE": 0.0,
        "VALID": 0.0,
        "total": 100.00066639496652
    }
}