{
    "counter": {
        "ACTIVE": 43267,
        "INACTIVE": 57728,
        "INVALID": 0,
        "MALICIOUS": 0,
        "SANE": 0,
        "VALID": 0,
        "total": 100995
    },
    "percentage": {
        "ACTIVE": 42.84073468983613,
        "INACTIVE": 57.15926531016387,
        "INVALID": 0.0,
        "MALICIOUS": 0.0,
        "SANE": 0.0,
        "VALID": 0.0,
        "total": 100.0
    }
}