{
    "counter": {
        "ACTIVE": 16593,
        "INACTIVE": 21670,
        "INVALID": 0,
        "MALICIOUS": 0,
        "SANE": 0,
        "VALID": 0,
        "total": 38263
    },
    "percentage": {
        "ACTIVE": 43.36565350338447,
        "INACTIVE": 56.641748131109836,
        "INVALID": 0,
        "MALICIOUS": 0,
        "SANE": 0,
        "VALID": 0,
        "total": 100.0074016344943
    }
}