{
    "counter": {
        "ACTIVE": 12346,
        "INACTIVE": 15233,
        "INVALID": 0,
        "MALICIOUS": 0,
        "SANE": 0,
        "VALID": 0,
        "total": 27579
    },
    "percentage": {
        "ACTIVE": 44.7659451031582,
        "INACTIVE": 55.236057727173836,
        "INVALID": 0,
        "MALICIOUS": 0,
        "SANE": 0,
        "VALID": 0,
        "total": 100.00200283033203
    }
}