{
    "counter": {
        "ACTIVE": 38338,
        "INACTIVE": 47373,
        "INVALID": 0,
        "MALICIOUS": 0,
        "SANE": 0,
        "VALID": 0,
        "total": 85711
    },
    "percentage": {
        "ACTIVE": 44.72938129294956,
        "INACTIVE": 55.27061870705044,
        "INVALID": 0.0,
        "MALICIOUS": 0.0,
        "SANE": 0.0,
        "VALID": 0.0,
        "total": 100.0
    }
}