{
    "counter": {
        "ACTIVE": 37627,
        "INACTIVE": 46431,
        "INVALID": 0,
        "MALICIOUS": 0,
        "SANE": 0,
        "VALID": 0,
        "total": 84058
    },
    "percentage": {
        "ACTIVE": 44.763139736848366,
        "INACTIVE": 55.236860263151634,
        "INVALID": 0.0,
        "MALICIOUS": 0.0,
        "SANE": 0.0,
        "VALID": 0.0,
        "total": 100.0
    }
}