{
    "counter": {
        "ACTIVE": 6869,
        "INACTIVE": 9102,
        "INVALID": 0,
        "MALICIOUS": 0,
        "SANE": 0,
        "VALID": 0,
        "total": 15971
    },
    "percentage": {
        "ACTIVE": 43.00920418258093,
        "INACTIVE": 56.99436443331246,
        "INVALID": 0,
        "MALICIOUS": 0,
        "SANE": 0,
        "VALID": 0,
        "total": 100.00356861589339
    }
}