{
    "counter": {
        "ACTIVE": 6028,
        "INACTIVE": 7544,
        "INVALID": 0,
        "MALICIOUS": 0,
        "SANE": 0,
        "VALID": 0,
        "total": 13572
    },
    "percentage": {
        "ACTIVE": 44.42479180484929,
        "INACTIVE": 55.585027998821104,
        "INVALID": 0,
        "MALICIOUS": 0,
        "SANE": 0,
        "VALID": 0,
        "total": 100.0098198036704
    }
}