{
    "counter": {
        "ACTIVE": 21653,
        "INACTIVE": 26628,
        "INVALID": 0,
        "MALICIOUS": 0,
        "SANE": 0,
        "VALID": 0,
        "total": 48281
    },
    "percentage": {
        "ACTIVE": 44.847869762432424,
        "INACTIVE": 55.152130237567576,
        "INVALID": 0.0,
        "MALICIOUS": 0.0,
        "SANE": 0.0,
        "VALID": 0.0,
        "total": 100.0
    }
}