{
    "counter": {
        "ACTIVE": 24115,
        "INACTIVE": 29813,
        "INVALID": 0,
        "MALICIOUS": 0,
        "SANE": 0,
        "VALID": 0,
        "total": 53928
    },
    "percentage": {
        "ACTIVE": 44.717030114226375,
        "INACTIVE": 55.282969885773625,
        "INVALID": 0.0,
        "MALICIOUS": 0.0,
        "SANE": 0.0,
        "VALID": 0.0,
        "total": 100.0
    }
}