{
    "counter": {
        "ACTIVE": 36271,
        "INACTIVE": 45380,
        "INVALID": 0,
        "MALICIOUS": 0,
        "SANE": 0,
        "VALID": 0,
        "total": 81651
    },
    "percentage": {
        "ACTIVE": 44.421991157487355,
        "INACTIVE": 55.578008842512645,
        "INVALID": 0.0,
        "MALICIOUS": 0.0,
        "SANE": 0.0,
        "VALID": 0.0,
        "total": 100.0
    }
}