{
    "counter": {
        "ACTIVE": 4252,
        "INACTIVE": 5255,
        "INVALID": 0,
        "MALICIOUS": 0,
        "SANE": 0,
        "VALID": 0,
        "total": 9507
    },
    "percentage": {
        "ACTIVE": 44.729644435093626,
        "INACTIVE": 55.27506048175029,
        "INVALID": 0,
        "MALICIOUS": 0,
        "SANE": 0,
        "VALID": 0,
        "total": 100.0047049168439
    }
}