{
    "counter": {
        "ACTIVE": 16671,
        "INACTIVE": 21755,
        "INVALID": 0,
        "MALICIOUS": 0,
        "SANE": 0,
        "VALID": 0,
        "total": 38426
    },
    "percentage": {
        "ACTIVE": 43.38581652569941,
        "INACTIVE": 56.61531254879509,
        "INVALID": 0,
        "MALICIOUS": 0,
        "SANE": 0,
        "VALID": 0,
        "total": 100.0011290744945
    }
}