{
    "counter": {
        "ACTIVE": 29632,
        "INACTIVE": 37445,
        "INVALID": 0,
        "MALICIOUS": 0,
        "SANE": 0,
        "VALID": 0,
        "total": 67077
    },
    "percentage": {
        "ACTIVE": 44.17609612833013,
        "INACTIVE": 55.82723301477495,
        "INVALID": 0.0,
        "MALICIOUS": 0.0,
        "SANE": 0.0,
        "VALID": 0.0,
        "total": 100.00332914310508
    }
}