{
    "counter": {
        "ACTIVE": 29497,
        "INACTIVE": 37347,
        "INVALID": 0,
        "MALICIOUS": 0,
        "SANE": 0,
        "VALID": 0,
        "total": 66844
    },
    "percentage": {
        "ACTIVE": 44.12811920292023,
        "INACTIVE": 55.872716664422605,
        "INVALID": 0.0,
        "MALICIOUS": 0.0,
        "SANE": 0.0,
        "VALID": 0.0,
        "total": 100.00083586734283
    }
}