{
    "counter": {
        "ACTIVE": 35397,
        "INACTIVE": 44340,
        "INVALID": 0,
        "MALICIOUS": 0,
        "SANE": 0,
        "VALID": 0,
        "total": 79737
    },
    "percentage": {
        "ACTIVE": 44.39218932239738,
        "INACTIVE": 55.60781067760262,
        "INVALID": 0.0,
        "MALICIOUS": 0.0,
        "SANE": 0.0,
        "VALID": 0.0,
        "total": 100.0
    }
}