{
    "counter": {
        "ACTIVE": 34368,
        "INACTIVE": 43084,
        "INVALID": 0,
        "MALICIOUS": 0,
        "SANE": 0,
        "VALID": 0,
        "total": 77452
    },
    "percentage": {
        "ACTIVE": 44.373289263027424,
        "INACTIVE": 55.626710736972576,
        "INVALID": 0.0,
        "MALICIOUS": 0.0,
        "SANE": 0.0,
        "VALID": 0.0,
        "total": 100.0
    }
}