{
    "counter": {
        "ACTIVE": 42403,
        "INACTIVE": 56413,
        "INVALID": 0,
        "MALICIOUS": 0,
        "SANE": 0,
        "VALID": 0,
        "total": 98816
    },
    "percentage": {
        "ACTIVE": 42.911067033678755,
        "INACTIVE": 57.088932966321245,
        "INVALID": 0.0,
        "MALICIOUS": 0.0,
        "SANE": 0.0,
        "VALID": 0.0,
        "total": 100.0
    }
}