{
    "counter": {
        "ACTIVE": 16574,
        "INACTIVE": 21658,
        "INVALID": 0,
        "MALICIOUS": 0,
        "SANE": 0,
        "VALID": 0,
        "total": 38232
    },
    "percentage": {
        "ACTIVE": 43.352253406921086,
        "INACTIVE": 56.64888051893701,
        "INVALID": 0,
        "MALICIOUS": 0,
        "SANE": 0,
        "VALID": 0,
        "total": 100.0011339258581
    }
}