{
    "counter": {
        "ACTIVE": 15343,
        "INACTIVE": 20542,
        "INVALID": 0,
        "MALICIOUS": 0,
        "SANE": 0,
        "VALID": 0,
        "total": 35885
    },
    "percentage": {
        "ACTIVE": 42.75602619478891,
        "INACTIVE": 57.245569055846616,
        "INVALID": 0,
        "MALICIOUS": 0,
        "SANE": 0,
        "VALID": 0,
        "total": 100.00159525063552
    }
}