{
    "counter": {
        "ACTIVE": 25508,
        "INACTIVE": 32268,
        "INVALID": 0,
        "MALICIOUS": 0,
        "SANE": 0,
        "VALID": 0,
        "total": 57776
    },
    "percentage": {
        "ACTIVE": 44.14981999446137,
        "INACTIVE": 55.85018000553863,
        "INVALID": 0.0,
        "MALICIOUS": 0.0,
        "SANE": 0.0,
        "VALID": 0.0,
        "total": 100.0
    }
}