{
    "counter": {
        "ACTIVE": 41047,
        "INACTIVE": 54755,
        "INVALID": 0,
        "MALICIOUS": 0,
        "SANE": 0,
        "VALID": 0,
        "total": 95802
    },
    "percentage": {
        "ACTIVE": 42.845660842153606,
        "INACTIVE": 57.154339157846394,
        "INVALID": 0.0,
        "MALICIOUS": 0.0,
        "SANE": 0.0,
        "VALID": 0.0,
        "total": 100.0
    }
}