{
    "counter": {
        "ACTIVE": 33649,
        "INACTIVE": 42488,
        "INVALID": 0,
        "MALICIOUS": 0,
        "SANE": 0,
        "VALID": 0,
        "total": 76137
    },
    "percentage": {
        "ACTIVE": 44.19533209871679,
        "INACTIVE": 55.80466790128321,
        "INVALID": 0.0,
        "MALICIOUS": 0.0,
        "SANE": 0.0,
        "VALID": 0.0,
        "total": 100.0
    }
}