{
    "counter": {
        "ACTIVE": 2983,
        "INACTIVE": 3670,
        "INVALID": 0,
        "MALICIOUS": 0,
        "SANE": 0,
        "VALID": 0,
        "total": 6653
    },
    "percentage": {
        "ACTIVE": 44.857142857142854,
        "INACTIVE": 55.16308432286187,
        "INVALID": 0,
        "MALICIOUS": 0,
        "SANE": 0,
        "VALID": 0,
        "total": 100.02022718000472
    }
}