{
    "counter": {
        "ACTIVE": 12105,
        "INACTIVE": 14889,
        "INVALID": 0,
        "MALICIOUS": 0,
        "SANE": 0,
        "VALID": 0,
        "total": 26994
    },
    "percentage": {
        "ACTIVE": 44.854930151554456,
        "INACTIVE": 55.15670148921983,
        "INVALID": 0,
        "MALICIOUS": 0,
        "SANE": 0,
        "VALID": 0,
        "total": 100.01163164077428
    }
}