{
    "counter": {
        "ACTIVE": 36584,
        "INACTIVE": 45781,
        "INVALID": 0,
        "MALICIOUS": 0,
        "SANE": 0,
        "VALID": 0,
        "total": 82365
    },
    "percentage": {
        "ACTIVE": 44.41692466460268,
        "INACTIVE": 55.58307533539732,
        "INVALID": 0.0,
        "MALICIOUS": 0.0,
        "SANE": 0.0,
        "VALID": 0.0,
        "total": 100.0
    }
}