{
    "counter": {
        "ACTIVE": 31550,
        "INACTIVE": 39538,
        "INVALID": 0,
        "MALICIOUS": 0,
        "SANE": 0,
        "VALID": 0,
        "total": 71088
    },
    "percentage": {
        "ACTIVE": 44.381611523745214,
        "INACTIVE": 55.619170875124844,
        "INVALID": 0.0,
        "MALICIOUS": 0.0,
        "SANE": 0.0,
        "VALID": 0.0,
        "total": 100.00078239887006
    }
}