{
    "counter": {
        "ACTIVE": 1764,
        "INACTIVE": 1969,
        "INVALID": 0,
        "MALICIOUS": 0,
        "SANE": 0,
        "VALID": 0,
        "total": 3733
    },
    "percentage": {
        "ACTIVE": 47.34299516908212,
        "INACTIVE": 52.74578087329226,
        "INVALID": 0,
        "MALICIOUS": 0,
        "SANE": 0,
        "VALID": 0,
        "total": 100.08877604237438
    }
}