{
    "counter": {
        "ACTIVE": 28836,
        "INACTIVE": 36805,
        "INVALID": 0,
        "MALICIOUS": 0,
        "SANE": 0,
        "VALID": 0,
        "total": 65641
    },
    "percentage": {
        "ACTIVE": 43.929860910101915,
        "INACTIVE": 56.07184752966986,
        "INVALID": 0.0,
        "MALICIOUS": 0.0,
        "SANE": 0.0,
        "VALID": 0.0,
        "total": 100.00170843977178
    }
}