{
    "counter": {
        "ACTIVE": 40124,
        "INACTIVE": 51003,
        "INVALID": 0,
        "MALICIOUS": 0,
        "SANE": 0,
        "VALID": 0,
        "total": 91127
    },
    "percentage": {
        "ACTIVE": 44.030858033294194,
        "INACTIVE": 55.969141966705806,
        "INVALID": 0.0,
        "MALICIOUS": 0.0,
        "SANE": 0.0,
        "VALID": 0.0,
        "total": 100.0
    }
}