{
    "counter": {
        "ACTIVE": 28473,
        "INACTIVE": 36352,
        "INVALID": 0,
        "MALICIOUS": 0,
        "SANE": 0,
        "VALID": 0,
        "total": 64825
    },
    "percentage": {
        "ACTIVE": 43.922869263401466,
        "INACTIVE": 56.0779958040232,
        "INVALID": 0.0,
        "MALICIOUS": 0.0,
        "SANE": 0.0,
        "VALID": 0.0,
        "total": 100.00086506742467
    }
}