{
    "counter": {
        "ACTIVE": 19332,
        "INACTIVE": 24210,
        "INVALID": 0,
        "MALICIOUS": 0,
        "SANE": 0,
        "VALID": 0,
        "total": 43542
    },
    "percentage": {
        "ACTIVE": 44.399531476080014,
        "INACTIVE": 55.60148821827201,
        "INVALID": 0,
        "MALICIOUS": 0,
        "SANE": 0,
        "VALID": 0,
        "total": 100.00101969435202
    }
}