{
    "counter": {
        "ACTIVE": 18216,
        "INACTIVE": 23329,
        "INVALID": 0,
        "MALICIOUS": 0,
        "SANE": 0,
        "VALID": 0,
        "total": 41545
    },
    "percentage": {
        "ACTIVE": 43.84643158021422,
        "INACTIVE": 56.15492008472944,
        "INVALID": 0,
        "MALICIOUS": 0,
        "SANE": 0,
        "VALID": 0,
        "total": 100.00135166494366
    }
}