{
    "counter": {
        "ACTIVE": 40565,
        "INACTIVE": 53777,
        "INVALID": 0,
        "MALICIOUS": 0,
        "SANE": 0,
        "VALID": 0,
        "total": 94342
    },
    "percentage": {
        "ACTIVE": 42.99781645502534,
        "INACTIVE": 57.00218354497466,
        "INVALID": 0.0,
        "MALICIOUS": 0.0,
        "SANE": 0.0,
        "VALID": 0.0,
        "total": 100.0
    }
}