{
    "counter": {
        "ACTIVE": 12051,
        "INACTIVE": 14823,
        "INVALID": 0,
        "MALICIOUS": 0,
        "SANE": 0,
        "VALID": 0,
        "total": 26874
    },
    "percentage": {
        "ACTIVE": 44.84259879437374,
        "INACTIVE": 55.15945372678897,
        "INVALID": 0,
        "MALICIOUS": 0,
        "SANE": 0,
        "VALID": 0,
        "total": 100.00205252116271
    }
}