{
    "counter": {
        "ACTIVE": 14480,
        "INACTIVE": 19305,
        "INVALID": 0,
        "MALICIOUS": 0,
        "SANE": 0,
        "VALID": 0,
        "total": 33785
    },
    "percentage": {
        "ACTIVE": 42.8592570667456,
        "INACTIVE": 57.144125743717254,
        "INVALID": 0,
        "MALICIOUS": 0,
        "SANE": 0,
        "VALID": 0,
        "total": 100.00338281046285
    }
}