{
    "counter": {
        "ACTIVE": 23785,
        "INACTIVE": 29122,
        "INVALID": 0,
        "MALICIOUS": 0,
        "SANE": 0,
        "VALID": 0,
        "total": 52907
    },
    "percentage": {
        "ACTIVE": 44.956243975277374,
        "INACTIVE": 55.043756024722626,
        "INVALID": 0.0,
        "MALICIOUS": 0.0,
        "SANE": 0.0,
        "VALID": 0.0,
        "total": 100.0
    }
}