{
    "counter": {
        "ACTIVE": 17266,
        "INACTIVE": 22326,
        "INVALID": 0,
        "MALICIOUS": 0,
        "SANE": 0,
        "VALID": 0,
        "total": 39592
    },
    "percentage": {
        "ACTIVE": 43.60982016569004,
        "INACTIVE": 56.39160415245889,
        "INVALID": 0,
        "MALICIOUS": 0,
        "SANE": 0,
        "VALID": 0,
        "total": 100.00142431814893
    }
}