{
    "counter": {
        "ACTIVE": 38644,
        "INACTIVE": 47703,
        "INVALID": 0,
        "MALICIOUS": 0,
        "SANE": 0,
        "VALID": 0,
        "total": 86347
    },
    "percentage": {
        "ACTIVE": 44.75430530302153,
        "INACTIVE": 55.24569469697847,
        "INVALID": 0.0,
        "MALICIOUS": 0.0,
        "SANE": 0.0,
        "VALID": 0.0,
        "total": 100.0
    }
}