{
    "counter": {
        "ACTIVE": 35392,
        "INACTIVE": 44329,
        "INVALID": 0,
        "MALICIOUS": 0,
        "SANE": 0,
        "VALID": 0,
        "total": 79721
    },
    "percentage": {
        "ACTIVE": 44.39482695901958,
        "INACTIVE": 55.60517304098042,
        "INVALID": 0.0,
        "MALICIOUS": 0.0,
        "SANE": 0.0,
        "VALID": 0.0,
        "total": 100.0
    }
}