{
    "counter": {
        "ACTIVE": 7660,
        "INACTIVE": 10123,
        "INVALID": 0,
        "MALICIOUS": 0,
        "SANE": 0,
        "VALID": 0,
        "total": 17783
    },
    "percentage": {
        "ACTIVE": 43.082114735658045,
        "INACTIVE": 56.92515323623685,
        "INVALID": 0,
        "MALICIOUS": 0,
        "SANE": 0,
        "VALID": 0,
        "total": 100.00726797189489
    }
}