{
    "counter": {
        "ACTIVE": 12878,
        "INACTIVE": 16274,
        "INVALID": 0,
        "MALICIOUS": 0,
        "SANE": 0,
        "VALID": 0,
        "total": 29152
    },
    "percentage": {
        "ACTIVE": 44.1799032556863,
        "INACTIVE": 55.82464324917673,
        "INVALID": 0,
        "MALICIOUS": 0,
        "SANE": 0,
        "VALID": 0,
        "total": 100.00454650486303
    }
}