{
    "counter": {
        "ACTIVE": 26196,
        "INACTIVE": 33578,
        "INVALID": 0,
        "MALICIOUS": 0,
        "SANE": 0,
        "VALID": 0,
        "total": 59774
    },
    "percentage": {
        "ACTIVE": 43.82507444708401,
        "INACTIVE": 56.17492555291599,
        "INVALID": 0.0,
        "MALICIOUS": 0.0,
        "SANE": 0.0,
        "VALID": 0.0,
        "total": 100.0
    }
}