{
    "counter": {
        "ACTIVE": 39603,
        "INACTIVE": 49412,
        "INVALID": 0,
        "MALICIOUS": 0,
        "SANE": 0,
        "VALID": 0,
        "total": 89015
    },
    "percentage": {
        "ACTIVE": 44.49025445149694,
        "INACTIVE": 55.50974554850306,
        "INVALID": 0.0,
        "MALICIOUS": 0.0,
        "SANE": 0.0,
        "VALID": 0.0,
        "total": 100.0
    }
}