{
    "counter": {
        "ACTIVE": 7576,
        "INACTIVE": 10019,
        "INVALID": 0,
        "MALICIOUS": 0,
        "SANE": 0,
        "VALID": 0,
        "total": 17595
    },
    "percentage": {
        "ACTIVE": 43.05768684285308,
        "INACTIVE": 56.94878644915591,
        "INVALID": 0,
        "MALICIOUS": 0,
        "SANE": 0,
        "VALID": 0,
        "total": 100.00647329200899
    }
}