{
    "counter": {
        "ACTIVE": 41165,
        "INACTIVE": 54895,
        "INVALID": 0,
        "MALICIOUS": 0,
        "SANE": 0,
        "VALID": 0,
        "total": 96060
    },
    "percentage": {
        "ACTIVE": 42.85342494274412,
        "INACTIVE": 57.14657505725588,
        "INVALID": 0.0,
        "MALICIOUS": 0.0,
        "SANE": 0.0,
        "VALID": 0.0,
        "total": 100.0
    }
}