{
    "counter": {
        "ACTIVE": 43712,
        "INACTIVE": 58675,
        "INVALID": 0,
        "MALICIOUS": 0,
        "SANE": 0,
        "VALID": 0,
        "total": 102387
    },
    "percentage": {
        "ACTIVE": 42.69291999960932,
        "INACTIVE": 57.30708000039068,
        "INVALID": 0.0,
        "MALICIOUS": 0.0,
        "SANE": 0.0,
        "VALID": 0.0,
        "total": 100.0
    }
}