{
    "counter": {
        "ACTIVE": 30412,
        "INACTIVE": 38176,
        "INVALID": 0,
        "MALICIOUS": 0,
        "SANE": 0,
        "VALID": 0,
        "total": 68588
    },
    "percentage": {
        "ACTIVE": 44.340764284777,
        "INACTIVE": 55.65988219513618,
        "INVALID": 0.0,
        "MALICIOUS": 0.0,
        "SANE": 0.0,
        "VALID": 0.0,
        "total": 100.00064647991317
    }
}