{
    "counter": {
        "ACTIVE": 3664,
        "INACTIVE": 4511,
        "INVALID": 0,
        "MALICIOUS": 0,
        "SANE": 0,
        "VALID": 0,
        "total": 8175
    },
    "percentage": {
        "ACTIVE": 44.830539581549004,
        "INACTIVE": 55.18042813455658,
        "INVALID": 0,
        "MALICIOUS": 0,
        "SANE": 0,
        "VALID": 0,
        "total": 100.01096771610558
    }
}