{
    "counter": {
        "ACTIVE": 2280,
        "INACTIVE": 2984,
        "INVALID": 0,
        "MALICIOUS": 0,
        "SANE": 0,
        "VALID": 0,
        "total": 5264
    },
    "percentage": {
        "ACTIVE": 43.35424985738734,
        "INACTIVE": 56.68693009118541,
        "INVALID": 0,
        "MALICIOUS": 0,
        "SANE": 0,
        "VALID": 0,
        "total": 100.04117994857275
    }
}