{
    "counter": {
        "ACTIVE": 43986,
        "INACTIVE": 59055,
        "INVALID": 0,
        "MALICIOUS": 0,
        "SANE": 0,
        "VALID": 0,
        "total": 103041
    },
    "percentage": {
        "ACTIVE": 42.68786211313943,
        "INACTIVE": 57.31213788686057,
        "INVALID": 0.0,
        "MALICIOUS": 0.0,
        "SANE": 0.0,
        "VALID": 0.0,
        "total": 100.0
    }
}