{
    "counter": {
        "ACTIVE": 30220,
        "INACTIVE": 37966,
        "INVALID": 0,
        "MALICIOUS": 0,
        "SANE": 0,
        "VALID": 0,
        "total": 68186
    },
    "percentage": {
        "ACTIVE": 44.319948376499575,
        "INACTIVE": 55.685768345091596,
        "INVALID": 0.0,
        "MALICIOUS": 0.0,
        "SANE": 0.0,
        "VALID": 0.0,
        "total": 100.00571672159117
    }
}