{
    "counter": {
        "ACTIVE": 33490,
        "INACTIVE": 42297,
        "INVALID": 0,
        "MALICIOUS": 0,
        "SANE": 0,
        "VALID": 0,
        "total": 75787
    },
    "percentage": {
        "ACTIVE": 44.18963674508821,
        "INACTIVE": 55.81036325491179,
        "INVALID": 0.0,
        "MALICIOUS": 0.0,
        "SANE": 0.0,
        "VALID": 0.0,
        "total": 100.0
    }
}