{
    "counter": {
        "ACTIVE": 39317,
        "INACTIVE": 48791,
        "INVALID": 0,
        "MALICIOUS": 0,
        "SANE": 0,
        "VALID": 0,
        "total": 88108
    },
    "percentage": {
        "ACTIVE": 44.62364370999228,
        "INACTIVE": 55.37635629000772,
        "INVALID": 0.0,
        "MALICIOUS": 0.0,
        "SANE": 0.0,
        "VALID": 0.0,
        "total": 100.0
    }
}