{
    "counter": {
        "ACTIVE": 17911,
        "INACTIVE": 23028,
        "INVALID": 0,
        "MALICIOUS": 0,
        "SANE": 0,
        "VALID": 0,
        "total": 40939
    },
    "percentage": {
        "ACTIVE": 43.75045799848555,
        "INACTIVE": 56.25229010430662,
        "INVALID": 0,
        "MALICIOUS": 0,
        "SANE": 0,
        "VALID": 0,
        "total": 100.00274810279217
    }
}