{
    "counter": {
        "ACTIVE": 35669,
        "INACTIVE": 44661,
        "INVALID": 0,
        "MALICIOUS": 0,
        "SANE": 0,
        "VALID": 0,
        "total": 80330
    },
    "percentage": {
        "ACTIVE": 44.40308726503174,
        "INACTIVE": 55.59691273496826,
        "INVALID": 0.0,
        "MALICIOUS": 0.0,
        "SANE": 0.0,
        "VALID": 0.0,
        "total": 100.0
    }
}