{
    "counter": {
        "ACTIVE": 12851,
        "INACTIVE": 16227,
        "INVALID": 0,
        "MALICIOUS": 0,
        "SANE": 0,
        "VALID": 0,
        "total": 29078
    },
    "percentage": {
        "ACTIVE": 44.20404512933407,
        "INACTIVE": 55.8050760024761,
        "INVALID": 0,
        "MALICIOUS": 0,
        "SANE": 0,
        "VALID": 0,
        "total": 100.00912113181016
    }
}