{
    "counter": {
        "ACTIVE": 41264,
        "INACTIVE": 54979,
        "INVALID": 0,
        "MALICIOUS": 0,
        "SANE": 0,
        "VALID": 0,
        "total": 96243
    },
    "percentage": {
        "ACTIVE": 42.87480647943227,
        "INACTIVE": 57.12519352056773,
        "INVALID": 0.0,
        "MALICIOUS": 0.0,
        "SANE": 0.0,
        "VALID": 0.0,
        "total": 100.0
    }
}