{
    "counter": {
        "ACTIVE": 21535,
        "INACTIVE": 26468,
        "INVALID": 0,
        "MALICIOUS": 0,
        "SANE": 0,
        "VALID": 0,
        "total": 48003
    },
    "percentage": {
        "ACTIVE": 44.861779472116325,
        "INACTIVE": 55.138220527883675,
        "INVALID": 0.0,
        "MALICIOUS": 0.0,
        "SANE": 0.0,
        "VALID": 0.0,
        "total": 100.0
    }
}