{
    "counter": {
        "ACTIVE": 25875,
        "INACTIVE": 32981,
        "INVALID": 0,
        "MALICIOUS": 0,
        "SANE": 0,
        "VALID": 0,
        "total": 58856
    },
    "percentage": {
        "ACTIVE": 43.963232295772734,
        "INACTIVE": 56.036767704227266,
        "INVALID": 0.0,
        "MALICIOUS": 0.0,
        "SANE": 0.0,
        "VALID": 0.0,
        "total": 100.0
    }
}