{
    "counter": {
        "ACTIVE": 26902,
        "INACTIVE": 34418,
        "INVALID": 0,
        "MALICIOUS": 0,
        "SANE": 0,
        "VALID": 0,
        "total": 61320
    },
    "percentage": {
        "ACTIVE": 43.871493803000654,
        "INACTIVE": 56.128506196999346,
        "INVALID": 0.0,
        "MALICIOUS": 0.0,
        "SANE": 0.0,
        "VALID": 0.0,
        "total": 100.0
    }
}