{
    "counter": {
        "ACTIVE": 42183,
        "INACTIVE": 56084,
        "INVALID": 0,
        "MALICIOUS": 0,
        "SANE": 0,
        "VALID": 0,
        "total": 98267
    },
    "percentage": {
        "ACTIVE": 42.92692358574089,
        "INACTIVE": 57.07307641425911,
        "INVALID": 0.0,
        "MALICIOUS": 0.0,
        "SANE": 0.0,
        "VALID": 0.0,
        "total": 100.0
    }
}