{
    "counter": {
        "ACTIVE": 40177,
        "INACTIVE": 51708,
        "INVALID": 0,
        "MALICIOUS": 0,
        "SANE": 0,
        "VALID": 0,
        "total": 91885
    },
    "percentage": {
        "ACTIVE": 43.72530880992545,
        "INACTIVE": 56.27469119007455,
        "INVALID": 0.0,
        "MALICIOUS": 0.0,
        "SANE": 0.0,
        "VALID": 0.0,
        "total": 100.0
    }
}