{
    "counter": {
        "ACTIVE": 41107,
        "INACTIVE": 54848,
        "INVALID": 0,
        "MALICIOUS": 0,
        "SANE": 0,
        "VALID": 0,
        "total": 95955
    },
    "percentage": {
        "ACTIVE": 42.839872857068414,
        "INACTIVE": 57.160127142931586,
        "INVALID": 0.0,
        "MALICIOUS": 0.0,
        "SANE": 0.0,
        "VALID": 0.0,
        "total": 100.0
    }
}