{
    "counter": {
        "ACTIVE": 9242,
        "INACTIVE": 12319,
        "INVALID": 0,
        "MALICIOUS": 0,
        "SANE": 0,
        "VALID": 0,
        "total": 21561
    },
    "percentage": {
        "ACTIVE": 42.86443114883354,
        "INACTIVE": 57.13821892393321,
        "INVALID": 0,
        "MALICIOUS": 0,
        "SANE": 0,
        "VALID": 0,
        "total": 100.00265007276676
    }
}