{
    "counter": {
        "ACTIVE": 40436,
        "INACTIVE": 53486,
        "INVALID": 0,
        "MALICIOUS": 0,
        "SANE": 0,
        "VALID": 0,
        "total": 93922
    },
    "percentage": {
        "ACTIVE": 43.052745895530336,
        "INACTIVE": 56.947254104469664,
        "INVALID": 0.0,
        "MALICIOUS": 0.0,
        "SANE": 0.0,
        "VALID": 0.0,
        "total": 100.0
    }
}