{
    "counter": {
        "ACTIVE": 19776,
        "INACTIVE": 24895,
        "INVALID": 0,
        "MALICIOUS": 0,
        "SANE": 0,
        "VALID": 0,
        "total": 44671
    },
    "percentage": {
        "ACTIVE": 44.2703319827181,
        "INACTIVE": 55.730915603313186,
        "INVALID": 0,
        "MALICIOUS": 0,
        "SANE": 0,
        "VALID": 0,
        "total": 100.00124758603128
    }
}