{
    "counter": {
        "ACTIVE": 27278,
        "INACTIVE": 34964,
        "INVALID": 0,
        "MALICIOUS": 0,
        "SANE": 0,
        "VALID": 0,
        "total": 62242
    },
    "percentage": {
        "ACTIVE": 43.82571254137078,
        "INACTIVE": 56.17428745862922,
        "INVALID": 0.0,
        "MALICIOUS": 0.0,
        "SANE": 0.0,
        "VALID": 0.0,
        "total": 100.0
    }
}