{
    "counter": {
        "ACTIVE": 28376,
        "INACTIVE": 36281,
        "INVALID": 0,
        "MALICIOUS": 0,
        "SANE": 0,
        "VALID": 0,
        "total": 64657
    },
    "percentage": {
        "ACTIVE": 43.88765157139322,
        "INACTIVE": 56.113027205097666,
        "INVALID": 0.0,
        "MALICIOUS": 0.0,
        "SANE": 0.0,
        "VALID": 0.0,
        "total": 100.00067877649089
    }
}