{
    "counter": {
        "ACTIVE": 32645,
        "INACTIVE": 41052,
        "INVALID": 0,
        "MALICIOUS": 0,
        "SANE": 0,
        "VALID": 0,
        "total": 73697
    },
    "percentage": {
        "ACTIVE": 44.29624000976973,
        "INACTIVE": 55.70375999023027,
        "INVALID": 0.0,
        "MALICIOUS": 0.0,
        "SANE": 0.0,
        "VALID": 0.0,
        "total": 100.0
    }
}