{
    "counter": {
        "ACTIVE": 40754,
        "INACTIVE": 54490,
        "INVALID": 0,
        "MALICIOUS": 0,
        "SANE": 0,
        "VALID": 0,
        "total": 95244
    },
    "percentage": {
        "ACTIVE": 42.789047079081094,
        "INACTIVE": 57.210952920918906,
        "INVALID": 0.0,
        "MALICIOUS": 0.0,
        "SANE": 0.0,
        "VALID": 0.0,
        "total": 100.0
    }
}