{
    "counter": {
        "ACTIVE": 24904,
        "INACTIVE": 30875,
        "INVALID": 0,
        "MALICIOUS": 0,
        "SANE": 0,
        "VALID": 0,
        "total": 55779
    },
    "percentage": {
        "ACTIVE": 44.64762724322774,
        "INACTIVE": 55.35237275677226,
        "INVALID": 0.0,
        "MALICIOUS": 0.0,
        "SANE": 0.0,
        "VALID": 0.0,
        "total": 100.0
    }
}