{
    "counter": {
        "ACTIVE": 2739,
        "INACTIVE": 3414,
        "INVALID": 0,
        "MALICIOUS": 0,
        "SANE": 0,
        "VALID": 0,
        "total": 6153
    },
    "percentage": {
        "ACTIVE": 44.51487079473428,
        "INACTIVE": 55.503170216225,
        "INVALID": 0,
        "MALICIOUS": 0,
        "SANE": 0,
        "VALID": 0,
        "total": 100.01804101095928
    }
}