{
    "counter": {
        "ACTIVE": 37039,
        "INACTIVE": 46066,
        "INVALID": 0,
        "MALICIOUS": 0,
        "SANE": 0,
        "VALID": 0,
        "total": 83105
    },
    "percentage": {
        "ACTIVE": 44.568918837615065,
        "INACTIVE": 55.431081162384935,
        "INVALID": 0.0,
        "MALICIOUS": 0.0,
        "SANE": 0.0,
        "VALID": 0.0,
        "total": 100.0
    }
}