{
    "counter": {
        "ACTIVE": 22332,
        "INACTIVE": 27480,
        "INVALID": 0,
        "MALICIOUS": 0,
        "SANE": 0,
        "VALID": 0,
        "total": 49812
    },
    "percentage": {
        "ACTIVE": 44.832570464948205,
        "INACTIVE": 55.167429535051795,
        "INVALID": 0.0,
        "MALICIOUS": 0.0,
        "SANE": 0.0,
        "VALID": 0.0,
        "total": 100.0
    }
}