{
    "counter": {
        "ACTIVE": 24406,
        "INACTIVE": 30322,
        "INVALID": 0,
        "MALICIOUS": 0,
        "SANE": 0,
        "VALID": 0,
        "total": 54728
    },
    "percentage": {
        "ACTIVE": 44.59508843736296,
        "INACTIVE": 55.40491156263704,
        "INVALID": 0.0,
        "MALICIOUS": 0.0,
        "SANE": 0.0,
        "VALID": 0.0,
        "total": 100.0
    }
}