{
    "counter": {
        "ACTIVE": 25814,
        "INACTIVE": 32865,
        "INVALID": 0,
        "MALICIOUS": 0,
        "SANE": 0,
        "VALID": 0,
        "total": 58679
    },
    "percentage": {
        "ACTIVE": 43.991888068985496,
        "INACTIVE": 56.008111931014504,
        "INVALID": 0.0,
        "MALICIOUS": 0.0,
        "SANE": 0.0,
        "VALID": 0.0,
        "total": 100.0
    }
}