{
    "counter": {
        "ACTIVE": 5624,
        "INACTIVE": 7034,
        "INVALID": 0,
        "MALICIOUS": 0,
        "SANE": 0,
        "VALID": 0,
        "total": 12658
    },
    "percentage": {
        "ACTIVE": 44.43391008927866,
        "INACTIVE": 55.56960025280455,
        "INVALID": 0,
        "MALICIOUS": 0,
        "SANE": 0,
        "VALID": 0,
        "total": 100.00351034208322
    }
}