{
    "counter": {
        "ACTIVE": 34641,
        "INACTIVE": 43223,
        "INVALID": 0,
        "MALICIOUS": 0,
        "SANE": 0,
        "VALID": 0,
        "total": 77864
    },
    "percentage": {
        "ACTIVE": 44.489109216069046,
        "INACTIVE": 55.510890783930954,
        "INVALID": 0.0,
        "MALICIOUS": 0.0,
        "SANE": 0.0,
        "VALID": 0.0,
        "total": 100.0
    }
}