{
    "counter": {
        "ACTIVE": 27123,
        "INACTIVE": 34764,
        "INVALID": 0,
        "MALICIOUS": 0,
        "SANE": 0,
        "VALID": 0,
        "total": 61887
    },
    "percentage": {
        "ACTIVE": 43.82665180086286,
        "INACTIVE": 56.17334819913714,
        "INVALID": 0.0,
        "MALICIOUS": 0.0,
        "SANE": 0.0,
        "VALID": 0.0,
        "total": 100.0
    }
}