{
    "counter": {
        "ACTIVE": 15698,
        "INACTIVE": 20994,
        "INVALID": 0,
        "MALICIOUS": 0,
        "SANE": 0,
        "VALID": 0,
        "total": 36692
    },
    "percentage": {
        "ACTIVE": 42.7843340328691,
        "INACTIVE": 57.216832006977,
        "INVALID": 0,
        "MALICIOUS": 0,
        "SANE": 0,
        "VALID": 0,
        "total": 100.0011660398461
    }
}