{
    "counter": {
        "ACTIVE": 38682,
        "INACTIVE": 47741,
        "INVALID": 0,
        "MALICIOUS": 0,
        "SANE": 0,
        "VALID": 0,
        "total": 86423
    },
    "percentage": {
        "ACTIVE": 44.758918343496525,
        "INACTIVE": 55.241081656503475,
        "INVALID": 0.0,
        "MALICIOUS": 0.0,
        "SANE": 0.0,
        "VALID": 0.0,
        "total": 100.0
    }
}