{
    "counter": {
        "ACTIVE": 22676,
        "INACTIVE": 27801,
        "INVALID": 0,
        "MALICIOUS": 0,
        "SANE": 0,
        "VALID": 0,
        "total": 50477
    },
    "percentage": {
        "ACTIVE": 44.92343047328486,
        "INACTIVE": 55.07656952671514,
        "INVALID": 0.0,
        "MALICIOUS": 0.0,
        "SANE": 0.0,
        "VALID": 0.0,
        "total": 100.0
    }
}