{
    "counter": {
        "ACTIVE": 40649,
        "INACTIVE": 54264,
        "INVALID": 0,
        "MALICIOUS": 0,
        "SANE": 0,
        "VALID": 0,
        "total": 94913
    },
    "percentage": {
        "ACTIVE": 42.82764215650122,
        "INACTIVE": 57.17235784349878,
        "INVALID": 0.0,
        "MALICIOUS": 0.0,
        "SANE": 0.0,
        "VALID": 0.0,
        "total": 100.0
    }
}