{
    "counter": {
        "ACTIVE": 35581,
        "INACTIVE": 44571,
        "INVALID": 0,
        "MALICIOUS": 0,
        "SANE": 0,
        "VALID": 0,
        "total": 80152
    },
    "percentage": {
        "ACTIVE": 44.39190537977842,
        "INACTIVE": 55.60809462022158,
        "INVALID": 0.0,
        "MALICIOUS": 0.0,
        "SANE": 0.0,
        "VALID": 0.0,
        "total": 100.0
    }
}