{
    "counter": {
        "ACTIVE": 33414,
        "INACTIVE": 42176,
        "INVALID": 0,
        "MALICIOUS": 0,
        "SANE": 0,
        "VALID": 0,
        "total": 75590
    },
    "percentage": {
        "ACTIVE": 44.20425982272788,
        "INACTIVE": 55.79574017727212,
        "INVALID": 0.0,
        "MALICIOUS": 0.0,
        "SANE": 0.0,
        "VALID": 0.0,
        "total": 100.0
    }
}