{
    "counter": {
        "ACTIVE": 14737,
        "INACTIVE": 19785,
        "INVALID": 0,
        "MALICIOUS": 0,
        "SANE": 0,
        "VALID": 0,
        "total": 34522
    },
    "percentage": {
        "ACTIVE": 42.69737795161524,
        "INACTIVE": 57.31127976362899,
        "INVALID": 0,
        "MALICIOUS": 0,
        "SANE": 0,
        "VALID": 0,
        "total": 100.00865771524423
    }
}