{
    "counter": {
        "ACTIVE": 24818,
        "INACTIVE": 30780,
        "INVALID": 0,
        "MALICIOUS": 0,
        "SANE": 0,
        "VALID": 0,
        "total": 55598
    },
    "percentage": {
        "ACTIVE": 44.63829634159502,
        "INACTIVE": 55.36170365840498,
        "INVALID": 0.0,
        "MALICIOUS": 0.0,
        "SANE": 0.0,
        "VALID": 0.0,
        "total": 100.0
    }
}