{
    "counter": {
        "ACTIVE": 39968,
        "INACTIVE": 50291,
        "INVALID": 0,
        "MALICIOUS": 0,
        "SANE": 0,
        "VALID": 0,
        "total": 90259
    },
    "percentage": {
        "ACTIVE": 44.28145669683909,
        "INACTIVE": 55.71854330316091,
        "INVALID": 0.0,
        "MALICIOUS": 0.0,
        "SANE": 0.0,
        "VALID": 0.0,
        "total": 100.0
    }
}