{
    "counter": {
        "ACTIVE": 747,
        "INACTIVE": 957,
        "INVALID": 0,
        "MALICIOUS": 0,
        "SANE": 0,
        "VALID": 0,
        "total": 1704
    },
    "percentage": {
        "ACTIVE": 43.83802816901409,
        "INACTIVE": 56.227967097532314,
        "INVALID": 0,
        "MALICIOUS": 0,
        "SANE": 0,
        "VALID": 0,
        "total": 100.0659952665464
    }
}