{
    "counter": {
        "ACTIVE": 6876,
        "INACTIVE": 9127,
        "INVALID": 0,
        "MALICIOUS": 0,
        "SANE": 0,
        "VALID": 0,
        "total": 16003
    },
    "percentage": {
        "ACTIVE": 42.96962879640045,
        "INACTIVE": 57.03305630194338,
        "INVALID": 0,
        "MALICIOUS": 0,
        "SANE": 0,
        "VALID": 0,
        "total": 100.00268509834383
    }
}