{
    "counter": {
        "ACTIVE": 40148,
        "INACTIVE": 51230,
        "INVALID": 0,
        "MALICIOUS": 0,
        "SANE": 0,
        "VALID": 0,
        "total": 91378
    },
    "percentage": {
        "ACTIVE": 43.93617719801265,
        "INACTIVE": 56.06382280198735,
        "INVALID": 0.0,
        "MALICIOUS": 0.0,
        "SANE": 0.0,
        "VALID": 0.0,
        "total": 100.0
    }
}