{
    "counter": {
        "ACTIVE": 14466,
        "INACTIVE": 19288,
        "INVALID": 0,
        "MALICIOUS": 0,
        "SANE": 0,
        "VALID": 0,
        "total": 33754
    },
    "percentage": {
        "ACTIVE": 42.85841258554795,
        "INACTIVE": 57.142857142857146,
        "INVALID": 0,
        "MALICIOUS": 0,
        "SANE": 0,
        "VALID": 0,
        "total": 100.0012697284051
    }
}