{
    "counter": {
        "ACTIVE": 21618,
        "INACTIVE": 26570,
        "INVALID": 0,
        "MALICIOUS": 0,
        "SANE": 0,
        "VALID": 0,
        "total": 48188
    },
    "percentage": {
        "ACTIVE": 44.86179131734042,
        "INACTIVE": 55.13820868265958,
        "INVALID": 0.0,
        "MALICIOUS": 0.0,
        "SANE": 0.0,
        "VALID": 0.0,
        "total": 100.0
    }
}