{
    "counter": {
        "ACTIVE": 2910,
        "INACTIVE": 3542,
        "INVALID": 0,
        "MALICIOUS": 0,
        "SANE": 0,
        "VALID": 0,
        "total": 6452
    },
    "percentage": {
        "ACTIVE": 45.102293862368256,
        "INACTIVE": 54.91472868217054,
        "INVALID": 0,
        "MALICIOUS": 0,
        "SANE": 0,
        "VALID": 0,
        "total": 100.0170225445388
    }
}