{
    "counter": {
        "ACTIVE": 1598,
        "INACTIVE": 1688,
        "INVALID": 0,
        "MALICIOUS": 0,
        "SANE": 0,
        "VALID": 0,
        "total": 3286
    },
    "percentage": {
        "ACTIVE": 48.689823278488724,
        "INACTIVE": 51.369446135118686,
        "INVALID": 0,
        "MALICIOUS": 0,
        "SANE": 0,
        "VALID": 0,
        "total": 100.05926941360741
    }
}