{
    "counter": {
        "ACTIVE": 1499,
        "INACTIVE": 1582,
        "INVALID": 0,
        "MALICIOUS": 0,
        "SANE": 0,
        "VALID": 0,
        "total": 3081
    },
    "percentage": {
        "ACTIVE": 48.653034728984096,
        "INACTIVE": 51.36363636363637,
        "INVALID": 0,
        "MALICIOUS": 0,
        "SANE": 0,
        "VALID": 0,
        "total": 100.01667109262047
    }
}