{
    "counter": {
        "ACTIVE": 6096,
        "INACTIVE": 7671,
        "INVALID": 0,
        "MALICIOUS": 0,
        "SANE": 0,
        "VALID": 0,
        "total": 13767
    },
    "percentage": {
        "ACTIVE": 44.28301612668894,
        "INACTIVE": 55.720200479407275,
        "INVALID": 0,
        "MALICIOUS": 0,
        "SANE": 0,
        "VALID": 0,
        "total": 100.00321660609622
    }
}