{
    "counter": {
        "ACTIVE": 31988,
        "INACTIVE": 40057,
        "INVALID": 0,
        "MALICIOUS": 0,
        "SANE": 0,
        "VALID": 0,
        "total": 72045
    },
    "percentage": {
        "ACTIVE": 44.40002776042751,
        "INACTIVE": 55.60074398978402,
        "INVALID": 0.0,
        "MALICIOUS": 0.0,
        "SANE": 0.0,
        "VALID": 0.0,
        "total": 100.00077175021153
    }
}