{
    "counter": {
        "ACTIVE": 14123,
        "INACTIVE": 18834,
        "INVALID": 0,
        "MALICIOUS": 0,
        "SANE": 0,
        "VALID": 0,
        "total": 32957
    },
    "percentage": {
        "ACTIVE": 42.85800989287773,
        "INACTIVE": 57.14719179536972,
        "INVALID": 0,
        "MALICIOUS": 0,
        "SANE": 0,
        "VALID": 0,
        "total": 100.00520168824745
    }
}