{
    "counter": {
        "ACTIVE": 25491,
        "INACTIVE": 32210,
        "INVALID": 0,
        "MALICIOUS": 0,
        "SANE": 0,
        "VALID": 0,
        "total": 57701
    },
    "percentage": {
        "ACTIVE": 44.177743886587756,
        "INACTIVE": 55.822256113412244,
        "INVALID": 0.0,
        "MALICIOUS": 0.0,
        "SANE": 0.0,
        "VALID": 0.0,
        "total": 100.0
    }
}