{
    "counter": {
        "ACTIVE": 21578,
        "INACTIVE": 26515,
        "INVALID": 0,
        "MALICIOUS": 0,
        "SANE": 0,
        "VALID": 0,
        "total": 48093
    },
    "percentage": {
        "ACTIVE": 44.867236396149124,
        "INACTIVE": 55.132763603850876,
        "INVALID": 0.0,
        "MALICIOUS": 0.0,
        "SANE": 0.0,
        "VALID": 0.0,
        "total": 100.0
    }
}