{
    "counter": {
        "ACTIVE": 9919,
        "INACTIVE": 12889,
        "INVALID": 0,
        "MALICIOUS": 0,
        "SANE": 0,
        "VALID": 0,
        "total": 22808
    },
    "percentage": {
        "ACTIVE": 43.48912662223781,
        "INACTIVE": 56.51582916776287,
        "INVALID": 0,
        "MALICIOUS": 0,
        "SANE": 0,
        "VALID": 0,
        "total": 100.00495579000068
    }
}