{
    "counter": {
        "ACTIVE": 20207,
        "INACTIVE": 25301,
        "INVALID": 0,
        "MALICIOUS": 0,
        "SANE": 0,
        "VALID": 0,
        "total": 45508
    },
    "percentage": {
        "ACTIVE": 44.405133389003645,
        "INACTIVE": 55.596818141865164,
        "INVALID": 0,
        "MALICIOUS": 0,
        "SANE": 0,
        "VALID": 0,
        "total": 100.00195153086881
    }
}