{
    "counter": {
        "ACTIVE": 35342,
        "INACTIVE": 44252,
        "INVALID": 0,
        "MALICIOUS": 0,
        "SANE": 0,
        "VALID": 0,
        "total": 79594
    },
    "percentage": {
        "ACTIVE": 44.40284443551021,
        "INACTIVE": 55.59715556448979,
        "INVALID": 0.0,
        "MALICIOUS": 0.0,
        "SANE": 0.0,
        "VALID": 0.0,
        "total": 100.0
    }
}