{
    "counter": {
        "ACTIVE": 20206,
        "INACTIVE": 25299,
        "INVALID": 0,
        "MALICIOUS": 0,
        "SANE": 0,
        "VALID": 0,
        "total": 45505
    },
    "percentage": {
        "ACTIVE": 44.403911658059556,
        "INACTIVE": 55.6058641229092,
        "INVALID": 0,
        "MALICIOUS": 0,
        "SANE": 0,
        "VALID": 0,
        "total": 100.00977578096877
    }
}