{
    "counter": {
        "ACTIVE": 32357,
        "INACTIVE": 40574,
        "INVALID": 0,
        "MALICIOUS": 0,
        "SANE": 0,
        "VALID": 0,
        "total": 72931
    },
    "percentage": {
        "ACTIVE": 44.366593081131484,
        "INACTIVE": 55.633406918868516,
        "INVALID": 0.0,
        "MALICIOUS": 0.0,
        "SANE": 0.0,
        "VALID": 0.0,
        "total": 100.0
    }
}