{
    "counter": {
        "ACTIVE": 36523,
        "INACTIVE": 45676,
        "INVALID": 0,
        "MALICIOUS": 0,
        "SANE": 0,
        "VALID": 0,
        "total": 82199
    },
    "percentage": {
        "ACTIVE": 44.432414019635274,
        "INACTIVE": 55.567585980364726,
        "INVALID": 0.0,
        "MALICIOUS": 0.0,
        "SANE": 0.0,
        "VALID": 0.0,
        "total": 100.0
    }
}