{
    "counter": {
        "ACTIVE": 20888,
        "INACTIVE": 25808,
        "INVALID": 0,
        "MALICIOUS": 0,
        "SANE": 0,
        "VALID": 0,
        "total": 46696
    },
    "percentage": {
        "ACTIVE": 44.73188281651533,
        "INACTIVE": 55.26930078166827,
        "INVALID": 0,
        "MALICIOUS": 0,
        "SANE": 0,
        "VALID": 0,
        "total": 100.0011835981836
    }
}