{
    "counter": {
        "ACTIVE": 23947,
        "INACTIVE": 29281,
        "INVALID": 0,
        "MALICIOUS": 0,
        "SANE": 0,
        "VALID": 0,
        "total": 53228
    },
    "percentage": {
        "ACTIVE": 44.98947922146239,
        "INACTIVE": 55.01052077853761,
        "INVALID": 0.0,
        "MALICIOUS": 0.0,
        "SANE": 0.0,
        "VALID": 0.0,
        "total": 100.0
    }
}