{
    "counter": {
        "ACTIVE": 2257,
        "INACTIVE": 2951,
        "INVALID": 0,
        "MALICIOUS": 0,
        "SANE": 0,
        "VALID": 0,
        "total": 5208
    },
    "percentage": {
        "ACTIVE": 43.33717357910906,
        "INACTIVE": 56.67370846936816,
        "INVALID": 0,
        "MALICIOUS": 0,
        "SANE": 0,
        "VALID": 0,
        "total": 100.01088204847721
    }
}