{
    "counter": {
        "ACTIVE": 4083,
        "INACTIVE": 5120,
        "INVALID": 0,
        "MALICIOUS": 0,
        "SANE": 0,
        "VALID": 0,
        "total": 9203
    },
    "percentage": {
        "ACTIVE": 44.36596761925459,
        "INACTIVE": 55.64007824386003,
        "INVALID": 0,
        "MALICIOUS": 0,
        "SANE": 0,
        "VALID": 0,
        "total": 100.00604586311462
    }
}