{
    "counter": {
        "ACTIVE": 33082,
        "INACTIVE": 41689,
        "INVALID": 0,
        "MALICIOUS": 0,
        "SANE": 0,
        "VALID": 0,
        "total": 74771
    },
    "percentage": {
        "ACTIVE": 44.24442631501518,
        "INACTIVE": 55.75557368498482,
        "INVALID": 0.0,
        "MALICIOUS": 0.0,
        "SANE": 0.0,
        "VALID": 0.0,
        "total": 100.0
    }
}