{
    "counter": {
        "ACTIVE": 1568,
        "INACTIVE": 1642,
        "INVALID": 0,
        "MALICIOUS": 0,
        "SANE": 0,
        "VALID": 0,
        "total": 3210
    },
    "percentage": {
        "ACTIVE": 48.8625740105952,
        "INACTIVE": 51.15264797507788,
        "INVALID": 0,
        "MALICIOUS": 0,
        "SANE": 0,
        "VALID": 0,
        "total": 100.0152219856731
    }
}