{
    "counter": {
        "ACTIVE": 427,
        "INACTIVE": 609,
        "INVALID": 0,
        "MALICIOUS": 0,
        "SANE": 0,
        "VALID": 0,
        "total": 1036
    },
    "percentage": {
        "ACTIVE": 41.21621621621622,
        "INACTIVE": 59.01162790697674,
        "INVALID": 0,
        "MALICIOUS": 0,
        "SANE": 0,
        "VALID": 0,
        "total": 100.22784412319297
    }
}