{
    "counter": {
        "ACTIVE": 25671,
        "INACTIVE": 32633,
        "INVALID": 0,
        "MALICIOUS": 0,
        "SANE": 0,
        "VALID": 0,
        "total": 58304
    },
    "percentage": {
        "ACTIVE": 44.029569154774975,
        "INACTIVE": 55.970430845225025,
        "INVALID": 0.0,
        "MALICIOUS": 0.0,
        "SANE": 0.0,
        "VALID": 0.0,
        "total": 100.0
    }
}