{
    "counter": {
        "ACTIVE": 25896,
        "INACTIVE": 33026,
        "INVALID": 0,
        "MALICIOUS": 0,
        "SANE": 0,
        "VALID": 0,
        "total": 58922
    },
    "percentage": {
        "ACTIVE": 43.94962832218866,
        "INACTIVE": 56.05037167781134,
        "INVALID": 0.0,
        "MALICIOUS": 0.0,
        "SANE": 0.0,
        "VALID": 0.0,
        "total": 100.0
    }
}