{
    "counter": {
        "ACTIVE": 27431,
        "INACTIVE": 35178,
        "INVALID": 0,
        "MALICIOUS": 0,
        "SANE": 0,
        "VALID": 0,
        "total": 62609
    },
    "percentage": {
        "ACTIVE": 43.813189796994045,
        "INACTIVE": 56.186810203005955,
        "INVALID": 0.0,
        "MALICIOUS": 0.0,
        "SANE": 0.0,
        "VALID": 0.0,
        "total": 100.0
    }
}