{
    "counter": {
        "ACTIVE": 19839,
        "INACTIVE": 24979,
        "INVALID": 0,
        "MALICIOUS": 0,
        "SANE": 0,
        "VALID": 0,
        "total": 44818
    },
    "percentage": {
        "ACTIVE": 44.265696818242674,
        "INACTIVE": 55.736790431988574,
        "INVALID": 0,
        "MALICIOUS": 0,
        "SANE": 0,
        "VALID": 0,
        "total": 100.00248725023124
    }
}