{
    "counter": {
        "ACTIVE": 1861,
        "INACTIVE": 2272,
        "INVALID": 0,
        "MALICIOUS": 0,
        "SANE": 0,
        "VALID": 0,
        "total": 4133
    },
    "percentage": {
        "ACTIVE": 45.03872216844143,
        "INACTIVE": 54.97217517541737,
        "INVALID": 0,
        "MALICIOUS": 0,
        "SANE": 0,
        "VALID": 0,
        "total": 100.0108973438588
    }
}