{
    "counter": {
        "ACTIVE": 38811,
        "INACTIVE": 47931,
        "INVALID": 0,
        "MALICIOUS": 0,
        "SANE": 0,
        "VALID": 0,
        "total": 86742
    },
    "percentage": {
        "ACTIVE": 44.74303105761915,
        "INACTIVE": 55.25696894238085,
        "INVALID": 0.0,
        "MALICIOUS": 0.0,
        "SANE": 0.0,
        "VALID": 0.0,
        "total": 100.0
    }
}