{
    "counter": {
        "ACTIVE": 36152,
        "INACTIVE": 45230,
        "INVALID": 0,
        "MALICIOUS": 0,
        "SANE": 0,
        "VALID": 0,
        "total": 81382
    },
    "percentage": {
        "ACTIVE": 44.42259959204738,
        "INACTIVE": 55.57740040795262,
        "INVALID": 0.0,
        "MALICIOUS": 0.0,
        "SANE": 0.0,
        "VALID": 0.0,
        "total": 100.0
    }
}