{
    "counter": {
        "ACTIVE": 40611,
        "INACTIVE": 53948,
        "INVALID": 0,
        "MALICIOUS": 0,
        "SANE": 0,
        "VALID": 0,
        "total": 94559
    },
    "percentage": {
        "ACTIVE": 42.947789210968814,
        "INACTIVE": 57.052210789031186,
        "INVALID": 0.0,
        "MALICIOUS": 0.0,
        "SANE": 0.0,
        "VALID": 0.0,
        "total": 100.0
    }
}