{
    "counter": {
        "ACTIVE": 23669,
        "INACTIVE": 28987,
        "INVALID": 0,
        "MALICIOUS": 0,
        "SANE": 0,
        "VALID": 0,
        "total": 52656
    },
    "percentage": {
        "ACTIVE": 44.95024308720753,
        "INACTIVE": 55.04975691279247,
        "INVALID": 0.0,
        "MALICIOUS": 0.0,
        "SANE": 0.0,
        "VALID": 0.0,
        "total": 100.0
    }
}