{
    "counter": {
        "ACTIVE": 2016,
        "INACTIVE": 2596,
        "INVALID": 0,
        "MALICIOUS": 0,
        "SANE": 0,
        "VALID": 0,
        "total": 4612
    },
    "percentage": {
        "ACTIVE": 43.72153545868575,
        "INACTIVE": 56.28794449262793,
        "INVALID": 0,
        "MALICIOUS": 0,
        "SANE": 0,
        "VALID": 0,
        "total": 100.00947995131368
    }
}