{
    "counter": {
        "ACTIVE": 1755,
        "INACTIVE": 1945,
        "INVALID": 0,
        "MALICIOUS": 0,
        "SANE": 0,
        "VALID": 0,
        "total": 3700
    },
    "percentage": {
        "ACTIVE": 47.45808545159546,
        "INACTIVE": 52.567567567567565,
        "INVALID": 0,
        "MALICIOUS": 0,
        "SANE": 0,
        "VALID": 0,
        "total": 100.02565301916303
    }
}