{
    "counter": {
        "ACTIVE": 30795,
        "INACTIVE": 38617,
        "INVALID": 0,
        "MALICIOUS": 0,
        "SANE": 0,
        "VALID": 0,
        "total": 69412
    },
    "percentage": {
        "ACTIVE": 44.3655275744828,
        "INACTIVE": 55.638480268560805,
        "INVALID": 0.0,
        "MALICIOUS": 0.0,
        "SANE": 0.0,
        "VALID": 0.0,
        "total": 100.00400784304361
    }
}