{
    "counter": {
        "ACTIVE": 16649,
        "INACTIVE": 21746,
        "INVALID": 0,
        "MALICIOUS": 0,
        "SANE": 0,
        "VALID": 0,
        "total": 38395
    },
    "percentage": {
        "ACTIVE": 43.36467585236892,
        "INACTIVE": 56.637583018622216,
        "INVALID": 0,
        "MALICIOUS": 0,
        "SANE": 0,
        "VALID": 0,
        "total": 100.00225887099114
    }
}