{
    "counter": {
        "ACTIVE": 34967,
        "INACTIVE": 43614,
        "INVALID": 0,
        "MALICIOUS": 0,
        "SANE": 0,
        "VALID": 0,
        "total": 78581
    },
    "percentage": {
        "ACTIVE": 44.498033875873304,
        "INACTIVE": 55.501966124126696,
        "INVALID": 0.0,
        "MALICIOUS": 0.0,
        "SANE": 0.0,
        "VALID": 0.0,
        "total": 100.0
    }
}