{
    "counter": {
        "ACTIVE": 40621,
        "INACTIVE": 54075,
        "INVALID": 0,
        "MALICIOUS": 0,
        "SANE": 0,
        "VALID": 0,
        "total": 94696
    },
    "percentage": {
        "ACTIVE": 42.896215257244236,
        "INACTIVE": 57.103784742755764,
        "INVALID": 0.0,
        "MALICIOUS": 0.0,
        "SANE": 0.0,
        "VALID": 0.0,
        "total": 100.0
    }
}