{
    "counter": {
        "ACTIVE": 19754,
        "INACTIVE": 24872,
        "INVALID": 0,
        "MALICIOUS": 0,
        "SANE": 0,
        "VALID": 0,
        "total": 44626
    },
    "percentage": {
        "ACTIVE": 44.26567471877381,
        "INACTIVE": 55.74306909612497,
        "INVALID": 0,
        "MALICIOUS": 0,
        "SANE": 0,
        "VALID": 0,
        "total": 100.00874381489878
    }
}