{
    "counter": {
        "ACTIVE": 4166,
        "INACTIVE": 5188,
        "INVALID": 0,
        "MALICIOUS": 0,
        "SANE": 0,
        "VALID": 0,
        "total": 9354
    },
    "percentage": {
        "ACTIVE": 44.54185822730675,
        "INACTIVE": 55.462903570664956,
        "INVALID": 0,
        "MALICIOUS": 0,
        "SANE": 0,
        "VALID": 0,
        "total": 100.0047617979717
    }
}