{
    "counter": {
        "ACTIVE": 26282,
        "INACTIVE": 33673,
        "INVALID": 0,
        "MALICIOUS": 0,
        "SANE": 0,
        "VALID": 0,
        "total": 59955
    },
    "percentage": {
        "ACTIVE": 43.83621049120173,
        "INACTIVE": 56.16378950879827,
        "INVALID": 0.0,
        "MALICIOUS": 0.0,
        "SANE": 0.0,
        "VALID": 0.0,
        "total": 100.0
    }
}