{
    "counter": {
        "ACTIVE": 17108,
        "INACTIVE": 22181,
        "INVALID": 0,
        "MALICIOUS": 0,
        "SANE": 0,
        "VALID": 0,
        "total": 39289
    },
    "percentage": {
        "ACTIVE": 43.547319655857045,
        "INACTIVE": 56.45600549772201,
        "INVALID": 0,
        "MALICIOUS": 0,
        "SANE": 0,
        "VALID": 0,
        "total": 100.00332515357906
    }
}