{
    "counter": {
        "ACTIVE": 8057,
        "INACTIVE": 10653,
        "INVALID": 0,
        "MALICIOUS": 0,
        "SANE": 0,
        "VALID": 0,
        "total": 18710
    },
    "percentage": {
        "ACTIVE": 43.06253340459647,
        "INACTIVE": 56.94050991501416,
        "INVALID": 0,
        "MALICIOUS": 0,
        "SANE": 0,
        "VALID": 0,
        "total": 100.00304331961064
    }
}