{
    "counter": {
        "ACTIVE": 10569,
        "INACTIVE": 13467,
        "INVALID": 0,
        "MALICIOUS": 0,
        "SANE": 0,
        "VALID": 0,
        "total": 24036
    },
    "percentage": {
        "ACTIVE": 43.971542685971045,
        "INACTIVE": 56.037782956058585,
        "INVALID": 0,
        "MALICIOUS": 0,
        "SANE": 0,
        "VALID": 0,
        "total": 100.00932564202964
    }
}