{
    "counter": {
        "ACTIVE": 14119,
        "INACTIVE": 18814,
        "INVALID": 0,
        "MALICIOUS": 0,
        "SANE": 0,
        "VALID": 0,
        "total": 32933
    },
    "percentage": {
        "ACTIVE": 42.87189141590502,
        "INACTIVE": 57.13331308836927,
        "INVALID": 0,
        "MALICIOUS": 0,
        "SANE": 0,
        "VALID": 0,
        "total": 100.00520450427429
    }
}