{
    "counter": {
        "ACTIVE": 40625,
        "INACTIVE": 54137,
        "INVALID": 0,
        "MALICIOUS": 0,
        "SANE": 0,
        "VALID": 0,
        "total": 94762
    },
    "percentage": {
        "ACTIVE": 42.8705599290855,
        "INACTIVE": 57.1294400709145,
        "INVALID": 0.0,
        "MALICIOUS": 0.0,
        "SANE": 0.0,
        "VALID": 0.0,
        "total": 100.0
    }
}