{
    "counter": {
        "ACTIVE": 19880,
        "INACTIVE": 25028,
        "INVALID": 0,
        "MALICIOUS": 0,
        "SANE": 0,
        "VALID": 0,
        "total": 44908
    },
    "percentage": {
        "ACTIVE": 44.26828182061103,
        "INACTIVE": 55.732959226846596,
        "INVALID": 0,
        "MALICIOUS": 0,
        "SANE": 0,
        "VALID": 0,
        "total": 100.00124104745763
    }
}