{
    "counter": {
        "ACTIVE": 30314,
        "INACTIVE": 38069,
        "INVALID": 0,
        "MALICIOUS": 0,
        "SANE": 0,
        "VALID": 0,
        "total": 68383
    },
    "percentage": {
        "ACTIVE": 44.33037933959229,
        "INACTIVE": 55.67026892648758,
        "INVALID": 0.0,
        "MALICIOUS": 0.0,
        "SANE": 0.0,
        "VALID": 0.0,
        "total": 100.00064826607988
    }
}