{
    "counter": {
        "ACTIVE": 13939,
        "INACTIVE": 18364,
        "INVALID": 0,
        "MALICIOUS": 0,
        "SANE": 0,
        "VALID": 0,
        "total": 32303
    },
    "percentage": {
        "ACTIVE": 43.15079094820914,
        "INACTIVE": 56.8509689802489,
        "INVALID": 0,
        "MALICIOUS": 0,
        "SANE": 0,
        "VALID": 0,
        "total": 100.00175992845804
    }
}