{
    "counter": {
        "ACTIVE": 42625,
        "INACTIVE": 56784,
        "INVALID": 0,
        "MALICIOUS": 0,
        "SANE": 0,
        "VALID": 0,
        "total": 99409
    },
    "percentage": {
        "ACTIVE": 42.87841141144162,
        "INACTIVE": 57.12158858855838,
        "INVALID": 0.0,
        "MALICIOUS": 0.0,
        "SANE": 0.0,
        "VALID": 0.0,
        "total": 100.0
    }
}