{
    "counter": {
        "ACTIVE": 43164,
        "INACTIVE": 57583,
        "INVALID": 0,
        "MALICIOUS": 0,
        "SANE": 0,
        "VALID": 0,
        "total": 100747
    },
    "percentage": {
        "ACTIVE": 42.8439556512849,
        "INACTIVE": 57.1560443487151,
        "INVALID": 0.0,
        "MALICIOUS": 0.0,
        "SANE": 0.0,
        "VALID": 0.0,
        "total": 100.0
    }
}