{
    "counter": {
        "ACTIVE": 37036,
        "INACTIVE": 46061,
        "INVALID": 0,
        "MALICIOUS": 0,
        "SANE": 0,
        "VALID": 0,
        "total": 83097
    },
    "percentage": {
        "ACTIVE": 44.569599383852605,
        "INACTIVE": 55.430400616147395,
        "INVALID": 0.0,
        "MALICIOUS": 0.0,
        "SANE": 0.0,
        "VALID": 0.0,
        "total": 100.0
    }
}