{
    "counter": {
        "ACTIVE": 3346,
        "INACTIVE": 4161,
        "INVALID": 0,
        "MALICIOUS": 0,
        "SANE": 0,
        "VALID": 0,
        "total": 7507
    },
    "percentage": {
        "ACTIVE": 44.571733049154126,
        "INACTIVE": 55.45042643923241,
        "INVALID": 0,
        "MALICIOUS": 0,
        "SANE": 0,
        "VALID": 0,
        "total": 100.02215948838654
    }
}