{
    "counter": {
        "ACTIVE": 27273,
        "INACTIVE": 34951,
        "INVALID": 0,
        "MALICIOUS": 0,
        "SANE": 0,
        "VALID": 0,
        "total": 62224
    },
    "percentage": {
        "ACTIVE": 43.83035484700437,
        "INACTIVE": 56.16964515299563,
        "INVALID": 0.0,
        "MALICIOUS": 0.0,
        "SANE": 0.0,
        "VALID": 0.0,
        "total": 100.0
    }
}