{
    "counter": {
        "ACTIVE": 26410,
        "INACTIVE": 33810,
        "INVALID": 0,
        "MALICIOUS": 0,
        "SANE": 0,
        "VALID": 0,
        "total": 60220
    },
    "percentage": {
        "ACTIVE": 43.855861839920294,
        "INACTIVE": 56.144138160079706,
        "INVALID": 0.0,
        "MALICIOUS": 0.0,
        "SANE": 0.0,
        "VALID": 0.0,
        "total": 100.0
    }
}