{
    "counter": {
        "ACTIVE": 42583,
        "INACTIVE": 56708,
        "INVALID": 0,
        "MALICIOUS": 0,
        "SANE": 0,
        "VALID": 0,
        "total": 99291
    },
    "percentage": {
        "ACTIVE": 42.887069321489356,
        "INACTIVE": 57.112930678510644,
        "INVALID": 0.0,
        "MALICIOUS": 0.0,
        "SANE": 0.0,
        "VALID": 0.0,
        "total": 100.0
    }
}