{
    "counter": {
        "ACTIVE": 24353,
        "INACTIVE": 30267,
        "INVALID": 0,
        "MALICIOUS": 0,
        "SANE": 0,
        "VALID": 0,
        "total": 54620
    },
    "percentage": {
        "ACTIVE": 44.586232149395826,
        "INACTIVE": 55.413767850604174,
        "INVALID": 0.0,
        "MALICIOUS": 0.0,
        "SANE": 0.0,
        "VALID": 0.0,
        "total": 100.0
    }
}