{
    "counter": {
        "ACTIVE": 42585,
        "INACTIVE": 56713,
        "INVALID": 0,
        "MALICIOUS": 0,
        "SANE": 0,
        "VALID": 0,
        "total": 99298
    },
    "percentage": {
        "ACTIVE": 42.88606014219823,
        "INACTIVE": 57.11393985780177,
        "INVALID": 0.0,
        "MALICIOUS": 0.0,
        "SANE": 0.0,
        "VALID": 0.0,
        "total": 100.0
    }
}