{
    "counter": {
        "ACTIVE": 7996,
        "INACTIVE": 10540,
        "INVALID": 0,
        "MALICIOUS": 0,
        "SANE": 0,
        "VALID": 0,
        "total": 18536
    },
    "percentage": {
        "ACTIVE": 43.14233300960397,
        "INACTIVE": 56.86232196806215,
        "INVALID": 0,
        "MALICIOUS": 0,
        "SANE": 0,
        "VALID": 0,
        "total": 100.00465497766612
    }
}