{
    "counter": {
        "ACTIVE": 27163,
        "INACTIVE": 34806,
        "INVALID": 0,
        "MALICIOUS": 0,
        "SANE": 0,
        "VALID": 0,
        "total": 61969
    },
    "percentage": {
        "ACTIVE": 43.833206926043665,
        "INACTIVE": 56.166793073956335,
        "INVALID": 0.0,
        "MALICIOUS": 0.0,
        "SANE": 0.0,
        "VALID": 0.0,
        "total": 100.0
    }
}