{
    "counter": {
        "ACTIVE": 9813,
        "INACTIVE": 12821,
        "INVALID": 0,
        "MALICIOUS": 0,
        "SANE": 0,
        "VALID": 0,
        "total": 22634
    },
    "percentage": {
        "ACTIVE": 43.355129451268006,
        "INACTIVE": 56.65237947947506,
        "INVALID": 0,
        "MALICIOUS": 0,
        "SANE": 0,
        "VALID": 0,
        "total": 100.00750893074306
    }
}