{
    "counter": {
        "ACTIVE": 7460,
        "INACTIVE": 9874,
        "INVALID": 0,
        "MALICIOUS": 0,
        "SANE": 0,
        "VALID": 0,
        "total": 17334
    },
    "percentage": {
        "ACTIVE": 43.036806276681666,
        "INACTIVE": 56.96648012461778,
        "INVALID": 0,
        "MALICIOUS": 0,
        "SANE": 0,
        "VALID": 0,
        "total": 100.00328640129945
    }
}