{
    "counter": {
        "ACTIVE": 31930,
        "INACTIVE": 39960,
        "INVALID": 0,
        "MALICIOUS": 0,
        "SANE": 0,
        "VALID": 0,
        "total": 71890
    },
    "percentage": {
        "ACTIVE": 44.415696420871065,
        "INACTIVE": 55.58492140770622,
        "INVALID": 0.0,
        "MALICIOUS": 0.0,
        "SANE": 0.0,
        "VALID": 0.0,
        "total": 100.00061782857728
    }
}