{
    "counter": {
        "ACTIVE": 15324,
        "INACTIVE": 20498,
        "INVALID": 0,
        "MALICIOUS": 0,
        "SANE": 0,
        "VALID": 0,
        "total": 35822
    },
    "percentage": {
        "ACTIVE": 42.780569514237854,
        "INACTIVE": 57.221818993914354,
        "INVALID": 0,
        "MALICIOUS": 0,
        "SANE": 0,
        "VALID": 0,
        "total": 100.00238850815221
    }
}