{
    "counter": {
        "ACTIVE": 26868,
        "INACTIVE": 34366,
        "INVALID": 0,
        "MALICIOUS": 0,
        "SANE": 0,
        "VALID": 0,
        "total": 61234
    },
    "percentage": {
        "ACTIVE": 43.877584348564525,
        "INACTIVE": 56.122415651435475,
        "INVALID": 0.0,
        "MALICIOUS": 0.0,
        "SANE": 0.0,
        "VALID": 0.0,
        "total": 100.0
    }
}