{
    "counter": {
        "ACTIVE": 561,
        "INACTIVE": 787,
        "INVALID": 0,
        "MALICIOUS": 0,
        "SANE": 0,
        "VALID": 0,
        "total": 1348
    },
    "percentage": {
        "ACTIVE": 41.834451901566,
        "INACTIVE": 58.38278931750742,
        "INVALID": 0,
        "MALICIOUS": 0,
        "SANE": 0,
        "VALID": 0,
        "total": 100.21724121907341
    }
}