{
    "counter": {
        "ACTIVE": 27739,
        "INACTIVE": 35403,
        "INVALID": 0,
        "MALICIOUS": 0,
        "SANE": 0,
        "VALID": 0,
        "total": 63142
    },
    "percentage": {
        "ACTIVE": 43.933226690318186,
        "INACTIVE": 56.068860663266925,
        "INVALID": 0.0,
        "MALICIOUS": 0.0,
        "SANE": 0.0,
        "VALID": 0.0,
        "total": 100.00208735358511
    }
}