{
    "counter": {
        "ACTIVE": 15872,
        "INACTIVE": 21075,
        "INVALID": 0,
        "MALICIOUS": 0,
        "SANE": 0,
        "VALID": 0,
        "total": 36947
    },
    "percentage": {
        "ACTIVE": 42.95883292283541,
        "INACTIVE": 57.042710983597686,
        "INVALID": 0,
        "MALICIOUS": 0,
        "SANE": 0,
        "VALID": 0,
        "total": 100.0015439064331
    }
}