{
    "counter": {
        "ACTIVE": 20481,
        "INACTIVE": 25526,
        "INVALID": 0,
        "MALICIOUS": 0,
        "SANE": 0,
        "VALID": 0,
        "total": 46007
    },
    "percentage": {
        "ACTIVE": 44.521009499380476,
        "INACTIVE": 55.48286130371465,
        "INVALID": 0,
        "MALICIOUS": 0,
        "SANE": 0,
        "VALID": 0,
        "total": 100.00387080309513
    }
}