{
    "counter": {
        "ACTIVE": 7939,
        "INACTIVE": 10451,
        "INVALID": 0,
        "MALICIOUS": 0,
        "SANE": 0,
        "VALID": 0,
        "total": 18390
    },
    "percentage": {
        "ACTIVE": 43.17020119630234,
        "INACTIVE": 56.83288922725542,
        "INVALID": 0,
        "MALICIOUS": 0,
        "SANE": 0,
        "VALID": 0,
        "total": 100.00309042355775
    }
}