{
    "counter": {
        "ACTIVE": 32838,
        "INACTIVE": 41349,
        "INVALID": 0,
        "MALICIOUS": 0,
        "SANE": 0,
        "VALID": 0,
        "total": 74187
    },
    "percentage": {
        "ACTIVE": 44.26381980670468,
        "INACTIVE": 55.73618019329532,
        "INVALID": 0.0,
        "MALICIOUS": 0.0,
        "SANE": 0.0,
        "VALID": 0.0,
        "total": 100.0
    }
}