{
    "counter": {
        "ACTIVE": 924,
        "INACTIVE": 1183,
        "INVALID": 0,
        "MALICIOUS": 0,
        "SANE": 0,
        "VALID": 0,
        "total": 2107
    },
    "percentage": {
        "ACTIVE": 43.87464387464387,
        "INACTIVE": 56.14617940199336,
        "INVALID": 0,
        "MALICIOUS": 0,
        "SANE": 0,
        "VALID": 0,
        "total": 100.02082327663723
    }
}