{
    "counter": {
        "ACTIVE": 2052,
        "INACTIVE": 2667,
        "INVALID": 0,
        "MALICIOUS": 0,
        "SANE": 0,
        "VALID": 0,
        "total": 4719
    },
    "percentage": {
        "ACTIVE": 43.50222599109603,
        "INACTIVE": 56.51621106166561,
        "INVALID": 0,
        "MALICIOUS": 0,
        "SANE": 0,
        "VALID": 0,
        "total": 100.01843705276164
    }
}