{
    "counter": {
        "ACTIVE": 18510,
        "INACTIVE": 23581,
        "INVALID": 0,
        "MALICIOUS": 0,
        "SANE": 0,
        "VALID": 0,
        "total": 42091
    },
    "percentage": {
        "ACTIVE": 43.97614691976907,
        "INACTIVE": 56.02651524151204,
        "INVALID": 0,
        "MALICIOUS": 0,
        "SANE": 0,
        "VALID": 0,
        "total": 100.00266216128111
    }
}