{
    "counter": {
        "ACTIVE": 40354,
        "INACTIVE": 52957,
        "INVALID": 0,
        "MALICIOUS": 0,
        "SANE": 0,
        "VALID": 0,
        "total": 93311
    },
    "percentage": {
        "ACTIVE": 43.246776907331395,
        "INACTIVE": 56.753223092668605,
        "INVALID": 0.0,
        "MALICIOUS": 0.0,
        "SANE": 0.0,
        "VALID": 0.0,
        "total": 100.0
    }
}