{
    "counter": {
        "ACTIVE": 35755,
        "INACTIVE": 44812,
        "INVALID": 0,
        "MALICIOUS": 0,
        "SANE": 0,
        "VALID": 0,
        "total": 80567
    },
    "percentage": {
        "ACTIVE": 44.37921233259275,
        "INACTIVE": 55.62078766740725,
        "INVALID": 0.0,
        "MALICIOUS": 0.0,
        "SANE": 0.0,
        "VALID": 0.0,
        "total": 100.0
    }
}