{
    "counter": {
        "ACTIVE": 35958,
        "INACTIVE": 45011,
        "INVALID": 0,
        "MALICIOUS": 0,
        "SANE": 0,
        "VALID": 0,
        "total": 80969
    },
    "percentage": {
        "ACTIVE": 44.409588854993885,
        "INACTIVE": 55.590411145006115,
        "INVALID": 0.0,
        "MALICIOUS": 0.0,
        "SANE": 0.0,
        "VALID": 0.0,
        "total": 100.0
    }
}