{
    "counter": {
        "ACTIVE": 20514,
        "INACTIVE": 25556,
        "INVALID": 0,
        "MALICIOUS": 0,
        "SANE": 0,
        "VALID": 0,
        "total": 46070
    },
    "percentage": {
        "ACTIVE": 44.529825475384214,
        "INACTIVE": 55.472107662253094,
        "INVALID": 0,
        "MALICIOUS": 0,
        "SANE": 0,
        "VALID": 0,
        "total": 100.00193313763731
    }
}