{
    "counter": {
        "ACTIVE": 6119,
        "INACTIVE": 7694,
        "INVALID": 0,
        "MALICIOUS": 0,
        "SANE": 0,
        "VALID": 0,
        "total": 13813
    },
    "percentage": {
        "ACTIVE": 44.305263920063716,
        "INACTIVE": 55.70115108955332,
        "INVALID": 0,
        "MALICIOUS": 0,
        "SANE": 0,
        "VALID": 0,
        "total": 100.00641500961703
    }
}