{
    "counter": {
        "ACTIVE": 32471,
        "INACTIVE": 40739,
        "INVALID": 0,
        "MALICIOUS": 0,
        "SANE": 0,
        "VALID": 0,
        "total": 73210
    },
    "percentage": {
        "ACTIVE": 44.35323043300096,
        "INACTIVE": 55.64676956699904,
        "INVALID": 0.0,
        "MALICIOUS": 0.0,
        "SANE": 0.0,
        "VALID": 0.0,
        "total": 100.0
    }
}