{
    "counter": {
        "ACTIVE": 28740,
        "INACTIVE": 36630,
        "INVALID": 0,
        "MALICIOUS": 0,
        "SANE": 0,
        "VALID": 0,
        "total": 65370
    },
    "percentage": {
        "ACTIVE": 43.96512161541992,
        "INACTIVE": 56.035735593324056,
        "INVALID": 0.0,
        "MALICIOUS": 0.0,
        "SANE": 0.0,
        "VALID": 0.0,
        "total": 100.00085720874398
    }
}