{
    "counter": {
        "ACTIVE": 12878,
        "INACTIVE": 16273,
        "INVALID": 0,
        "MALICIOUS": 0,
        "SANE": 0,
        "VALID": 0,
        "total": 29151
    },
    "percentage": {
        "ACTIVE": 44.1799032556863,
        "INACTIVE": 55.82312785153168,
        "INVALID": 0,
        "MALICIOUS": 0,
        "SANE": 0,
        "VALID": 0,
        "total": 100.00303110721798
    }
}