{
    "counter": {
        "ACTIVE": 11672,
        "INACTIVE": 14451,
        "INVALID": 0,
        "MALICIOUS": 0,
        "SANE": 0,
        "VALID": 0,
        "total": 26123
    },
    "percentage": {
        "ACTIVE": 44.68435358523793,
        "INACTIVE": 55.31906748842017,
        "INVALID": 0,
        "MALICIOUS": 0,
        "SANE": 0,
        "VALID": 0,
        "total": 100.0034210736581
    }
}