{
    "counter": {
        "ACTIVE": 5837,
        "INACTIVE": 7298,
        "INVALID": 0,
        "MALICIOUS": 0,
        "SANE": 0,
        "VALID": 0,
        "total": 13135
    },
    "percentage": {
        "ACTIVE": 44.438523030072325,
        "INACTIVE": 55.5657073245013,
        "INVALID": 0,
        "MALICIOUS": 0,
        "SANE": 0,
        "VALID": 0,
        "total": 100.00423035457362
    }
}