{
    "counter": {
        "ACTIVE": 12529,
        "INACTIVE": 15576,
        "INVALID": 0,
        "MALICIOUS": 0,
        "SANE": 0,
        "VALID": 0,
        "total": 28105
    },
    "percentage": {
        "ACTIVE": 44.579256360078276,
        "INACTIVE": 55.42271562766866,
        "INVALID": 0,
        "MALICIOUS": 0,
        "SANE": 0,
        "VALID": 0,
        "total": 100.00197198774694
    }
}