{
    "counter": {
        "ACTIVE": 11452,
        "INACTIVE": 14219,
        "INVALID": 0,
        "MALICIOUS": 0,
        "SANE": 0,
        "VALID": 0,
        "total": 25671
    },
    "percentage": {
        "ACTIVE": 44.61065014997468,
        "INACTIVE": 55.393665510927576,
        "INVALID": 0,
        "MALICIOUS": 0,
        "SANE": 0,
        "VALID": 0,
        "total": 100.00431566090225
    }
}