{
    "counter": {
        "ACTIVE": 17773,
        "INACTIVE": 22900,
        "INVALID": 0,
        "MALICIOUS": 0,
        "SANE": 0,
        "VALID": 0,
        "total": 40673
    },
    "percentage": {
        "ACTIVE": 43.69729304452585,
        "INACTIVE": 56.31239856391088,
        "INVALID": 0,
        "MALICIOUS": 0,
        "SANE": 0,
        "VALID": 0,
        "total": 100.00969160843673
    }
}