{
    "counter": {
        "ACTIVE": 33389,
        "INACTIVE": 42137,
        "INVALID": 0,
        "MALICIOUS": 0,
        "SANE": 0,
        "VALID": 0,
        "total": 75526
    },
    "percentage": {
        "ACTIVE": 44.20861690014035,
        "INACTIVE": 55.79138309985965,
        "INVALID": 0.0,
        "MALICIOUS": 0.0,
        "SANE": 0.0,
        "VALID": 0.0,
        "total": 100.0
    }
}