{
    "counter": {
        "ACTIVE": 33257,
        "INACTIVE": 41934,
        "INVALID": 0,
        "MALICIOUS": 0,
        "SANE": 0,
        "VALID": 0,
        "total": 75191
    },
    "percentage": {
        "ACTIVE": 44.23002752989054,
        "INACTIVE": 55.76997247010946,
        "INVALID": 0.0,
        "MALICIOUS": 0.0,
        "SANE": 0.0,
        "VALID": 0.0,
        "total": 100.0
    }
}