{
    "counter": {
        "ACTIVE": 9819,
        "INACTIVE": 12822,
        "INVALID": 0,
        "MALICIOUS": 0,
        "SANE": 0,
        "VALID": 0,
        "total": 22641
    },
    "percentage": {
        "ACTIVE": 43.36822578508016,
        "INACTIVE": 56.63677724281108,
        "INVALID": 0,
        "MALICIOUS": 0,
        "SANE": 0,
        "VALID": 0,
        "total": 100.00500302789123
    }
}