{
    "counter": {
        "ACTIVE": 40179,
        "INACTIVE": 51724,
        "INVALID": 0,
        "MALICIOUS": 0,
        "SANE": 0,
        "VALID": 0,
        "total": 91903
    },
    "percentage": {
        "ACTIVE": 43.71892103631002,
        "INACTIVE": 56.28107896368998,
        "INVALID": 0.0,
        "MALICIOUS": 0.0,
        "SANE": 0.0,
        "VALID": 0.0,
        "total": 100.0
    }
}