{
    "counter": {
        "ACTIVE": 16609,
        "INACTIVE": 21707,
        "INVALID": 0,
        "MALICIOUS": 0,
        "SANE": 0,
        "VALID": 0,
        "total": 38316
    },
    "percentage": {
        "ACTIVE": 43.35647906442519,
        "INACTIVE": 56.65257333750913,
        "INVALID": 0,
        "MALICIOUS": 0,
        "SANE": 0,
        "VALID": 0,
        "total": 100.00905240193433
    }
}