{
    "counter": {
        "ACTIVE": 34232,
        "INACTIVE": 42931,
        "INVALID": 0,
        "MALICIOUS": 0,
        "SANE": 0,
        "VALID": 0,
        "total": 77163
    },
    "percentage": {
        "ACTIVE": 44.36323108225445,
        "INACTIVE": 55.63676891774555,
        "INVALID": 0.0,
        "MALICIOUS": 0.0,
        "SANE": 0.0,
        "VALID": 0.0,
        "total": 100.0
    }
}