{
    "counter": {
        "ACTIVE": 44349,
        "INACTIVE": 59468,
        "INVALID": 0,
        "MALICIOUS": 0,
        "SANE": 0,
        "VALID": 0,
        "total": 103817
    },
    "percentage": {
        "ACTIVE": 42.718437250161344,
        "INACTIVE": 57.281562749838656,
        "INVALID": 0.0,
        "MALICIOUS": 0.0,
        "SANE": 0.0,
        "VALID": 0.0,
        "total": 100.0
    }
}