{
    "counter": {
        "ACTIVE": 4541,
        "INACTIVE": 5763,
        "INVALID": 0,
        "MALICIOUS": 0,
        "SANE": 0,
        "VALID": 0,
        "total": 10304
    },
    "percentage": {
        "ACTIVE": 44.091659384406256,
        "INACTIVE": 55.92973602484472,
        "INVALID": 0,
        "MALICIOUS": 0,
        "SANE": 0,
        "VALID": 0,
        "total": 100.02139540925097
    }
}