{
    "counter": {
        "ACTIVE": 39243,
        "INACTIVE": 48586,
        "INVALID": 0,
        "MALICIOUS": 0,
        "SANE": 0,
        "VALID": 0,
        "total": 87829
    },
    "percentage": {
        "ACTIVE": 44.6811417641098,
        "INACTIVE": 55.3188582358902,
        "INVALID": 0.0,
        "MALICIOUS": 0.0,
        "SANE": 0.0,
        "VALID": 0.0,
        "total": 100.0
    }
}