{
    "counter": {
        "ACTIVE": 34784,
        "INACTIVE": 43387,
        "INVALID": 0,
        "MALICIOUS": 0,
        "SANE": 0,
        "VALID": 0,
        "total": 78171
    },
    "percentage": {
        "ACTIVE": 44.49731997799695,
        "INACTIVE": 55.50268002200305,
        "INVALID": 0.0,
        "MALICIOUS": 0.0,
        "SANE": 0.0,
        "VALID": 0.0,
        "total": 100.0
    }
}