{
    "counter": {
        "ACTIVE": 26510,
        "INACTIVE": 33914,
        "INVALID": 0,
        "MALICIOUS": 0,
        "SANE": 0,
        "VALID": 0,
        "total": 60424
    },
    "percentage": {
        "ACTIVE": 43.87329537931947,
        "INACTIVE": 56.12670462068053,
        "INVALID": 0.0,
        "MALICIOUS": 0.0,
        "SANE": 0.0,
        "VALID": 0.0,
        "total": 100.0
    }
}