{
    "counter": {
        "ACTIVE": 14052,
        "INACTIVE": 18665,
        "INVALID": 0,
        "MALICIOUS": 0,
        "SANE": 0,
        "VALID": 0,
        "total": 32717
    },
    "percentage": {
        "ACTIVE": 42.9606530312758,
        "INACTIVE": 57.049851759024364,
        "INVALID": 0,
        "MALICIOUS": 0,
        "SANE": 0,
        "VALID": 0,
        "total": 100.01050479030016
    }
}