{
    "counter": {
        "ACTIVE": 16826,
        "INACTIVE": 21883,
        "INVALID": 0,
        "MALICIOUS": 0,
        "SANE": 0,
        "VALID": 0,
        "total": 38709
    },
    "percentage": {
        "ACTIVE": 43.47129643982845,
        "INACTIVE": 56.53207264460461,
        "INVALID": 0,
        "MALICIOUS": 0,
        "SANE": 0,
        "VALID": 0,
        "total": 100.00336908443306
    }
}