{
    "counter": {
        "ACTIVE": 18317,
        "INACTIVE": 23428,
        "INVALID": 0,
        "MALICIOUS": 0,
        "SANE": 0,
        "VALID": 0,
        "total": 41745
    },
    "percentage": {
        "ACTIVE": 43.87830877949455,
        "INACTIVE": 56.12303564584132,
        "INVALID": 0,
        "MALICIOUS": 0,
        "SANE": 0,
        "VALID": 0,
        "total": 100.00134442533587
    }
}