{
    "counter": {
        "ACTIVE": 13534,
        "INACTIVE": 17694,
        "INVALID": 0,
        "MALICIOUS": 0,
        "SANE": 0,
        "VALID": 0,
        "total": 31228
    },
    "percentage": {
        "ACTIVE": 43.34208672260296,
        "INACTIVE": 56.6606891251441,
        "INVALID": 0,
        "MALICIOUS": 0,
        "SANE": 0,
        "VALID": 0,
        "total": 100.00277584774706
    }
}