{
    "counter": {
        "ACTIVE": 18544,
        "INACTIVE": 23612,
        "INVALID": 0,
        "MALICIOUS": 0,
        "SANE": 0,
        "VALID": 0,
        "total": 42156
    },
    "percentage": {
        "ACTIVE": 43.99003676906654,
        "INACTIVE": 56.01100673688206,
        "INVALID": 0,
        "MALICIOUS": 0,
        "SANE": 0,
        "VALID": 0,
        "total": 100.0010435059486
    }
}