{
    "counter": {
        "ACTIVE": 472,
        "INACTIVE": 653,
        "INVALID": 0,
        "MALICIOUS": 0,
        "SANE": 0,
        "VALID": 0,
        "total": 1125
    },
    "percentage": {
        "ACTIVE": 42.03027604630454,
        "INACTIVE": 58.044444444444444,
        "INVALID": 0,
        "MALICIOUS": 0,
        "SANE": 0,
        "VALID": 0,
        "total": 100.07472049074899
    }
}