{
    "counter": {
        "ACTIVE": 6173,
        "INACTIVE": 7759,
        "INVALID": 0,
        "MALICIOUS": 0,
        "SANE": 0,
        "VALID": 0,
        "total": 13932
    },
    "percentage": {
        "ACTIVE": 44.31761074018235,
        "INACTIVE": 55.69193224231984,
        "INVALID": 0,
        "MALICIOUS": 0,
        "SANE": 0,
        "VALID": 0,
        "total": 100.00954298250218
    }
}