{
    "counter": {
        "ACTIVE": 15482,
        "INACTIVE": 20872,
        "INVALID": 0,
        "MALICIOUS": 0,
        "SANE": 0,
        "VALID": 0,
        "total": 36354
    },
    "percentage": {
        "ACTIVE": 42.59264353902446,
        "INACTIVE": 57.41321450184299,
        "INVALID": 0,
        "MALICIOUS": 0,
        "SANE": 0,
        "VALID": 0,
        "total": 100.00585804086745
    }
}