{
    "counter": {
        "ACTIVE": 33431,
        "INACTIVE": 42197,
        "INVALID": 0,
        "MALICIOUS": 0,
        "SANE": 0,
        "VALID": 0,
        "total": 75628
    },
    "percentage": {
        "ACTIVE": 44.20452742370551,
        "INACTIVE": 55.79547257629449,
        "INVALID": 0.0,
        "MALICIOUS": 0.0,
        "SANE": 0.0,
        "VALID": 0.0,
        "total": 100.0
    }
}