{
    "counter": {
        "ACTIVE": 11736,
        "INACTIVE": 14525,
        "INVALID": 0,
        "MALICIOUS": 0,
        "SANE": 0,
        "VALID": 0,
        "total": 26261
    },
    "percentage": {
        "ACTIVE": 44.694950110442534,
        "INACTIVE": 55.310155744259546,
        "INVALID": 0,
        "MALICIOUS": 0,
        "SANE": 0,
        "VALID": 0,
        "total": 100.00510585470208
    }
}