{
    "counter": {
        "ACTIVE": 38485,
        "INACTIVE": 47545,
        "INVALID": 0,
        "MALICIOUS": 0,
        "SANE": 0,
        "VALID": 0,
        "total": 86030
    },
    "percentage": {
        "ACTIVE": 44.73439497849587,
        "INACTIVE": 55.26560502150413,
        "INVALID": 0.0,
        "MALICIOUS": 0.0,
        "SANE": 0.0,
        "VALID": 0.0,
        "total": 100.0
    }
}