{
    "counter": {
        "ACTIVE": 37801,
        "INACTIVE": 46783,
        "INVALID": 0,
        "MALICIOUS": 0,
        "SANE": 0,
        "VALID": 0,
        "total": 84584
    },
    "percentage": {
        "ACTIVE": 44.69048519814622,
        "INACTIVE": 55.30951480185378,
        "INVALID": 0.0,
        "MALICIOUS": 0.0,
        "SANE": 0.0,
        "VALID": 0.0,
        "total": 100.0
    }
}