{
    "counter": {
        "ACTIVE": 40412,
        "INACTIVE": 53279,
        "INVALID": 0,
        "MALICIOUS": 0,
        "SANE": 0,
        "VALID": 0,
        "total": 93691
    },
    "percentage": {
        "ACTIVE": 43.13327854329658,
        "INACTIVE": 56.86672145670342,
        "INVALID": 0.0,
        "MALICIOUS": 0.0,
        "SANE": 0.0,
        "VALID": 0.0,
        "total": 100.0
    }
}