{
    "counter": {
        "ACTIVE": 40061,
        "INACTIVE": 50472,
        "INVALID": 0,
        "MALICIOUS": 0,
        "SANE": 0,
        "VALID": 0,
        "total": 90533
    },
    "percentage": {
        "ACTIVE": 44.25016292401666,
        "INACTIVE": 55.74983707598334,
        "INVALID": 0.0,
        "MALICIOUS": 0.0,
        "SANE": 0.0,
        "VALID": 0.0,
        "total": 100.0
    }
}