{
    "counter": {
        "ACTIVE": 14008,
        "INACTIVE": 18524,
        "INVALID": 0,
        "MALICIOUS": 0,
        "SANE": 0,
        "VALID": 0,
        "total": 32532
    },
    "percentage": {
        "ACTIVE": 43.061789117737476,
        "INACTIVE": 56.94085823189475,
        "INVALID": 0,
        "MALICIOUS": 0,
        "SANE": 0,
        "VALID": 0,
        "total": 100.00264734963223
    }
}