{
    "counter": {
        "ACTIVE": 26575,
        "INACTIVE": 33996,
        "INVALID": 0,
        "MALICIOUS": 0,
        "SANE": 0,
        "VALID": 0,
        "total": 60571
    },
    "percentage": {
        "ACTIVE": 43.87413118489046,
        "INACTIVE": 56.12586881510954,
        "INVALID": 0.0,
        "MALICIOUS": 0.0,
        "SANE": 0.0,
        "VALID": 0.0,
        "total": 100.0
    }
}