{
    "counter": {
        "ACTIVE": 29855,
        "INACTIVE": 37737,
        "INVALID": 0,
        "MALICIOUS": 0,
        "SANE": 0,
        "VALID": 0,
        "total": 67592
    },
    "percentage": {
        "ACTIVE": 44.16942833471417,
        "INACTIVE": 55.84131165006881,
        "INVALID": 0.0,
        "MALICIOUS": 0.0,
        "SANE": 0.0,
        "VALID": 0.0,
        "total": 100.01073998478299
    }
}