{
    "counter": {
        "ACTIVE": 16120,
        "INACTIVE": 21257,
        "INVALID": 0,
        "MALICIOUS": 0,
        "SANE": 0,
        "VALID": 0,
        "total": 37377
    },
    "percentage": {
        "ACTIVE": 43.132742889251595,
        "INACTIVE": 56.87187307702598,
        "INVALID": 0,
        "MALICIOUS": 0,
        "SANE": 0,
        "VALID": 0,
        "total": 100.00461596627758
    }
}