{
    "counter": {
        "ACTIVE": 40162,
        "INACTIVE": 51565,
        "INVALID": 0,
        "MALICIOUS": 0,
        "SANE": 0,
        "VALID": 0,
        "total": 91727
    },
    "percentage": {
        "ACTIVE": 43.78427289674796,
        "INACTIVE": 56.21572710325204,
        "INVALID": 0.0,
        "MALICIOUS": 0.0,
        "SANE": 0.0,
        "VALID": 0.0,
        "total": 100.0
    }
}