{
    "counter": {
        "ACTIVE": 2659,
        "INACTIVE": 3349,
        "INVALID": 0,
        "MALICIOUS": 0,
        "SANE": 0,
        "VALID": 0,
        "total": 6008
    },
    "percentage": {
        "ACTIVE": 44.257656458055926,
        "INACTIVE": 55.7887722805264,
        "INVALID": 0,
        "MALICIOUS": 0,
        "SANE": 0,
        "VALID": 0,
        "total": 100.04642873858234
    }
}