{
    "counter": {
        "ACTIVE": 14059,
        "INACTIVE": 18679,
        "INVALID": 0,
        "MALICIOUS": 0,
        "SANE": 0,
        "VALID": 0,
        "total": 32738
    },
    "percentage": {
        "ACTIVE": 42.95053921119359,
        "INACTIVE": 57.05602052660517,
        "INVALID": 0,
        "MALICIOUS": 0,
        "SANE": 0,
        "VALID": 0,
        "total": 100.00655973779877
    }
}