{
    "counter": {
        "ACTIVE": 2179,
        "INACTIVE": 2846,
        "INVALID": 0,
        "MALICIOUS": 0,
        "SANE": 0,
        "VALID": 0,
        "total": 5025
    },
    "percentage": {
        "ACTIVE": 43.36318407960199,
        "INACTIVE": 56.64808917197452,
        "INVALID": 0,
        "MALICIOUS": 0,
        "SANE": 0,
        "VALID": 0,
        "total": 100.01127325157651
    }
}