{
    "counter": {
        "ACTIVE": 26969,
        "INACTIVE": 34543,
        "INVALID": 0,
        "MALICIOUS": 0,
        "SANE": 0,
        "VALID": 0,
        "total": 61512
    },
    "percentage": {
        "ACTIVE": 43.84347769540903,
        "INACTIVE": 56.15652230459097,
        "INVALID": 0.0,
        "MALICIOUS": 0.0,
        "SANE": 0.0,
        "VALID": 0.0,
        "total": 100.0
    }
}