{
    "counter": {
        "ACTIVE": 29780,
        "INACTIVE": 37657,
        "INVALID": 0,
        "MALICIOUS": 0,
        "SANE": 0,
        "VALID": 0,
        "total": 67437
    },
    "percentage": {
        "ACTIVE": 44.160389109674355,
        "INACTIVE": 55.84026572949568,
        "INVALID": 0.0,
        "MALICIOUS": 0.0,
        "SANE": 0.0,
        "VALID": 0.0,
        "total": 100.00065483917004
    }
}