{
    "counter": {
        "ACTIVE": 35694,
        "INACTIVE": 44715,
        "INVALID": 0,
        "MALICIOUS": 0,
        "SANE": 0,
        "VALID": 0,
        "total": 80409
    },
    "percentage": {
        "ACTIVE": 44.390553296272806,
        "INACTIVE": 55.609446703727194,
        "INVALID": 0.0,
        "MALICIOUS": 0.0,
        "SANE": 0.0,
        "VALID": 0.0,
        "total": 100.0
    }
}