{
    "counter": {
        "ACTIVE": 15157,
        "INACTIVE": 20246,
        "INVALID": 0,
        "MALICIOUS": 0,
        "SANE": 0,
        "VALID": 0,
        "total": 35403
    },
    "percentage": {
        "ACTIVE": 42.81517471257874,
        "INACTIVE": 57.187244018868455,
        "INVALID": 0,
        "MALICIOUS": 0,
        "SANE": 0,
        "VALID": 0,
        "total": 100.0024187314472
    }
}