{
    "counter": {
        "ACTIVE": 4272,
        "INACTIVE": 5294,
        "INVALID": 0,
        "MALICIOUS": 0,
        "SANE": 0,
        "VALID": 0,
        "total": 9566
    },
    "percentage": {
        "ACTIVE": 44.66750313676286,
        "INACTIVE": 55.3418356679908,
        "INVALID": 0,
        "MALICIOUS": 0,
        "SANE": 0,
        "VALID": 0,
        "total": 100.00933880475367
    }
}