{
    "counter": {
        "ACTIVE": 1871,
        "INACTIVE": 2297,
        "INVALID": 0,
        "MALICIOUS": 0,
        "SANE": 0,
        "VALID": 0,
        "total": 4168
    },
    "percentage": {
        "ACTIVE": 44.94355032428537,
        "INACTIVE": 55.11036468330134,
        "INVALID": 0,
        "MALICIOUS": 0,
        "SANE": 0,
        "VALID": 0,
        "total": 100.05391500758671
    }
}