{
    "counter": {
        "ACTIVE": 12597,
        "INACTIVE": 15762,
        "INVALID": 0,
        "MALICIOUS": 0,
        "SANE": 0,
        "VALID": 0,
        "total": 28359
    },
    "percentage": {
        "ACTIVE": 44.41976092245848,
        "INACTIVE": 55.58415911415171,
        "INVALID": 0,
        "MALICIOUS": 0,
        "SANE": 0,
        "VALID": 0,
        "total": 100.0039200366102
    }
}