{
    "counter": {
        "ACTIVE": 15375,
        "INACTIVE": 20618,
        "INVALID": 0,
        "MALICIOUS": 0,
        "SANE": 0,
        "VALID": 0,
        "total": 35993
    },
    "percentage": {
        "ACTIVE": 42.71782618359636,
        "INACTIVE": 57.28336065346039,
        "INVALID": 0,
        "MALICIOUS": 0,
        "SANE": 0,
        "VALID": 0,
        "total": 100.00118683705675
    }
}