{
    "counter": {
        "ACTIVE": 20955,
        "INACTIVE": 25900,
        "INVALID": 0,
        "MALICIOUS": 0,
        "SANE": 0,
        "VALID": 0,
        "total": 46855
    },
    "percentage": {
        "ACTIVE": 44.72403636829299,
        "INACTIVE": 55.276918151744745,
        "INVALID": 0,
        "MALICIOUS": 0,
        "SANE": 0,
        "VALID": 0,
        "total": 100.00095452003774
    }
}