{
    "counter": {
        "ACTIVE": 2945,
        "INACTIVE": 3577,
        "INVALID": 0,
        "MALICIOUS": 0,
        "SANE": 0,
        "VALID": 0,
        "total": 6522
    },
    "percentage": {
        "ACTIVE": 45.154860472247776,
        "INACTIVE": 54.86196319018405,
        "INVALID": 0,
        "MALICIOUS": 0,
        "SANE": 0,
        "VALID": 0,
        "total": 100.01682366243182
    }
}