{
    "counter": {
        "ACTIVE": 31441,
        "INACTIVE": 39409,
        "INVALID": 0,
        "MALICIOUS": 0,
        "SANE": 0,
        "VALID": 0,
        "total": 70850
    },
    "percentage": {
        "ACTIVE": 44.37873163295552,
        "INACTIVE": 55.623147494707126,
        "INVALID": 0.0,
        "MALICIOUS": 0.0,
        "SANE": 0.0,
        "VALID": 0.0,
        "total": 100.00187912766265
    }
}