{
    "counter": {
        "ACTIVE": 35112,
        "INACTIVE": 43952,
        "INVALID": 0,
        "MALICIOUS": 0,
        "SANE": 0,
        "VALID": 0,
        "total": 79064
    },
    "percentage": {
        "ACTIVE": 44.40959222908024,
        "INACTIVE": 55.59040777091976,
        "INVALID": 0.0,
        "MALICIOUS": 0.0,
        "SANE": 0.0,
        "VALID": 0.0,
        "total": 100.0
    }
}