{
    "counter": {
        "ACTIVE": 13964,
        "INACTIVE": 18433,
        "INVALID": 0,
        "MALICIOUS": 0,
        "SANE": 0,
        "VALID": 0,
        "total": 32397
    },
    "percentage": {
        "ACTIVE": 43.102756428064325,
        "INACTIVE": 56.89899987652797,
        "INVALID": 0,
        "MALICIOUS": 0,
        "SANE": 0,
        "VALID": 0,
        "total": 100.00175630459229
    }
}