{
    "counter": {
        "ACTIVE": 36704,
        "INACTIVE": 45930,
        "INVALID": 0,
        "MALICIOUS": 0,
        "SANE": 0,
        "VALID": 0,
        "total": 82634
    },
    "percentage": {
        "ACTIVE": 44.4175520971997,
        "INACTIVE": 55.5824479028003,
        "INVALID": 0.0,
        "MALICIOUS": 0.0,
        "SANE": 0.0,
        "VALID": 0.0,
        "total": 100.0
    }
}