{
    "counter": {
        "ACTIVE": 37587,
        "INACTIVE": 46382,
        "INVALID": 0,
        "MALICIOUS": 0,
        "SANE": 0,
        "VALID": 0,
        "total": 83969
    },
    "percentage": {
        "ACTIVE": 44.762948230894736,
        "INACTIVE": 55.237051769105264,
        "INVALID": 0.0,
        "MALICIOUS": 0.0,
        "SANE": 0.0,
        "VALID": 0.0,
        "total": 100.0
    }
}