{
    "counter": {
        "ACTIVE": 38104,
        "INACTIVE": 47131,
        "INVALID": 0,
        "MALICIOUS": 0,
        "SANE": 0,
        "VALID": 0,
        "total": 85235
    },
    "percentage": {
        "ACTIVE": 44.70464011262979,
        "INACTIVE": 55.29535988737021,
        "INVALID": 0.0,
        "MALICIOUS": 0.0,
        "SANE": 0.0,
        "VALID": 0.0,
        "total": 100.0
    }
}