{
    "counter": {
        "ACTIVE": 36693,
        "INACTIVE": 45922,
        "INVALID": 0,
        "MALICIOUS": 0,
        "SANE": 0,
        "VALID": 0,
        "total": 82615
    },
    "percentage": {
        "ACTIVE": 44.41445258125038,
        "INACTIVE": 55.58554741874962,
        "INVALID": 0.0,
        "MALICIOUS": 0.0,
        "SANE": 0.0,
        "VALID": 0.0,
        "total": 100.0
    }
}