{
    "counter": {
        "ACTIVE": 32057,
        "INACTIVE": 40205,
        "INVALID": 0,
        "MALICIOUS": 0,
        "SANE": 0,
        "VALID": 0,
        "total": 72262
    },
    "percentage": {
        "ACTIVE": 44.36402385861969,
        "INACTIVE": 55.637817940272896,
        "INVALID": 0.0,
        "MALICIOUS": 0.0,
        "SANE": 0.0,
        "VALID": 0.0,
        "total": 100.00184179889258
    }
}