{
    "counter": {
        "ACTIVE": 28992,
        "INACTIVE": 36912,
        "INVALID": 0,
        "MALICIOUS": 0,
        "SANE": 0,
        "VALID": 0,
        "total": 65904
    },
    "percentage": {
        "ACTIVE": 43.99393019726859,
        "INACTIVE": 56.00873998543336,
        "INVALID": 0.0,
        "MALICIOUS": 0.0,
        "SANE": 0.0,
        "VALID": 0.0,
        "total": 100.00267018270195
    }
}