{
    "counter": {
        "ACTIVE": 12380,
        "INACTIVE": 15274,
        "INVALID": 0,
        "MALICIOUS": 0,
        "SANE": 0,
        "VALID": 0,
        "total": 27654
    },
    "percentage": {
        "ACTIVE": 44.76910280982172,
        "INACTIVE": 55.23251609170464,
        "INVALID": 0,
        "MALICIOUS": 0,
        "SANE": 0,
        "VALID": 0,
        "total": 100.00161890152636
    }
}