{
    "counter": {
        "ACTIVE": 21975,
        "INACTIVE": 26946,
        "INVALID": 0,
        "MALICIOUS": 0,
        "SANE": 0,
        "VALID": 0,
        "total": 48921
    },
    "percentage": {
        "ACTIVE": 44.91935978414178,
        "INACTIVE": 55.08064021585822,
        "INVALID": 0.0,
        "MALICIOUS": 0.0,
        "SANE": 0.0,
        "VALID": 0.0,
        "total": 100.0
    }
}