{
    "counter": {
        "ACTIVE": 31063,
        "INACTIVE": 38816,
        "INVALID": 0,
        "MALICIOUS": 0,
        "SANE": 0,
        "VALID": 0,
        "total": 69879
    },
    "percentage": {
        "ACTIVE": 44.45255369996708,
        "INACTIVE": 55.54983112942927,
        "INVALID": 0.0,
        "MALICIOUS": 0.0,
        "SANE": 0.0,
        "VALID": 0.0,
        "total": 100.00238482939636
    }
}