{
    "counter": {
        "ACTIVE": 30454,
        "INACTIVE": 38229,
        "INVALID": 0,
        "MALICIOUS": 0,
        "SANE": 0,
        "VALID": 0,
        "total": 68683
    },
    "percentage": {
        "ACTIVE": 44.34122974330601,
        "INACTIVE": 55.66006144169591,
        "INVALID": 0.0,
        "MALICIOUS": 0.0,
        "SANE": 0.0,
        "VALID": 0.0,
        "total": 100.00129118500192
    }
}