{
    "counter": {
        "ACTIVE": 11586,
        "INACTIVE": 14370,
        "INVALID": 0,
        "MALICIOUS": 0,
        "SANE": 0,
        "VALID": 0,
        "total": 25956
    },
    "percentage": {
        "ACTIVE": 44.640517839254066,
        "INACTIVE": 55.36292186777624,
        "INVALID": 0,
        "MALICIOUS": 0,
        "SANE": 0,
        "VALID": 0,
        "total": 100.00343970703031
    }
}