{
    "counter": {
        "ACTIVE": 30375,
        "INACTIVE": 38124,
        "INVALID": 0,
        "MALICIOUS": 0,
        "SANE": 0,
        "VALID": 0,
        "total": 68499
    },
    "percentage": {
        "ACTIVE": 44.34759756471464,
        "INACTIVE": 55.6562869530942,
        "INVALID": 0.0,
        "MALICIOUS": 0.0,
        "SANE": 0.0,
        "VALID": 0.0,
        "total": 100.00388451780884
    }
}