{
    "counter": {
        "ACTIVE": 25069,
        "INACTIVE": 31066,
        "INVALID": 0,
        "MALICIOUS": 0,
        "SANE": 0,
        "VALID": 0,
        "total": 56135
    },
    "percentage": {
        "ACTIVE": 44.65841275496571,
        "INACTIVE": 55.34158724503429,
        "INVALID": 0.0,
        "MALICIOUS": 0.0,
        "SANE": 0.0,
        "VALID": 0.0,
        "total": 100.0
    }
}