{
    "counter": {
        "ACTIVE": 3791,
        "INACTIVE": 4650,
        "INVALID": 0,
        "MALICIOUS": 0,
        "SANE": 0,
        "VALID": 0,
        "total": 8441
    },
    "percentage": {
        "ACTIVE": 44.91706161137441,
        "INACTIVE": 55.08825968487146,
        "INVALID": 0,
        "MALICIOUS": 0,
        "SANE": 0,
        "VALID": 0,
        "total": 100.00532129624587
    }
}