{
    "counter": {
        "ACTIVE": 17369,
        "INACTIVE": 22457,
        "INVALID": 0,
        "MALICIOUS": 0,
        "SANE": 0,
        "VALID": 0,
        "total": 39826
    },
    "percentage": {
        "ACTIVE": 43.61549858122191,
        "INACTIVE": 56.3877868728971,
        "INVALID": 0,
        "MALICIOUS": 0,
        "SANE": 0,
        "VALID": 0,
        "total": 100.00328545411901
    }
}