{
    "counter": {
        "ACTIVE": 34539,
        "INACTIVE": 43178,
        "INVALID": 0,
        "MALICIOUS": 0,
        "SANE": 0,
        "VALID": 0,
        "total": 77717
    },
    "percentage": {
        "ACTIVE": 44.44201397377665,
        "INACTIVE": 55.55798602622335,
        "INVALID": 0.0,
        "MALICIOUS": 0.0,
        "SANE": 0.0,
        "VALID": 0.0,
        "total": 100.0
    }
}