{
    "counter": {
        "ACTIVE": 22078,
        "INACTIVE": 27056,
        "INVALID": 0,
        "MALICIOUS": 0,
        "SANE": 0,
        "VALID": 0,
        "total": 49134
    },
    "percentage": {
        "ACTIVE": 44.93426140757927,
        "INACTIVE": 55.06573859242073,
        "INVALID": 0.0,
        "MALICIOUS": 0.0,
        "SANE": 0.0,
        "VALID": 0.0,
        "total": 100.0
    }
}