{
    "counter": {
        "ACTIVE": 25145,
        "INACTIVE": 31311,
        "INVALID": 0,
        "MALICIOUS": 0,
        "SANE": 0,
        "VALID": 0,
        "total": 56456
    },
    "percentage": {
        "ACTIVE": 44.53911010344339,
        "INACTIVE": 55.46088989655661,
        "INVALID": 0.0,
        "MALICIOUS": 0.0,
        "SANE": 0.0,
        "VALID": 0.0,
        "total": 100.0
    }
}