{
    "counter": {
        "ACTIVE": 19282,
        "INACTIVE": 24165,
        "INVALID": 0,
        "MALICIOUS": 0,
        "SANE": 0,
        "VALID": 0,
        "total": 43447
    },
    "percentage": {
        "ACTIVE": 44.38357425651413,
        "INACTIVE": 55.61949041360738,
        "INVALID": 0,
        "MALICIOUS": 0,
        "SANE": 0,
        "VALID": 0,
        "total": 100.00306467012152
    }
}