{
    "counter": {
        "ACTIVE": 36542,
        "INACTIVE": 45707,
        "INVALID": 0,
        "MALICIOUS": 0,
        "SANE": 0,
        "VALID": 0,
        "total": 82249
    },
    "percentage": {
        "ACTIVE": 44.428503690014466,
        "INACTIVE": 55.571496309985534,
        "INVALID": 0.0,
        "MALICIOUS": 0.0,
        "SANE": 0.0,
        "VALID": 0.0,
        "total": 100.0
    }
}