{
    "counter": {
        "ACTIVE": 36595,
        "INACTIVE": 45793,
        "INVALID": 0,
        "MALICIOUS": 0,
        "SANE": 0,
        "VALID": 0,
        "total": 82388
    },
    "percentage": {
        "ACTIVE": 44.4178763897655,
        "INACTIVE": 55.5821236102345,
        "INVALID": 0.0,
        "MALICIOUS": 0.0,
        "SANE": 0.0,
        "VALID": 0.0,
        "total": 100.0
    }
}