{
    "counter": {
        "ACTIVE": 40148,
        "INACTIVE": 51378,
        "INVALID": 0,
        "MALICIOUS": 0,
        "SANE": 0,
        "VALID": 0,
        "total": 91526
    },
    "percentage": {
        "ACTIVE": 43.865131219544175,
        "INACTIVE": 56.134868780455825,
        "INVALID": 0.0,
        "MALICIOUS": 0.0,
        "SANE": 0.0,
        "VALID": 0.0,
        "total": 100.0
    }
}