{
    "counter": {
        "ACTIVE": 7849,
        "INACTIVE": 10277,
        "INVALID": 0,
        "MALICIOUS": 0,
        "SANE": 0,
        "VALID": 0,
        "total": 18126
    },
    "percentage": {
        "ACTIVE": 43.3048275862069,
        "INACTIVE": 56.69756151384751,
        "INVALID": 0,
        "MALICIOUS": 0,
        "SANE": 0,
        "VALID": 0,
        "total": 100.00238910005442
    }
}