{
    "counter": {
        "ACTIVE": 33971,
        "INACTIVE": 42737,
        "INVALID": 0,
        "MALICIOUS": 0,
        "SANE": 0,
        "VALID": 0,
        "total": 76708
    },
    "percentage": {
        "ACTIVE": 44.28612400271158,
        "INACTIVE": 55.71387599728842,
        "INVALID": 0.0,
        "MALICIOUS": 0.0,
        "SANE": 0.0,
        "VALID": 0.0,
        "total": 100.0
    }
}