{
    "counter": {
        "ACTIVE": 13166,
        "INACTIVE": 16986,
        "INVALID": 0,
        "MALICIOUS": 0,
        "SANE": 0,
        "VALID": 0,
        "total": 30152
    },
    "percentage": {
        "ACTIVE": 43.666876720506785,
        "INACTIVE": 56.33457150437782,
        "INVALID": 0,
        "MALICIOUS": 0,
        "SANE": 0,
        "VALID": 0,
        "total": 100.0014482248846
    }
}