{
    "counter": {
        "ACTIVE": 41563,
        "INACTIVE": 55312,
        "INVALID": 0,
        "MALICIOUS": 0,
        "SANE": 0,
        "VALID": 0,
        "total": 96875
    },
    "percentage": {
        "ACTIVE": 42.90374193548387,
        "INACTIVE": 57.09625806451613,
        "INVALID": 0.0,
        "MALICIOUS": 0.0,
        "SANE": 0.0,
        "VALID": 0.0,
        "total": 100.0
    }
}