{
    "counter": {
        "ACTIVE": 12939,
        "INACTIVE": 16381,
        "INVALID": 0,
        "MALICIOUS": 0,
        "SANE": 0,
        "VALID": 0,
        "total": 29320
    },
    "percentage": {
        "ACTIVE": 44.130286493860844,
        "INACTIVE": 55.87543063751407,
        "INVALID": 0,
        "MALICIOUS": 0,
        "SANE": 0,
        "VALID": 0,
        "total": 100.00571713137492
    }
}