{
    "counter": {
        "ACTIVE": 40067,
        "INACTIVE": 50496,
        "INVALID": 0,
        "MALICIOUS": 0,
        "SANE": 0,
        "VALID": 0,
        "total": 90563
    },
    "percentage": {
        "ACTIVE": 44.24212978810331,
        "INACTIVE": 55.75787021189669,
        "INVALID": 0.0,
        "MALICIOUS": 0.0,
        "SANE": 0.0,
        "VALID": 0.0,
        "total": 100.0
    }
}