{
    "counter": {
        "ACTIVE": 30651,
        "INACTIVE": 38432,
        "INVALID": 0,
        "MALICIOUS": 0,
        "SANE": 0,
        "VALID": 0,
        "total": 69083
    },
    "percentage": {
        "ACTIVE": 44.36836848428702,
        "INACTIVE": 55.63243681422078,
        "INVALID": 0.0,
        "MALICIOUS": 0.0,
        "SANE": 0.0,
        "VALID": 0.0,
        "total": 100.0008052985078
    }
}