{
    "counter": {
        "ACTIVE": 4681,
        "INACTIVE": 6018,
        "INVALID": 0,
        "MALICIOUS": 0,
        "SANE": 0,
        "VALID": 0,
        "total": 10699
    },
    "percentage": {
        "ACTIVE": 43.75584221349785,
        "INACTIVE": 56.248247499766336,
        "INVALID": 0,
        "MALICIOUS": 0,
        "SANE": 0,
        "VALID": 0,
        "total": 100.0040897132642
    }
}