{
    "counter": {
        "ACTIVE": 35429,
        "INACTIVE": 44376,
        "INVALID": 0,
        "MALICIOUS": 0,
        "SANE": 0,
        "VALID": 0,
        "total": 79805
    },
    "percentage": {
        "ACTIVE": 44.39446149990602,
        "INACTIVE": 55.60553850009398,
        "INVALID": 0.0,
        "MALICIOUS": 0.0,
        "SANE": 0.0,
        "VALID": 0.0,
        "total": 100.0
    }
}