{
    "counter": {
        "ACTIVE": 25823,
        "INACTIVE": 32889,
        "INVALID": 0,
        "MALICIOUS": 0,
        "SANE": 0,
        "VALID": 0,
        "total": 58712
    },
    "percentage": {
        "ACTIVE": 43.98249080256166,
        "INACTIVE": 56.01750919743834,
        "INVALID": 0.0,
        "MALICIOUS": 0.0,
        "SANE": 0.0,
        "VALID": 0.0,
        "total": 100.0
    }
}