{
    "counter": {
        "ACTIVE": 13601,
        "INACTIVE": 17766,
        "INVALID": 0,
        "MALICIOUS": 0,
        "SANE": 0,
        "VALID": 0,
        "total": 31367
    },
    "percentage": {
        "ACTIVE": 43.36085695157331,
        "INACTIVE": 56.644560642775154,
        "INVALID": 0,
        "MALICIOUS": 0,
        "SANE": 0,
        "VALID": 0,
        "total": 100.00541759434847
    }
}