{
    "counter": {
        "ACTIVE": 28817,
        "INACTIVE": 36762,
        "INVALID": 0,
        "MALICIOUS": 0,
        "SANE": 0,
        "VALID": 0,
        "total": 65579
    },
    "percentage": {
        "ACTIVE": 43.94309067065174,
        "INACTIVE": 56.05757940804221,
        "INVALID": 0.0,
        "MALICIOUS": 0.0,
        "SANE": 0.0,
        "VALID": 0.0,
        "total": 100.00067007869396
    }
}