{
    "counter": {
        "ACTIVE": 39389,
        "INACTIVE": 48960,
        "INVALID": 0,
        "MALICIOUS": 0,
        "SANE": 0,
        "VALID": 0,
        "total": 88349
    },
    "percentage": {
        "ACTIVE": 44.583413507792955,
        "INACTIVE": 55.416586492207045,
        "INVALID": 0.0,
        "MALICIOUS": 0.0,
        "SANE": 0.0,
        "VALID": 0.0,
        "total": 100.0
    }
}