{
    "counter": {
        "ACTIVE": 35404,
        "INACTIVE": 44355,
        "INVALID": 0,
        "MALICIOUS": 0,
        "SANE": 0,
        "VALID": 0,
        "total": 79759
    },
    "percentage": {
        "ACTIVE": 44.38872102207901,
        "INACTIVE": 55.61127897792099,
        "INVALID": 0.0,
        "MALICIOUS": 0.0,
        "SANE": 0.0,
        "VALID": 0.0,
        "total": 100.0
    }
}