{
    "counter": {
        "ACTIVE": 24145,
        "INACTIVE": 29909,
        "INVALID": 0,
        "MALICIOUS": 0,
        "SANE": 0,
        "VALID": 0,
        "total": 54054
    },
    "percentage": {
        "ACTIVE": 44.66829466829467,
        "INACTIVE": 55.33170533170533,
        "INVALID": 0.0,
        "MALICIOUS": 0.0,
        "SANE": 0.0,
        "VALID": 0.0,
        "total": 100.0
    }
}