{
    "counter": {
        "ACTIVE": 12503,
        "INACTIVE": 15497,
        "INVALID": 0,
        "MALICIOUS": 0,
        "SANE": 0,
        "VALID": 0,
        "total": 28000
    },
    "percentage": {
        "ACTIVE": 44.655166255937715,
        "INACTIVE": 55.34642857142857,
        "INVALID": 0,
        "MALICIOUS": 0,
        "SANE": 0,
        "VALID": 0,
        "total": 100.00159482736629
    }
}