{
    "counter": {
        "ACTIVE": 12582,
        "INACTIVE": 15711,
        "INVALID": 0,
        "MALICIOUS": 0,
        "SANE": 0,
        "VALID": 0,
        "total": 28293
    },
    "percentage": {
        "ACTIVE": 44.47507953340403,
        "INACTIVE": 55.52963630580002,
        "INVALID": 0,
        "MALICIOUS": 0,
        "SANE": 0,
        "VALID": 0,
        "total": 100.00471583920404
    }
}