{
    "counter": {
        "ACTIVE": 14182,
        "INACTIVE": 18924,
        "INVALID": 0,
        "MALICIOUS": 0,
        "SANE": 0,
        "VALID": 0,
        "total": 33106
    },
    "percentage": {
        "ACTIVE": 42.84074432092798,
        "INACTIVE": 57.161843774542376,
        "INVALID": 0,
        "MALICIOUS": 0,
        "SANE": 0,
        "VALID": 0,
        "total": 100.00258809547036
    }
}