{
    "counter": {
        "ACTIVE": 39171,
        "INACTIVE": 48461,
        "INVALID": 0,
        "MALICIOUS": 0,
        "SANE": 0,
        "VALID": 0,
        "total": 87632
    },
    "percentage": {
        "ACTIVE": 44.69942486762827,
        "INACTIVE": 55.30057513237173,
        "INVALID": 0.0,
        "MALICIOUS": 0.0,
        "SANE": 0.0,
        "VALID": 0.0,
        "total": 100.0
    }
}