{
    "counter": {
        "ACTIVE": 7968,
        "INACTIVE": 10481,
        "INVALID": 0,
        "MALICIOUS": 0,
        "SANE": 0,
        "VALID": 0,
        "total": 18449
    },
    "percentage": {
        "ACTIVE": 43.19869883437246,
        "INACTIVE": 56.81066724483712,
        "INVALID": 0,
        "MALICIOUS": 0,
        "SANE": 0,
        "VALID": 0,
        "total": 100.00936607920957
    }
}