{
    "counter": {
        "ACTIVE": 15352,
        "INACTIVE": 20549,
        "INVALID": 0,
        "MALICIOUS": 0,
        "SANE": 0,
        "VALID": 0,
        "total": 35901
    },
    "percentage": {
        "ACTIVE": 42.76799643414308,
        "INACTIVE": 57.23795994540542,
        "INVALID": 0,
        "MALICIOUS": 0,
        "SANE": 0,
        "VALID": 0,
        "total": 100.00595637954851
    }
}