{
    "counter": {
        "ACTIVE": 5590,
        "INACTIVE": 6999,
        "INVALID": 0,
        "MALICIOUS": 0,
        "SANE": 0,
        "VALID": 0,
        "total": 12589
    },
    "percentage": {
        "ACTIVE": 44.41795788637267,
        "INACTIVE": 55.59615537373898,
        "INVALID": 0,
        "MALICIOUS": 0,
        "SANE": 0,
        "VALID": 0,
        "total": 100.01411326011166
    }
}