{
    "counter": {
        "ACTIVE": 10749,
        "INACTIVE": 13630,
        "INVALID": 0,
        "MALICIOUS": 0,
        "SANE": 0,
        "VALID": 0,
        "total": 24379
    },
    "percentage": {
        "ACTIVE": 44.0966524450279,
        "INACTIVE": 55.90877394478855,
        "INVALID": 0,
        "MALICIOUS": 0,
        "SANE": 0,
        "VALID": 0,
        "total": 100.00542638981645
    }
}