{
    "counter": {
        "ACTIVE": 37915,
        "INACTIVE": 46901,
        "INVALID": 0,
        "MALICIOUS": 0,
        "SANE": 0,
        "VALID": 0,
        "total": 84816
    },
    "percentage": {
        "ACTIVE": 44.702650443312585,
        "INACTIVE": 55.297349556687415,
        "INVALID": 0.0,
        "MALICIOUS": 0.0,
        "SANE": 0.0,
        "VALID": 0.0,
        "total": 100.0
    }
}