{
    "counter": {
        "ACTIVE": 39253,
        "INACTIVE": 48619,
        "INVALID": 0,
        "MALICIOUS": 0,
        "SANE": 0,
        "VALID": 0,
        "total": 87872
    },
    "percentage": {
        "ACTIVE": 44.6706573197378,
        "INACTIVE": 55.3293426802622,
        "INVALID": 0.0,
        "MALICIOUS": 0.0,
        "SANE": 0.0,
        "VALID": 0.0,
        "total": 100.0
    }
}