{
    "counter": {
        "ACTIVE": 12274,
        "INACTIVE": 15150,
        "INVALID": 0,
        "MALICIOUS": 0,
        "SANE": 0,
        "VALID": 0,
        "total": 27424
    },
    "percentage": {
        "ACTIVE": 44.758049812201435,
        "INACTIVE": 55.24358226371062,
        "INVALID": 0,
        "MALICIOUS": 0,
        "SANE": 0,
        "VALID": 0,
        "total": 100.00163207591206
    }
}