{
    "counter": {
        "ACTIVE": 22293,
        "INACTIVE": 27410,
        "INVALID": 0,
        "MALICIOUS": 0,
        "SANE": 0,
        "VALID": 0,
        "total": 49703
    },
    "percentage": {
        "ACTIVE": 44.852423394966095,
        "INACTIVE": 55.147576605033905,
        "INVALID": 0.0,
        "MALICIOUS": 0.0,
        "SANE": 0.0,
        "VALID": 0.0,
        "total": 100.0
    }
}