{
    "counter": {
        "ACTIVE": 20783,
        "INACTIVE": 25715,
        "INVALID": 0,
        "MALICIOUS": 0,
        "SANE": 0,
        "VALID": 0,
        "total": 46498
    },
    "percentage": {
        "ACTIVE": 44.696546088003785,
        "INACTIVE": 55.3046433103211,
        "INVALID": 0,
        "MALICIOUS": 0,
        "SANE": 0,
        "VALID": 0,
        "total": 100.00118939832488
    }
}