{
    "counter": {
        "ACTIVE": 40309,
        "INACTIVE": 52574,
        "INVALID": 0,
        "MALICIOUS": 0,
        "SANE": 0,
        "VALID": 0,
        "total": 92883
    },
    "percentage": {
        "ACTIVE": 43.39760774307462,
        "INACTIVE": 56.60239225692538,
        "INVALID": 0.0,
        "MALICIOUS": 0.0,
        "SANE": 0.0,
        "VALID": 0.0,
        "total": 100.0
    }
}