{
    "counter": {
        "ACTIVE": 5947,
        "INACTIVE": 7419,
        "INVALID": 0,
        "MALICIOUS": 0,
        "SANE": 0,
        "VALID": 0,
        "total": 13366
    },
    "percentage": {
        "ACTIVE": 44.49682005237561,
        "INACTIVE": 55.50650905282059,
        "INVALID": 0,
        "MALICIOUS": 0,
        "SANE": 0,
        "VALID": 0,
        "total": 100.0033291051962
    }
}