{
    "counter": {
        "ACTIVE": 43933,
        "INACTIVE": 58962,
        "INVALID": 0,
        "MALICIOUS": 0,
        "SANE": 0,
        "VALID": 0,
        "total": 102895
    },
    "percentage": {
        "ACTIVE": 42.6969240487876,
        "INACTIVE": 57.3030759512124,
        "INVALID": 0.0,
        "MALICIOUS": 0.0,
        "SANE": 0.0,
        "VALID": 0.0,
        "total": 100.0
    }
}