{
    "counter": {
        "ACTIVE": 34289,
        "INACTIVE": 42982,
        "INVALID": 0,
        "MALICIOUS": 0,
        "SANE": 0,
        "VALID": 0,
        "total": 77271
    },
    "percentage": {
        "ACTIVE": 44.374991911583905,
        "INACTIVE": 55.625008088416095,
        "INVALID": 0.0,
        "MALICIOUS": 0.0,
        "SANE": 0.0,
        "VALID": 0.0,
        "total": 100.0
    }
}