{
    "counter": {
        "ACTIVE": 26956,
        "INACTIVE": 34526,
        "INVALID": 0,
        "MALICIOUS": 0,
        "SANE": 0,
        "VALID": 0,
        "total": 61482
    },
    "percentage": {
        "ACTIVE": 43.84372661917309,
        "INACTIVE": 56.15627338082691,
        "INVALID": 0.0,
        "MALICIOUS": 0.0,
        "SANE": 0.0,
        "VALID": 0.0,
        "total": 100.0
    }
}