{
    "counter": {
        "ACTIVE": 27273,
        "INACTIVE": 34950,
        "INVALID": 0,
        "MALICIOUS": 0,
        "SANE": 0,
        "VALID": 0,
        "total": 62223
    },
    "percentage": {
        "ACTIVE": 43.83105925461646,
        "INACTIVE": 56.16894074538354,
        "INVALID": 0.0,
        "MALICIOUS": 0.0,
        "SANE": 0.0,
        "VALID": 0.0,
        "total": 100.0
    }
}