{
    "counter": {
        "ACTIVE": 39968,
        "INACTIVE": 50306,
        "INVALID": 0,
        "MALICIOUS": 0,
        "SANE": 0,
        "VALID": 0,
        "total": 90274
    },
    "percentage": {
        "ACTIVE": 44.27409885459822,
        "INACTIVE": 55.72590114540178,
        "INVALID": 0.0,
        "MALICIOUS": 0.0,
        "SANE": 0.0,
        "VALID": 0.0,
        "total": 100.0
    }
}