{
    "counter": {
        "ACTIVE": 37049,
        "INACTIVE": 46073,
        "INVALID": 0,
        "MALICIOUS": 0,
        "SANE": 0,
        "VALID": 0,
        "total": 83122
    },
    "percentage": {
        "ACTIVE": 44.57183417145882,
        "INACTIVE": 55.42816582854118,
        "INVALID": 0.0,
        "MALICIOUS": 0.0,
        "SANE": 0.0,
        "VALID": 0.0,
        "total": 100.0
    }
}