{
    "counter": {
        "ACTIVE": 19157,
        "INACTIVE": 24063,
        "INVALID": 0,
        "MALICIOUS": 0,
        "SANE": 0,
        "VALID": 0,
        "total": 43220
    },
    "percentage": {
        "ACTIVE": 44.32438685793614,
        "INACTIVE": 55.67947798320105,
        "INVALID": 0,
        "MALICIOUS": 0,
        "SANE": 0,
        "VALID": 0,
        "total": 100.00386484113719
    }
}