{
    "counter": {
        "ACTIVE": 36685,
        "INACTIVE": 45915,
        "INVALID": 0,
        "MALICIOUS": 0,
        "SANE": 0,
        "VALID": 0,
        "total": 82600
    },
    "percentage": {
        "ACTIVE": 44.412832929782084,
        "INACTIVE": 55.587167070217916,
        "INVALID": 0.0,
        "MALICIOUS": 0.0,
        "SANE": 0.0,
        "VALID": 0.0,
        "total": 100.0
    }
}