{
    "counter": {
        "ACTIVE": 23166,
        "INACTIVE": 28421,
        "INVALID": 0,
        "MALICIOUS": 0,
        "SANE": 0,
        "VALID": 0,
        "total": 51587
    },
    "percentage": {
        "ACTIVE": 44.90666253125787,
        "INACTIVE": 55.09333746874213,
        "INVALID": 0.0,
        "MALICIOUS": 0.0,
        "SANE": 0.0,
        "VALID": 0.0,
        "total": 100.0
    }
}