{
    "counter": {
        "ACTIVE": 1626,
        "INACTIVE": 1760,
        "INVALID": 0,
        "MALICIOUS": 0,
        "SANE": 0,
        "VALID": 0,
        "total": 3386
    },
    "percentage": {
        "ACTIVE": 48.063848655039905,
        "INACTIVE": 51.978735971647964,
        "INVALID": 0,
        "MALICIOUS": 0,
        "SANE": 0,
        "VALID": 0,
        "total": 100.04258462668787
    }
}