{
    "counter": {
        "ACTIVE": 18959,
        "INACTIVE": 23893,
        "INVALID": 0,
        "MALICIOUS": 0,
        "SANE": 0,
        "VALID": 0,
        "total": 42852
    },
    "percentage": {
        "ACTIVE": 44.24297582376552,
        "INACTIVE": 55.759626604434075,
        "INVALID": 0,
        "MALICIOUS": 0,
        "SANE": 0,
        "VALID": 0,
        "total": 100.0026024281996
    }
}