{
    "counter": {
        "ACTIVE": 26843,
        "INACTIVE": 34322,
        "INVALID": 0,
        "MALICIOUS": 0,
        "SANE": 0,
        "VALID": 0,
        "total": 61165
    },
    "percentage": {
        "ACTIVE": 43.88620943349955,
        "INACTIVE": 56.11379056650045,
        "INVALID": 0.0,
        "MALICIOUS": 0.0,
        "SANE": 0.0,
        "VALID": 0.0,
        "total": 100.0
    }
}