{
    "counter": {
        "ACTIVE": 13542,
        "INACTIVE": 17711,
        "INVALID": 0,
        "MALICIOUS": 0,
        "SANE": 0,
        "VALID": 0,
        "total": 31253
    },
    "percentage": {
        "ACTIVE": 43.33162677588634,
        "INACTIVE": 56.66975970306851,
        "INVALID": 0,
        "MALICIOUS": 0,
        "SANE": 0,
        "VALID": 0,
        "total": 100.00138647895486
    }
}