{
    "counter": {
        "ACTIVE": 6944,
        "INACTIVE": 9203,
        "INVALID": 0,
        "MALICIOUS": 0,
        "SANE": 0,
        "VALID": 0,
        "total": 16147
    },
    "percentage": {
        "ACTIVE": 43.00489254969963,
        "INACTIVE": 56.99863743342004,
        "INVALID": 0,
        "MALICIOUS": 0,
        "SANE": 0,
        "VALID": 0,
        "total": 100.00352998311968
    }
}