{
    "counter": {
        "ACTIVE": 16276,
        "INACTIVE": 21346,
        "INVALID": 0,
        "MALICIOUS": 0,
        "SANE": 0,
        "VALID": 0,
        "total": 37622
    },
    "percentage": {
        "ACTIVE": 43.264221158958,
        "INACTIVE": 56.73807878369039,
        "INVALID": 0,
        "MALICIOUS": 0,
        "SANE": 0,
        "VALID": 0,
        "total": 100.00229994264839
    }
}