{
    "counter": {
        "ACTIVE": 21749,
        "INACTIVE": 26721,
        "INVALID": 0,
        "MALICIOUS": 0,
        "SANE": 0,
        "VALID": 0,
        "total": 48470
    },
    "percentage": {
        "ACTIVE": 44.87105426036724,
        "INACTIVE": 55.12894573963276,
        "INVALID": 0.0,
        "MALICIOUS": 0.0,
        "SANE": 0.0,
        "VALID": 0.0,
        "total": 100.0
    }
}