{
    "counter": {
        "ACTIVE": 16251,
        "INACTIVE": 21331,
        "INVALID": 0,
        "MALICIOUS": 0,
        "SANE": 0,
        "VALID": 0,
        "total": 37582
    },
    "percentage": {
        "ACTIVE": 43.242595992655865,
        "INACTIVE": 56.758554627215155,
        "INVALID": 0,
        "MALICIOUS": 0,
        "SANE": 0,
        "VALID": 0,
        "total": 100.00115061987103
    }
}