{
    "counter": {
        "ACTIVE": 16671,
        "INACTIVE": 21754,
        "INVALID": 0,
        "MALICIOUS": 0,
        "SANE": 0,
        "VALID": 0,
        "total": 38425
    },
    "percentage": {
        "ACTIVE": 43.38581652569941,
        "INACTIVE": 56.62449893279192,
        "INVALID": 0,
        "MALICIOUS": 0,
        "SANE": 0,
        "VALID": 0,
        "total": 100.01031545849133
    }
}