{
    "counter": {
        "ACTIVE": 28581,
        "INACTIVE": 36458,
        "INVALID": 0,
        "MALICIOUS": 0,
        "SANE": 0,
        "VALID": 0,
        "total": 65039
    },
    "percentage": {
        "ACTIVE": 43.94507826193917,
        "INACTIVE": 56.0555974107843,
        "INVALID": 0.0,
        "MALICIOUS": 0.0,
        "SANE": 0.0,
        "VALID": 0.0,
        "total": 100.00067567272347
    }
}