{
    "counter": {
        "ACTIVE": 32423,
        "INACTIVE": 40651,
        "INVALID": 0,
        "MALICIOUS": 0,
        "SANE": 0,
        "VALID": 0,
        "total": 73074
    },
    "percentage": {
        "ACTIVE": 44.37009059309741,
        "INACTIVE": 55.62990940690259,
        "INVALID": 0.0,
        "MALICIOUS": 0.0,
        "SANE": 0.0,
        "VALID": 0.0,
        "total": 100.0
    }
}