{
    "counter": {
        "ACTIVE": 8112,
        "INACTIVE": 10721,
        "INVALID": 0,
        "MALICIOUS": 0,
        "SANE": 0,
        "VALID": 0,
        "total": 18833
    },
    "percentage": {
        "ACTIVE": 43.07561597281224,
        "INACTIVE": 56.92667126851803,
        "INVALID": 0,
        "MALICIOUS": 0,
        "SANE": 0,
        "VALID": 0,
        "total": 100.00228724133027
    }
}