{
    "counter": {
        "ACTIVE": 40152,
        "INACTIVE": 51484,
        "INVALID": 0,
        "MALICIOUS": 0,
        "SANE": 0,
        "VALID": 0,
        "total": 91636
    },
    "percentage": {
        "ACTIVE": 43.816840543018024,
        "INACTIVE": 56.183159456981976,
        "INVALID": 0.0,
        "MALICIOUS": 0.0,
        "SANE": 0.0,
        "VALID": 0.0,
        "total": 100.0
    }
}