{
    "counter": {
        "ACTIVE": 4678,
        "INACTIVE": 6015,
        "INVALID": 0,
        "MALICIOUS": 0,
        "SANE": 0,
        "VALID": 0,
        "total": 10693
    },
    "percentage": {
        "ACTIVE": 43.74824651641261,
        "INACTIVE": 56.25701459034792,
        "INVALID": 0,
        "MALICIOUS": 0,
        "SANE": 0,
        "VALID": 0,
        "total": 100.00526110676053
    }
}