{
    "counter": {
        "ACTIVE": 9833,
        "INACTIVE": 12829,
        "INVALID": 0,
        "MALICIOUS": 0,
        "SANE": 0,
        "VALID": 0,
        "total": 22662
    },
    "percentage": {
        "ACTIVE": 43.39173028551255,
        "INACTIVE": 56.610184449739656,
        "INVALID": 0,
        "MALICIOUS": 0,
        "SANE": 0,
        "VALID": 0,
        "total": 100.0019147352522
    }
}