{
    "counter": {
        "ACTIVE": 8736,
        "INACTIVE": 11731,
        "INVALID": 0,
        "MALICIOUS": 0,
        "SANE": 0,
        "VALID": 0,
        "total": 20467
    },
    "percentage": {
        "ACTIVE": 42.69377382465057,
        "INACTIVE": 57.31665608051986,
        "INVALID": 0,
        "MALICIOUS": 0,
        "SANE": 0,
        "VALID": 0,
        "total": 100.01042990517044
    }
}