{
    "counter": {
        "ACTIVE": 20697,
        "INACTIVE": 25671,
        "INVALID": 0,
        "MALICIOUS": 0,
        "SANE": 0,
        "VALID": 0,
        "total": 46368
    },
    "percentage": {
        "ACTIVE": 44.636387163561075,
        "INACTIVE": 55.37197213174867,
        "INVALID": 0,
        "MALICIOUS": 0,
        "SANE": 0,
        "VALID": 0,
        "total": 100.00835929530975
    }
}