{
    "counter": {
        "ACTIVE": 14493,
        "INACTIVE": 19322,
        "INVALID": 0,
        "MALICIOUS": 0,
        "SANE": 0,
        "VALID": 0,
        "total": 33815
    },
    "percentage": {
        "ACTIVE": 42.8647481588832,
        "INACTIVE": 57.14032234215585,
        "INVALID": 0,
        "MALICIOUS": 0,
        "SANE": 0,
        "VALID": 0,
        "total": 100.00507050103906
    }
}