{
    "counter": {
        "ACTIVE": 1845,
        "INACTIVE": 2203,
        "INVALID": 0,
        "MALICIOUS": 0,
        "SANE": 0,
        "VALID": 0,
        "total": 4048
    },
    "percentage": {
        "ACTIVE": 45.63442987880287,
        "INACTIVE": 54.42193675889328,
        "INVALID": 0,
        "MALICIOUS": 0,
        "SANE": 0,
        "VALID": 0,
        "total": 100.05636663769616
    }
}