{
    "counter": {
        "ACTIVE": 18411,
        "INACTIVE": 23505,
        "INVALID": 0,
        "MALICIOUS": 0,
        "SANE": 0,
        "VALID": 0,
        "total": 41916
    },
    "percentage": {
        "ACTIVE": 43.92356140853135,
        "INACTIVE": 56.079114377057785,
        "INVALID": 0,
        "MALICIOUS": 0,
        "SANE": 0,
        "VALID": 0,
        "total": 100.00267578558913
    }
}