{
    "counter": {
        "ACTIVE": 35944,
        "INACTIVE": 44997,
        "INVALID": 0,
        "MALICIOUS": 0,
        "SANE": 0,
        "VALID": 0,
        "total": 80941
    },
    "percentage": {
        "ACTIVE": 44.407654958550054,
        "INACTIVE": 55.592345041449946,
        "INVALID": 0.0,
        "MALICIOUS": 0.0,
        "SANE": 0.0,
        "VALID": 0.0,
        "total": 100.0
    }
}