{
    "counter": {
        "ACTIVE": 42376,
        "INACTIVE": 56396,
        "INVALID": 0,
        "MALICIOUS": 0,
        "SANE": 0,
        "VALID": 0,
        "total": 98772
    },
    "percentage": {
        "ACTIVE": 42.90284696067712,
        "INACTIVE": 57.09715303932288,
        "INVALID": 0.0,
        "MALICIOUS": 0.0,
        "SANE": 0.0,
        "VALID": 0.0,
        "total": 100.0
    }
}