{
    "counter": {
        "ACTIVE": 22706,
        "INACTIVE": 27833,
        "INVALID": 0,
        "MALICIOUS": 0,
        "SANE": 0,
        "VALID": 0,
        "total": 50539
    },
    "percentage": {
        "ACTIVE": 44.92767961376363,
        "INACTIVE": 55.07232038623637,
        "INVALID": 0.0,
        "MALICIOUS": 0.0,
        "SANE": 0.0,
        "VALID": 0.0,
        "total": 100.0
    }
}