{
    "counter": {
        "ACTIVE": 39421,
        "INACTIVE": 49038,
        "INVALID": 0,
        "MALICIOUS": 0,
        "SANE": 0,
        "VALID": 0,
        "total": 88459
    },
    "percentage": {
        "ACTIVE": 44.56414836251823,
        "INACTIVE": 55.43585163748177,
        "INVALID": 0.0,
        "MALICIOUS": 0.0,
        "SANE": 0.0,
        "VALID": 0.0,
        "total": 100.0
    }
}