{
    "counter": {
        "ACTIVE": 40600,
        "INACTIVE": 53912,
        "INVALID": 0,
        "MALICIOUS": 0,
        "SANE": 0,
        "VALID": 0,
        "total": 94512
    },
    "percentage": {
        "ACTIVE": 42.95750804130692,
        "INACTIVE": 57.04249195869308,
        "INVALID": 0.0,
        "MALICIOUS": 0.0,
        "SANE": 0.0,
        "VALID": 0.0,
        "total": 100.0
    }
}