{
    "counter": {
        "ACTIVE": 3025,
        "INACTIVE": 3747,
        "INVALID": 0,
        "MALICIOUS": 0,
        "SANE": 0,
        "VALID": 0,
        "total": 6772
    },
    "percentage": {
        "ACTIVE": 44.68242245199409,
        "INACTIVE": 55.330773774365035,
        "INVALID": 0,
        "MALICIOUS": 0,
        "SANE": 0,
        "VALID": 0,
        "total": 100.01319622635913
    }
}