{
    "counter": {
        "ACTIVE": 44537,
        "INACTIVE": 59684,
        "INVALID": 0,
        "MALICIOUS": 0,
        "SANE": 0,
        "VALID": 0,
        "total": 104221
    },
    "percentage": {
        "ACTIVE": 42.73323034705098,
        "INACTIVE": 57.26676965294902,
        "INVALID": 0.0,
        "MALICIOUS": 0.0,
        "SANE": 0.0,
        "VALID": 0.0,
        "total": 100.0
    }
}