{
    "counter": {
        "ACTIVE": 27346,
        "INACTIVE": 35048,
        "INVALID": 0,
        "MALICIOUS": 0,
        "SANE": 0,
        "VALID": 0,
        "total": 62394
    },
    "percentage": {
        "ACTIVE": 43.82793217296535,
        "INACTIVE": 56.17206782703465,
        "INVALID": 0.0,
        "MALICIOUS": 0.0,
        "SANE": 0.0,
        "VALID": 0.0,
        "total": 100.0
    }
}