{
    "counter": {
        "ACTIVE": 38349,
        "INACTIVE": 47382,
        "INVALID": 0,
        "MALICIOUS": 0,
        "SANE": 0,
        "VALID": 0,
        "total": 85731
    },
    "percentage": {
        "ACTIVE": 44.73177730342583,
        "INACTIVE": 55.26822269657417,
        "INVALID": 0.0,
        "MALICIOUS": 0.0,
        "SANE": 0.0,
        "VALID": 0.0,
        "total": 100.0
    }
}