{
    "counter": {
        "ACTIVE": 35696,
        "INACTIVE": 44720,
        "INVALID": 0,
        "MALICIOUS": 0,
        "SANE": 0,
        "VALID": 0,
        "total": 80416
    },
    "percentage": {
        "ACTIVE": 44.3891762833267,
        "INACTIVE": 55.6108237166733,
        "INVALID": 0.0,
        "MALICIOUS": 0.0,
        "SANE": 0.0,
        "VALID": 0.0,
        "total": 100.0
    }
}