{
    "counter": {
        "ACTIVE": 23338,
        "INACTIVE": 28686,
        "INVALID": 0,
        "MALICIOUS": 0,
        "SANE": 0,
        "VALID": 0,
        "total": 52024
    },
    "percentage": {
        "ACTIVE": 44.86006458557589,
        "INACTIVE": 55.13993541442411,
        "INVALID": 0.0,
        "MALICIOUS": 0.0,
        "SANE": 0.0,
        "VALID": 0.0,
        "total": 100.0
    }
}