{
    "counter": {
        "ACTIVE": 1857,
        "INACTIVE": 2259,
        "INVALID": 0,
        "MALICIOUS": 0,
        "SANE": 0,
        "VALID": 0,
        "total": 4116
    },
    "percentage": {
        "ACTIVE": 45.16050583657587,
        "INACTIVE": 54.883381924198254,
        "INVALID": 0,
        "MALICIOUS": 0,
        "SANE": 0,
        "VALID": 0,
        "total": 100.04388776077413
    }
}