{
    "counter": {
        "ACTIVE": 8397,
        "INACTIVE": 11250,
        "INVALID": 0,
        "MALICIOUS": 0,
        "SANE": 0,
        "VALID": 0,
        "total": 19647
    },
    "percentage": {
        "ACTIVE": 42.75240568199175,
        "INACTIVE": 57.26065048098946,
        "INVALID": 0,
        "MALICIOUS": 0,
        "SANE": 0,
        "VALID": 0,
        "total": 100.01305616298121
    }
}