{
    "counter": {
        "ACTIVE": 40886,
        "INACTIVE": 54578,
        "INVALID": 0,
        "MALICIOUS": 0,
        "SANE": 0,
        "VALID": 0,
        "total": 95464
    },
    "percentage": {
        "ACTIVE": 42.82871029917037,
        "INACTIVE": 57.17128970082963,
        "INVALID": 0.0,
        "MALICIOUS": 0.0,
        "SANE": 0.0,
        "VALID": 0.0,
        "total": 100.0
    }
}