{
    "counter": {
        "ACTIVE": 42657,
        "INACTIVE": 56808,
        "INVALID": 0,
        "MALICIOUS": 0,
        "SANE": 0,
        "VALID": 0,
        "total": 99465
    },
    "percentage": {
        "ACTIVE": 42.886442467199515,
        "INACTIVE": 57.113557532800485,
        "INVALID": 0.0,
        "MALICIOUS": 0.0,
        "SANE": 0.0,
        "VALID": 0.0,
        "total": 100.0
    }
}