{
    "counter": {
        "ACTIVE": 28227,
        "INACTIVE": 36115,
        "INVALID": 0,
        "MALICIOUS": 0,
        "SANE": 0,
        "VALID": 0,
        "total": 64342
    },
    "percentage": {
        "ACTIVE": 43.87093766027883,
        "INACTIVE": 56.12974417954058,
        "INVALID": 0.0,
        "MALICIOUS": 0.0,
        "SANE": 0.0,
        "VALID": 0.0,
        "total": 100.0006818398194
    }
}