{
    "counter": {
        "ACTIVE": 5097,
        "INACTIVE": 6407,
        "INVALID": 0,
        "MALICIOUS": 0,
        "SANE": 0,
        "VALID": 0,
        "total": 11504
    },
    "percentage": {
        "ACTIVE": 44.30632823365786,
        "INACTIVE": 55.6985134312788,
        "INVALID": 0,
        "MALICIOUS": 0,
        "SANE": 0,
        "VALID": 0,
        "total": 100.00484166493666
    }
}