{
    "counter": {
        "ACTIVE": 26214,
        "INACTIVE": 33602,
        "INVALID": 0,
        "MALICIOUS": 0,
        "SANE": 0,
        "VALID": 0,
        "total": 59816
    },
    "percentage": {
        "ACTIVE": 43.82439481075298,
        "INACTIVE": 56.17560518924702,
        "INVALID": 0.0,
        "MALICIOUS": 0.0,
        "SANE": 0.0,
        "VALID": 0.0,
        "total": 100.0
    }
}