{
    "counter": {
        "ACTIVE": 40522,
        "INACTIVE": 53651,
        "INVALID": 0,
        "MALICIOUS": 0,
        "SANE": 0,
        "VALID": 0,
        "total": 94173
    },
    "percentage": {
        "ACTIVE": 43.02931838212651,
        "INACTIVE": 56.97068161787349,
        "INVALID": 0.0,
        "MALICIOUS": 0.0,
        "SANE": 0.0,
        "VALID": 0.0,
        "total": 100.0
    }
}