{
    "counter": {
        "ACTIVE": 6844,
        "INACTIVE": 9064,
        "INVALID": 0,
        "MALICIOUS": 0,
        "SANE": 0,
        "VALID": 0,
        "total": 15908
    },
    "percentage": {
        "ACTIVE": 43.0304935554857,
        "INACTIVE": 56.97762132260498,
        "INVALID": 0,
        "MALICIOUS": 0,
        "SANE": 0,
        "VALID": 0,
        "total": 100.00811487809068
    }
}