{
    "counter": {
        "ACTIVE": 19903,
        "INACTIVE": 25042,
        "INVALID": 0,
        "MALICIOUS": 0,
        "SANE": 0,
        "VALID": 0,
        "total": 44945
    },
    "percentage": {
        "ACTIVE": 44.283012570920015,
        "INACTIVE": 55.72814669752537,
        "INVALID": 0,
        "MALICIOUS": 0,
        "SANE": 0,
        "VALID": 0,
        "total": 100.01115926844538
    }
}