{
    "counter": {
        "ACTIVE": 18265,
        "INACTIVE": 23393,
        "INVALID": 0,
        "MALICIOUS": 0,
        "SANE": 0,
        "VALID": 0,
        "total": 41658
    },
    "percentage": {
        "ACTIVE": 43.84511978491526,
        "INACTIVE": 56.15892449885968,
        "INVALID": 0,
        "MALICIOUS": 0,
        "SANE": 0,
        "VALID": 0,
        "total": 100.00404428377495
    }
}