{
    "counter": {
        "ACTIVE": 7909,
        "INACTIVE": 10362,
        "INVALID": 0,
        "MALICIOUS": 0,
        "SANE": 0,
        "VALID": 0,
        "total": 18271
    },
    "percentage": {
        "ACTIVE": 43.28717639975918,
        "INACTIVE": 56.71592775041051,
        "INVALID": 0,
        "MALICIOUS": 0,
        "SANE": 0,
        "VALID": 0,
        "total": 100.00310415016969
    }
}