{
    "counter": {
        "ACTIVE": 18262,
        "INACTIVE": 23392,
        "INVALID": 0,
        "MALICIOUS": 0,
        "SANE": 0,
        "VALID": 0,
        "total": 41654
    },
    "percentage": {
        "ACTIVE": 43.843180563224735,
        "INACTIVE": 56.1578719930859,
        "INVALID": 0,
        "MALICIOUS": 0,
        "SANE": 0,
        "VALID": 0,
        "total": 100.00105255631064
    }
}