{
    "counter": {
        "ACTIVE": 5334,
        "INACTIVE": 6635,
        "INVALID": 0,
        "MALICIOUS": 0,
        "SANE": 0,
        "VALID": 0,
        "total": 11969
    },
    "percentage": {
        "ACTIVE": 44.56512657699056,
        "INACTIVE": 55.4487715193047,
        "INVALID": 0,
        "MALICIOUS": 0,
        "SANE": 0,
        "VALID": 0,
        "total": 100.01389809629526
    }
}