{
    "counter": {
        "ACTIVE": 9293,
        "INACTIVE": 12370,
        "INVALID": 0,
        "MALICIOUS": 0,
        "SANE": 0,
        "VALID": 0,
        "total": 21663
    },
    "percentage": {
        "ACTIVE": 42.907932403730726,
        "INACTIVE": 57.10197110280201,
        "INVALID": 0,
        "MALICIOUS": 0,
        "SANE": 0,
        "VALID": 0,
        "total": 100.00990350653274
    }
}