{
    "counter": {
        "ACTIVE": 23915,
        "INACTIVE": 29260,
        "INVALID": 0,
        "MALICIOUS": 0,
        "SANE": 0,
        "VALID": 0,
        "total": 53175
    },
    "percentage": {
        "ACTIVE": 44.97414198401504,
        "INACTIVE": 55.02585801598496,
        "INVALID": 0.0,
        "MALICIOUS": 0.0,
        "SANE": 0.0,
        "VALID": 0.0,
        "total": 100.0
    }
}