{
    "counter": {
        "ACTIVE": 30531,
        "INACTIVE": 38287,
        "INVALID": 0,
        "MALICIOUS": 0,
        "SANE": 0,
        "VALID": 0,
        "total": 68818
    },
    "percentage": {
        "ACTIVE": 44.36678049843784,
        "INACTIVE": 55.63515359353657,
        "INVALID": 0.0,
        "MALICIOUS": 0.0,
        "SANE": 0.0,
        "VALID": 0.0,
        "total": 100.00193409197442
    }
}