{
    "counter": {
        "ACTIVE": 6478,
        "INACTIVE": 8406,
        "INVALID": 0,
        "MALICIOUS": 0,
        "SANE": 0,
        "VALID": 0,
        "total": 14884
    },
    "percentage": {
        "ACTIVE": 43.529095551673166,
        "INACTIVE": 56.47675356087073,
        "INVALID": 0,
        "MALICIOUS": 0,
        "SANE": 0,
        "VALID": 0,
        "total": 100.0058491125439
    }
}