{
    "counter": {
        "ACTIVE": 33502,
        "INACTIVE": 42305,
        "INVALID": 0,
        "MALICIOUS": 0,
        "SANE": 0,
        "VALID": 0,
        "total": 75807
    },
    "percentage": {
        "ACTIVE": 44.1938079596871,
        "INACTIVE": 55.8061920403129,
        "INVALID": 0.0,
        "MALICIOUS": 0.0,
        "SANE": 0.0,
        "VALID": 0.0,
        "total": 100.0
    }
}