{
    "counter": {
        "ACTIVE": 2014,
        "INACTIVE": 2596,
        "INVALID": 0,
        "MALICIOUS": 0,
        "SANE": 0,
        "VALID": 0,
        "total": 4610
    },
    "percentage": {
        "ACTIVE": 43.70659722222222,
        "INACTIVE": 56.31236442516269,
        "INVALID": 0,
        "MALICIOUS": 0,
        "SANE": 0,
        "VALID": 0,
        "total": 100.01896164738491
    }
}