{
    "counter": {
        "ACTIVE": 38759,
        "INACTIVE": 47805,
        "INVALID": 0,
        "MALICIOUS": 0,
        "SANE": 0,
        "VALID": 0,
        "total": 86564
    },
    "percentage": {
        "ACTIVE": 44.774964188346196,
        "INACTIVE": 55.225035811653804,
        "INVALID": 0.0,
        "MALICIOUS": 0.0,
        "SANE": 0.0,
        "VALID": 0.0,
        "total": 100.0
    }
}