{
    "counter": {
        "ACTIVE": 10269,
        "INACTIVE": 13193,
        "INVALID": 0,
        "MALICIOUS": 0,
        "SANE": 0,
        "VALID": 0,
        "total": 23462
    },
    "percentage": {
        "ACTIVE": 43.770512765866755,
        "INACTIVE": 56.23135282584605,
        "INVALID": 0,
        "MALICIOUS": 0,
        "SANE": 0,
        "VALID": 0,
        "total": 100.0018655917128
    }
}