{
    "counter": {
        "ACTIVE": 17048,
        "INACTIVE": 22113,
        "INVALID": 0,
        "MALICIOUS": 0,
        "SANE": 0,
        "VALID": 0,
        "total": 39161
    },
    "percentage": {
        "ACTIVE": 43.535330319977525,
        "INACTIVE": 56.46689308240341,
        "INVALID": 0,
        "MALICIOUS": 0,
        "SANE": 0,
        "VALID": 0,
        "total": 100.00222340238093
    }
}