{
    "counter": {
        "ACTIVE": 6631,
        "INACTIVE": 8722,
        "INVALID": 0,
        "MALICIOUS": 0,
        "SANE": 0,
        "VALID": 0,
        "total": 15353
    },
    "percentage": {
        "ACTIVE": 43.19588300436454,
        "INACTIVE": 56.80974402396926,
        "INVALID": 0,
        "MALICIOUS": 0,
        "SANE": 0,
        "VALID": 0,
        "total": 100.0056270283338
    }
}