{
    "counter": {
        "ACTIVE": 23197,
        "INACTIVE": 28461,
        "INVALID": 0,
        "MALICIOUS": 0,
        "SANE": 0,
        "VALID": 0,
        "total": 51658
    },
    "percentage": {
        "ACTIVE": 44.90495179836618,
        "INACTIVE": 55.09504820163382,
        "INVALID": 0.0,
        "MALICIOUS": 0.0,
        "SANE": 0.0,
        "VALID": 0.0,
        "total": 100.0
    }
}