{
    "counter": {
        "ACTIVE": 25700,
        "INACTIVE": 32668,
        "INVALID": 0,
        "MALICIOUS": 0,
        "SANE": 0,
        "VALID": 0,
        "total": 58368
    },
    "percentage": {
        "ACTIVE": 44.03097587719298,
        "INACTIVE": 55.96902412280702,
        "INVALID": 0.0,
        "MALICIOUS": 0.0,
        "SANE": 0.0,
        "VALID": 0.0,
        "total": 100.0
    }
}