{
    "counter": {
        "ACTIVE": 40333,
        "INACTIVE": 52784,
        "INVALID": 0,
        "MALICIOUS": 0,
        "SANE": 0,
        "VALID": 0,
        "total": 93117
    },
    "percentage": {
        "ACTIVE": 43.31432498899234,
        "INACTIVE": 56.68567501100766,
        "INVALID": 0.0,
        "MALICIOUS": 0.0,
        "SANE": 0.0,
        "VALID": 0.0,
        "total": 100.0
    }
}