{
    "counter": {
        "ACTIVE": 12144,
        "INACTIVE": 14932,
        "INVALID": 0,
        "MALICIOUS": 0,
        "SANE": 0,
        "VALID": 0,
        "total": 27076
    },
    "percentage": {
        "ACTIVE": 44.85484228411022,
        "INACTIVE": 55.148470970601274,
        "INVALID": 0,
        "MALICIOUS": 0,
        "SANE": 0,
        "VALID": 0,
        "total": 100.00331325471149
    }
}