{
    "counter": {
        "ACTIVE": 32961,
        "INACTIVE": 41554,
        "INVALID": 0,
        "MALICIOUS": 0,
        "SANE": 0,
        "VALID": 0,
        "total": 74515
    },
    "percentage": {
        "ACTIVE": 44.234046836207476,
        "INACTIVE": 55.765953163792524,
        "INVALID": 0.0,
        "MALICIOUS": 0.0,
        "SANE": 0.0,
        "VALID": 0.0,
        "total": 100.0
    }
}