{
    "counter": {
        "ACTIVE": 25280,
        "INACTIVE": 31828,
        "INVALID": 0,
        "MALICIOUS": 0,
        "SANE": 0,
        "VALID": 0,
        "total": 57108
    },
    "percentage": {
        "ACTIVE": 44.26700287175177,
        "INACTIVE": 55.73299712824823,
        "INVALID": 0.0,
        "MALICIOUS": 0.0,
        "SANE": 0.0,
        "VALID": 0.0,
        "total": 100.0
    }
}