{
    "counter": {
        "ACTIVE": 32770,
        "INACTIVE": 41218,
        "INVALID": 0,
        "MALICIOUS": 0,
        "SANE": 0,
        "VALID": 0,
        "total": 73988
    },
    "percentage": {
        "ACTIVE": 44.290966102611236,
        "INACTIVE": 55.709033897388764,
        "INVALID": 0.0,
        "MALICIOUS": 0.0,
        "SANE": 0.0,
        "VALID": 0.0,
        "total": 100.0
    }
}