{
    "counter": {
        "ACTIVE": 36415,
        "INACTIVE": 45540,
        "INVALID": 0,
        "MALICIOUS": 0,
        "SANE": 0,
        "VALID": 0,
        "total": 81955
    },
    "percentage": {
        "ACTIVE": 44.432920505155266,
        "INACTIVE": 55.567079494844734,
        "INVALID": 0.0,
        "MALICIOUS": 0.0,
        "SANE": 0.0,
        "VALID": 0.0,
        "total": 100.0
    }
}