{
    "counter": {
        "ACTIVE": 34739,
        "INACTIVE": 43323,
        "INVALID": 0,
        "MALICIOUS": 0,
        "SANE": 0,
        "VALID": 0,
        "total": 78062
    },
    "percentage": {
        "ACTIVE": 44.501806256565295,
        "INACTIVE": 55.498193743434705,
        "INVALID": 0.0,
        "MALICIOUS": 0.0,
        "SANE": 0.0,
        "VALID": 0.0,
        "total": 100.0
    }
}