{
    "counter": {
        "ACTIVE": 36138,
        "INACTIVE": 45217,
        "INVALID": 0,
        "MALICIOUS": 0,
        "SANE": 0,
        "VALID": 0,
        "total": 81355
    },
    "percentage": {
        "ACTIVE": 44.42013398070186,
        "INACTIVE": 55.57986601929814,
        "INVALID": 0.0,
        "MALICIOUS": 0.0,
        "SANE": 0.0,
        "VALID": 0.0,
        "total": 100.0
    }
}