{
    "counter": {
        "ACTIVE": 12065,
        "INACTIVE": 14843,
        "INVALID": 0,
        "MALICIOUS": 0,
        "SANE": 0,
        "VALID": 0,
        "total": 26908
    },
    "percentage": {
        "ACTIVE": 44.83796640404341,
        "INACTIVE": 55.17023490930717,
        "INVALID": 0,
        "MALICIOUS": 0,
        "SANE": 0,
        "VALID": 0,
        "total": 100.00820131335058
    }
}