{
    "counter": {
        "ACTIVE": 23780,
        "INACTIVE": 29121,
        "INVALID": 0,
        "MALICIOUS": 0,
        "SANE": 0,
        "VALID": 0,
        "total": 52901
    },
    "percentage": {
        "ACTIVE": 44.95189126859606,
        "INACTIVE": 55.04810873140394,
        "INVALID": 0.0,
        "MALICIOUS": 0.0,
        "SANE": 0.0,
        "VALID": 0.0,
        "total": 100.0
    }
}