{
    "counter": {
        "ACTIVE": 25199,
        "INACTIVE": 31654,
        "INVALID": 0,
        "MALICIOUS": 0,
        "SANE": 0,
        "VALID": 0,
        "total": 56853
    },
    "percentage": {
        "ACTIVE": 44.32307881730076,
        "INACTIVE": 55.67692118269924,
        "INVALID": 0.0,
        "MALICIOUS": 0.0,
        "SANE": 0.0,
        "VALID": 0.0,
        "total": 100.0
    }
}