{
    "counter": {
        "ACTIVE": 40349,
        "INACTIVE": 52889,
        "INVALID": 0,
        "MALICIOUS": 0,
        "SANE": 0,
        "VALID": 0,
        "total": 93238
    },
    "percentage": {
        "ACTIVE": 43.27527402990197,
        "INACTIVE": 56.72472597009803,
        "INVALID": 0.0,
        "MALICIOUS": 0.0,
        "SANE": 0.0,
        "VALID": 0.0,
        "total": 100.0
    }
}