{
    "counter": {
        "ACTIVE": 16053,
        "INACTIVE": 21196,
        "INVALID": 0,
        "MALICIOUS": 0,
        "SANE": 0,
        "VALID": 0,
        "total": 37249
    },
    "percentage": {
        "ACTIVE": 43.09645896534135,
        "INACTIVE": 56.90659650441646,
        "INVALID": 0,
        "MALICIOUS": 0,
        "SANE": 0,
        "VALID": 0,
        "total": 100.00305546975781
    }
}