{
    "counter": {
        "ACTIVE": 6614,
        "INACTIVE": 8693,
        "INVALID": 0,
        "MALICIOUS": 0,
        "SANE": 0,
        "VALID": 0,
        "total": 15307
    },
    "percentage": {
        "ACTIVE": 43.2089893512772,
        "INACTIVE": 56.794721024434864,
        "INVALID": 0,
        "MALICIOUS": 0,
        "SANE": 0,
        "VALID": 0,
        "total": 100.00371037571206
    }
}