{
    "counter": {
        "ACTIVE": 35531,
        "INACTIVE": 44497,
        "INVALID": 0,
        "MALICIOUS": 0,
        "SANE": 0,
        "VALID": 0,
        "total": 80028
    },
    "percentage": {
        "ACTIVE": 44.3982106262808,
        "INACTIVE": 55.6017893737192,
        "INVALID": 0.0,
        "MALICIOUS": 0.0,
        "SANE": 0.0,
        "VALID": 0.0,
        "total": 100.0
    }
}