{
    "counter": {
        "ACTIVE": 26944,
        "INACTIVE": 34500,
        "INVALID": 0,
        "MALICIOUS": 0,
        "SANE": 0,
        "VALID": 0,
        "total": 61444
    },
    "percentage": {
        "ACTIVE": 43.85131176355706,
        "INACTIVE": 56.14868823644294,
        "INVALID": 0.0,
        "MALICIOUS": 0.0,
        "SANE": 0.0,
        "VALID": 0.0,
        "total": 100.0
    }
}