{
    "counter": {
        "ACTIVE": 5450,
        "INACTIVE": 6804,
        "INVALID": 0,
        "MALICIOUS": 0,
        "SANE": 0,
        "VALID": 0,
        "total": 12254
    },
    "percentage": {
        "ACTIVE": 44.475273380120775,
        "INACTIVE": 55.52925814086346,
        "INVALID": 0,
        "MALICIOUS": 0,
        "SANE": 0,
        "VALID": 0,
        "total": 100.00453152098424
    }
}