{
    "counter": {
        "ACTIVE": 25388,
        "INACTIVE": 32062,
        "INVALID": 0,
        "MALICIOUS": 0,
        "SANE": 0,
        "VALID": 0,
        "total": 57450
    },
    "percentage": {
        "ACTIVE": 44.19147084421236,
        "INACTIVE": 55.80852915578764,
        "INVALID": 0.0,
        "MALICIOUS": 0.0,
        "SANE": 0.0,
        "VALID": 0.0,
        "total": 100.0
    }
}