{
    "counter": {
        "ACTIVE": 6479,
        "INACTIVE": 8405,
        "INVALID": 0,
        "MALICIOUS": 0,
        "SANE": 0,
        "VALID": 0,
        "total": 14884
    },
    "percentage": {
        "ACTIVE": 43.52996506315507,
        "INACTIVE": 56.47382920110193,
        "INVALID": 0,
        "MALICIOUS": 0,
        "SANE": 0,
        "VALID": 0,
        "total": 100.003794264257
    }
}