{
    "counter": {
        "ACTIVE": 31253,
        "INACTIVE": 39100,
        "INVALID": 0,
        "MALICIOUS": 0,
        "SANE": 0,
        "VALID": 0,
        "total": 70353
    },
    "percentage": {
        "ACTIVE": 44.4231233920373,
        "INACTIVE": 55.577666590857405,
        "INVALID": 0.0,
        "MALICIOUS": 0.0,
        "SANE": 0.0,
        "VALID": 0.0,
        "total": 100.0007899828947
    }
}