{
    "counter": {
        "ACTIVE": 19825,
        "INACTIVE": 24957,
        "INVALID": 0,
        "MALICIOUS": 0,
        "SANE": 0,
        "VALID": 0,
        "total": 44782
    },
    "percentage": {
        "ACTIVE": 44.270019204144525,
        "INACTIVE": 55.733714464369456,
        "INVALID": 0,
        "MALICIOUS": 0,
        "SANE": 0,
        "VALID": 0,
        "total": 100.00373366851397
    }
}