{
    "counter": {
        "ACTIVE": 11919,
        "INACTIVE": 14676,
        "INVALID": 0,
        "MALICIOUS": 0,
        "SANE": 0,
        "VALID": 0,
        "total": 26595
    },
    "percentage": {
        "ACTIVE": 44.81669486745629,
        "INACTIVE": 55.18953068592058,
        "INVALID": 0,
        "MALICIOUS": 0,
        "SANE": 0,
        "VALID": 0,
        "total": 100.00622555337688
    }
}