{
    "counter": {
        "ACTIVE": 20123,
        "INACTIVE": 25226,
        "INVALID": 0,
        "MALICIOUS": 0,
        "SANE": 0,
        "VALID": 0,
        "total": 45349
    },
    "percentage": {
        "ACTIVE": 44.376571252150136,
        "INACTIVE": 55.62636441817901,
        "INVALID": 0,
        "MALICIOUS": 0,
        "SANE": 0,
        "VALID": 0,
        "total": 100.00293567032915
    }
}