{
    "counter": {
        "ACTIVE": 14717,
        "INACTIVE": 19730,
        "INVALID": 0,
        "MALICIOUS": 0,
        "SANE": 0,
        "VALID": 0,
        "total": 34447
    },
    "percentage": {
        "ACTIVE": 42.724844684433606,
        "INACTIVE": 57.27639562226028,
        "INVALID": 0,
        "MALICIOUS": 0,
        "SANE": 0,
        "VALID": 0,
        "total": 100.00124030669389
    }
}