{
    "counter": {
        "ACTIVE": 7864,
        "INACTIVE": 10291,
        "INVALID": 0,
        "MALICIOUS": 0,
        "SANE": 0,
        "VALID": 0,
        "total": 18155
    },
    "percentage": {
        "ACTIVE": 43.32543661506253,
        "INACTIVE": 56.68410906086478,
        "INVALID": 0,
        "MALICIOUS": 0,
        "SANE": 0,
        "VALID": 0,
        "total": 100.00954567592731
    }
}