{
    "counter": {
        "ACTIVE": 19700,
        "INACTIVE": 24813,
        "INVALID": 0,
        "MALICIOUS": 0,
        "SANE": 0,
        "VALID": 0,
        "total": 44513
    },
    "percentage": {
        "ACTIVE": 44.257728253055355,
        "INACTIVE": 55.74326601217622,
        "INVALID": 0,
        "MALICIOUS": 0,
        "SANE": 0,
        "VALID": 0,
        "total": 100.00099426523158
    }
}