{
    "counter": {
        "ACTIVE": 42474,
        "INACTIVE": 56518,
        "INVALID": 0,
        "MALICIOUS": 0,
        "SANE": 0,
        "VALID": 0,
        "total": 98992
    },
    "percentage": {
        "ACTIVE": 42.90649749474705,
        "INACTIVE": 57.09350250525295,
        "INVALID": 0.0,
        "MALICIOUS": 0.0,
        "SANE": 0.0,
        "VALID": 0.0,
        "total": 100.0
    }
}