{
    "counter": {
        "ACTIVE": 16252,
        "INACTIVE": 21333,
        "INVALID": 0,
        "MALICIOUS": 0,
        "SANE": 0,
        "VALID": 0,
        "total": 37585
    },
    "percentage": {
        "ACTIVE": 43.24065451642943,
        "INACTIVE": 56.760855683269476,
        "INVALID": 0,
        "MALICIOUS": 0,
        "SANE": 0,
        "VALID": 0,
        "total": 100.00151019969891
    }
}