{
    "counter": {
        "ACTIVE": 22918,
        "INACTIVE": 28027,
        "INVALID": 0,
        "MALICIOUS": 0,
        "SANE": 0,
        "VALID": 0,
        "total": 50945
    },
    "percentage": {
        "ACTIVE": 44.98576896653253,
        "INACTIVE": 55.01423103346747,
        "INVALID": 0.0,
        "MALICIOUS": 0.0,
        "SANE": 0.0,
        "VALID": 0.0,
        "total": 100.0
    }
}