{
    "counter": {
        "ACTIVE": 20531,
        "INACTIVE": 25568,
        "INVALID": 0,
        "MALICIOUS": 0,
        "SANE": 0,
        "VALID": 0,
        "total": 46099
    },
    "percentage": {
        "ACTIVE": 44.54062262718299,
        "INACTIVE": 55.46324215275819,
        "INVALID": 0,
        "MALICIOUS": 0,
        "SANE": 0,
        "VALID": 0,
        "total": 100.00386477994118
    }
}