{
    "counter": {
        "ACTIVE": 24476,
        "INACTIVE": 30368,
        "INVALID": 0,
        "MALICIOUS": 0,
        "SANE": 0,
        "VALID": 0,
        "total": 54844
    },
    "percentage": {
        "ACTIVE": 44.62840055429947,
        "INACTIVE": 55.37159944570053,
        "INVALID": 0.0,
        "MALICIOUS": 0.0,
        "SANE": 0.0,
        "VALID": 0.0,
        "total": 100.0
    }
}