{
    "counter": {
        "ACTIVE": 37416,
        "INACTIVE": 46219,
        "INVALID": 0,
        "MALICIOUS": 0,
        "SANE": 0,
        "VALID": 0,
        "total": 83635
    },
    "percentage": {
        "ACTIVE": 44.737251150833984,
        "INACTIVE": 55.262748849166016,
        "INVALID": 0.0,
        "MALICIOUS": 0.0,
        "SANE": 0.0,
        "VALID": 0.0,
        "total": 100.0
    }
}