{
    "counter": {
        "ACTIVE": 40424,
        "INACTIVE": 53415,
        "INVALID": 0,
        "MALICIOUS": 0,
        "SANE": 0,
        "VALID": 0,
        "total": 93839
    },
    "percentage": {
        "ACTIVE": 43.07803791600507,
        "INACTIVE": 56.92196208399493,
        "INVALID": 0.0,
        "MALICIOUS": 0.0,
        "SANE": 0.0,
        "VALID": 0.0,
        "total": 100.0
    }
}