{
    "counter": {
        "ACTIVE": 34614,
        "INACTIVE": 43206,
        "INVALID": 0,
        "MALICIOUS": 0,
        "SANE": 0,
        "VALID": 0,
        "total": 77820
    },
    "percentage": {
        "ACTIVE": 44.479568234387045,
        "INACTIVE": 55.520431765612955,
        "INVALID": 0.0,
        "MALICIOUS": 0.0,
        "SANE": 0.0,
        "VALID": 0.0,
        "total": 100.0
    }
}