{
    "counter": {
        "ACTIVE": 11370,
        "INACTIVE": 14101,
        "INVALID": 0,
        "MALICIOUS": 0,
        "SANE": 0,
        "VALID": 0,
        "total": 25471
    },
    "percentage": {
        "ACTIVE": 44.64075382803298,
        "INACTIVE": 55.360998782929606,
        "INVALID": 0,
        "MALICIOUS": 0,
        "SANE": 0,
        "VALID": 0,
        "total": 100.00175261096258
    }
}