{
    "counter": {
        "ACTIVE": 15457,
        "INACTIVE": 20826,
        "INVALID": 0,
        "MALICIOUS": 0,
        "SANE": 0,
        "VALID": 0,
        "total": 36283
    },
    "percentage": {
        "ACTIVE": 42.60121820136152,
        "INACTIVE": 57.400363816768646,
        "INVALID": 0,
        "MALICIOUS": 0,
        "SANE": 0,
        "VALID": 0,
        "total": 100.00158201813016
    }
}