{
    "counter": {
        "ACTIVE": 39344,
        "INACTIVE": 48868,
        "INVALID": 0,
        "MALICIOUS": 0,
        "SANE": 0,
        "VALID": 0,
        "total": 88212
    },
    "percentage": {
        "ACTIVE": 44.60164150002267,
        "INACTIVE": 55.39835849997733,
        "INVALID": 0.0,
        "MALICIOUS": 0.0,
        "SANE": 0.0,
        "VALID": 0.0,
        "total": 100.0
    }
}