{
    "counter": {
        "ACTIVE": 16535,
        "INACTIVE": 21605,
        "INVALID": 0,
        "MALICIOUS": 0,
        "SANE": 0,
        "VALID": 0,
        "total": 38140
    },
    "percentage": {
        "ACTIVE": 43.3534347142108,
        "INACTIVE": 56.64805055192847,
        "INVALID": 0,
        "MALICIOUS": 0,
        "SANE": 0,
        "VALID": 0,
        "total": 100.00148526613927
    }
}