{
    "counter": {
        "ACTIVE": 35698,
        "INACTIVE": 44724,
        "INVALID": 0,
        "MALICIOUS": 0,
        "SANE": 0,
        "VALID": 0,
        "total": 80422
    },
    "percentage": {
        "ACTIVE": 44.38835144612171,
        "INACTIVE": 55.61164855387829,
        "INVALID": 0.0,
        "MALICIOUS": 0.0,
        "SANE": 0.0,
        "VALID": 0.0,
        "total": 100.0
    }
}