{
    "counter": {
        "ACTIVE": 7500,
        "INACTIVE": 9904,
        "INVALID": 0,
        "MALICIOUS": 0,
        "SANE": 0,
        "VALID": 0,
        "total": 17404
    },
    "percentage": {
        "ACTIVE": 43.09601792794346,
        "INACTIVE": 56.90645828545162,
        "INVALID": 0,
        "MALICIOUS": 0,
        "SANE": 0,
        "VALID": 0,
        "total": 100.00247621339508
    }
}