{
    "counter": {
        "ACTIVE": 40432,
        "INACTIVE": 53478,
        "INVALID": 0,
        "MALICIOUS": 0,
        "SANE": 0,
        "VALID": 0,
        "total": 93910
    },
    "percentage": {
        "ACTIVE": 43.05398786071771,
        "INACTIVE": 56.94601213928229,
        "INVALID": 0.0,
        "MALICIOUS": 0.0,
        "SANE": 0.0,
        "VALID": 0.0,
        "total": 100.0
    }
}