{
    "counter": {
        "ACTIVE": 13888,
        "INACTIVE": 18257,
        "INVALID": 0,
        "MALICIOUS": 0,
        "SANE": 0,
        "VALID": 0,
        "total": 32145
    },
    "percentage": {
        "ACTIVE": 43.20691908035964,
        "INACTIVE": 56.79576917094416,
        "INVALID": 0,
        "MALICIOUS": 0,
        "SANE": 0,
        "VALID": 0,
        "total": 100.0026882513038
    }
}