{
    "counter": {
        "ACTIVE": 7324,
        "INACTIVE": 9650,
        "INVALID": 0,
        "MALICIOUS": 0,
        "SANE": 0,
        "VALID": 0,
        "total": 16974
    },
    "percentage": {
        "ACTIVE": 43.15088670240971,
        "INACTIVE": 56.85165547307647,
        "INVALID": 0,
        "MALICIOUS": 0,
        "SANE": 0,
        "VALID": 0,
        "total": 100.00254217548618
    }
}