{
    "counter": {
        "ACTIVE": 30689,
        "INACTIVE": 38478,
        "INVALID": 0,
        "MALICIOUS": 0,
        "SANE": 0,
        "VALID": 0,
        "total": 69167
    },
    "percentage": {
        "ACTIVE": 44.37455717983198,
        "INACTIVE": 55.630575274336024,
        "INVALID": 0.0,
        "MALICIOUS": 0.0,
        "SANE": 0.0,
        "VALID": 0.0,
        "total": 100.005132454168
    }
}