{
    "counter": {
        "ACTIVE": 3872,
        "INACTIVE": 4807,
        "INVALID": 0,
        "MALICIOUS": 0,
        "SANE": 0,
        "VALID": 0,
        "total": 8679
    },
    "percentage": {
        "ACTIVE": 44.63400576368876,
        "INACTIVE": 55.38656527249683,
        "INVALID": 0,
        "MALICIOUS": 0,
        "SANE": 0,
        "VALID": 0,
        "total": 100.0205710361856
    }
}