{
    "counter": {
        "ACTIVE": 1655,
        "INACTIVE": 1822,
        "INVALID": 0,
        "MALICIOUS": 0,
        "SANE": 0,
        "VALID": 0,
        "total": 3477
    },
    "percentage": {
        "ACTIVE": 47.59850445786598,
        "INACTIVE": 52.41657077100115,
        "INVALID": 0,
        "MALICIOUS": 0,
        "SANE": 0,
        "VALID": 0,
        "total": 100.01507522886712
    }
}