{
    "counter": {
        "ACTIVE": 11288,
        "INACTIVE": 13988,
        "INVALID": 0,
        "MALICIOUS": 0,
        "SANE": 0,
        "VALID": 0,
        "total": 25276
    },
    "percentage": {
        "ACTIVE": 44.66603355492244,
        "INACTIVE": 55.34103497388827,
        "INVALID": 0,
        "MALICIOUS": 0,
        "SANE": 0,
        "VALID": 0,
        "total": 100.00706852881072
    }
}