{
    "counter": {
        "ACTIVE": 43462,
        "INACTIVE": 58212,
        "INVALID": 0,
        "MALICIOUS": 0,
        "SANE": 0,
        "VALID": 0,
        "total": 101674
    },
    "percentage": {
        "ACTIVE": 42.746424848043745,
        "INACTIVE": 57.253575151956255,
        "INVALID": 0.0,
        "MALICIOUS": 0.0,
        "SANE": 0.0,
        "VALID": 0.0,
        "total": 100.0
    }
}