{
    "counter": {
        "ACTIVE": 4563,
        "INACTIVE": 5791,
        "INVALID": 0,
        "MALICIOUS": 0,
        "SANE": 0,
        "VALID": 0,
        "total": 10354
    },
    "percentage": {
        "ACTIVE": 44.08695652173913,
        "INACTIVE": 55.930075333204556,
        "INVALID": 0,
        "MALICIOUS": 0,
        "SANE": 0,
        "VALID": 0,
        "total": 100.0170318549437
    }
}