{
    "counter": {
        "ACTIVE": 23263,
        "INACTIVE": 28550,
        "INVALID": 0,
        "MALICIOUS": 0,
        "SANE": 0,
        "VALID": 0,
        "total": 51813
    },
    "percentage": {
        "ACTIVE": 44.89799857178701,
        "INACTIVE": 55.10200142821299,
        "INVALID": 0.0,
        "MALICIOUS": 0.0,
        "SANE": 0.0,
        "VALID": 0.0,
        "total": 100.0
    }
}