{
    "counter": {
        "ACTIVE": 26263,
        "INACTIVE": 33657,
        "INVALID": 0,
        "MALICIOUS": 0,
        "SANE": 0,
        "VALID": 0,
        "total": 59920
    },
    "percentage": {
        "ACTIVE": 43.83010680907877,
        "INACTIVE": 56.16989319092123,
        "INVALID": 0.0,
        "MALICIOUS": 0.0,
        "SANE": 0.0,
        "VALID": 0.0,
        "total": 100.0
    }
}