{
    "counter": {
        "ACTIVE": 15930,
        "INACTIVE": 21116,
        "INVALID": 0,
        "MALICIOUS": 0,
        "SANE": 0,
        "VALID": 0,
        "total": 37046
    },
    "percentage": {
        "ACTIVE": 43.00059385628678,
        "INACTIVE": 57.00556125479186,
        "INVALID": 0,
        "MALICIOUS": 0,
        "SANE": 0,
        "VALID": 0,
        "total": 100.00615511107864
    }
}