{
    "counter": {
        "ACTIVE": 40744,
        "INACTIVE": 54471,
        "INVALID": 0,
        "MALICIOUS": 0,
        "SANE": 0,
        "VALID": 0,
        "total": 95215
    },
    "percentage": {
        "ACTIVE": 42.791576957412175,
        "INACTIVE": 57.208423042587825,
        "INVALID": 0.0,
        "MALICIOUS": 0.0,
        "SANE": 0.0,
        "VALID": 0.0,
        "total": 100.0
    }
}