{
    "counter": {
        "ACTIVE": 41704,
        "INACTIVE": 55429,
        "INVALID": 0,
        "MALICIOUS": 0,
        "SANE": 0,
        "VALID": 0,
        "total": 97133
    },
    "percentage": {
        "ACTIVE": 42.93494486940587,
        "INACTIVE": 57.06505513059413,
        "INVALID": 0.0,
        "MALICIOUS": 0.0,
        "SANE": 0.0,
        "VALID": 0.0,
        "total": 100.0
    }
}