{
    "counter": {
        "ACTIVE": 32912,
        "INACTIVE": 41490,
        "INVALID": 0,
        "MALICIOUS": 0,
        "SANE": 0,
        "VALID": 0,
        "total": 74402
    },
    "percentage": {
        "ACTIVE": 44.23537001693503,
        "INACTIVE": 55.76462998306497,
        "INVALID": 0.0,
        "MALICIOUS": 0.0,
        "SANE": 0.0,
        "VALID": 0.0,
        "total": 100.0
    }
}