{
    "counter": {
        "ACTIVE": 23454,
        "INACTIVE": 28792,
        "INVALID": 0,
        "MALICIOUS": 0,
        "SANE": 0,
        "VALID": 0,
        "total": 52246
    },
    "percentage": {
        "ACTIVE": 44.89147494545037,
        "INACTIVE": 55.10852505454963,
        "INVALID": 0.0,
        "MALICIOUS": 0.0,
        "SANE": 0.0,
        "VALID": 0.0,
        "total": 100.0
    }
}