{
    "counter": {
        "ACTIVE": 37866,
        "INACTIVE": 46859,
        "INVALID": 0,
        "MALICIOUS": 0,
        "SANE": 0,
        "VALID": 0,
        "total": 84725
    },
    "percentage": {
        "ACTIVE": 44.692829743287106,
        "INACTIVE": 55.307170256712894,
        "INVALID": 0.0,
        "MALICIOUS": 0.0,
        "SANE": 0.0,
        "VALID": 0.0,
        "total": 100.0
    }
}