{
    "counter": {
        "ACTIVE": 26917,
        "INACTIVE": 34443,
        "INVALID": 0,
        "MALICIOUS": 0,
        "SANE": 0,
        "VALID": 0,
        "total": 61360
    },
    "percentage": {
        "ACTIVE": 43.86734028683181,
        "INACTIVE": 56.13265971316819,
        "INVALID": 0.0,
        "MALICIOUS": 0.0,
        "SANE": 0.0,
        "VALID": 0.0,
        "total": 100.0
    }
}