{
    "counter": {
        "ACTIVE": 11757,
        "INACTIVE": 14549,
        "INVALID": 0,
        "MALICIOUS": 0,
        "SANE": 0,
        "VALID": 0,
        "total": 26306
    },
    "percentage": {
        "ACTIVE": 44.69322588002737,
        "INACTIVE": 55.310979318734795,
        "INVALID": 0,
        "MALICIOUS": 0,
        "SANE": 0,
        "VALID": 0,
        "total": 100.00420519876216
    }
}