{
    "counter": {
        "ACTIVE": 40072,
        "INACTIVE": 50604,
        "INVALID": 0,
        "MALICIOUS": 0,
        "SANE": 0,
        "VALID": 0,
        "total": 90676
    },
    "percentage": {
        "ACTIVE": 44.19250959460056,
        "INACTIVE": 55.80749040539944,
        "INVALID": 0.0,
        "MALICIOUS": 0.0,
        "SANE": 0.0,
        "VALID": 0.0,
        "total": 100.0
    }
}