{
    "counter": {
        "ACTIVE": 27689,
        "INACTIVE": 35361,
        "INVALID": 0,
        "MALICIOUS": 0,
        "SANE": 0,
        "VALID": 0,
        "total": 63050
    },
    "percentage": {
        "ACTIVE": 43.91593973037272,
        "INACTIVE": 56.08406026962728,
        "INVALID": 0.0,
        "MALICIOUS": 0.0,
        "SANE": 0.0,
        "VALID": 0.0,
        "total": 100.0
    }
}