{
    "counter": {
        "ACTIVE": 8422,
        "INACTIVE": 11289,
        "INVALID": 0,
        "MALICIOUS": 0,
        "SANE": 0,
        "VALID": 0,
        "total": 19711
    },
    "percentage": {
        "ACTIVE": 42.72741109025417,
        "INACTIVE": 57.27840073063068,
        "INVALID": 0,
        "MALICIOUS": 0,
        "SANE": 0,
        "VALID": 0,
        "total": 100.00581182088484
    }
}