{
    "counter": {
        "ACTIVE": 16823,
        "INACTIVE": 21877,
        "INVALID": 0,
        "MALICIOUS": 0,
        "SANE": 0,
        "VALID": 0,
        "total": 38700
    },
    "percentage": {
        "ACTIVE": 43.4702842377261,
        "INACTIVE": 56.53117651618905,
        "INVALID": 0,
        "MALICIOUS": 0,
        "SANE": 0,
        "VALID": 0,
        "total": 100.00146075391515
    }
}