{
    "counter": {
        "ACTIVE": 31388,
        "INACTIVE": 39289,
        "INVALID": 0,
        "MALICIOUS": 0,
        "SANE": 0,
        "VALID": 0,
        "total": 70677
    },
    "percentage": {
        "ACTIVE": 44.41048714574755,
        "INACTIVE": 55.5902993944196,
        "INVALID": 0.0,
        "MALICIOUS": 0.0,
        "SANE": 0.0,
        "VALID": 0.0,
        "total": 100.00078654016716
    }
}