{
    "counter": {
        "ACTIVE": 23021,
        "INACTIVE": 28190,
        "INVALID": 0,
        "MALICIOUS": 0,
        "SANE": 0,
        "VALID": 0,
        "total": 51211
    },
    "percentage": {
        "ACTIVE": 44.95323270391127,
        "INACTIVE": 55.04676729608873,
        "INVALID": 0.0,
        "MALICIOUS": 0.0,
        "SANE": 0.0,
        "VALID": 0.0,
        "total": 100.0
    }
}