{
    "counter": {
        "ACTIVE": 15055,
        "INACTIVE": 20159,
        "INVALID": 0,
        "MALICIOUS": 0,
        "SANE": 0,
        "VALID": 0,
        "total": 35214
    },
    "percentage": {
        "ACTIVE": 42.75652494958962,
        "INACTIVE": 57.2471176236724,
        "INVALID": 0,
        "MALICIOUS": 0,
        "SANE": 0,
        "VALID": 0,
        "total": 100.00364257326203
    }
}