{
    "counter": {
        "ACTIVE": 36537,
        "INACTIVE": 45699,
        "INVALID": 0,
        "MALICIOUS": 0,
        "SANE": 0,
        "VALID": 0,
        "total": 82236
    },
    "percentage": {
        "ACTIVE": 44.42944695753685,
        "INACTIVE": 55.57055304246315,
        "INVALID": 0.0,
        "MALICIOUS": 0.0,
        "SANE": 0.0,
        "VALID": 0.0,
        "total": 100.0
    }
}