{
    "counter": {
        "ACTIVE": 26069,
        "INACTIVE": 33384,
        "INVALID": 0,
        "MALICIOUS": 0,
        "SANE": 0,
        "VALID": 0,
        "total": 59453
    },
    "percentage": {
        "ACTIVE": 43.8480816779641,
        "INACTIVE": 56.1519183220359,
        "INVALID": 0.0,
        "MALICIOUS": 0.0,
        "SANE": 0.0,
        "VALID": 0.0,
        "total": 100.0
    }
}