{
    "counter": {
        "ACTIVE": 22344,
        "INACTIVE": 27489,
        "INVALID": 0,
        "MALICIOUS": 0,
        "SANE": 0,
        "VALID": 0,
        "total": 49833
    },
    "percentage": {
        "ACTIVE": 44.8377581120944,
        "INACTIVE": 55.1622418879056,
        "INVALID": 0.0,
        "MALICIOUS": 0.0,
        "SANE": 0.0,
        "VALID": 0.0,
        "total": 100.0
    }
}