{
    "counter": {
        "ACTIVE": 38994,
        "INACTIVE": 48188,
        "INVALID": 0,
        "MALICIOUS": 0,
        "SANE": 0,
        "VALID": 0,
        "total": 87182
    },
    "percentage": {
        "ACTIVE": 44.72712257117295,
        "INACTIVE": 55.27287742882705,
        "INVALID": 0.0,
        "MALICIOUS": 0.0,
        "SANE": 0.0,
        "VALID": 0.0,
        "total": 100.0
    }
}