{
    "counter": {
        "ACTIVE": 38001,
        "INACTIVE": 47022,
        "INVALID": 0,
        "MALICIOUS": 0,
        "SANE": 0,
        "VALID": 0,
        "total": 85023
    },
    "percentage": {
        "ACTIVE": 44.69496489185279,
        "INACTIVE": 55.30503510814721,
        "INVALID": 0.0,
        "MALICIOUS": 0.0,
        "SANE": 0.0,
        "VALID": 0.0,
        "total": 100.0
    }
}