{
    "counter": {
        "ACTIVE": 18679,
        "INACTIVE": 23727,
        "INVALID": 0,
        "MALICIOUS": 0,
        "SANE": 0,
        "VALID": 0,
        "total": 42406
    },
    "percentage": {
        "ACTIVE": 44.049050819478836,
        "INACTIVE": 55.95198792623685,
        "INVALID": 0,
        "MALICIOUS": 0,
        "SANE": 0,
        "VALID": 0,
        "total": 100.00103874571569
    }
}