{
    "counter": {
        "ACTIVE": 12395,
        "INACTIVE": 15299,
        "INVALID": 0,
        "MALICIOUS": 0,
        "SANE": 0,
        "VALID": 0,
        "total": 27694
    },
    "percentage": {
        "ACTIVE": 44.756987073012205,
        "INACTIVE": 55.24700274447494,
        "INVALID": 0,
        "MALICIOUS": 0,
        "SANE": 0,
        "VALID": 0,
        "total": 100.00398981748714
    }
}