{
    "counter": {
        "ACTIVE": 22489,
        "INACTIVE": 27644,
        "INVALID": 0,
        "MALICIOUS": 0,
        "SANE": 0,
        "VALID": 0,
        "total": 50133
    },
    "percentage": {
        "ACTIVE": 44.858675922047354,
        "INACTIVE": 55.141324077952646,
        "INVALID": 0.0,
        "MALICIOUS": 0.0,
        "SANE": 0.0,
        "VALID": 0.0,
        "total": 100.0
    }
}