{
    "counter": {
        "ACTIVE": 27828,
        "INACTIVE": 35498,
        "INVALID": 0,
        "MALICIOUS": 0,
        "SANE": 0,
        "VALID": 0,
        "total": 63326
    },
    "percentage": {
        "ACTIVE": 43.94472956968022,
        "INACTIVE": 56.055964374822345,
        "INVALID": 0.0,
        "MALICIOUS": 0.0,
        "SANE": 0.0,
        "VALID": 0.0,
        "total": 100.00069394450256
    }
}