{
    "counter": {
        "ACTIVE": 27792,
        "INACTIVE": 35452,
        "INVALID": 0,
        "MALICIOUS": 0,
        "SANE": 0,
        "VALID": 0,
        "total": 63244
    },
    "percentage": {
        "ACTIVE": 43.94408955790273,
        "INACTIVE": 56.0585695988362,
        "INVALID": 0.0,
        "MALICIOUS": 0.0,
        "SANE": 0.0,
        "VALID": 0.0,
        "total": 100.00265915673893
    }
}