{
    "counter": {
        "ACTIVE": 41350,
        "INACTIVE": 55150,
        "INVALID": 0,
        "MALICIOUS": 0,
        "SANE": 0,
        "VALID": 0,
        "total": 96500
    },
    "percentage": {
        "ACTIVE": 42.84974093264249,
        "INACTIVE": 57.15025906735751,
        "INVALID": 0.0,
        "MALICIOUS": 0.0,
        "SANE": 0.0,
        "VALID": 0.0,
        "total": 100.0
    }
}