{
    "counter": {
        "ACTIVE": 38978,
        "INACTIVE": 48163,
        "INVALID": 0,
        "MALICIOUS": 0,
        "SANE": 0,
        "VALID": 0,
        "total": 87141
    },
    "percentage": {
        "ACTIVE": 44.72980571717102,
        "INACTIVE": 55.27019428282898,
        "INVALID": 0.0,
        "MALICIOUS": 0.0,
        "SANE": 0.0,
        "VALID": 0.0,
        "total": 100.0
    }
}