{
    "counter": {
        "ACTIVE": 14536,
        "INACTIVE": 19373,
        "INVALID": 0,
        "MALICIOUS": 0,
        "SANE": 0,
        "VALID": 0,
        "total": 33909
    },
    "percentage": {
        "ACTIVE": 42.87020379272717,
        "INACTIVE": 57.13232475154089,
        "INVALID": 0,
        "MALICIOUS": 0,
        "SANE": 0,
        "VALID": 0,
        "total": 100.00252854426806
    }
}