{
    "counter": {
        "ACTIVE": 27313,
        "INACTIVE": 35016,
        "INVALID": 0,
        "MALICIOUS": 0,
        "SANE": 0,
        "VALID": 0,
        "total": 62329
    },
    "percentage": {
        "ACTIVE": 43.82069341718943,
        "INACTIVE": 56.17930658281057,
        "INVALID": 0.0,
        "MALICIOUS": 0.0,
        "SANE": 0.0,
        "VALID": 0.0,
        "total": 100.0
    }
}