{
    "counter": {
        "ACTIVE": 31882,
        "INACTIVE": 39912,
        "INVALID": 0,
        "MALICIOUS": 0,
        "SANE": 0,
        "VALID": 0,
        "total": 71794
    },
    "percentage": {
        "ACTIVE": 44.40946636765054,
        "INACTIVE": 55.592389336156224,
        "INVALID": 0.0,
        "MALICIOUS": 0.0,
        "SANE": 0.0,
        "VALID": 0.0,
        "total": 100.00185570380677
    }
}