{
    "counter": {
        "ACTIVE": 34714,
        "INACTIVE": 43300,
        "INVALID": 0,
        "MALICIOUS": 0,
        "SANE": 0,
        "VALID": 0,
        "total": 78014
    },
    "percentage": {
        "ACTIVE": 44.49714153869818,
        "INACTIVE": 55.50285846130182,
        "INVALID": 0.0,
        "MALICIOUS": 0.0,
        "SANE": 0.0,
        "VALID": 0.0,
        "total": 100.0
    }
}