{
    "counter": {
        "ACTIVE": 18266,
        "INACTIVE": 23393,
        "INVALID": 0,
        "MALICIOUS": 0,
        "SANE": 0,
        "VALID": 0,
        "total": 41659
    },
    "percentage": {
        "ACTIVE": 43.84646775006601,
        "INACTIVE": 56.15892449885968,
        "INVALID": 0,
        "MALICIOUS": 0,
        "SANE": 0,
        "VALID": 0,
        "total": 100.00539224892569
    }
}