{
    "counter": {
        "ACTIVE": 23891,
        "INACTIVE": 29243,
        "INVALID": 0,
        "MALICIOUS": 0,
        "SANE": 0,
        "VALID": 0,
        "total": 53134
    },
    "percentage": {
        "ACTIVE": 44.96367674182256,
        "INACTIVE": 55.03632325817744,
        "INVALID": 0.0,
        "MALICIOUS": 0.0,
        "SANE": 0.0,
        "VALID": 0.0,
        "total": 100.0
    }
}