{
    "counter": {
        "ACTIVE": 13722,
        "INACTIVE": 17971,
        "INVALID": 0,
        "MALICIOUS": 0,
        "SANE": 0,
        "VALID": 0,
        "total": 31693
    },
    "percentage": {
        "ACTIVE": 43.29662701542927,
        "INACTIVE": 56.70516218604064,
        "INVALID": 0,
        "MALICIOUS": 0,
        "SANE": 0,
        "VALID": 0,
        "total": 100.0017892014699
    }
}