{
    "counter": {
        "ACTIVE": 16699,
        "INACTIVE": 21772,
        "INVALID": 0,
        "MALICIOUS": 0,
        "SANE": 0,
        "VALID": 0,
        "total": 38471
    },
    "percentage": {
        "ACTIVE": 43.40785027293995,
        "INACTIVE": 56.593278053598816,
        "INVALID": 0,
        "MALICIOUS": 0,
        "SANE": 0,
        "VALID": 0,
        "total": 100.00112832653878
    }
}