{
    "counter": {
        "ACTIVE": 4027,
        "INACTIVE": 5073,
        "INVALID": 0,
        "MALICIOUS": 0,
        "SANE": 0,
        "VALID": 0,
        "total": 9100
    },
    "percentage": {
        "ACTIVE": 44.252747252747255,
        "INACTIVE": 55.753379492251895,
        "INVALID": 0,
        "MALICIOUS": 0,
        "SANE": 0,
        "VALID": 0,
        "total": 100.00612674499915
    }
}