{
    "counter": {
        "ACTIVE": 27273,
        "INACTIVE": 34948,
        "INVALID": 0,
        "MALICIOUS": 0,
        "SANE": 0,
        "VALID": 0,
        "total": 62221
    },
    "percentage": {
        "ACTIVE": 43.832468137766995,
        "INACTIVE": 56.167531862233005,
        "INVALID": 0.0,
        "MALICIOUS": 0.0,
        "SANE": 0.0,
        "VALID": 0.0,
        "total": 100.0
    }
}