{
    "counter": {
        "ACTIVE": 3960,
        "INACTIVE": 4955,
        "INVALID": 0,
        "MALICIOUS": 0,
        "SANE": 0,
        "VALID": 0,
        "total": 8915
    },
    "percentage": {
        "ACTIVE": 44.419517666853615,
        "INACTIVE": 55.58671752299753,
        "INVALID": 0,
        "MALICIOUS": 0,
        "SANE": 0,
        "VALID": 0,
        "total": 100.00623518985114
    }
}