{
    "counter": {
        "ACTIVE": 34727,
        "INACTIVE": 43314,
        "INVALID": 0,
        "MALICIOUS": 0,
        "SANE": 0,
        "VALID": 0,
        "total": 78041
    },
    "percentage": {
        "ACTIVE": 44.49840468471701,
        "INACTIVE": 55.50159531528299,
        "INVALID": 0.0,
        "MALICIOUS": 0.0,
        "SANE": 0.0,
        "VALID": 0.0,
        "total": 100.0
    }
}