{
    "counter": {
        "ACTIVE": 60,
        "INACTIVE": 117,
        "INVALID": 0,
        "MALICIOUS": 0,
        "SANE": 0,
        "VALID": 0,
        "total": 177
    },
    "percentage": {
        "ACTIVE": 35.714285714285715,
        "INACTIVE": 66.10169491525424,
        "INVALID": 0,
        "MALICIOUS": 0,
        "SANE": 0,
        "VALID": 0,
        "total": 101.81598062953995
    }
}