{
    "counter": {
        "ACTIVE": 13414,
        "INACTIVE": 17426,
        "INVALID": 0,
        "MALICIOUS": 0,
        "SANE": 0,
        "VALID": 0,
        "total": 30840
    },
    "percentage": {
        "ACTIVE": 43.5039242394759,
        "INACTIVE": 56.50453955901427,
        "INVALID": 0,
        "MALICIOUS": 0,
        "SANE": 0,
        "VALID": 0,
        "total": 100.00846379849017
    }
}