{
    "counter": {
        "ACTIVE": 35299,
        "INACTIVE": 44214,
        "INVALID": 0,
        "MALICIOUS": 0,
        "SANE": 0,
        "VALID": 0,
        "total": 79513
    },
    "percentage": {
        "ACTIVE": 44.393998465659706,
        "INACTIVE": 55.606001534340294,
        "INVALID": 0.0,
        "MALICIOUS": 0.0,
        "SANE": 0.0,
        "VALID": 0.0,
        "total": 100.0
    }
}