{
    "counter": {
        "ACTIVE": 11391,
        "INACTIVE": 14138,
        "INVALID": 0,
        "MALICIOUS": 0,
        "SANE": 0,
        "VALID": 0,
        "total": 25529
    },
    "percentage": {
        "ACTIVE": 44.628584861307004,
        "INACTIVE": 55.38015590113205,
        "INVALID": 0,
        "MALICIOUS": 0,
        "SANE": 0,
        "VALID": 0,
        "total": 100.00874076243906
    }
}