{
    "counter": {
        "ACTIVE": 26293,
        "INACTIVE": 33684,
        "INVALID": 0,
        "MALICIOUS": 0,
        "SANE": 0,
        "VALID": 0,
        "total": 59977
    },
    "percentage": {
        "ACTIVE": 43.83847141404205,
        "INACTIVE": 56.16152858595795,
        "INVALID": 0.0,
        "MALICIOUS": 0.0,
        "SANE": 0.0,
        "VALID": 0.0,
        "total": 100.0
    }
}