{
    "counter": {
        "ACTIVE": 12848,
        "INACTIVE": 16220,
        "INVALID": 0,
        "MALICIOUS": 0,
        "SANE": 0,
        "VALID": 0,
        "total": 29068
    },
    "percentage": {
        "ACTIVE": 44.199807348286775,
        "INACTIVE": 55.80403220257345,
        "INVALID": 0,
        "MALICIOUS": 0,
        "SANE": 0,
        "VALID": 0,
        "total": 100.00383955086022
    }
}