{
    "counter": {
        "ACTIVE": 17483,
        "INACTIVE": 22576,
        "INVALID": 0,
        "MALICIOUS": 0,
        "SANE": 0,
        "VALID": 0,
        "total": 40059
    },
    "percentage": {
        "ACTIVE": 43.643126388576846,
        "INACTIVE": 56.35828049328474,
        "INVALID": 0,
        "MALICIOUS": 0,
        "SANE": 0,
        "VALID": 0,
        "total": 100.00140688186158
    }
}