{
    "counter": {
        "ACTIVE": 1847,
        "INACTIVE": 2224,
        "INVALID": 0,
        "MALICIOUS": 0,
        "SANE": 0,
        "VALID": 0,
        "total": 4071
    },
    "percentage": {
        "ACTIVE": 45.470211718365334,
        "INACTIVE": 54.63031196266274,
        "INVALID": 0,
        "MALICIOUS": 0,
        "SANE": 0,
        "VALID": 0,
        "total": 100.10052368102808
    }
}