{
    "counter": {
        "ACTIVE": 38312,
        "INACTIVE": 47343,
        "INVALID": 0,
        "MALICIOUS": 0,
        "SANE": 0,
        "VALID": 0,
        "total": 85655
    },
    "percentage": {
        "ACTIVE": 44.72827038701769,
        "INACTIVE": 55.27172961298231,
        "INVALID": 0.0,
        "MALICIOUS": 0.0,
        "SANE": 0.0,
        "VALID": 0.0,
        "total": 100.0
    }
}