{
    "counter": {
        "ACTIVE": 2303,
        "INACTIVE": 3016,
        "INVALID": 0,
        "MALICIOUS": 0,
        "SANE": 0,
        "VALID": 0,
        "total": 5319
    },
    "percentage": {
        "ACTIVE": 43.34650856389987,
        "INACTIVE": 56.70238766685467,
        "INVALID": 0,
        "MALICIOUS": 0,
        "SANE": 0,
        "VALID": 0,
        "total": 100.04889623075454
    }
}