{
    "counter": {
        "ACTIVE": 17416,
        "INACTIVE": 22512,
        "INVALID": 0,
        "MALICIOUS": 0,
        "SANE": 0,
        "VALID": 0,
        "total": 39928
    },
    "percentage": {
        "ACTIVE": 43.61851332398317,
        "INACTIVE": 56.38431097530431,
        "INVALID": 0,
        "MALICIOUS": 0,
        "SANE": 0,
        "VALID": 0,
        "total": 100.00282429928748
    }
}