{
    "counter": {
        "ACTIVE": 6515,
        "INACTIVE": 8525,
        "INVALID": 0,
        "MALICIOUS": 0,
        "SANE": 0,
        "VALID": 0,
        "total": 15040
    },
    "percentage": {
        "ACTIVE": 43.33798975587042,
        "INACTIVE": 56.682180851063826,
        "INVALID": 0,
        "MALICIOUS": 0,
        "SANE": 0,
        "VALID": 0,
        "total": 100.02017060693424
    }
}