{
    "counter": {
        "ACTIVE": 26937,
        "INACTIVE": 34484,
        "INVALID": 0,
        "MALICIOUS": 0,
        "SANE": 0,
        "VALID": 0,
        "total": 61421
    },
    "percentage": {
        "ACTIVE": 43.85633578092183,
        "INACTIVE": 56.14366421907817,
        "INVALID": 0.0,
        "MALICIOUS": 0.0,
        "SANE": 0.0,
        "VALID": 0.0,
        "total": 100.0
    }
}