{
    "counter": {
        "ACTIVE": 15881,
        "INACTIVE": 21084,
        "INVALID": 0,
        "MALICIOUS": 0,
        "SANE": 0,
        "VALID": 0,
        "total": 36965
    },
    "percentage": {
        "ACTIVE": 42.96226159880968,
        "INACTIVE": 57.04082460839218,
        "INVALID": 0,
        "MALICIOUS": 0,
        "SANE": 0,
        "VALID": 0,
        "total": 100.00308620720186
    }
}