{
    "counter": {
        "ACTIVE": 4961,
        "INACTIVE": 6262,
        "INVALID": 0,
        "MALICIOUS": 0,
        "SANE": 0,
        "VALID": 0,
        "total": 11223
    },
    "percentage": {
        "ACTIVE": 44.2038670587187,
        "INACTIVE": 55.816026383813174,
        "INVALID": 0,
        "MALICIOUS": 0,
        "SANE": 0,
        "VALID": 0,
        "total": 100.01989344253187
    }
}