{
    "counter": {
        "ACTIVE": 39468,
        "INACTIVE": 49164,
        "INVALID": 0,
        "MALICIOUS": 0,
        "SANE": 0,
        "VALID": 0,
        "total": 88632
    },
    "percentage": {
        "ACTIVE": 44.530192255618736,
        "INACTIVE": 55.469807744381264,
        "INVALID": 0.0,
        "MALICIOUS": 0.0,
        "SANE": 0.0,
        "VALID": 0.0,
        "total": 100.0
    }
}