{
    "counter": {
        "ACTIVE": 26210,
        "INACTIVE": 33598,
        "INVALID": 0,
        "MALICIOUS": 0,
        "SANE": 0,
        "VALID": 0,
        "total": 59808
    },
    "percentage": {
        "ACTIVE": 43.823568753344034,
        "INACTIVE": 56.176431246655966,
        "INVALID": 0.0,
        "MALICIOUS": 0.0,
        "SANE": 0.0,
        "VALID": 0.0,
        "total": 100.0
    }
}