{
    "counter": {
        "ACTIVE": 38895,
        "INACTIVE": 48015,
        "INVALID": 0,
        "MALICIOUS": 0,
        "SANE": 0,
        "VALID": 0,
        "total": 86910
    },
    "percentage": {
        "ACTIVE": 44.75319295823265,
        "INACTIVE": 55.24680704176735,
        "INVALID": 0.0,
        "MALICIOUS": 0.0,
        "SANE": 0.0,
        "VALID": 0.0,
        "total": 100.0
    }
}