{
    "counter": {
        "ACTIVE": 5818,
        "INACTIVE": 7279,
        "INVALID": 0,
        "MALICIOUS": 0,
        "SANE": 0,
        "VALID": 0,
        "total": 13097
    },
    "percentage": {
        "ACTIVE": 44.42917143948072,
        "INACTIVE": 55.57761319386119,
        "INVALID": 0,
        "MALICIOUS": 0,
        "SANE": 0,
        "VALID": 0,
        "total": 100.00678463334191
    }
}