{
    "counter": {
        "ACTIVE": 1622,
        "INACTIVE": 1745,
        "INVALID": 0,
        "MALICIOUS": 0,
        "SANE": 0,
        "VALID": 0,
        "total": 3367
    },
    "percentage": {
        "ACTIVE": 48.17344817344817,
        "INACTIVE": 51.84194890077243,
        "INVALID": 0,
        "MALICIOUS": 0,
        "SANE": 0,
        "VALID": 0,
        "total": 100.0153970742206
    }
}