{
    "counter": {
        "ACTIVE": 22195,
        "INACTIVE": 27253,
        "INVALID": 0,
        "MALICIOUS": 0,
        "SANE": 0,
        "VALID": 0,
        "total": 49448
    },
    "percentage": {
        "ACTIVE": 44.88553632098366,
        "INACTIVE": 55.11446367901634,
        "INVALID": 0.0,
        "MALICIOUS": 0.0,
        "SANE": 0.0,
        "VALID": 0.0,
        "total": 100.0
    }
}