{
    "counter": {
        "ACTIVE": 17212,
        "INACTIVE": 22272,
        "INVALID": 0,
        "MALICIOUS": 0,
        "SANE": 0,
        "VALID": 0,
        "total": 39484
    },
    "percentage": {
        "ACTIVE": 43.59454941492326,
        "INACTIVE": 56.407658798500655,
        "INVALID": 0,
        "MALICIOUS": 0,
        "SANE": 0,
        "VALID": 0,
        "total": 100.00220821342391
    }
}