{
    "counter": {
        "ACTIVE": 11573,
        "INACTIVE": 14353,
        "INVALID": 0,
        "MALICIOUS": 0,
        "SANE": 0,
        "VALID": 0,
        "total": 25926
    },
    "percentage": {
        "ACTIVE": 44.64030858244937,
        "INACTIVE": 55.36141325310499,
        "INVALID": 0,
        "MALICIOUS": 0,
        "SANE": 0,
        "VALID": 0,
        "total": 100.00172183555436
    }
}