{
    "counter": {
        "ACTIVE": 41164,
        "INACTIVE": 54892,
        "INVALID": 0,
        "MALICIOUS": 0,
        "SANE": 0,
        "VALID": 0,
        "total": 96056
    },
    "percentage": {
        "ACTIVE": 42.854168401765634,
        "INACTIVE": 57.145831598234366,
        "INVALID": 0.0,
        "MALICIOUS": 0.0,
        "SANE": 0.0,
        "VALID": 0.0,
        "total": 100.0
    }
}