{
    "counter": {
        "ACTIVE": 34629,
        "INACTIVE": 43219,
        "INVALID": 0,
        "MALICIOUS": 0,
        "SANE": 0,
        "VALID": 0,
        "total": 77848
    },
    "percentage": {
        "ACTIVE": 44.482838351659645,
        "INACTIVE": 55.517161648340355,
        "INVALID": 0.0,
        "MALICIOUS": 0.0,
        "SANE": 0.0,
        "VALID": 0.0,
        "total": 100.0
    }
}