{
    "counter": {
        "ACTIVE": 14106,
        "INACTIVE": 18800,
        "INVALID": 0,
        "MALICIOUS": 0,
        "SANE": 0,
        "VALID": 0,
        "total": 32906
    },
    "percentage": {
        "ACTIVE": 42.867562146720964,
        "INACTIVE": 57.13417413766905,
        "INVALID": 0,
        "MALICIOUS": 0,
        "SANE": 0,
        "VALID": 0,
        "total": 100.00173628439
    }
}