{
    "counter": {
        "ACTIVE": 37722,
        "INACTIVE": 46622,
        "INVALID": 0,
        "MALICIOUS": 0,
        "SANE": 0,
        "VALID": 0,
        "total": 84344
    },
    "percentage": {
        "ACTIVE": 44.723987479844446,
        "INACTIVE": 55.276012520155554,
        "INVALID": 0.0,
        "MALICIOUS": 0.0,
        "SANE": 0.0,
        "VALID": 0.0,
        "total": 100.0
    }
}