{
    "counter": {
        "ACTIVE": 16984,
        "INACTIVE": 22040,
        "INVALID": 0,
        "MALICIOUS": 0,
        "SANE": 0,
        "VALID": 0,
        "total": 39024
    },
    "percentage": {
        "ACTIVE": 43.52305050867437,
        "INACTIVE": 56.478064780647806,
        "INVALID": 0,
        "MALICIOUS": 0,
        "SANE": 0,
        "VALID": 0,
        "total": 100.00111528932217
    }
}