{
    "counter": {
        "ACTIVE": 11884,
        "INACTIVE": 14636,
        "INVALID": 0,
        "MALICIOUS": 0,
        "SANE": 0,
        "VALID": 0,
        "total": 26520
    },
    "percentage": {
        "ACTIVE": 44.81315283381726,
        "INACTIVE": 55.18853695324284,
        "INVALID": 0,
        "MALICIOUS": 0,
        "SANE": 0,
        "VALID": 0,
        "total": 100.0016897870601
    }
}