{
    "counter": {
        "ACTIVE": 25727,
        "INACTIVE": 32710,
        "INVALID": 0,
        "MALICIOUS": 0,
        "SANE": 0,
        "VALID": 0,
        "total": 58437
    },
    "percentage": {
        "ACTIVE": 44.025189520338145,
        "INACTIVE": 55.974810479661855,
        "INVALID": 0.0,
        "MALICIOUS": 0.0,
        "SANE": 0.0,
        "VALID": 0.0,
        "total": 100.0
    }
}