{
    "counter": {
        "ACTIVE": 13881,
        "INACTIVE": 18225,
        "INVALID": 0,
        "MALICIOUS": 0,
        "SANE": 0,
        "VALID": 0,
        "total": 32106
    },
    "percentage": {
        "ACTIVE": 43.236256034885535,
        "INACTIVE": 56.765090637264066,
        "INVALID": 0,
        "MALICIOUS": 0,
        "SANE": 0,
        "VALID": 0,
        "total": 100.0013466721496
    }
}