{
    "counter": {
        "ACTIVE": 1877,
        "INACTIVE": 2318,
        "INVALID": 0,
        "MALICIOUS": 0,
        "SANE": 0,
        "VALID": 0,
        "total": 4195
    },
    "percentage": {
        "ACTIVE": 44.786447148651874,
        "INACTIVE": 55.25625744934446,
        "INVALID": 0,
        "MALICIOUS": 0,
        "SANE": 0,
        "VALID": 0,
        "total": 100.04270459799633
    }
}