{
    "counter": {
        "ACTIVE": 13693,
        "INACTIVE": 17915,
        "INVALID": 0,
        "MALICIOUS": 0,
        "SANE": 0,
        "VALID": 0,
        "total": 31608
    },
    "percentage": {
        "ACTIVE": 43.33227848101266,
        "INACTIVE": 56.67868893950899,
        "INVALID": 0,
        "MALICIOUS": 0,
        "SANE": 0,
        "VALID": 0,
        "total": 100.01096742052164
    }
}