{
    "counter": {
        "ACTIVE": 4062,
        "INACTIVE": 5103,
        "INVALID": 0,
        "MALICIOUS": 0,
        "SANE": 0,
        "VALID": 0,
        "total": 9165
    },
    "percentage": {
        "ACTIVE": 44.320785597381345,
        "INACTIVE": 55.69136745607334,
        "INVALID": 0,
        "MALICIOUS": 0,
        "SANE": 0,
        "VALID": 0,
        "total": 100.01215305345468
    }
}