{
    "counter": {
        "ACTIVE": 24863,
        "INACTIVE": 30847,
        "INVALID": 0,
        "MALICIOUS": 0,
        "SANE": 0,
        "VALID": 0,
        "total": 55710
    },
    "percentage": {
        "ACTIVE": 44.62933046131754,
        "INACTIVE": 55.37066953868246,
        "INVALID": 0.0,
        "MALICIOUS": 0.0,
        "SANE": 0.0,
        "VALID": 0.0,
        "total": 100.0
    }
}