{
    "counter": {
        "ACTIVE": 1496,
        "INACTIVE": 1579,
        "INVALID": 0,
        "MALICIOUS": 0,
        "SANE": 0,
        "VALID": 0,
        "total": 3075
    },
    "percentage": {
        "ACTIVE": 48.65040650406504,
        "INACTIVE": 51.36629798308393,
        "INVALID": 0,
        "MALICIOUS": 0,
        "SANE": 0,
        "VALID": 0,
        "total": 100.01670448714897
    }
}