{
    "counter": {
        "ACTIVE": 18830,
        "INACTIVE": 23816,
        "INVALID": 0,
        "MALICIOUS": 0,
        "SANE": 0,
        "VALID": 0,
        "total": 42646
    },
    "percentage": {
        "ACTIVE": 44.154199690475075,
        "INACTIVE": 55.84972914663602,
        "INVALID": 0,
        "MALICIOUS": 0,
        "SANE": 0,
        "VALID": 0,
        "total": 100.00392883711109
    }
}