{
    "counter": {
        "ACTIVE": 12606,
        "INACTIVE": 15774,
        "INVALID": 0,
        "MALICIOUS": 0,
        "SANE": 0,
        "VALID": 0,
        "total": 28380
    },
    "percentage": {
        "ACTIVE": 44.41860465116279,
        "INACTIVE": 55.58727138175283,
        "INVALID": 0,
        "MALICIOUS": 0,
        "SANE": 0,
        "VALID": 0,
        "total": 100.00587603291561
    }
}