{
    "counter": {
        "ACTIVE": 5637,
        "INACTIVE": 7047,
        "INVALID": 0,
        "MALICIOUS": 0,
        "SANE": 0,
        "VALID": 0,
        "total": 12684
    },
    "percentage": {
        "ACTIVE": 44.44181646168401,
        "INACTIVE": 55.57570977917981,
        "INVALID": 0,
        "MALICIOUS": 0,
        "SANE": 0,
        "VALID": 0,
        "total": 100.01752624086382
    }
}