{
    "counter": {
        "ACTIVE": 7648,
        "INACTIVE": 10103,
        "INVALID": 0,
        "MALICIOUS": 0,
        "SANE": 0,
        "VALID": 0,
        "total": 17751
    },
    "percentage": {
        "ACTIVE": 43.09217940049583,
        "INACTIVE": 56.91510337445778,
        "INVALID": 0,
        "MALICIOUS": 0,
        "SANE": 0,
        "VALID": 0,
        "total": 100.00728277495361
    }
}