{
    "counter": {
        "ACTIVE": 40350,
        "INACTIVE": 52899,
        "INVALID": 0,
        "MALICIOUS": 0,
        "SANE": 0,
        "VALID": 0,
        "total": 93249
    },
    "percentage": {
        "ACTIVE": 43.271241514654314,
        "INACTIVE": 56.728758485345686,
        "INVALID": 0.0,
        "MALICIOUS": 0.0,
        "SANE": 0.0,
        "VALID": 0.0,
        "total": 100.0
    }
}