{
    "counter": {
        "ACTIVE": 31145,
        "INACTIVE": 38939,
        "INVALID": 0,
        "MALICIOUS": 0,
        "SANE": 0,
        "VALID": 0,
        "total": 70084
    },
    "percentage": {
        "ACTIVE": 44.440797922433724,
        "INACTIVE": 55.56047029279151,
        "INVALID": 0.0,
        "MALICIOUS": 0.0,
        "SANE": 0.0,
        "VALID": 0.0,
        "total": 100.00126821522522
    }
}