{
    "counter": {
        "ACTIVE": 4006,
        "INACTIVE": 5034,
        "INVALID": 0,
        "MALICIOUS": 0,
        "SANE": 0,
        "VALID": 0,
        "total": 9040
    },
    "percentage": {
        "ACTIVE": 44.3141592920354,
        "INACTIVE": 55.69816331046692,
        "INVALID": 0,
        "MALICIOUS": 0,
        "SANE": 0,
        "VALID": 0,
        "total": 100.01232260250231
    }
}