{
    "counter": {
        "ACTIVE": 23888,
        "INACTIVE": 29243,
        "INVALID": 0,
        "MALICIOUS": 0,
        "SANE": 0,
        "VALID": 0,
        "total": 53131
    },
    "percentage": {
        "ACTIVE": 44.960569159247896,
        "INACTIVE": 55.039430840752104,
        "INVALID": 0.0,
        "MALICIOUS": 0.0,
        "SANE": 0.0,
        "VALID": 0.0,
        "total": 100.0
    }
}