{
    "counter": {
        "ACTIVE": 24226,
        "INACTIVE": 30110,
        "INVALID": 0,
        "MALICIOUS": 0,
        "SANE": 0,
        "VALID": 0,
        "total": 54336
    },
    "percentage": {
        "ACTIVE": 44.58554181389871,
        "INACTIVE": 55.41445818610129,
        "INVALID": 0.0,
        "MALICIOUS": 0.0,
        "SANE": 0.0,
        "VALID": 0.0,
        "total": 100.0
    }
}