{
    "counter": {
        "ACTIVE": 15746,
        "INACTIVE": 21020,
        "INVALID": 0,
        "MALICIOUS": 0,
        "SANE": 0,
        "VALID": 0,
        "total": 36766
    },
    "percentage": {
        "ACTIVE": 42.82994233489283,
        "INACTIVE": 57.172387531958876,
        "INVALID": 0,
        "MALICIOUS": 0,
        "SANE": 0,
        "VALID": 0,
        "total": 100.00232986685171
    }
}