{
    "counter": {
        "ACTIVE": 40551,
        "INACTIVE": 53739,
        "INVALID": 0,
        "MALICIOUS": 0,
        "SANE": 0,
        "VALID": 0,
        "total": 94290
    },
    "percentage": {
        "ACTIVE": 43.00668151447662,
        "INACTIVE": 56.99331848552338,
        "INVALID": 0.0,
        "MALICIOUS": 0.0,
        "SANE": 0.0,
        "VALID": 0.0,
        "total": 100.0
    }
}