{
    "counter": {
        "ACTIVE": 33184,
        "INACTIVE": 41851,
        "INVALID": 0,
        "MALICIOUS": 0,
        "SANE": 0,
        "VALID": 0,
        "total": 75035
    },
    "percentage": {
        "ACTIVE": 44.224695142266945,
        "INACTIVE": 55.775304857733055,
        "INVALID": 0.0,
        "MALICIOUS": 0.0,
        "SANE": 0.0,
        "VALID": 0.0,
        "total": 100.0
    }
}