{
    "counter": {
        "ACTIVE": 36130,
        "INACTIVE": 45213,
        "INVALID": 0,
        "MALICIOUS": 0,
        "SANE": 0,
        "VALID": 0,
        "total": 81343
    },
    "percentage": {
        "ACTIVE": 44.41685209544767,
        "INACTIVE": 55.58314790455233,
        "INVALID": 0.0,
        "MALICIOUS": 0.0,
        "SANE": 0.0,
        "VALID": 0.0,
        "total": 100.0
    }
}