{
    "counter": {
        "ACTIVE": 22695,
        "INACTIVE": 27816,
        "INVALID": 0,
        "MALICIOUS": 0,
        "SANE": 0,
        "VALID": 0,
        "total": 50511
    },
    "percentage": {
        "ACTIVE": 44.93080715091762,
        "INACTIVE": 55.06919284908238,
        "INVALID": 0.0,
        "MALICIOUS": 0.0,
        "SANE": 0.0,
        "VALID": 0.0,
        "total": 100.0
    }
}