{
    "counter": {
        "ACTIVE": 23175,
        "INACTIVE": 28444,
        "INVALID": 0,
        "MALICIOUS": 0,
        "SANE": 0,
        "VALID": 0,
        "total": 51619
    },
    "percentage": {
        "ACTIVE": 44.89625912939034,
        "INACTIVE": 55.10374087060966,
        "INVALID": 0.0,
        "MALICIOUS": 0.0,
        "SANE": 0.0,
        "VALID": 0.0,
        "total": 100.0
    }
}