{
    "counter": {
        "ACTIVE": 39332,
        "INACTIVE": 48832,
        "INVALID": 0,
        "MALICIOUS": 0,
        "SANE": 0,
        "VALID": 0,
        "total": 88164
    },
    "percentage": {
        "ACTIVE": 44.61231341590672,
        "INACTIVE": 55.38768658409328,
        "INVALID": 0.0,
        "MALICIOUS": 0.0,
        "SANE": 0.0,
        "VALID": 0.0,
        "total": 100.0
    }
}