{
    "counter": {
        "ACTIVE": 24652,
        "INACTIVE": 30513,
        "INVALID": 0,
        "MALICIOUS": 0,
        "SANE": 0,
        "VALID": 0,
        "total": 55165
    },
    "percentage": {
        "ACTIVE": 44.68775491706698,
        "INACTIVE": 55.31224508293302,
        "INVALID": 0.0,
        "MALICIOUS": 0.0,
        "SANE": 0.0,
        "VALID": 0.0,
        "total": 100.0
    }
}