{
    "counter": {
        "ACTIVE": 26721,
        "INACTIVE": 34146,
        "INVALID": 0,
        "MALICIOUS": 0,
        "SANE": 0,
        "VALID": 0,
        "total": 60867
    },
    "percentage": {
        "ACTIVE": 43.90063581250924,
        "INACTIVE": 56.09936418749076,
        "INVALID": 0.0,
        "MALICIOUS": 0.0,
        "SANE": 0.0,
        "VALID": 0.0,
        "total": 100.0
    }
}