{
    "counter": {
        "ACTIVE": 31454,
        "INACTIVE": 39420,
        "INVALID": 0,
        "MALICIOUS": 0,
        "SANE": 0,
        "VALID": 0,
        "total": 70874
    },
    "percentage": {
        "ACTIVE": 44.380167621412646,
        "INACTIVE": 55.62218679008339,
        "INVALID": 0.0,
        "MALICIOUS": 0.0,
        "SANE": 0.0,
        "VALID": 0.0,
        "total": 100.00235441149604
    }
}