{
    "counter": {
        "ACTIVE": 5727,
        "INACTIVE": 7148,
        "INVALID": 0,
        "MALICIOUS": 0,
        "SANE": 0,
        "VALID": 0,
        "total": 12875
    },
    "percentage": {
        "ACTIVE": 44.48155339805825,
        "INACTIVE": 55.52707216655014,
        "INVALID": 0,
        "MALICIOUS": 0,
        "SANE": 0,
        "VALID": 0,
        "total": 100.0086255646084
    }
}