{
    "counter": {
        "ACTIVE": 26548,
        "INACTIVE": 33950,
        "INVALID": 0,
        "MALICIOUS": 0,
        "SANE": 0,
        "VALID": 0,
        "total": 60498
    },
    "percentage": {
        "ACTIVE": 43.88244239478991,
        "INACTIVE": 56.11755760521009,
        "INVALID": 0.0,
        "MALICIOUS": 0.0,
        "SANE": 0.0,
        "VALID": 0.0,
        "total": 100.0
    }
}