{
    "counter": {
        "ACTIVE": 40611,
        "INACTIVE": 53955,
        "INVALID": 0,
        "MALICIOUS": 0,
        "SANE": 0,
        "VALID": 0,
        "total": 94566
    },
    "percentage": {
        "ACTIVE": 42.94461011357147,
        "INACTIVE": 57.05538988642853,
        "INVALID": 0.0,
        "MALICIOUS": 0.0,
        "SANE": 0.0,
        "VALID": 0.0,
        "total": 100.0
    }
}