{
    "counter": {
        "ACTIVE": 11970,
        "INACTIVE": 14703,
        "INVALID": 0,
        "MALICIOUS": 0,
        "SANE": 0,
        "VALID": 0,
        "total": 26673
    },
    "percentage": {
        "ACTIVE": 44.87684175008435,
        "INACTIVE": 55.125224955008996,
        "INVALID": 0,
        "MALICIOUS": 0,
        "SANE": 0,
        "VALID": 0,
        "total": 100.00206670509334
    }
}