{
    "counter": {
        "ACTIVE": 39440,
        "INACTIVE": 49108,
        "INVALID": 0,
        "MALICIOUS": 0,
        "SANE": 0,
        "VALID": 0,
        "total": 88548
    },
    "percentage": {
        "ACTIVE": 44.5408140217735,
        "INACTIVE": 55.4591859782265,
        "INVALID": 0.0,
        "MALICIOUS": 0.0,
        "SANE": 0.0,
        "VALID": 0.0,
        "total": 100.0
    }
}