{
    "counter": {
        "ACTIVE": 22848,
        "INACTIVE": 27940,
        "INVALID": 0,
        "MALICIOUS": 0,
        "SANE": 0,
        "VALID": 0,
        "total": 50788
    },
    "percentage": {
        "ACTIVE": 44.987004804284474,
        "INACTIVE": 55.012995195715526,
        "INVALID": 0.0,
        "MALICIOUS": 0.0,
        "SANE": 0.0,
        "VALID": 0.0,
        "total": 100.0
    }
}