{
    "counter": {
        "ACTIVE": 31235,
        "INACTIVE": 39082,
        "INVALID": 0,
        "MALICIOUS": 0,
        "SANE": 0,
        "VALID": 0,
        "total": 70317
    },
    "percentage": {
        "ACTIVE": 44.42279521567847,
        "INACTIVE": 55.57973178605458,
        "INVALID": 0.0,
        "MALICIOUS": 0.0,
        "SANE": 0.0,
        "VALID": 0.0,
        "total": 100.00252700173306
    }
}