{
    "counter": {
        "ACTIVE": 17368,
        "INACTIVE": 22453,
        "INVALID": 0,
        "MALICIOUS": 0,
        "SANE": 0,
        "VALID": 0,
        "total": 39821
    },
    "percentage": {
        "ACTIVE": 43.61517792119736,
        "INACTIVE": 56.39048647562599,
        "INVALID": 0,
        "MALICIOUS": 0,
        "SANE": 0,
        "VALID": 0,
        "total": 100.00566439682335
    }
}