{
    "counter": {
        "ACTIVE": 35357,
        "INACTIVE": 44270,
        "INVALID": 0,
        "MALICIOUS": 0,
        "SANE": 0,
        "VALID": 0,
        "total": 79627
    },
    "percentage": {
        "ACTIVE": 44.403280294372514,
        "INACTIVE": 55.596719705627486,
        "INVALID": 0.0,
        "MALICIOUS": 0.0,
        "SANE": 0.0,
        "VALID": 0.0,
        "total": 100.0
    }
}