{
    "counter": {
        "ACTIVE": 19674,
        "INACTIVE": 24783,
        "INVALID": 0,
        "MALICIOUS": 0,
        "SANE": 0,
        "VALID": 0,
        "total": 44457
    },
    "percentage": {
        "ACTIVE": 44.253998245495644,
        "INACTIVE": 55.748509728939375,
        "INVALID": 0,
        "MALICIOUS": 0,
        "SANE": 0,
        "VALID": 0,
        "total": 100.00250797443502
    }
}