{
    "counter": {
        "ACTIVE": 20339,
        "INACTIVE": 25410,
        "INVALID": 0,
        "MALICIOUS": 0,
        "SANE": 0,
        "VALID": 0,
        "total": 45749
    },
    "percentage": {
        "ACTIVE": 44.46071787697285,
        "INACTIVE": 55.542197643664345,
        "INVALID": 0,
        "MALICIOUS": 0,
        "SANE": 0,
        "VALID": 0,
        "total": 100.0029155206372
    }
}