{
    "counter": {
        "ACTIVE": 20212,
        "INACTIVE": 25305,
        "INVALID": 0,
        "MALICIOUS": 0,
        "SANE": 0,
        "VALID": 0,
        "total": 45517
    },
    "percentage": {
        "ACTIVE": 44.40538699826438,
        "INACTIVE": 55.59705591563221,
        "INVALID": 0,
        "MALICIOUS": 0,
        "SANE": 0,
        "VALID": 0,
        "total": 100.0024429138966
    }
}