{
    "counter": {
        "ACTIVE": 5138,
        "INACTIVE": 6467,
        "INVALID": 0,
        "MALICIOUS": 0,
        "SANE": 0,
        "VALID": 0,
        "total": 11605
    },
    "percentage": {
        "ACTIVE": 44.28165129707834,
        "INACTIVE": 55.72598018095648,
        "INVALID": 0,
        "MALICIOUS": 0,
        "SANE": 0,
        "VALID": 0,
        "total": 100.00763147803482
    }
}