{
    "counter": {
        "ACTIVE": 25916,
        "INACTIVE": 33083,
        "INVALID": 0,
        "MALICIOUS": 0,
        "SANE": 0,
        "VALID": 0,
        "total": 58999
    },
    "percentage": {
        "ACTIVE": 43.92616824013967,
        "INACTIVE": 56.07383175986033,
        "INVALID": 0.0,
        "MALICIOUS": 0.0,
        "SANE": 0.0,
        "VALID": 0.0,
        "total": 100.0
    }
}