{
    "counter": {
        "ACTIVE": 40042,
        "INACTIVE": 50449,
        "INVALID": 0,
        "MALICIOUS": 0,
        "SANE": 0,
        "VALID": 0,
        "total": 90491
    },
    "percentage": {
        "ACTIVE": 44.24970439049187,
        "INACTIVE": 55.75029560950813,
        "INVALID": 0.0,
        "MALICIOUS": 0.0,
        "SANE": 0.0,
        "VALID": 0.0,
        "total": 100.0
    }
}