{
    "counter": {
        "ACTIVE": 1845,
        "INACTIVE": 2215,
        "INVALID": 0,
        "MALICIOUS": 0,
        "SANE": 0,
        "VALID": 0,
        "total": 4060
    },
    "percentage": {
        "ACTIVE": 45.63442987880287,
        "INACTIVE": 54.556650246305416,
        "INVALID": 0,
        "MALICIOUS": 0,
        "SANE": 0,
        "VALID": 0,
        "total": 100.19108012510829
    }
}