{
    "counter": {
        "ACTIVE": 15355,
        "INACTIVE": 20561,
        "INVALID": 0,
        "MALICIOUS": 0,
        "SANE": 0,
        "VALID": 0,
        "total": 35916
    },
    "percentage": {
        "ACTIVE": 42.75253368972046,
        "INACTIVE": 57.24906028121955,
        "INVALID": 0,
        "MALICIOUS": 0,
        "SANE": 0,
        "VALID": 0,
        "total": 100.00159397094001
    }
}