{
    "counter": {
        "ACTIVE": 41339,
        "INACTIVE": 55125,
        "INVALID": 0,
        "MALICIOUS": 0,
        "SANE": 0,
        "VALID": 0,
        "total": 96464
    },
    "percentage": {
        "ACTIVE": 42.854329076132025,
        "INACTIVE": 57.145670923867975,
        "INVALID": 0.0,
        "MALICIOUS": 0.0,
        "SANE": 0.0,
        "VALID": 0.0,
        "total": 100.0
    }
}