{
    "counter": {
        "ACTIVE": 3656,
        "INACTIVE": 4498,
        "INVALID": 0,
        "MALICIOUS": 0,
        "SANE": 0,
        "VALID": 0,
        "total": 8154
    },
    "percentage": {
        "ACTIVE": 44.84238930455047,
        "INACTIVE": 55.16311012999755,
        "INVALID": 0,
        "MALICIOUS": 0,
        "SANE": 0,
        "VALID": 0,
        "total": 100.00549943454803
    }
}