{
    "counter": {
        "ACTIVE": 21771,
        "INACTIVE": 26736,
        "INVALID": 0,
        "MALICIOUS": 0,
        "SANE": 0,
        "VALID": 0,
        "total": 48507
    },
    "percentage": {
        "ACTIVE": 44.88218195312017,
        "INACTIVE": 55.11781804687983,
        "INVALID": 0.0,
        "MALICIOUS": 0.0,
        "SANE": 0.0,
        "VALID": 0.0,
        "total": 100.0
    }
}