{
    "counter": {
        "ACTIVE": 36420,
        "INACTIVE": 45548,
        "INVALID": 0,
        "MALICIOUS": 0,
        "SANE": 0,
        "VALID": 0,
        "total": 81968
    },
    "percentage": {
        "ACTIVE": 44.43197345305485,
        "INACTIVE": 55.56802654694515,
        "INVALID": 0.0,
        "MALICIOUS": 0.0,
        "SANE": 0.0,
        "VALID": 0.0,
        "total": 100.0
    }
}