{
    "counter": {
        "ACTIVE": 40034,
        "INACTIVE": 50414,
        "INVALID": 0,
        "MALICIOUS": 0,
        "SANE": 0,
        "VALID": 0,
        "total": 90448
    },
    "percentage": {
        "ACTIVE": 44.26189633822749,
        "INACTIVE": 55.73810366177251,
        "INVALID": 0.0,
        "MALICIOUS": 0.0,
        "SANE": 0.0,
        "VALID": 0.0,
        "total": 100.0
    }
}