{
    "counter": {
        "ACTIVE": 42429,
        "INACTIVE": 56452,
        "INVALID": 0,
        "MALICIOUS": 0,
        "SANE": 0,
        "VALID": 0,
        "total": 98881
    },
    "percentage": {
        "ACTIVE": 42.90915342684641,
        "INACTIVE": 57.09084657315359,
        "INVALID": 0.0,
        "MALICIOUS": 0.0,
        "SANE": 0.0,
        "VALID": 0.0,
        "total": 100.0
    }
}