{
    "counter": {
        "ACTIVE": 2253,
        "INACTIVE": 2945,
        "INVALID": 0,
        "MALICIOUS": 0,
        "SANE": 0,
        "VALID": 0,
        "total": 5198
    },
    "percentage": {
        "ACTIVE": 43.34359368988072,
        "INACTIVE": 56.66730806234366,
        "INVALID": 0,
        "MALICIOUS": 0,
        "SANE": 0,
        "VALID": 0,
        "total": 100.01090175222438
    }
}