{
    "counter": {
        "ACTIVE": 7531,
        "INACTIVE": 9961,
        "INVALID": 0,
        "MALICIOUS": 0,
        "SANE": 0,
        "VALID": 0,
        "total": 17492
    },
    "percentage": {
        "ACTIVE": 43.053967528012805,
        "INACTIVE": 56.95254431103488,
        "INVALID": 0,
        "MALICIOUS": 0,
        "SANE": 0,
        "VALID": 0,
        "total": 100.00651183904768
    }
}