{
    "counter": {
        "ACTIVE": 40308,
        "INACTIVE": 52557,
        "INVALID": 0,
        "MALICIOUS": 0,
        "SANE": 0,
        "VALID": 0,
        "total": 92865
    },
    "percentage": {
        "ACTIVE": 43.40494265869811,
        "INACTIVE": 56.59505734130189,
        "INVALID": 0.0,
        "MALICIOUS": 0.0,
        "SANE": 0.0,
        "VALID": 0.0,
        "total": 100.0
    }
}