{
    "counter": {
        "ACTIVE": 40612,
        "INACTIVE": 53998,
        "INVALID": 0,
        "MALICIOUS": 0,
        "SANE": 0,
        "VALID": 0,
        "total": 94610
    },
    "percentage": {
        "ACTIVE": 42.92569495824966,
        "INACTIVE": 57.07430504175034,
        "INVALID": 0.0,
        "MALICIOUS": 0.0,
        "SANE": 0.0,
        "VALID": 0.0,
        "total": 100.0
    }
}