{
    "counter": {
        "ACTIVE": 17841,
        "INACTIVE": 22968,
        "INVALID": 0,
        "MALICIOUS": 0,
        "SANE": 0,
        "VALID": 0,
        "total": 40809
    },
    "percentage": {
        "ACTIVE": 43.72044012056755,
        "INACTIVE": 56.28170256561053,
        "INVALID": 0,
        "MALICIOUS": 0,
        "SANE": 0,
        "VALID": 0,
        "total": 100.00214268617808
    }
}