{
    "counter": {
        "ACTIVE": 40368,
        "INACTIVE": 53103,
        "INVALID": 0,
        "MALICIOUS": 0,
        "SANE": 0,
        "VALID": 0,
        "total": 93471
    },
    "percentage": {
        "ACTIVE": 43.18772667458356,
        "INACTIVE": 56.81227332541644,
        "INVALID": 0.0,
        "MALICIOUS": 0.0,
        "SANE": 0.0,
        "VALID": 0.0,
        "total": 100.0
    }
}