{
    "counter": {
        "ACTIVE": 7252,
        "INACTIVE": 9596,
        "INVALID": 0,
        "MALICIOUS": 0,
        "SANE": 0,
        "VALID": 0,
        "total": 16848
    },
    "percentage": {
        "ACTIVE": 43.04368471035138,
        "INACTIVE": 56.95969608832433,
        "INVALID": 0,
        "MALICIOUS": 0,
        "SANE": 0,
        "VALID": 0,
        "total": 100.0033807986757
    }
}