{
    "counter": {
        "ACTIVE": 25830,
        "INACTIVE": 32907,
        "INVALID": 0,
        "MALICIOUS": 0,
        "SANE": 0,
        "VALID": 0,
        "total": 58737
    },
    "percentage": {
        "ACTIVE": 43.975688237397215,
        "INACTIVE": 56.024311762602785,
        "INVALID": 0.0,
        "MALICIOUS": 0.0,
        "SANE": 0.0,
        "VALID": 0.0,
        "total": 100.0
    }
}