{
    "counter": {
        "ACTIVE": 24838,
        "INACTIVE": 30817,
        "INVALID": 0,
        "MALICIOUS": 0,
        "SANE": 0,
        "VALID": 0,
        "total": 55655
    },
    "percentage": {
        "ACTIVE": 44.62851495822478,
        "INACTIVE": 55.37148504177522,
        "INVALID": 0.0,
        "MALICIOUS": 0.0,
        "SANE": 0.0,
        "VALID": 0.0,
        "total": 100.0
    }
}