{
    "counter": {
        "ACTIVE": 13436,
        "INACTIVE": 17495,
        "INVALID": 0,
        "MALICIOUS": 0,
        "SANE": 0,
        "VALID": 0,
        "total": 30931
    },
    "percentage": {
        "ACTIVE": 43.4456444415702,
        "INACTIVE": 56.56137855226149,
        "INVALID": 0,
        "MALICIOUS": 0,
        "SANE": 0,
        "VALID": 0,
        "total": 100.0070229938317
    }
}