{
    "counter": {
        "ACTIVE": 8829,
        "INACTIVE": 11884,
        "INVALID": 0,
        "MALICIOUS": 0,
        "SANE": 0,
        "VALID": 0,
        "total": 20713
    },
    "percentage": {
        "ACTIVE": 42.62540433544151,
        "INACTIVE": 57.37736577829278,
        "INVALID": 0,
        "MALICIOUS": 0,
        "SANE": 0,
        "VALID": 0,
        "total": 100.00277011373429
    }
}