{
    "counter": {
        "ACTIVE": 39278,
        "INACTIVE": 48706,
        "INVALID": 0,
        "MALICIOUS": 0,
        "SANE": 0,
        "VALID": 0,
        "total": 87984
    },
    "percentage": {
        "ACTIVE": 44.64220767412257,
        "INACTIVE": 55.35779232587743,
        "INVALID": 0.0,
        "MALICIOUS": 0.0,
        "SANE": 0.0,
        "VALID": 0.0,
        "total": 100.0
    }
}