{
    "counter": {
        "ACTIVE": 12035,
        "INACTIVE": 14795,
        "INVALID": 0,
        "MALICIOUS": 0,
        "SANE": 0,
        "VALID": 0,
        "total": 26830
    },
    "percentage": {
        "ACTIVE": 44.85650391352963,
        "INACTIVE": 55.14555145551456,
        "INVALID": 0,
        "MALICIOUS": 0,
        "SANE": 0,
        "VALID": 0,
        "total": 100.00205536904419
    }
}