{
    "counter": {
        "ACTIVE": 40148,
        "INACTIVE": 51408,
        "INVALID": 0,
        "MALICIOUS": 0,
        "SANE": 0,
        "VALID": 0,
        "total": 91556
    },
    "percentage": {
        "ACTIVE": 43.850758006029096,
        "INACTIVE": 56.149241993970904,
        "INVALID": 0.0,
        "MALICIOUS": 0.0,
        "SANE": 0.0,
        "VALID": 0.0,
        "total": 100.0
    }
}