{
    "counter": {
        "ACTIVE": 24119,
        "INACTIVE": 29839,
        "INVALID": 0,
        "MALICIOUS": 0,
        "SANE": 0,
        "VALID": 0,
        "total": 53958
    },
    "percentage": {
        "ACTIVE": 44.6995811557137,
        "INACTIVE": 55.3004188442863,
        "INVALID": 0.0,
        "MALICIOUS": 0.0,
        "SANE": 0.0,
        "VALID": 0.0,
        "total": 100.0
    }
}