{
    "counter": {
        "ACTIVE": 834,
        "INACTIVE": 1118,
        "INVALID": 0,
        "MALICIOUS": 0,
        "SANE": 0,
        "VALID": 0,
        "total": 1952
    },
    "percentage": {
        "ACTIVE": 42.72540983606557,
        "INACTIVE": 57.30394669400307,
        "INVALID": 0,
        "MALICIOUS": 0,
        "SANE": 0,
        "VALID": 0,
        "total": 100.02935653006864
    }
}