{
    "counter": {
        "ACTIVE": 39155,
        "INACTIVE": 48433,
        "INVALID": 0,
        "MALICIOUS": 0,
        "SANE": 0,
        "VALID": 0,
        "total": 87588
    },
    "percentage": {
        "ACTIVE": 44.70361236699091,
        "INACTIVE": 55.29638763300909,
        "INVALID": 0.0,
        "MALICIOUS": 0.0,
        "SANE": 0.0,
        "VALID": 0.0,
        "total": 100.0
    }
}