{
    "counter": {
        "ACTIVE": 19833,
        "INACTIVE": 24974,
        "INVALID": 0,
        "MALICIOUS": 0,
        "SANE": 0,
        "VALID": 0,
        "total": 44807
    },
    "percentage": {
        "ACTIVE": 44.264161049859396,
        "INACTIVE": 55.73682683509273,
        "INVALID": 0,
        "MALICIOUS": 0,
        "SANE": 0,
        "VALID": 0,
        "total": 100.00098788495212
    }
}