{
    "counter": {
        "ACTIVE": 42820,
        "INACTIVE": 56955,
        "INVALID": 0,
        "MALICIOUS": 0,
        "SANE": 0,
        "VALID": 0,
        "total": 99775
    },
    "percentage": {
        "ACTIVE": 42.916562265096466,
        "INACTIVE": 57.083437734903534,
        "INVALID": 0.0,
        "MALICIOUS": 0.0,
        "SANE": 0.0,
        "VALID": 0.0,
        "total": 100.0
    }
}