{
    "counter": {
        "ACTIVE": 25761,
        "INACTIVE": 32778,
        "INVALID": 0,
        "MALICIOUS": 0,
        "SANE": 0,
        "VALID": 0,
        "total": 58539
    },
    "percentage": {
        "ACTIVE": 44.00655972941116,
        "INACTIVE": 55.99344027058884,
        "INVALID": 0.0,
        "MALICIOUS": 0.0,
        "SANE": 0.0,
        "VALID": 0.0,
        "total": 100.0
    }
}