{
    "counter": {
        "ACTIVE": 18038,
        "INACTIVE": 23163,
        "INVALID": 0,
        "MALICIOUS": 0,
        "SANE": 0,
        "VALID": 0,
        "total": 41201
    },
    "percentage": {
        "ACTIVE": 43.78155339805825,
        "INACTIVE": 56.21950923521274,
        "INVALID": 0,
        "MALICIOUS": 0,
        "SANE": 0,
        "VALID": 0,
        "total": 100.00106263327099
    }
}