{
    "counter": {
        "ACTIVE": 38246,
        "INACTIVE": 47282,
        "INVALID": 0,
        "MALICIOUS": 0,
        "SANE": 0,
        "VALID": 0,
        "total": 85528
    },
    "percentage": {
        "ACTIVE": 44.71751940884857,
        "INACTIVE": 55.28248059115143,
        "INVALID": 0.0,
        "MALICIOUS": 0.0,
        "SANE": 0.0,
        "VALID": 0.0,
        "total": 100.0
    }
}