{
    "counter": {
        "ACTIVE": 41317,
        "INACTIVE": 55086,
        "INVALID": 0,
        "MALICIOUS": 0,
        "SANE": 0,
        "VALID": 0,
        "total": 96403
    },
    "percentage": {
        "ACTIVE": 42.85862473159549,
        "INACTIVE": 57.14137526840451,
        "INVALID": 0.0,
        "MALICIOUS": 0.0,
        "SANE": 0.0,
        "VALID": 0.0,
        "total": 100.0
    }
}