{
    "counter": {
        "ACTIVE": 2922,
        "INACTIVE": 3551,
        "INVALID": 0,
        "MALICIOUS": 0,
        "SANE": 0,
        "VALID": 0,
        "total": 6473
    },
    "percentage": {
        "ACTIVE": 45.14833127317676,
        "INACTIVE": 54.85864359647768,
        "INVALID": 0,
        "MALICIOUS": 0,
        "SANE": 0,
        "VALID": 0,
        "total": 100.00697486965444
    }
}