{
    "counter": {
        "ACTIVE": 18508,
        "INACTIVE": 23581,
        "INVALID": 0,
        "MALICIOUS": 0,
        "SANE": 0,
        "VALID": 0,
        "total": 42089
    },
    "percentage": {
        "ACTIVE": 43.97557440539834,
        "INACTIVE": 56.02651524151204,
        "INVALID": 0,
        "MALICIOUS": 0,
        "SANE": 0,
        "VALID": 0,
        "total": 100.00208964691038
    }
}