{
    "counter": {
        "ACTIVE": 37564,
        "INACTIVE": 46341,
        "INVALID": 0,
        "MALICIOUS": 0,
        "SANE": 0,
        "VALID": 0,
        "total": 83905
    },
    "percentage": {
        "ACTIVE": 44.76967999523271,
        "INACTIVE": 55.23032000476729,
        "INVALID": 0.0,
        "MALICIOUS": 0.0,
        "SANE": 0.0,
        "VALID": 0.0,
        "total": 100.0
    }
}