{
    "counter": {
        "ACTIVE": 37564,
        "INACTIVE": 46343,
        "INVALID": 0,
        "MALICIOUS": 0,
        "SANE": 0,
        "VALID": 0,
        "total": 83907
    },
    "percentage": {
        "ACTIVE": 44.768612869009736,
        "INACTIVE": 55.231387130990264,
        "INVALID": 0.0,
        "MALICIOUS": 0.0,
        "SANE": 0.0,
        "VALID": 0.0,
        "total": 100.0
    }
}