{
    "counter": {
        "ACTIVE": 22798,
        "INACTIVE": 27907,
        "INVALID": 0,
        "MALICIOUS": 0,
        "SANE": 0,
        "VALID": 0,
        "total": 50705
    },
    "percentage": {
        "ACTIVE": 44.96203530223844,
        "INACTIVE": 55.03796469776156,
        "INVALID": 0.0,
        "MALICIOUS": 0.0,
        "SANE": 0.0,
        "VALID": 0.0,
        "total": 100.0
    }
}