{
    "counter": {
        "ACTIVE": 6113,
        "INACTIVE": 7686,
        "INVALID": 0,
        "MALICIOUS": 0,
        "SANE": 0,
        "VALID": 0,
        "total": 13799
    },
    "percentage": {
        "ACTIVE": 44.30352224960139,
        "INACTIVE": 55.69968838321618,
        "INVALID": 0,
        "MALICIOUS": 0,
        "SANE": 0,
        "VALID": 0,
        "total": 100.00321063281757
    }
}