{
    "counter": {
        "ACTIVE": 41363,
        "INACTIVE": 55176,
        "INVALID": 0,
        "MALICIOUS": 0,
        "SANE": 0,
        "VALID": 0,
        "total": 96539
    },
    "percentage": {
        "ACTIVE": 42.84589647707144,
        "INACTIVE": 57.15410352292856,
        "INVALID": 0.0,
        "MALICIOUS": 0.0,
        "SANE": 0.0,
        "VALID": 0.0,
        "total": 100.0
    }
}