{
    "counter": {
        "ACTIVE": 32607,
        "INACTIVE": 40981,
        "INVALID": 0,
        "MALICIOUS": 0,
        "SANE": 0,
        "VALID": 0,
        "total": 73588
    },
    "percentage": {
        "ACTIVE": 44.31021362178616,
        "INACTIVE": 55.68978637821384,
        "INVALID": 0.0,
        "MALICIOUS": 0.0,
        "SANE": 0.0,
        "VALID": 0.0,
        "total": 100.0
    }
}