{
    "counter": {
        "ACTIVE": 16062,
        "INACTIVE": 21222,
        "INVALID": 0,
        "MALICIOUS": 0,
        "SANE": 0,
        "VALID": 0,
        "total": 37284
    },
    "percentage": {
        "ACTIVE": 43.08014161570647,
        "INACTIVE": 56.92138508167261,
        "INVALID": 0,
        "MALICIOUS": 0,
        "SANE": 0,
        "VALID": 0,
        "total": 100.00152669737908
    }
}