{
    "counter": {
        "ACTIVE": 18277,
        "INACTIVE": 23406,
        "INVALID": 0,
        "MALICIOUS": 0,
        "SANE": 0,
        "VALID": 0,
        "total": 41683
    },
    "percentage": {
        "ACTIVE": 43.84761173619941,
        "INACTIVE": 56.153735425363465,
        "INVALID": 0,
        "MALICIOUS": 0,
        "SANE": 0,
        "VALID": 0,
        "total": 100.00134716156288
    }
}