{
    "counter": {
        "ACTIVE": 20185,
        "INACTIVE": 25289,
        "INVALID": 0,
        "MALICIOUS": 0,
        "SANE": 0,
        "VALID": 0,
        "total": 45474
    },
    "percentage": {
        "ACTIVE": 44.388001935171744,
        "INACTIVE": 55.6132210322609,
        "INVALID": 0,
        "MALICIOUS": 0,
        "SANE": 0,
        "VALID": 0,
        "total": 100.00122296743265
    }
}