{
    "counter": {
        "ACTIVE": 25186,
        "INACTIVE": 31478,
        "INVALID": 0,
        "MALICIOUS": 0,
        "SANE": 0,
        "VALID": 0,
        "total": 56664
    },
    "percentage": {
        "ACTIVE": 44.44797402230693,
        "INACTIVE": 55.55202597769307,
        "INVALID": 0.0,
        "MALICIOUS": 0.0,
        "SANE": 0.0,
        "VALID": 0.0,
        "total": 100.0
    }
}