{
    "counter": {
        "ACTIVE": 40294,
        "INACTIVE": 52495,
        "INVALID": 0,
        "MALICIOUS": 0,
        "SANE": 0,
        "VALID": 0,
        "total": 92789
    },
    "percentage": {
        "ACTIVE": 43.42540602873186,
        "INACTIVE": 56.57459397126814,
        "INVALID": 0.0,
        "MALICIOUS": 0.0,
        "SANE": 0.0,
        "VALID": 0.0,
        "total": 100.0
    }
}