{
    "counter": {
        "ACTIVE": 9146,
        "INACTIVE": 12236,
        "INVALID": 0,
        "MALICIOUS": 0,
        "SANE": 0,
        "VALID": 0,
        "total": 21382
    },
    "percentage": {
        "ACTIVE": 42.782299560295634,
        "INACTIVE": 57.22570386306239,
        "INVALID": 0,
        "MALICIOUS": 0,
        "SANE": 0,
        "VALID": 0,
        "total": 100.00800342335802
    }
}