{
    "counter": {
        "ACTIVE": 44304,
        "INACTIVE": 59391,
        "INVALID": 0,
        "MALICIOUS": 0,
        "SANE": 0,
        "VALID": 0,
        "total": 103695
    },
    "percentage": {
        "ACTIVE": 42.7253001591205,
        "INACTIVE": 57.2746998408795,
        "INVALID": 0.0,
        "MALICIOUS": 0.0,
        "SANE": 0.0,
        "VALID": 0.0,
        "total": 100.0
    }
}