{
    "counter": {
        "ACTIVE": 25167,
        "INACTIVE": 31428,
        "INVALID": 0,
        "MALICIOUS": 0,
        "SANE": 0,
        "VALID": 0,
        "total": 56595
    },
    "percentage": {
        "ACTIVE": 44.46859263185794,
        "INACTIVE": 55.53140736814206,
        "INVALID": 0.0,
        "MALICIOUS": 0.0,
        "SANE": 0.0,
        "VALID": 0.0,
        "total": 100.0
    }
}