{
    "counter": {
        "ACTIVE": 40568,
        "INACTIVE": 53790,
        "INVALID": 0,
        "MALICIOUS": 0,
        "SANE": 0,
        "VALID": 0,
        "total": 94358
    },
    "percentage": {
        "ACTIVE": 42.99370482629984,
        "INACTIVE": 57.00629517370016,
        "INVALID": 0.0,
        "MALICIOUS": 0.0,
        "SANE": 0.0,
        "VALID": 0.0,
        "total": 100.0
    }
}