{
    "counter": {
        "ACTIVE": 3980,
        "INACTIVE": 5009,
        "INVALID": 0,
        "MALICIOUS": 0,
        "SANE": 0,
        "VALID": 0,
        "total": 8989
    },
    "percentage": {
        "ACTIVE": 44.2960489705064,
        "INACTIVE": 55.72366225386584,
        "INVALID": 0,
        "MALICIOUS": 0,
        "SANE": 0,
        "VALID": 0,
        "total": 100.01971122437223
    }
}