{
    "counter": {
        "ACTIVE": 31936,
        "INACTIVE": 39976,
        "INVALID": 0,
        "MALICIOUS": 0,
        "SANE": 0,
        "VALID": 0,
        "total": 71912
    },
    "percentage": {
        "ACTIVE": 44.41045180848549,
        "INACTIVE": 55.59016575814885,
        "INVALID": 0.0,
        "MALICIOUS": 0.0,
        "SANE": 0.0,
        "VALID": 0.0,
        "total": 100.00061756663433
    }
}