{
    "counter": {
        "ACTIVE": 33211,
        "INACTIVE": 41879,
        "INVALID": 0,
        "MALICIOUS": 0,
        "SANE": 0,
        "VALID": 0,
        "total": 75090
    },
    "percentage": {
        "ACTIVE": 44.2282594220269,
        "INACTIVE": 55.7717405779731,
        "INVALID": 0.0,
        "MALICIOUS": 0.0,
        "SANE": 0.0,
        "VALID": 0.0,
        "total": 100.0
    }
}