{
    "counter": {
        "ACTIVE": 39156,
        "INACTIVE": 48438,
        "INVALID": 0,
        "MALICIOUS": 0,
        "SANE": 0,
        "VALID": 0,
        "total": 87594
    },
    "percentage": {
        "ACTIVE": 44.701691896705256,
        "INACTIVE": 55.298308103294744,
        "INVALID": 0.0,
        "MALICIOUS": 0.0,
        "SANE": 0.0,
        "VALID": 0.0,
        "total": 100.0
    }
}