{
    "counter": {
        "ACTIVE": 19889,
        "INACTIVE": 25031,
        "INVALID": 0,
        "MALICIOUS": 0,
        "SANE": 0,
        "VALID": 0,
        "total": 44920
    },
    "percentage": {
        "ACTIVE": 44.276491540516474,
        "INACTIVE": 55.72474899263118,
        "INVALID": 0,
        "MALICIOUS": 0,
        "SANE": 0,
        "VALID": 0,
        "total": 100.00124053314765
    }
}