{
    "counter": {
        "ACTIVE": 31360,
        "INACTIVE": 39261,
        "INVALID": 0,
        "MALICIOUS": 0,
        "SANE": 0,
        "VALID": 0,
        "total": 70621
    },
    "percentage": {
        "ACTIVE": 44.40668365902011,
        "INACTIVE": 55.59394514379576,
        "INVALID": 0.0,
        "MALICIOUS": 0.0,
        "SANE": 0.0,
        "VALID": 0.0,
        "total": 100.00062880281587
    }
}