{
    "counter": {
        "ACTIVE": 23413,
        "INACTIVE": 28748,
        "INVALID": 0,
        "MALICIOUS": 0,
        "SANE": 0,
        "VALID": 0,
        "total": 52161
    },
    "percentage": {
        "ACTIVE": 44.886025958091295,
        "INACTIVE": 55.113974041908705,
        "INVALID": 0.0,
        "MALICIOUS": 0.0,
        "SANE": 0.0,
        "VALID": 0.0,
        "total": 100.0
    }
}