{
    "counter": {
        "ACTIVE": 20958,
        "INACTIVE": 25901,
        "INVALID": 0,
        "MALICIOUS": 0,
        "SANE": 0,
        "VALID": 0,
        "total": 46859
    },
    "percentage": {
        "ACTIVE": 44.726620854496566,
        "INACTIVE": 55.27433363921552,
        "INVALID": 0,
        "MALICIOUS": 0,
        "SANE": 0,
        "VALID": 0,
        "total": 100.00095449371209
    }
}