{
    "counter": {
        "ACTIVE": 23330,
        "INACTIVE": 28669,
        "INVALID": 0,
        "MALICIOUS": 0,
        "SANE": 0,
        "VALID": 0,
        "total": 51999
    },
    "percentage": {
        "ACTIVE": 44.86624742783515,
        "INACTIVE": 55.13375257216485,
        "INVALID": 0.0,
        "MALICIOUS": 0.0,
        "SANE": 0.0,
        "VALID": 0.0,
        "total": 100.0
    }
}