{
    "counter": {
        "ACTIVE": 44445,
        "INACTIVE": 59561,
        "INVALID": 0,
        "MALICIOUS": 0,
        "SANE": 0,
        "VALID": 0,
        "total": 104006
    },
    "percentage": {
        "ACTIVE": 42.733111551256656,
        "INACTIVE": 57.266888448743344,
        "INVALID": 0.0,
        "MALICIOUS": 0.0,
        "SANE": 0.0,
        "VALID": 0.0,
        "total": 100.0
    }
}