{
    "counter": {
        "ACTIVE": 13932,
        "INACTIVE": 18338,
        "INVALID": 0,
        "MALICIOUS": 0,
        "SANE": 0,
        "VALID": 0,
        "total": 32270
    },
    "percentage": {
        "ACTIVE": 43.183931560349635,
        "INACTIVE": 56.82677409358537,
        "INVALID": 0,
        "MALICIOUS": 0,
        "SANE": 0,
        "VALID": 0,
        "total": 100.010705653935
    }
}