{
    "counter": {
        "ACTIVE": 25744,
        "INACTIVE": 32743,
        "INVALID": 0,
        "MALICIOUS": 0,
        "SANE": 0,
        "VALID": 0,
        "total": 58487
    },
    "percentage": {
        "ACTIVE": 44.01661907774377,
        "INACTIVE": 55.98338092225623,
        "INVALID": 0.0,
        "MALICIOUS": 0.0,
        "SANE": 0.0,
        "VALID": 0.0,
        "total": 100.0
    }
}