{
    "counter": {
        "ACTIVE": 37806,
        "INACTIVE": 46788,
        "INVALID": 0,
        "MALICIOUS": 0,
        "SANE": 0,
        "VALID": 0,
        "total": 84594
    },
    "percentage": {
        "ACTIVE": 44.69111284488262,
        "INACTIVE": 55.30888715511738,
        "INVALID": 0.0,
        "MALICIOUS": 0.0,
        "SANE": 0.0,
        "VALID": 0.0,
        "total": 100.0
    }
}