{
    "counter": {
        "ACTIVE": 35092,
        "INACTIVE": 43920,
        "INVALID": 0,
        "MALICIOUS": 0,
        "SANE": 0,
        "VALID": 0,
        "total": 79012
    },
    "percentage": {
        "ACTIVE": 44.41350680909229,
        "INACTIVE": 55.58649319090771,
        "INVALID": 0.0,
        "MALICIOUS": 0.0,
        "SANE": 0.0,
        "VALID": 0.0,
        "total": 100.0
    }
}