{
    "counter": {
        "ACTIVE": 32831,
        "INACTIVE": 41345,
        "INVALID": 0,
        "MALICIOUS": 0,
        "SANE": 0,
        "VALID": 0,
        "total": 74176
    },
    "percentage": {
        "ACTIVE": 44.260946937014666,
        "INACTIVE": 55.739053062985334,
        "INVALID": 0.0,
        "MALICIOUS": 0.0,
        "SANE": 0.0,
        "VALID": 0.0,
        "total": 100.0
    }
}