{
    "counter": {
        "ACTIVE": 28126,
        "INACTIVE": 35958,
        "INVALID": 0,
        "MALICIOUS": 0,
        "SANE": 0,
        "VALID": 0,
        "total": 64084
    },
    "percentage": {
        "ACTIVE": 43.894749984393535,
        "INACTIVE": 56.11072966731165,
        "INVALID": 0.0,
        "MALICIOUS": 0.0,
        "SANE": 0.0,
        "VALID": 0.0,
        "total": 100.00547965170519
    }
}