{
    "counter": {
        "ACTIVE": 12326,
        "INACTIVE": 15212,
        "INVALID": 0,
        "MALICIOUS": 0,
        "SANE": 0,
        "VALID": 0,
        "total": 27538
    },
    "percentage": {
        "ACTIVE": 44.76159349239205,
        "INACTIVE": 55.24003195584284,
        "INVALID": 0,
        "MALICIOUS": 0,
        "SANE": 0,
        "VALID": 0,
        "total": 100.00162544823489
    }
}