{
    "counter": {
        "ACTIVE": 36563,
        "INACTIVE": 45741,
        "INVALID": 0,
        "MALICIOUS": 0,
        "SANE": 0,
        "VALID": 0,
        "total": 82304
    },
    "percentage": {
        "ACTIVE": 44.424329315707624,
        "INACTIVE": 55.575670684292376,
        "INVALID": 0.0,
        "MALICIOUS": 0.0,
        "SANE": 0.0,
        "VALID": 0.0,
        "total": 100.0
    }
}