{
    "counter": {
        "ACTIVE": 3757,
        "INACTIVE": 4595,
        "INVALID": 0,
        "MALICIOUS": 0,
        "SANE": 0,
        "VALID": 0,
        "total": 8352
    },
    "percentage": {
        "ACTIVE": 44.98323754789272,
        "INACTIVE": 55.02994011976048,
        "INVALID": 0,
        "MALICIOUS": 0,
        "SANE": 0,
        "VALID": 0,
        "total": 100.0131776676532
    }
}