{
    "counter": {
        "ACTIVE": 11334,
        "INACTIVE": 14048,
        "INVALID": 0,
        "MALICIOUS": 0,
        "SANE": 0,
        "VALID": 0,
        "total": 25382
    },
    "percentage": {
        "ACTIVE": 44.65545092785942,
        "INACTIVE": 55.346308407532895,
        "INVALID": 0,
        "MALICIOUS": 0,
        "SANE": 0,
        "VALID": 0,
        "total": 100.00175933539231
    }
}