{
    "counter": {
        "ACTIVE": 31132,
        "INACTIVE": 38925,
        "INVALID": 0,
        "MALICIOUS": 0,
        "SANE": 0,
        "VALID": 0,
        "total": 70057
    },
    "percentage": {
        "ACTIVE": 44.439369067161515,
        "INACTIVE": 55.56189959604322,
        "INVALID": 0.0,
        "MALICIOUS": 0.0,
        "SANE": 0.0,
        "VALID": 0.0,
        "total": 100.00126866320474
    }
}