{
    "counter": {
        "ACTIVE": 7682,
        "INACTIVE": 10137,
        "INVALID": 0,
        "MALICIOUS": 0,
        "SANE": 0,
        "VALID": 0,
        "total": 17819
    },
    "percentage": {
        "ACTIVE": 43.11128570626859,
        "INACTIVE": 56.89829366861248,
        "INVALID": 0,
        "MALICIOUS": 0,
        "SANE": 0,
        "VALID": 0,
        "total": 100.00957937488107
    }
}