{
    "counter": {
        "ACTIVE": 30232,
        "INACTIVE": 37987,
        "INVALID": 0,
        "MALICIOUS": 0,
        "SANE": 0,
        "VALID": 0,
        "total": 68219
    },
    "percentage": {
        "ACTIVE": 44.316099620340374,
        "INACTIVE": 55.68471664370107,
        "INVALID": 0.0,
        "MALICIOUS": 0.0,
        "SANE": 0.0,
        "VALID": 0.0,
        "total": 100.00081626404145
    }
}