{
    "counter": {
        "ACTIVE": 38406,
        "INACTIVE": 47435,
        "INVALID": 0,
        "MALICIOUS": 0,
        "SANE": 0,
        "VALID": 0,
        "total": 85841
    },
    "percentage": {
        "ACTIVE": 44.74085809811162,
        "INACTIVE": 55.25914190188838,
        "INVALID": 0.0,
        "MALICIOUS": 0.0,
        "SANE": 0.0,
        "VALID": 0.0,
        "total": 100.0
    }
}