{
    "counter": {
        "ACTIVE": 15732,
        "INACTIVE": 21013,
        "INVALID": 0,
        "MALICIOUS": 0,
        "SANE": 0,
        "VALID": 0,
        "total": 36745
    },
    "percentage": {
        "ACTIVE": 42.81748407816668,
        "INACTIVE": 57.18601170227242,
        "INVALID": 0,
        "MALICIOUS": 0,
        "SANE": 0,
        "VALID": 0,
        "total": 100.0034957804391
    }
}