{
    "counter": {
        "ACTIVE": 5960,
        "INACTIVE": 7435,
        "INVALID": 0,
        "MALICIOUS": 0,
        "SANE": 0,
        "VALID": 0,
        "total": 13395
    },
    "percentage": {
        "ACTIVE": 44.49421425905189,
        "INACTIVE": 55.51821983273596,
        "INVALID": 0,
        "MALICIOUS": 0,
        "SANE": 0,
        "VALID": 0,
        "total": 100.01243409178784
    }
}