{
    "counter": {
        "ACTIVE": 21577,
        "INACTIVE": 26515,
        "INVALID": 0,
        "MALICIOUS": 0,
        "SANE": 0,
        "VALID": 0,
        "total": 48092
    },
    "percentage": {
        "ACTIVE": 44.86608999417783,
        "INACTIVE": 55.13391000582217,
        "INVALID": 0.0,
        "MALICIOUS": 0.0,
        "SANE": 0.0,
        "VALID": 0.0,
        "total": 100.0
    }
}