{
    "counter": {
        "ACTIVE": 31794,
        "INACTIVE": 39798,
        "INVALID": 0,
        "MALICIOUS": 0,
        "SANE": 0,
        "VALID": 0,
        "total": 71592
    },
    "percentage": {
        "ACTIVE": 44.41123061880151,
        "INACTIVE": 55.590010056989605,
        "INVALID": 0.0,
        "MALICIOUS": 0.0,
        "SANE": 0.0,
        "VALID": 0.0,
        "total": 100.00124067579111
    }
}