{
    "counter": {
        "ACTIVE": 33146,
        "INACTIVE": 41811,
        "INVALID": 0,
        "MALICIOUS": 0,
        "SANE": 0,
        "VALID": 0,
        "total": 74957
    },
    "percentage": {
        "ACTIVE": 44.22001947783396,
        "INACTIVE": 55.77998052216604,
        "INVALID": 0.0,
        "MALICIOUS": 0.0,
        "SANE": 0.0,
        "VALID": 0.0,
        "total": 100.0
    }
}