{
    "counter": {
        "ACTIVE": 8698,
        "INACTIVE": 11677,
        "INVALID": 0,
        "MALICIOUS": 0,
        "SANE": 0,
        "VALID": 0,
        "total": 20375
    },
    "percentage": {
        "ACTIVE": 42.691665848630606,
        "INACTIVE": 57.31042944785276,
        "INVALID": 0,
        "MALICIOUS": 0,
        "SANE": 0,
        "VALID": 0,
        "total": 100.00209529648336
    }
}