{
    "counter": {
        "ACTIVE": 37263,
        "INACTIVE": 46160,
        "INVALID": 0,
        "MALICIOUS": 0,
        "SANE": 0,
        "VALID": 0,
        "total": 83423
    },
    "percentage": {
        "ACTIVE": 44.667537729403165,
        "INACTIVE": 55.332462270596835,
        "INVALID": 0.0,
        "MALICIOUS": 0.0,
        "SANE": 0.0,
        "VALID": 0.0,
        "total": 100.0
    }
}