{
    "counter": {
        "ACTIVE": 10876,
        "INACTIVE": 13681,
        "INVALID": 0,
        "MALICIOUS": 0,
        "SANE": 0,
        "VALID": 0,
        "total": 24557
    },
    "percentage": {
        "ACTIVE": 44.28879749155027,
        "INACTIVE": 55.71347124938915,
        "INVALID": 0,
        "MALICIOUS": 0,
        "SANE": 0,
        "VALID": 0,
        "total": 100.00226874093943
    }
}