{
    "counter": {
        "ACTIVE": 35580,
        "INACTIVE": 44565,
        "INVALID": 0,
        "MALICIOUS": 0,
        "SANE": 0,
        "VALID": 0,
        "total": 80145
    },
    "percentage": {
        "ACTIVE": 44.39453490548381,
        "INACTIVE": 55.60546509451619,
        "INVALID": 0.0,
        "MALICIOUS": 0.0,
        "SANE": 0.0,
        "VALID": 0.0,
        "total": 100.0
    }
}