{
    "counter": {
        "ACTIVE": 6944,
        "INACTIVE": 9204,
        "INVALID": 0,
        "MALICIOUS": 0,
        "SANE": 0,
        "VALID": 0,
        "total": 16148
    },
    "percentage": {
        "ACTIVE": 43.00489254969963,
        "INACTIVE": 56.99777062174882,
        "INVALID": 0,
        "MALICIOUS": 0,
        "SANE": 0,
        "VALID": 0,
        "total": 100.00266317144846
    }
}