{
    "counter": {
        "ACTIVE": 39540,
        "INACTIVE": 49294,
        "INVALID": 0,
        "MALICIOUS": 0,
        "SANE": 0,
        "VALID": 0,
        "total": 88834
    },
    "percentage": {
        "ACTIVE": 44.509984915685436,
        "INACTIVE": 55.490015084314564,
        "INVALID": 0.0,
        "MALICIOUS": 0.0,
        "SANE": 0.0,
        "VALID": 0.0,
        "total": 100.0
    }
}