{
    "counter": {
        "ACTIVE": 15391,
        "INACTIVE": 20685,
        "INVALID": 0,
        "MALICIOUS": 0,
        "SANE": 0,
        "VALID": 0,
        "total": 36076
    },
    "percentage": {
        "ACTIVE": 42.66507734102123,
        "INACTIVE": 57.33728794766604,
        "INVALID": 0,
        "MALICIOUS": 0,
        "SANE": 0,
        "VALID": 0,
        "total": 100.00236528868727
    }
}