{
    "counter": {
        "ACTIVE": 3703,
        "INACTIVE": 4542,
        "INVALID": 0,
        "MALICIOUS": 0,
        "SANE": 0,
        "VALID": 0,
        "total": 8245
    },
    "percentage": {
        "ACTIVE": 44.91206791995148,
        "INACTIVE": 55.09461426491994,
        "INVALID": 0,
        "MALICIOUS": 0,
        "SANE": 0,
        "VALID": 0,
        "total": 100.00668218487142
    }
}