{
    "counter": {
        "ACTIVE": 28189,
        "INACTIVE": 36067,
        "INVALID": 0,
        "MALICIOUS": 0,
        "SANE": 0,
        "VALID": 0,
        "total": 64256
    },
    "percentage": {
        "ACTIVE": 43.869833167330675,
        "INACTIVE": 56.13104038596218,
        "INVALID": 0.0,
        "MALICIOUS": 0.0,
        "SANE": 0.0,
        "VALID": 0.0,
        "total": 100.00087355329285
    }
}