{
    "counter": {
        "ACTIVE": 11239,
        "INACTIVE": 13929,
        "INVALID": 0,
        "MALICIOUS": 0,
        "SANE": 0,
        "VALID": 0,
        "total": 25168
    },
    "percentage": {
        "ACTIVE": 44.65591226954864,
        "INACTIVE": 55.34628680414829,
        "INVALID": 0,
        "MALICIOUS": 0,
        "SANE": 0,
        "VALID": 0,
        "total": 100.00219907369693
    }
}