{
    "counter": {
        "ACTIVE": 13385,
        "INACTIVE": 17357,
        "INVALID": 0,
        "MALICIOUS": 0,
        "SANE": 0,
        "VALID": 0,
        "total": 30742
    },
    "percentage": {
        "ACTIVE": 43.53978270769631,
        "INACTIVE": 56.465727577344744,
        "INVALID": 0,
        "MALICIOUS": 0,
        "SANE": 0,
        "VALID": 0,
        "total": 100.00551028504105
    }
}