{
    "counter": {
        "ACTIVE": 21181,
        "INACTIVE": 26115,
        "INVALID": 0,
        "MALICIOUS": 0,
        "SANE": 0,
        "VALID": 0,
        "total": 47296
    },
    "percentage": {
        "ACTIVE": 44.78391407307172,
        "INACTIVE": 55.21725340945132,
        "INVALID": 0,
        "MALICIOUS": 0,
        "SANE": 0,
        "VALID": 0,
        "total": 100.00116748252304
    }
}