{
    "counter": {
        "ACTIVE": 40540,
        "INACTIVE": 53716,
        "INVALID": 0,
        "MALICIOUS": 0,
        "SANE": 0,
        "VALID": 0,
        "total": 94256
    },
    "percentage": {
        "ACTIVE": 43.010524528942454,
        "INACTIVE": 56.989475471057546,
        "INVALID": 0.0,
        "MALICIOUS": 0.0,
        "SANE": 0.0,
        "VALID": 0.0,
        "total": 100.0
    }
}