{
    "counter": {
        "ACTIVE": 10565,
        "INACTIVE": 13466,
        "INVALID": 0,
        "MALICIOUS": 0,
        "SANE": 0,
        "VALID": 0,
        "total": 24031
    },
    "percentage": {
        "ACTIVE": 43.97136554709285,
        "INACTIVE": 56.03595355998502,
        "INVALID": 0,
        "MALICIOUS": 0,
        "SANE": 0,
        "VALID": 0,
        "total": 100.00731910707788
    }
}