{
    "counter": {
        "ACTIVE": 43880,
        "INACTIVE": 58867,
        "INVALID": 0,
        "MALICIOUS": 0,
        "SANE": 0,
        "VALID": 0,
        "total": 102747
    },
    "percentage": {
        "ACTIVE": 42.7068430221807,
        "INACTIVE": 57.2931569778193,
        "INVALID": 0.0,
        "MALICIOUS": 0.0,
        "SANE": 0.0,
        "VALID": 0.0,
        "total": 100.0
    }
}