{
    "counter": {
        "ACTIVE": 34119,
        "INACTIVE": 42822,
        "INVALID": 0,
        "MALICIOUS": 0,
        "SANE": 0,
        "VALID": 0,
        "total": 76941
    },
    "percentage": {
        "ACTIVE": 44.34436776231138,
        "INACTIVE": 55.65563223768862,
        "INVALID": 0.0,
        "MALICIOUS": 0.0,
        "SANE": 0.0,
        "VALID": 0.0,
        "total": 100.0
    }
}