{
    "counter": {
        "ACTIVE": 31244,
        "INACTIVE": 39090,
        "INVALID": 0,
        "MALICIOUS": 0,
        "SANE": 0,
        "VALID": 0,
        "total": 70334
    },
    "percentage": {
        "ACTIVE": 44.42295935051825,
        "INACTIVE": 55.57767224955214,
        "INVALID": 0.0,
        "MALICIOUS": 0.0,
        "SANE": 0.0,
        "VALID": 0.0,
        "total": 100.00063160007039
    }
}