{
    "counter": {
        "ACTIVE": 34869,
        "INACTIVE": 43465,
        "INVALID": 0,
        "MALICIOUS": 0,
        "SANE": 0,
        "VALID": 0,
        "total": 78334
    },
    "percentage": {
        "ACTIVE": 44.51323818520694,
        "INACTIVE": 55.48676181479306,
        "INVALID": 0.0,
        "MALICIOUS": 0.0,
        "SANE": 0.0,
        "VALID": 0.0,
        "total": 100.0
    }
}