{
    "counter": {
        "ACTIVE": 7508,
        "INACTIVE": 9944,
        "INVALID": 0,
        "MALICIOUS": 0,
        "SANE": 0,
        "VALID": 0,
        "total": 17452
    },
    "percentage": {
        "ACTIVE": 43.03318622112684,
        "INACTIVE": 56.97914279165712,
        "INVALID": 0,
        "MALICIOUS": 0,
        "SANE": 0,
        "VALID": 0,
        "total": 100.01232901278397
    }
}