{
    "counter": {
        "ACTIVE": 31234,
        "INACTIVE": 39077,
        "INVALID": 0,
        "MALICIOUS": 0,
        "SANE": 0,
        "VALID": 0,
        "total": 70311
    },
    "percentage": {
        "ACTIVE": 44.42263657180242,
        "INACTIVE": 55.57973488081015,
        "INVALID": 0.0,
        "MALICIOUS": 0.0,
        "SANE": 0.0,
        "VALID": 0.0,
        "total": 100.00237145261258
    }
}