{
    "counter": {
        "ACTIVE": 24401,
        "INACTIVE": 30312,
        "INVALID": 0,
        "MALICIOUS": 0,
        "SANE": 0,
        "VALID": 0,
        "total": 54713
    },
    "percentage": {
        "ACTIVE": 44.598175936249156,
        "INACTIVE": 55.401824063750844,
        "INVALID": 0.0,
        "MALICIOUS": 0.0,
        "SANE": 0.0,
        "VALID": 0.0,
        "total": 100.0
    }
}