{
    "counter": {
        "ACTIVE": 27276,
        "INACTIVE": 34957,
        "INVALID": 0,
        "MALICIOUS": 0,
        "SANE": 0,
        "VALID": 0,
        "total": 62233
    },
    "percentage": {
        "ACTIVE": 43.82883679077017,
        "INACTIVE": 56.17116320922983,
        "INVALID": 0.0,
        "MALICIOUS": 0.0,
        "SANE": 0.0,
        "VALID": 0.0,
        "total": 100.0
    }
}