{
    "counter": {
        "ACTIVE": 5223,
        "INACTIVE": 6540,
        "INVALID": 0,
        "MALICIOUS": 0,
        "SANE": 0,
        "VALID": 0,
        "total": 11763
    },
    "percentage": {
        "ACTIVE": 44.401938281050754,
        "INACTIVE": 55.63116706362708,
        "INVALID": 0,
        "MALICIOUS": 0,
        "SANE": 0,
        "VALID": 0,
        "total": 100.03310534467784
    }
}