{
    "counter": {
        "ACTIVE": 33948,
        "INACTIVE": 42723,
        "INVALID": 0,
        "MALICIOUS": 0,
        "SANE": 0,
        "VALID": 0,
        "total": 76671
    },
    "percentage": {
        "ACTIVE": 44.27749735884493,
        "INACTIVE": 55.72250264115507,
        "INVALID": 0.0,
        "MALICIOUS": 0.0,
        "SANE": 0.0,
        "VALID": 0.0,
        "total": 100.0
    }
}