{
    "counter": {
        "ACTIVE": 5626,
        "INACTIVE": 7038,
        "INVALID": 0,
        "MALICIOUS": 0,
        "SANE": 0,
        "VALID": 0,
        "total": 12664
    },
    "percentage": {
        "ACTIVE": 44.425142135186356,
        "INACTIVE": 55.579246624022744,
        "INVALID": 0,
        "MALICIOUS": 0,
        "SANE": 0,
        "VALID": 0,
        "total": 100.00438875920909
    }
}