{
    "counter": {
        "ACTIVE": 38448,
        "INACTIVE": 47496,
        "INVALID": 0,
        "MALICIOUS": 0,
        "SANE": 0,
        "VALID": 0,
        "total": 85944
    },
    "percentage": {
        "ACTIVE": 44.73610723261659,
        "INACTIVE": 55.26389276738341,
        "INVALID": 0.0,
        "MALICIOUS": 0.0,
        "SANE": 0.0,
        "VALID": 0.0,
        "total": 100.0
    }
}