{
    "counter": {
        "ACTIVE": 38663,
        "INACTIVE": 47726,
        "INVALID": 0,
        "MALICIOUS": 0,
        "SANE": 0,
        "VALID": 0,
        "total": 86389
    },
    "percentage": {
        "ACTIVE": 44.754540508629574,
        "INACTIVE": 55.245459491370426,
        "INVALID": 0.0,
        "MALICIOUS": 0.0,
        "SANE": 0.0,
        "VALID": 0.0,
        "total": 100.0
    }
}