{
    "counter": {
        "ACTIVE": 13624,
        "INACTIVE": 17792,
        "INVALID": 0,
        "MALICIOUS": 0,
        "SANE": 0,
        "VALID": 0,
        "total": 31416
    },
    "percentage": {
        "ACTIVE": 43.369198446552495,
        "INACTIVE": 56.63356251591546,
        "INVALID": 0,
        "MALICIOUS": 0,
        "SANE": 0,
        "VALID": 0,
        "total": 100.00276096246796
    }
}