{
    "counter": {
        "ACTIVE": 11150,
        "INACTIVE": 13873,
        "INVALID": 0,
        "MALICIOUS": 0,
        "SANE": 0,
        "VALID": 0,
        "total": 25023
    },
    "percentage": {
        "ACTIVE": 44.55900571474244,
        "INACTIVE": 55.45207450635542,
        "INVALID": 0,
        "MALICIOUS": 0,
        "SANE": 0,
        "VALID": 0,
        "total": 100.01108022109787
    }
}