{
    "counter": {
        "ACTIVE": 32363,
        "INACTIVE": 40575,
        "INVALID": 0,
        "MALICIOUS": 0,
        "SANE": 0,
        "VALID": 0,
        "total": 72938
    },
    "percentage": {
        "ACTIVE": 44.3705612986372,
        "INACTIVE": 55.6294387013628,
        "INVALID": 0.0,
        "MALICIOUS": 0.0,
        "SANE": 0.0,
        "VALID": 0.0,
        "total": 100.0
    }
}