{
    "counter": {
        "ACTIVE": 1630,
        "INACTIVE": 1782,
        "INVALID": 0,
        "MALICIOUS": 0,
        "SANE": 0,
        "VALID": 0,
        "total": 3412
    },
    "percentage": {
        "ACTIVE": 47.842676841796305,
        "INACTIVE": 52.227432590855805,
        "INVALID": 0,
        "MALICIOUS": 0,
        "SANE": 0,
        "VALID": 0,
        "total": 100.07010943265212
    }
}