{
    "counter": {
        "ACTIVE": 25740,
        "INACTIVE": 32735,
        "INVALID": 0,
        "MALICIOUS": 0,
        "SANE": 0,
        "VALID": 0,
        "total": 58475
    },
    "percentage": {
        "ACTIVE": 44.018811457887985,
        "INACTIVE": 55.981188542112015,
        "INVALID": 0.0,
        "MALICIOUS": 0.0,
        "SANE": 0.0,
        "VALID": 0.0,
        "total": 100.0
    }
}