{
    "counter": {
        "ACTIVE": 17885,
        "INACTIVE": 22999,
        "INVALID": 0,
        "MALICIOUS": 0,
        "SANE": 0,
        "VALID": 0,
        "total": 40884
    },
    "percentage": {
        "ACTIVE": 43.74571959690832,
        "INACTIVE": 56.25703243481239,
        "INVALID": 0,
        "MALICIOUS": 0,
        "SANE": 0,
        "VALID": 0,
        "total": 100.00275203172072
    }
}