{
    "counter": {
        "ACTIVE": 23147,
        "INACTIVE": 28374,
        "INVALID": 0,
        "MALICIOUS": 0,
        "SANE": 0,
        "VALID": 0,
        "total": 51521
    },
    "percentage": {
        "ACTIVE": 44.927311193493914,
        "INACTIVE": 55.072688806506086,
        "INVALID": 0.0,
        "MALICIOUS": 0.0,
        "SANE": 0.0,
        "VALID": 0.0,
        "total": 100.0
    }
}