{
    "counter": {
        "ACTIVE": 32951,
        "INACTIVE": 41551,
        "INVALID": 0,
        "MALICIOUS": 0,
        "SANE": 0,
        "VALID": 0,
        "total": 74502
    },
    "percentage": {
        "ACTIVE": 44.22834286327884,
        "INACTIVE": 55.77165713672116,
        "INVALID": 0.0,
        "MALICIOUS": 0.0,
        "SANE": 0.0,
        "VALID": 0.0,
        "total": 100.0
    }
}