{
    "counter": {
        "ACTIVE": 39289,
        "INACTIVE": 48724,
        "INVALID": 0,
        "MALICIOUS": 0,
        "SANE": 0,
        "VALID": 0,
        "total": 88013
    },
    "percentage": {
        "ACTIVE": 44.63999636417348,
        "INACTIVE": 55.36000363582652,
        "INVALID": 0.0,
        "MALICIOUS": 0.0,
        "SANE": 0.0,
        "VALID": 0.0,
        "total": 100.0
    }
}