{
    "counter": {
        "ACTIVE": 28728,
        "INACTIVE": 36602,
        "INVALID": 0,
        "MALICIOUS": 0,
        "SANE": 0,
        "VALID": 0,
        "total": 65330
    },
    "percentage": {
        "ACTIVE": 43.97367212612888,
        "INACTIVE": 56.028900760788034,
        "INVALID": 0.0,
        "MALICIOUS": 0.0,
        "SANE": 0.0,
        "VALID": 0.0,
        "total": 100.00257288691691
    }
}