{
    "counter": {
        "ACTIVE": 40373,
        "INACTIVE": 53144,
        "INVALID": 0,
        "MALICIOUS": 0,
        "SANE": 0,
        "VALID": 0,
        "total": 93517
    },
    "percentage": {
        "ACTIVE": 43.17182972079943,
        "INACTIVE": 56.82817027920057,
        "INVALID": 0.0,
        "MALICIOUS": 0.0,
        "SANE": 0.0,
        "VALID": 0.0,
        "total": 100.0
    }
}