{
    "counter": {
        "ACTIVE": 2460,
        "INACTIVE": 3188,
        "INVALID": 0,
        "MALICIOUS": 0,
        "SANE": 0,
        "VALID": 0,
        "total": 5648
    },
    "percentage": {
        "ACTIVE": 43.555240793201136,
        "INACTIVE": 56.46475380800567,
        "INVALID": 0,
        "MALICIOUS": 0,
        "SANE": 0,
        "VALID": 0,
        "total": 100.0199946012068
    }
}