{
    "counter": {
        "ACTIVE": 39338,
        "INACTIVE": 48848,
        "INVALID": 0,
        "MALICIOUS": 0,
        "SANE": 0,
        "VALID": 0,
        "total": 88186
    },
    "percentage": {
        "ACTIVE": 44.60798766244075,
        "INACTIVE": 55.39201233755925,
        "INVALID": 0.0,
        "MALICIOUS": 0.0,
        "SANE": 0.0,
        "VALID": 0.0,
        "total": 100.0
    }
}