{
    "counter": {
        "ACTIVE": 15482,
        "INACTIVE": 20870,
        "INVALID": 0,
        "MALICIOUS": 0,
        "SANE": 0,
        "VALID": 0,
        "total": 36352
    },
    "percentage": {
        "ACTIVE": 42.59264353902446,
        "INACTIVE": 57.41087147887324,
        "INVALID": 0,
        "MALICIOUS": 0,
        "SANE": 0,
        "VALID": 0,
        "total": 100.0035150178977
    }
}