{
    "counter": {
        "ACTIVE": 10102,
        "INACTIVE": 13065,
        "INVALID": 0,
        "MALICIOUS": 0,
        "SANE": 0,
        "VALID": 0,
        "total": 23167
    },
    "percentage": {
        "ACTIVE": 43.60701027367694,
        "INACTIVE": 56.39487201622998,
        "INVALID": 0,
        "MALICIOUS": 0,
        "SANE": 0,
        "VALID": 0,
        "total": 100.00188228990692
    }
}