{
    "counter": {
        "ACTIVE": 23455,
        "INACTIVE": 28796,
        "INVALID": 0,
        "MALICIOUS": 0,
        "SANE": 0,
        "VALID": 0,
        "total": 52251
    },
    "percentage": {
        "ACTIVE": 44.889093031712314,
        "INACTIVE": 55.110906968287686,
        "INVALID": 0.0,
        "MALICIOUS": 0.0,
        "SANE": 0.0,
        "VALID": 0.0,
        "total": 100.0
    }
}