{
    "counter": {
        "ACTIVE": 32469,
        "INACTIVE": 40737,
        "INVALID": 0,
        "MALICIOUS": 0,
        "SANE": 0,
        "VALID": 0,
        "total": 73206
    },
    "percentage": {
        "ACTIVE": 44.35292189164822,
        "INACTIVE": 55.64707810835178,
        "INVALID": 0.0,
        "MALICIOUS": 0.0,
        "SANE": 0.0,
        "VALID": 0.0,
        "total": 100.0
    }
}