{
    "counter": {
        "ACTIVE": 9452,
        "INACTIVE": 12628,
        "INVALID": 0,
        "MALICIOUS": 0,
        "SANE": 0,
        "VALID": 0,
        "total": 22080
    },
    "percentage": {
        "ACTIVE": 42.80797101449275,
        "INACTIVE": 57.19461932152724,
        "INVALID": 0,
        "MALICIOUS": 0,
        "SANE": 0,
        "VALID": 0,
        "total": 100.00259033601999
    }
}