{
    "counter": {
        "ACTIVE": 23153,
        "INACTIVE": 28378,
        "INVALID": 0,
        "MALICIOUS": 0,
        "SANE": 0,
        "VALID": 0,
        "total": 51531
    },
    "percentage": {
        "ACTIVE": 44.93023616851992,
        "INACTIVE": 55.06976383148008,
        "INVALID": 0.0,
        "MALICIOUS": 0.0,
        "SANE": 0.0,
        "VALID": 0.0,
        "total": 100.0
    }
}