{
    "counter": {
        "ACTIVE": 1276,
        "INACTIVE": 1463,
        "INVALID": 0,
        "MALICIOUS": 0,
        "SANE": 0,
        "VALID": 0,
        "total": 2739
    },
    "percentage": {
        "ACTIVE": 46.5863453815261,
        "INACTIVE": 53.43316289262235,
        "INVALID": 0,
        "MALICIOUS": 0,
        "SANE": 0,
        "VALID": 0,
        "total": 100.01950827414845
    }
}