{
    "counter": {
        "ACTIVE": 27612,
        "INACTIVE": 35266,
        "INVALID": 0,
        "MALICIOUS": 0,
        "SANE": 0,
        "VALID": 0,
        "total": 62878
    },
    "percentage": {
        "ACTIVE": 43.91361048379402,
        "INACTIVE": 56.08638951620598,
        "INVALID": 0.0,
        "MALICIOUS": 0.0,
        "SANE": 0.0,
        "VALID": 0.0,
        "total": 100.0
    }
}