{
    "counter": {
        "ACTIVE": 40903,
        "INACTIVE": 54588,
        "INVALID": 0,
        "MALICIOUS": 0,
        "SANE": 0,
        "VALID": 0,
        "total": 95491
    },
    "percentage": {
        "ACTIVE": 42.83440324219036,
        "INACTIVE": 57.16559675780964,
        "INVALID": 0.0,
        "MALICIOUS": 0.0,
        "SANE": 0.0,
        "VALID": 0.0,
        "total": 100.0
    }
}