{
    "counter": {
        "ACTIVE": 11454,
        "INACTIVE": 14220,
        "INVALID": 0,
        "MALICIOUS": 0,
        "SANE": 0,
        "VALID": 0,
        "total": 25674
    },
    "percentage": {
        "ACTIVE": 44.61496513847233,
        "INACTIVE": 55.386772610422994,
        "INVALID": 0,
        "MALICIOUS": 0,
        "SANE": 0,
        "VALID": 0,
        "total": 100.00173774889532
    }
}