{
    "counter": {
        "ACTIVE": 14100,
        "INACTIVE": 18777,
        "INVALID": 0,
        "MALICIOUS": 0,
        "SANE": 0,
        "VALID": 0,
        "total": 32877
    },
    "percentage": {
        "ACTIVE": 42.88973384030418,
        "INACTIVE": 57.112875262341454,
        "INVALID": 0,
        "MALICIOUS": 0,
        "SANE": 0,
        "VALID": 0,
        "total": 100.00260910264564
    }
}