{
    "counter": {
        "ACTIVE": 41335,
        "INACTIVE": 55113,
        "INVALID": 0,
        "MALICIOUS": 0,
        "SANE": 0,
        "VALID": 0,
        "total": 96448
    },
    "percentage": {
        "ACTIVE": 42.85729097544791,
        "INACTIVE": 57.14270902455209,
        "INVALID": 0.0,
        "MALICIOUS": 0.0,
        "SANE": 0.0,
        "VALID": 0.0,
        "total": 100.0
    }
}