{
    "counter": {
        "ACTIVE": 21034,
        "INACTIVE": 25958,
        "INVALID": 0,
        "MALICIOUS": 0,
        "SANE": 0,
        "VALID": 0,
        "total": 46992
    },
    "percentage": {
        "ACTIVE": 44.76176289076632,
        "INACTIVE": 55.239189649302006,
        "INVALID": 0,
        "MALICIOUS": 0,
        "SANE": 0,
        "VALID": 0,
        "total": 100.00095254006833
    }
}