{
    "counter": {
        "ACTIVE": 35734,
        "INACTIVE": 44774,
        "INVALID": 0,
        "MALICIOUS": 0,
        "SANE": 0,
        "VALID": 0,
        "total": 80508
    },
    "percentage": {
        "ACTIVE": 44.385651115417105,
        "INACTIVE": 55.614348884582895,
        "INVALID": 0.0,
        "MALICIOUS": 0.0,
        "SANE": 0.0,
        "VALID": 0.0,
        "total": 100.0
    }
}