{
    "counter": {
        "ACTIVE": 39625,
        "INACTIVE": 49472,
        "INVALID": 0,
        "MALICIOUS": 0,
        "SANE": 0,
        "VALID": 0,
        "total": 89097
    },
    "percentage": {
        "ACTIVE": 44.4740002469219,
        "INACTIVE": 55.5259997530781,
        "INVALID": 0.0,
        "MALICIOUS": 0.0,
        "SANE": 0.0,
        "VALID": 0.0,
        "total": 100.0
    }
}