{
    "counter": {
        "ACTIVE": 34077,
        "INACTIVE": 42784,
        "INVALID": 0,
        "MALICIOUS": 0,
        "SANE": 0,
        "VALID": 0,
        "total": 76861
    },
    "percentage": {
        "ACTIVE": 44.3358790543969,
        "INACTIVE": 55.6641209456031,
        "INVALID": 0.0,
        "MALICIOUS": 0.0,
        "SANE": 0.0,
        "VALID": 0.0,
        "total": 100.0
    }
}