{
    "counter": {
        "ACTIVE": 38438,
        "INACTIVE": 47481,
        "INVALID": 0,
        "MALICIOUS": 0,
        "SANE": 0,
        "VALID": 0,
        "total": 85919
    },
    "percentage": {
        "ACTIVE": 44.73748530592768,
        "INACTIVE": 55.26251469407232,
        "INVALID": 0.0,
        "MALICIOUS": 0.0,
        "SANE": 0.0,
        "VALID": 0.0,
        "total": 100.0
    }
}