{
    "counter": {
        "ACTIVE": 35598,
        "INACTIVE": 44592,
        "INVALID": 0,
        "MALICIOUS": 0,
        "SANE": 0,
        "VALID": 0,
        "total": 80190
    },
    "percentage": {
        "ACTIVE": 44.39206883651328,
        "INACTIVE": 55.60793116348672,
        "INVALID": 0.0,
        "MALICIOUS": 0.0,
        "SANE": 0.0,
        "VALID": 0.0,
        "total": 100.0
    }
}