{
    "counter": {
        "ACTIVE": 36179,
        "INACTIVE": 45263,
        "INVALID": 0,
        "MALICIOUS": 0,
        "SANE": 0,
        "VALID": 0,
        "total": 81442
    },
    "percentage": {
        "ACTIVE": 44.423024974828714,
        "INACTIVE": 55.576975025171286,
        "INVALID": 0.0,
        "MALICIOUS": 0.0,
        "SANE": 0.0,
        "VALID": 0.0,
        "total": 100.0
    }
}