{
    "counter": {
        "ACTIVE": 12729,
        "INACTIVE": 16042,
        "INVALID": 0,
        "MALICIOUS": 0,
        "SANE": 0,
        "VALID": 0,
        "total": 28771
    },
    "percentage": {
        "ACTIVE": 44.24861820836375,
        "INACTIVE": 55.75753362761114,
        "INVALID": 0,
        "MALICIOUS": 0,
        "SANE": 0,
        "VALID": 0,
        "total": 100.00615183597489
    }
}