{
    "counter": {
        "ACTIVE": 42936,
        "INACTIVE": 57231,
        "INVALID": 0,
        "MALICIOUS": 0,
        "SANE": 0,
        "VALID": 0,
        "total": 100167
    },
    "percentage": {
        "ACTIVE": 42.86441642457097,
        "INACTIVE": 57.13558357542903,
        "INVALID": 0.0,
        "MALICIOUS": 0.0,
        "SANE": 0.0,
        "VALID": 0.0,
        "total": 100.0
    }
}