{
    "counter": {
        "ACTIVE": 10091,
        "INACTIVE": 13058,
        "INVALID": 0,
        "MALICIOUS": 0,
        "SANE": 0,
        "VALID": 0,
        "total": 23149
    },
    "percentage": {
        "ACTIVE": 43.59339899775359,
        "INACTIVE": 56.408484167782625,
        "INVALID": 0,
        "MALICIOUS": 0,
        "SANE": 0,
        "VALID": 0,
        "total": 100.00188316553621
    }
}