{
    "counter": {
        "ACTIVE": 39729,
        "INACTIVE": 49736,
        "INVALID": 0,
        "MALICIOUS": 0,
        "SANE": 0,
        "VALID": 0,
        "total": 89465
    },
    "percentage": {
        "ACTIVE": 44.407310121276474,
        "INACTIVE": 55.592689878723526,
        "INVALID": 0.0,
        "MALICIOUS": 0.0,
        "SANE": 0.0,
        "VALID": 0.0,
        "total": 100.0
    }
}