{
    "counter": {
        "ACTIVE": 20970,
        "INACTIVE": 25905,
        "INVALID": 0,
        "MALICIOUS": 0,
        "SANE": 0,
        "VALID": 0,
        "total": 46875
    },
    "percentage": {
        "ACTIVE": 44.736,
        "INACTIVE": 55.26517899048513,
        "INVALID": 0,
        "MALICIOUS": 0,
        "SANE": 0,
        "VALID": 0,
        "total": 100.00117899048513
    }
}