{
    "counter": {
        "ACTIVE": 21861,
        "INACTIVE": 26834,
        "INVALID": 0,
        "MALICIOUS": 0,
        "SANE": 0,
        "VALID": 0,
        "total": 48695
    },
    "percentage": {
        "ACTIVE": 44.893726255262344,
        "INACTIVE": 55.106273744737656,
        "INVALID": 0.0,
        "MALICIOUS": 0.0,
        "SANE": 0.0,
        "VALID": 0.0,
        "total": 100.0
    }
}