{
    "counter": {
        "ACTIVE": 44340,
        "INACTIVE": 59437,
        "INVALID": 0,
        "MALICIOUS": 0,
        "SANE": 0,
        "VALID": 0,
        "total": 103777
    },
    "percentage": {
        "ACTIVE": 42.726230282239804,
        "INACTIVE": 57.273769717760196,
        "INVALID": 0.0,
        "MALICIOUS": 0.0,
        "SANE": 0.0,
        "VALID": 0.0,
        "total": 100.0
    }
}