{
    "counter": {
        "ACTIVE": 839,
        "INACTIVE": 1125,
        "INVALID": 0,
        "MALICIOUS": 0,
        "SANE": 0,
        "VALID": 0,
        "total": 1964
    },
    "percentage": {
        "ACTIVE": 42.71894093686355,
        "INACTIVE": 57.31023942944473,
        "INVALID": 0,
        "MALICIOUS": 0,
        "SANE": 0,
        "VALID": 0,
        "total": 100.02918036630828
    }
}