{
    "counter": {
        "ACTIVE": 27896,
        "INACTIVE": 35552,
        "INVALID": 0,
        "MALICIOUS": 0,
        "SANE": 0,
        "VALID": 0,
        "total": 63448
    },
    "percentage": {
        "ACTIVE": 43.96671289875173,
        "INACTIVE": 56.034170252336594,
        "INVALID": 0.0,
        "MALICIOUS": 0.0,
        "SANE": 0.0,
        "VALID": 0.0,
        "total": 100.00088315108832
    }
}