{
    "counter": {
        "ACTIVE": 17305,
        "INACTIVE": 22374,
        "INVALID": 0,
        "MALICIOUS": 0,
        "SANE": 0,
        "VALID": 0,
        "total": 39679
    },
    "percentage": {
        "ACTIVE": 43.612490234128884,
        "INACTIVE": 56.38893089369424,
        "INVALID": 0,
        "MALICIOUS": 0,
        "SANE": 0,
        "VALID": 0,
        "total": 100.00142112782312
    }
}