{
    "counter": {
        "ACTIVE": 32027,
        "INACTIVE": 40162,
        "INVALID": 0,
        "MALICIOUS": 0,
        "SANE": 0,
        "VALID": 0,
        "total": 72189
    },
    "percentage": {
        "ACTIVE": 44.36732884492838,
        "INACTIVE": 55.634514953801826,
        "INVALID": 0.0,
        "MALICIOUS": 0.0,
        "SANE": 0.0,
        "VALID": 0.0,
        "total": 100.0018437987302
    }
}