{
    "counter": {
        "ACTIVE": 20785,
        "INACTIVE": 25720,
        "INVALID": 0,
        "MALICIOUS": 0,
        "SANE": 0,
        "VALID": 0,
        "total": 46505
    },
    "percentage": {
        "ACTIVE": 44.694118911944955,
        "INACTIVE": 55.30707035953896,
        "INVALID": 0,
        "MALICIOUS": 0,
        "SANE": 0,
        "VALID": 0,
        "total": 100.00118927148392
    }
}