{
    "counter": {
        "ACTIVE": 26175,
        "INACTIVE": 33537,
        "INVALID": 0,
        "MALICIOUS": 0,
        "SANE": 0,
        "VALID": 0,
        "total": 59712
    },
    "percentage": {
        "ACTIVE": 43.835409967845656,
        "INACTIVE": 56.164590032154344,
        "INVALID": 0.0,
        "MALICIOUS": 0.0,
        "SANE": 0.0,
        "VALID": 0.0,
        "total": 100.0
    }
}