{
    "counter": {
        "ACTIVE": 33879,
        "INACTIVE": 42681,
        "INVALID": 0,
        "MALICIOUS": 0,
        "SANE": 0,
        "VALID": 0,
        "total": 76560
    },
    "percentage": {
        "ACTIVE": 44.25156739811912,
        "INACTIVE": 55.74843260188088,
        "INVALID": 0.0,
        "MALICIOUS": 0.0,
        "SANE": 0.0,
        "VALID": 0.0,
        "total": 100.0
    }
}