{
    "counter": {
        "ACTIVE": 17668,
        "INACTIVE": 22756,
        "INVALID": 0,
        "MALICIOUS": 0,
        "SANE": 0,
        "VALID": 0,
        "total": 40424
    },
    "percentage": {
        "ACTIVE": 43.70887140665974,
        "INACTIVE": 56.29329111418959,
        "INVALID": 0,
        "MALICIOUS": 0,
        "SANE": 0,
        "VALID": 0,
        "total": 100.00216252084934
    }
}