{
    "counter": {
        "ACTIVE": 39266,
        "INACTIVE": 48661,
        "INVALID": 0,
        "MALICIOUS": 0,
        "SANE": 0,
        "VALID": 0,
        "total": 87927
    },
    "percentage": {
        "ACTIVE": 44.657499971567326,
        "INACTIVE": 55.342500028432674,
        "INVALID": 0.0,
        "MALICIOUS": 0.0,
        "SANE": 0.0,
        "VALID": 0.0,
        "total": 100.0
    }
}