{
    "counter": {
        "ACTIVE": 29193,
        "INACTIVE": 37048,
        "INVALID": 0,
        "MALICIOUS": 0,
        "SANE": 0,
        "VALID": 0,
        "total": 66241
    },
    "percentage": {
        "ACTIVE": 44.07089264956749,
        "INACTIVE": 55.93332930732532,
        "INVALID": 0.0,
        "MALICIOUS": 0.0,
        "SANE": 0.0,
        "VALID": 0.0,
        "total": 100.00422195689282
    }
}