{
    "counter": {
        "ACTIVE": 9143,
        "INACTIVE": 12230,
        "INVALID": 0,
        "MALICIOUS": 0,
        "SANE": 0,
        "VALID": 0,
        "total": 21373
    },
    "percentage": {
        "ACTIVE": 42.78427702386523,
        "INACTIVE": 57.22172834885136,
        "INVALID": 0,
        "MALICIOUS": 0,
        "SANE": 0,
        "VALID": 0,
        "total": 100.00600537271659
    }
}