{
    "counter": {
        "ACTIVE": 10229,
        "INACTIVE": 13150,
        "INVALID": 0,
        "MALICIOUS": 0,
        "SANE": 0,
        "VALID": 0,
        "total": 23379
    },
    "percentage": {
        "ACTIVE": 43.752940673253775,
        "INACTIVE": 56.25187149762587,
        "INVALID": 0,
        "MALICIOUS": 0,
        "SANE": 0,
        "VALID": 0,
        "total": 100.00481217087965
    }
}