{
    "counter": {
        "ACTIVE": 40600,
        "INACTIVE": 53916,
        "INVALID": 0,
        "MALICIOUS": 0,
        "SANE": 0,
        "VALID": 0,
        "total": 94516
    },
    "percentage": {
        "ACTIVE": 42.95569004189767,
        "INACTIVE": 57.04430995810233,
        "INVALID": 0.0,
        "MALICIOUS": 0.0,
        "SANE": 0.0,
        "VALID": 0.0,
        "total": 100.0
    }
}