{
    "counter": {
        "ACTIVE": 24394,
        "INACTIVE": 30307,
        "INVALID": 0,
        "MALICIOUS": 0,
        "SANE": 0,
        "VALID": 0,
        "total": 54701
    },
    "percentage": {
        "ACTIVE": 44.595162794098826,
        "INACTIVE": 55.404837205901174,
        "INVALID": 0.0,
        "MALICIOUS": 0.0,
        "SANE": 0.0,
        "VALID": 0.0,
        "total": 100.0
    }
}