{
    "counter": {
        "ACTIVE": 26167,
        "INACTIVE": 33519,
        "INVALID": 0,
        "MALICIOUS": 0,
        "SANE": 0,
        "VALID": 0,
        "total": 59686
    },
    "percentage": {
        "ACTIVE": 43.841101765908256,
        "INACTIVE": 56.158898234091744,
        "INVALID": 0.0,
        "MALICIOUS": 0.0,
        "SANE": 0.0,
        "VALID": 0.0,
        "total": 100.0
    }
}