{
    "counter": {
        "ACTIVE": 25399,
        "INACTIVE": 32073,
        "INVALID": 0,
        "MALICIOUS": 0,
        "SANE": 0,
        "VALID": 0,
        "total": 57472
    },
    "percentage": {
        "ACTIVE": 44.193694320712694,
        "INACTIVE": 55.806305679287306,
        "INVALID": 0.0,
        "MALICIOUS": 0.0,
        "SANE": 0.0,
        "VALID": 0.0,
        "total": 100.0
    }
}