{
    "counter": {
        "ACTIVE": 17331,
        "INACTIVE": 22418,
        "INVALID": 0,
        "MALICIOUS": 0,
        "SANE": 0,
        "VALID": 0,
        "total": 39749
    },
    "percentage": {
        "ACTIVE": 43.60109688294045,
        "INACTIVE": 56.400322028781325,
        "INVALID": 0,
        "MALICIOUS": 0,
        "SANE": 0,
        "VALID": 0,
        "total": 100.00141891172177
    }
}