{
    "counter": {
        "ACTIVE": 18235,
        "INACTIVE": 23364,
        "INVALID": 0,
        "MALICIOUS": 0,
        "SANE": 0,
        "VALID": 0,
        "total": 41599
    },
    "percentage": {
        "ACTIVE": 43.84045775833053,
        "INACTIVE": 56.164811654126304,
        "INVALID": 0,
        "MALICIOUS": 0,
        "SANE": 0,
        "VALID": 0,
        "total": 100.00526941245684
    }
}