{
    "counter": {
        "ACTIVE": 16027,
        "INACTIVE": 21184,
        "INVALID": 0,
        "MALICIOUS": 0,
        "SANE": 0,
        "VALID": 0,
        "total": 37211
    },
    "percentage": {
        "ACTIVE": 43.070597403993446,
        "INACTIVE": 56.93246257625843,
        "INVALID": 0,
        "MALICIOUS": 0,
        "SANE": 0,
        "VALID": 0,
        "total": 100.00305998025188
    }
}