{
    "counter": {
        "ACTIVE": 4197,
        "INACTIVE": 5215,
        "INVALID": 0,
        "MALICIOUS": 0,
        "SANE": 0,
        "VALID": 0,
        "total": 9412
    },
    "percentage": {
        "ACTIVE": 44.592010199745005,
        "INACTIVE": 55.41976620616366,
        "INVALID": 0,
        "MALICIOUS": 0,
        "SANE": 0,
        "VALID": 0,
        "total": 100.01177640590866
    }
}