{
    "counter": {
        "ACTIVE": 32385,
        "INACTIVE": 40598,
        "INVALID": 0,
        "MALICIOUS": 0,
        "SANE": 0,
        "VALID": 0,
        "total": 72983
    },
    "percentage": {
        "ACTIVE": 44.37334721784525,
        "INACTIVE": 55.62665278215475,
        "INVALID": 0.0,
        "MALICIOUS": 0.0,
        "SANE": 0.0,
        "VALID": 0.0,
        "total": 100.0
    }
}