{
    "counter": {
        "ACTIVE": 40649,
        "INACTIVE": 54263,
        "INVALID": 0,
        "MALICIOUS": 0,
        "SANE": 0,
        "VALID": 0,
        "total": 94912
    },
    "percentage": {
        "ACTIVE": 42.82809339177343,
        "INACTIVE": 57.17190660822657,
        "INVALID": 0.0,
        "MALICIOUS": 0.0,
        "SANE": 0.0,
        "VALID": 0.0,
        "total": 100.0
    }
}