{
    "counter": {
        "ACTIVE": 19511,
        "INACTIVE": 24441,
        "INVALID": 0,
        "MALICIOUS": 0,
        "SANE": 0,
        "VALID": 0,
        "total": 43952
    },
    "percentage": {
        "ACTIVE": 44.39665961271532,
        "INACTIVE": 55.60839097196942,
        "INVALID": 0,
        "MALICIOUS": 0,
        "SANE": 0,
        "VALID": 0,
        "total": 100.00505058468474
    }
}