{
    "counter": {
        "ACTIVE": 43591,
        "INACTIVE": 58465,
        "INVALID": 0,
        "MALICIOUS": 0,
        "SANE": 0,
        "VALID": 0,
        "total": 102056
    },
    "percentage": {
        "ACTIVE": 42.71282433173944,
        "INACTIVE": 57.28717566826056,
        "INVALID": 0.0,
        "MALICIOUS": 0.0,
        "SANE": 0.0,
        "VALID": 0.0,
        "total": 100.0
    }
}