{
    "counter": {
        "ACTIVE": 13445,
        "INACTIVE": 17552,
        "INVALID": 0,
        "MALICIOUS": 0,
        "SANE": 0,
        "VALID": 0,
        "total": 30997
    },
    "percentage": {
        "ACTIVE": 43.39196385347749,
        "INACTIVE": 56.624834661418845,
        "INVALID": 0,
        "MALICIOUS": 0,
        "SANE": 0,
        "VALID": 0,
        "total": 100.01679851489634
    }
}