{
    "counter": {
        "ACTIVE": 27213,
        "INACTIVE": 34856,
        "INVALID": 0,
        "MALICIOUS": 0,
        "SANE": 0,
        "VALID": 0,
        "total": 62069
    },
    "percentage": {
        "ACTIVE": 43.84314230936538,
        "INACTIVE": 56.15685769063462,
        "INVALID": 0.0,
        "MALICIOUS": 0.0,
        "SANE": 0.0,
        "VALID": 0.0,
        "total": 100.0
    }
}