{
    "counter": {
        "ACTIVE": 18215,
        "INACTIVE": 23327,
        "INVALID": 0,
        "MALICIOUS": 0,
        "SANE": 0,
        "VALID": 0,
        "total": 41542
    },
    "percentage": {
        "ACTIVE": 43.849301877708236,
        "INACTIVE": 56.152809205141786,
        "INVALID": 0,
        "MALICIOUS": 0,
        "SANE": 0,
        "VALID": 0,
        "total": 100.00211108285002
    }
}