{
    "counter": {
        "ACTIVE": 17196,
        "INACTIVE": 22261,
        "INVALID": 0,
        "MALICIOUS": 0,
        "SANE": 0,
        "VALID": 0,
        "total": 39457
    },
    "percentage": {
        "ACTIVE": 43.58272506082725,
        "INACTIVE": 56.41837950173607,
        "INVALID": 0,
        "MALICIOUS": 0,
        "SANE": 0,
        "VALID": 0,
        "total": 100.00110456256331
    }
}