{
    "counter": {
        "ACTIVE": 21897,
        "INACTIVE": 26867,
        "INVALID": 0,
        "MALICIOUS": 0,
        "SANE": 0,
        "VALID": 0,
        "total": 48764
    },
    "percentage": {
        "ACTIVE": 44.90402756131572,
        "INACTIVE": 55.09597243868428,
        "INVALID": 0.0,
        "MALICIOUS": 0.0,
        "SANE": 0.0,
        "VALID": 0.0,
        "total": 100.0
    }
}