{
    "counter": {
        "ACTIVE": 18548,
        "INACTIVE": 23617,
        "INVALID": 0,
        "MALICIOUS": 0,
        "SANE": 0,
        "VALID": 0,
        "total": 42165
    },
    "percentage": {
        "ACTIVE": 43.9890904778845,
        "INACTIVE": 56.012237928090315,
        "INVALID": 0,
        "MALICIOUS": 0,
        "SANE": 0,
        "VALID": 0,
        "total": 100.00132840597482
    }
}