{
    "counter": {
        "ACTIVE": 41207,
        "INACTIVE": 54928,
        "INVALID": 0,
        "MALICIOUS": 0,
        "SANE": 0,
        "VALID": 0,
        "total": 96135
    },
    "percentage": {
        "ACTIVE": 42.86368128153118,
        "INACTIVE": 57.13631871846882,
        "INVALID": 0.0,
        "MALICIOUS": 0.0,
        "SANE": 0.0,
        "VALID": 0.0,
        "total": 100.0
    }
}