{
    "counter": {
        "ACTIVE": 22708,
        "INACTIVE": 27837,
        "INVALID": 0,
        "MALICIOUS": 0,
        "SANE": 0,
        "VALID": 0,
        "total": 50545
    },
    "percentage": {
        "ACTIVE": 44.926303294094375,
        "INACTIVE": 55.073696705905625,
        "INVALID": 0.0,
        "MALICIOUS": 0.0,
        "SANE": 0.0,
        "VALID": 0.0,
        "total": 100.0
    }
}