{
    "counter": {
        "ACTIVE": 1081,
        "INACTIVE": 1319,
        "INVALID": 0,
        "MALICIOUS": 0,
        "SANE": 0,
        "VALID": 0,
        "total": 2400
    },
    "percentage": {
        "ACTIVE": 45.060441850771156,
        "INACTIVE": 54.958333333333336,
        "INVALID": 0,
        "MALICIOUS": 0,
        "SANE": 0,
        "VALID": 0,
        "total": 100.0187751841045
    }
}