{
    "counter": {
        "ACTIVE": 3938,
        "INACTIVE": 4901,
        "INVALID": 0,
        "MALICIOUS": 0,
        "SANE": 0,
        "VALID": 0,
        "total": 8839
    },
    "percentage": {
        "ACTIVE": 44.5727221279004,
        "INACTIVE": 55.44744880642607,
        "INVALID": 0,
        "MALICIOUS": 0,
        "SANE": 0,
        "VALID": 0,
        "total": 100.02017093432647
    }
}