{
    "counter": {
        "ACTIVE": 560,
        "INACTIVE": 780,
        "INVALID": 0,
        "MALICIOUS": 0,
        "SANE": 0,
        "VALID": 0,
        "total": 1340
    },
    "percentage": {
        "ACTIVE": 41.791044776119406,
        "INACTIVE": 58.25242718446602,
        "INVALID": 0,
        "MALICIOUS": 0,
        "SANE": 0,
        "VALID": 0,
        "total": 100.04347196058544
    }
}