{
    "counter": {
        "ACTIVE": 42549,
        "INACTIVE": 56637,
        "INVALID": 0,
        "MALICIOUS": 0,
        "SANE": 0,
        "VALID": 0,
        "total": 99186
    },
    "percentage": {
        "ACTIVE": 42.89819127699474,
        "INACTIVE": 57.10180872300526,
        "INVALID": 0.0,
        "MALICIOUS": 0.0,
        "SANE": 0.0,
        "VALID": 0.0,
        "total": 100.0
    }
}