{
    "counter": {
        "ACTIVE": 13998,
        "INACTIVE": 18495,
        "INVALID": 0,
        "MALICIOUS": 0,
        "SANE": 0,
        "VALID": 0,
        "total": 32493
    },
    "percentage": {
        "ACTIVE": 43.09065722641219,
        "INACTIVE": 56.91995198965931,
        "INVALID": 0,
        "MALICIOUS": 0,
        "SANE": 0,
        "VALID": 0,
        "total": 100.0106092160715
    }
}