{
    "counter": {
        "ACTIVE": 5418,
        "INACTIVE": 6743,
        "INVALID": 0,
        "MALICIOUS": 0,
        "SANE": 0,
        "VALID": 0,
        "total": 12161
    },
    "percentage": {
        "ACTIVE": 44.55958549222798,
        "INACTIVE": 55.4477427843105,
        "INVALID": 0,
        "MALICIOUS": 0,
        "SANE": 0,
        "VALID": 0,
        "total": 100.00732827653849
    }
}