{
    "counter": {
        "ACTIVE": 2113,
        "INACTIVE": 2767,
        "INVALID": 0,
        "MALICIOUS": 0,
        "SANE": 0,
        "VALID": 0,
        "total": 4880
    },
    "percentage": {
        "ACTIVE": 43.299180327868854,
        "INACTIVE": 56.71244107399057,
        "INVALID": 0,
        "MALICIOUS": 0,
        "SANE": 0,
        "VALID": 0,
        "total": 100.01162140185943
    }
}