{
    "counter": {
        "ACTIVE": 33043,
        "INACTIVE": 41647,
        "INVALID": 0,
        "MALICIOUS": 0,
        "SANE": 0,
        "VALID": 0,
        "total": 74690
    },
    "percentage": {
        "ACTIVE": 44.24019279689383,
        "INACTIVE": 55.75980720310617,
        "INVALID": 0.0,
        "MALICIOUS": 0.0,
        "SANE": 0.0,
        "VALID": 0.0,
        "total": 100.0
    }
}