{
    "counter": {
        "ACTIVE": 25298,
        "INACTIVE": 31870,
        "INVALID": 0,
        "MALICIOUS": 0,
        "SANE": 0,
        "VALID": 0,
        "total": 57168
    },
    "percentage": {
        "ACTIVE": 44.25202910719283,
        "INACTIVE": 55.74797089280717,
        "INVALID": 0.0,
        "MALICIOUS": 0.0,
        "SANE": 0.0,
        "VALID": 0.0,
        "total": 100.0
    }
}