{
    "counter": {
        "ACTIVE": 35011,
        "INACTIVE": 43740,
        "INVALID": 0,
        "MALICIOUS": 0,
        "SANE": 0,
        "VALID": 0,
        "total": 78751
    },
    "percentage": {
        "ACTIVE": 44.457848154309154,
        "INACTIVE": 55.542151845690846,
        "INVALID": 0.0,
        "MALICIOUS": 0.0,
        "SANE": 0.0,
        "VALID": 0.0,
        "total": 100.0
    }
}