{
    "counter": {
        "ACTIVE": 24719,
        "INACTIVE": 30619,
        "INVALID": 0,
        "MALICIOUS": 0,
        "SANE": 0,
        "VALID": 0,
        "total": 55338
    },
    "percentage": {
        "ACTIVE": 44.66912429072247,
        "INACTIVE": 55.33087570927753,
        "INVALID": 0.0,
        "MALICIOUS": 0.0,
        "SANE": 0.0,
        "VALID": 0.0,
        "total": 100.0
    }
}