{
    "counter": {
        "ACTIVE": 19148,
        "INACTIVE": 24056,
        "INVALID": 0,
        "MALICIOUS": 0,
        "SANE": 0,
        "VALID": 0,
        "total": 43204
    },
    "percentage": {
        "ACTIVE": 44.3199703731136,
        "INACTIVE": 55.68389620610634,
        "INVALID": 0,
        "MALICIOUS": 0,
        "SANE": 0,
        "VALID": 0,
        "total": 100.00386657921993
    }
}