{
    "counter": {
        "ACTIVE": 23745,
        "INACTIVE": 29083,
        "INVALID": 0,
        "MALICIOUS": 0,
        "SANE": 0,
        "VALID": 0,
        "total": 52828
    },
    "percentage": {
        "ACTIVE": 44.947754978420534,
        "INACTIVE": 55.052245021579466,
        "INVALID": 0.0,
        "MALICIOUS": 0.0,
        "SANE": 0.0,
        "VALID": 0.0,
        "total": 100.0
    }
}