{
    "counter": {
        "ACTIVE": 28129,
        "INACTIVE": 35964,
        "INVALID": 0,
        "MALICIOUS": 0,
        "SANE": 0,
        "VALID": 0,
        "total": 64093
    },
    "percentage": {
        "ACTIVE": 43.889157604031766,
        "INACTIVE": 56.11221194202175,
        "INVALID": 0.0,
        "MALICIOUS": 0.0,
        "SANE": 0.0,
        "VALID": 0.0,
        "total": 100.00136954605352
    }
}