{
    "counter": {
        "ACTIVE": 18406,
        "INACTIVE": 23502,
        "INVALID": 0,
        "MALICIOUS": 0,
        "SANE": 0,
        "VALID": 0,
        "total": 41908
    },
    "percentage": {
        "ACTIVE": 43.9200152715472,
        "INACTIVE": 56.085337915234824,
        "INVALID": 0,
        "MALICIOUS": 0,
        "SANE": 0,
        "VALID": 0,
        "total": 100.00535318678203
    }
}