{
    "counter": {
        "ACTIVE": 14140,
        "INACTIVE": 18858,
        "INVALID": 0,
        "MALICIOUS": 0,
        "SANE": 0,
        "VALID": 0,
        "total": 32998
    },
    "percentage": {
        "ACTIVE": 42.85108188375053,
        "INACTIVE": 57.15065005909628,
        "INVALID": 0,
        "MALICIOUS": 0,
        "SANE": 0,
        "VALID": 0,
        "total": 100.00173194284682
    }
}