{
    "counter": {
        "ACTIVE": 38569,
        "INACTIVE": 47611,
        "INVALID": 0,
        "MALICIOUS": 0,
        "SANE": 0,
        "VALID": 0,
        "total": 86180
    },
    "percentage": {
        "ACTIVE": 44.75400324901369,
        "INACTIVE": 55.24599675098631,
        "INVALID": 0.0,
        "MALICIOUS": 0.0,
        "SANE": 0.0,
        "VALID": 0.0,
        "total": 100.0
    }
}