{
    "counter": {
        "ACTIVE": 40200,
        "INACTIVE": 51920,
        "INVALID": 0,
        "MALICIOUS": 0,
        "SANE": 0,
        "VALID": 0,
        "total": 92120
    },
    "percentage": {
        "ACTIVE": 43.63873208858011,
        "INACTIVE": 56.36126791141989,
        "INVALID": 0.0,
        "MALICIOUS": 0.0,
        "SANE": 0.0,
        "VALID": 0.0,
        "total": 100.0
    }
}