{
    "counter": {
        "ACTIVE": 29636,
        "INACTIVE": 37447,
        "INVALID": 0,
        "MALICIOUS": 0,
        "SANE": 0,
        "VALID": 0,
        "total": 67083
    },
    "percentage": {
        "ACTIVE": 44.17942487440557,
        "INACTIVE": 55.82189228269457,
        "INVALID": 0.0,
        "MALICIOUS": 0.0,
        "SANE": 0.0,
        "VALID": 0.0,
        "total": 100.00131715710015
    }
}