{
    "counter": {
        "ACTIVE": 9531,
        "INACTIVE": 12677,
        "INVALID": 0,
        "MALICIOUS": 0,
        "SANE": 0,
        "VALID": 0,
        "total": 22208
    },
    "percentage": {
        "ACTIVE": 42.91696685878963,
        "INACTIVE": 57.085603638492366,
        "INVALID": 0,
        "MALICIOUS": 0,
        "SANE": 0,
        "VALID": 0,
        "total": 100.002570497282
    }
}