{
    "counter": {
        "ACTIVE": 40125,
        "INACTIVE": 51009,
        "INVALID": 0,
        "MALICIOUS": 0,
        "SANE": 0,
        "VALID": 0,
        "total": 91134
    },
    "percentage": {
        "ACTIVE": 44.02857330963197,
        "INACTIVE": 55.97142669036803,
        "INVALID": 0.0,
        "MALICIOUS": 0.0,
        "SANE": 0.0,
        "VALID": 0.0,
        "total": 100.0
    }
}