{
    "counter": {
        "ACTIVE": 34326,
        "INACTIVE": 43021,
        "INVALID": 0,
        "MALICIOUS": 0,
        "SANE": 0,
        "VALID": 0,
        "total": 77347
    },
    "percentage": {
        "ACTIVE": 44.37922608504532,
        "INACTIVE": 55.62077391495468,
        "INVALID": 0.0,
        "MALICIOUS": 0.0,
        "SANE": 0.0,
        "VALID": 0.0,
        "total": 100.0
    }
}