{
    "counter": {
        "ACTIVE": 22300,
        "INACTIVE": 27417,
        "INVALID": 0,
        "MALICIOUS": 0,
        "SANE": 0,
        "VALID": 0,
        "total": 49717
    },
    "percentage": {
        "ACTIVE": 44.85387292073134,
        "INACTIVE": 55.14612707926866,
        "INVALID": 0.0,
        "MALICIOUS": 0.0,
        "SANE": 0.0,
        "VALID": 0.0,
        "total": 100.0
    }
}