{
    "counter": {
        "ACTIVE": 8565,
        "INACTIVE": 11474,
        "INVALID": 0,
        "MALICIOUS": 0,
        "SANE": 0,
        "VALID": 0,
        "total": 20039
    },
    "percentage": {
        "ACTIVE": 42.74165377513848,
        "INACTIVE": 57.264061486250434,
        "INVALID": 0,
        "MALICIOUS": 0,
        "SANE": 0,
        "VALID": 0,
        "total": 100.00571526138891
    }
}