{
    "counter": {
        "ACTIVE": 4580,
        "INACTIVE": 5821,
        "INVALID": 0,
        "MALICIOUS": 0,
        "SANE": 0,
        "VALID": 0,
        "total": 10401
    },
    "percentage": {
        "ACTIVE": 44.0342274781271,
        "INACTIVE": 55.97115384615385,
        "INVALID": 0,
        "MALICIOUS": 0,
        "SANE": 0,
        "VALID": 0,
        "total": 100.00538132428095
    }
}