{
    "counter": {
        "ACTIVE": 27247,
        "INACTIVE": 34911,
        "INVALID": 0,
        "MALICIOUS": 0,
        "SANE": 0,
        "VALID": 0,
        "total": 62158
    },
    "percentage": {
        "ACTIVE": 43.835065478297246,
        "INACTIVE": 56.164934521702754,
        "INVALID": 0.0,
        "MALICIOUS": 0.0,
        "SANE": 0.0,
        "VALID": 0.0,
        "total": 100.0
    }
}