{
    "counter": {
        "ACTIVE": 36591,
        "INACTIVE": 45791,
        "INVALID": 0,
        "MALICIOUS": 0,
        "SANE": 0,
        "VALID": 0,
        "total": 82382
    },
    "percentage": {
        "ACTIVE": 44.416255978247676,
        "INACTIVE": 55.583744021752324,
        "INVALID": 0.0,
        "MALICIOUS": 0.0,
        "SANE": 0.0,
        "VALID": 0.0,
        "total": 100.0
    }
}