{
    "counter": {
        "ACTIVE": 17170,
        "INACTIVE": 22243,
        "INVALID": 0,
        "MALICIOUS": 0,
        "SANE": 0,
        "VALID": 0,
        "total": 39413
    },
    "percentage": {
        "ACTIVE": 43.56762243085511,
        "INACTIVE": 56.43569380661203,
        "INVALID": 0,
        "MALICIOUS": 0,
        "SANE": 0,
        "VALID": 0,
        "total": 100.00331623746715
    }
}