{
    "counter": {
        "ACTIVE": 27779,
        "INACTIVE": 35441,
        "INVALID": 0,
        "MALICIOUS": 0,
        "SANE": 0,
        "VALID": 0,
        "total": 63220
    },
    "percentage": {
        "ACTIVE": 43.941598911702364,
        "INACTIVE": 56.059791205314774,
        "INVALID": 0.0,
        "MALICIOUS": 0.0,
        "SANE": 0.0,
        "VALID": 0.0,
        "total": 100.00139011701714
    }
}