{
    "counter": {
        "ACTIVE": 9827,
        "INACTIVE": 12827,
        "INVALID": 0,
        "MALICIOUS": 0,
        "SANE": 0,
        "VALID": 0,
        "total": 22654
    },
    "percentage": {
        "ACTIVE": 43.378652776551604,
        "INACTIVE": 56.62884640854708,
        "INVALID": 0,
        "MALICIOUS": 0,
        "SANE": 0,
        "VALID": 0,
        "total": 100.00749918509868
    }
}