{
    "counter": {
        "ACTIVE": 671,
        "INACTIVE": 900,
        "INVALID": 0,
        "MALICIOUS": 0,
        "SANE": 0,
        "VALID": 0,
        "total": 1571
    },
    "percentage": {
        "ACTIVE": 42.76609305289993,
        "INACTIVE": 57.28835136855506,
        "INVALID": 0,
        "MALICIOUS": 0,
        "SANE": 0,
        "VALID": 0,
        "total": 100.054444421455
    }
}