{
    "counter": {
        "ACTIVE": 6888,
        "INACTIVE": 9142,
        "INVALID": 0,
        "MALICIOUS": 0,
        "SANE": 0,
        "VALID": 0,
        "total": 16030
    },
    "percentage": {
        "ACTIVE": 42.96943231441048,
        "INACTIVE": 57.04836193447738,
        "INVALID": 0,
        "MALICIOUS": 0,
        "SANE": 0,
        "VALID": 0,
        "total": 100.01779424888787
    }
}