{
    "counter": {
        "ACTIVE": 40376,
        "INACTIVE": 53160,
        "INVALID": 0,
        "MALICIOUS": 0,
        "SANE": 0,
        "VALID": 0,
        "total": 93536
    },
    "percentage": {
        "ACTIVE": 43.16626753335614,
        "INACTIVE": 56.83373246664386,
        "INVALID": 0.0,
        "MALICIOUS": 0.0,
        "SANE": 0.0,
        "VALID": 0.0,
        "total": 100.0
    }
}