{
    "counter": {
        "ACTIVE": 10475,
        "INACTIVE": 13395,
        "INVALID": 0,
        "MALICIOUS": 0,
        "SANE": 0,
        "VALID": 0,
        "total": 23870
    },
    "percentage": {
        "ACTIVE": 43.88353581901969,
        "INACTIVE": 56.1235178279633,
        "INVALID": 0,
        "MALICIOUS": 0,
        "SANE": 0,
        "VALID": 0,
        "total": 100.007053646983
    }
}