{
    "counter": {
        "ACTIVE": 35424,
        "INACTIVE": 44374,
        "INVALID": 0,
        "MALICIOUS": 0,
        "SANE": 0,
        "VALID": 0,
        "total": 79798
    },
    "percentage": {
        "ACTIVE": 44.39209002731898,
        "INACTIVE": 55.60790997268102,
        "INVALID": 0.0,
        "MALICIOUS": 0.0,
        "SANE": 0.0,
        "VALID": 0.0,
        "total": 100.0
    }
}