{
    "counter": {
        "ACTIVE": 18379,
        "INACTIVE": 23477,
        "INVALID": 0,
        "MALICIOUS": 0,
        "SANE": 0,
        "VALID": 0,
        "total": 41856
    },
    "percentage": {
        "ACTIVE": 43.911121729781385,
        "INACTIVE": 56.08992737003058,
        "INVALID": 0,
        "MALICIOUS": 0,
        "SANE": 0,
        "VALID": 0,
        "total": 100.00104909981196
    }
}