{
    "counter": {
        "ACTIVE": 26424,
        "INACTIVE": 33821,
        "INVALID": 0,
        "MALICIOUS": 0,
        "SANE": 0,
        "VALID": 0,
        "total": 60245
    },
    "percentage": {
        "ACTIVE": 43.860901319611585,
        "INACTIVE": 56.139098680388415,
        "INVALID": 0.0,
        "MALICIOUS": 0.0,
        "SANE": 0.0,
        "VALID": 0.0,
        "total": 100.0
    }
}