{
    "counter": {
        "ACTIVE": 2526,
        "INACTIVE": 3236,
        "INVALID": 0,
        "MALICIOUS": 0,
        "SANE": 0,
        "VALID": 0,
        "total": 5762
    },
    "percentage": {
        "ACTIVE": 43.838944810829574,
        "INACTIVE": 56.200069468565474,
        "INVALID": 0,
        "MALICIOUS": 0,
        "SANE": 0,
        "VALID": 0,
        "total": 100.03901427939505
    }
}