{
    "counter": {
        "ACTIVE": 32613,
        "INACTIVE": 40994,
        "INVALID": 0,
        "MALICIOUS": 0,
        "SANE": 0,
        "VALID": 0,
        "total": 73607
    },
    "percentage": {
        "ACTIVE": 44.306927330281084,
        "INACTIVE": 55.693072669718916,
        "INVALID": 0.0,
        "MALICIOUS": 0.0,
        "SANE": 0.0,
        "VALID": 0.0,
        "total": 100.0
    }
}