{
    "counter": {
        "ACTIVE": 34935,
        "INACTIVE": 43518,
        "INVALID": 0,
        "MALICIOUS": 0,
        "SANE": 0,
        "VALID": 0,
        "total": 78453
    },
    "percentage": {
        "ACTIVE": 44.52984589499445,
        "INACTIVE": 55.47015410500555,
        "INVALID": 0.0,
        "MALICIOUS": 0.0,
        "SANE": 0.0,
        "VALID": 0.0,
        "total": 100.0
    }
}