{
    "counter": {
        "ACTIVE": 21189,
        "INACTIVE": 26129,
        "INVALID": 0,
        "MALICIOUS": 0,
        "SANE": 0,
        "VALID": 0,
        "total": 47318
    },
    "percentage": {
        "ACTIVE": 44.78283842333298,
        "INACTIVE": 55.220000845344266,
        "INVALID": 0,
        "MALICIOUS": 0,
        "SANE": 0,
        "VALID": 0,
        "total": 100.00283926867725
    }
}