{
    "counter": {
        "ACTIVE": 1901,
        "INACTIVE": 2386,
        "INVALID": 0,
        "MALICIOUS": 0,
        "SANE": 0,
        "VALID": 0,
        "total": 4287
    },
    "percentage": {
        "ACTIVE": 44.4055127306704,
        "INACTIVE": 55.6566363424306,
        "INVALID": 0,
        "MALICIOUS": 0,
        "SANE": 0,
        "VALID": 0,
        "total": 100.06214907310101
    }
}