{
    "counter": {
        "ACTIVE": 35937,
        "INACTIVE": 44987,
        "INVALID": 0,
        "MALICIOUS": 0,
        "SANE": 0,
        "VALID": 0,
        "total": 80924
    },
    "percentage": {
        "ACTIVE": 44.40833374524245,
        "INACTIVE": 55.59166625475755,
        "INVALID": 0.0,
        "MALICIOUS": 0.0,
        "SANE": 0.0,
        "VALID": 0.0,
        "total": 100.0
    }
}