{
    "counter": {
        "ACTIVE": 12503,
        "INACTIVE": 15493,
        "INVALID": 0,
        "MALICIOUS": 0,
        "SANE": 0,
        "VALID": 0,
        "total": 27996
    },
    "percentage": {
        "ACTIVE": 44.65995142163166,
        "INACTIVE": 55.34202536167173,
        "INVALID": 0,
        "MALICIOUS": 0,
        "SANE": 0,
        "VALID": 0,
        "total": 100.00197678330339
    }
}