{
    "counter": {
        "ACTIVE": 40074,
        "INACTIVE": 50628,
        "INVALID": 0,
        "MALICIOUS": 0,
        "SANE": 0,
        "VALID": 0,
        "total": 90702
    },
    "percentage": {
        "ACTIVE": 44.18204670238804,
        "INACTIVE": 55.81795329761196,
        "INVALID": 0.0,
        "MALICIOUS": 0.0,
        "SANE": 0.0,
        "VALID": 0.0,
        "total": 100.0
    }
}