{
    "counter": {
        "ACTIVE": 1899,
        "INACTIVE": 2381,
        "INVALID": 0,
        "MALICIOUS": 0,
        "SANE": 0,
        "VALID": 0,
        "total": 4280
    },
    "percentage": {
        "ACTIVE": 44.525205158264946,
        "INACTIVE": 55.63084112149533,
        "INVALID": 0,
        "MALICIOUS": 0,
        "SANE": 0,
        "VALID": 0,
        "total": 100.15604627976028
    }
}