{
    "counter": {
        "ACTIVE": 40138,
        "INACTIVE": 51107,
        "INVALID": 0,
        "MALICIOUS": 0,
        "SANE": 0,
        "VALID": 0,
        "total": 91245
    },
    "percentage": {
        "ACTIVE": 43.989259685462216,
        "INACTIVE": 56.010740314537784,
        "INVALID": 0.0,
        "MALICIOUS": 0.0,
        "SANE": 0.0,
        "VALID": 0.0,
        "total": 100.0
    }
}