{
    "counter": {
        "ACTIVE": 20220,
        "INACTIVE": 25316,
        "INVALID": 0,
        "MALICIOUS": 0,
        "SANE": 0,
        "VALID": 0,
        "total": 45536
    },
    "percentage": {
        "ACTIVE": 44.40637765186454,
        "INACTIVE": 55.59557273366128,
        "INVALID": 0,
        "MALICIOUS": 0,
        "SANE": 0,
        "VALID": 0,
        "total": 100.00195038552582
    }
}