{
    "counter": {
        "ACTIVE": 13080,
        "INACTIVE": 16743,
        "INVALID": 0,
        "MALICIOUS": 0,
        "SANE": 0,
        "VALID": 0,
        "total": 29823
    },
    "percentage": {
        "ACTIVE": 43.87200643992755,
        "INACTIVE": 56.14123327633035,
        "INVALID": 0,
        "MALICIOUS": 0,
        "SANE": 0,
        "VALID": 0,
        "total": 100.0132397162579
    }
}