{
    "counter": {
        "ACTIVE": 8108,
        "INACTIVE": 10716,
        "INVALID": 0,
        "MALICIOUS": 0,
        "SANE": 0,
        "VALID": 0,
        "total": 18824
    },
    "percentage": {
        "ACTIVE": 43.08640663194814,
        "INACTIVE": 56.92732681682958,
        "INVALID": 0,
        "MALICIOUS": 0,
        "SANE": 0,
        "VALID": 0,
        "total": 100.01373344877771
    }
}