{
    "counter": {
        "ACTIVE": 6536,
        "INACTIVE": 8566,
        "INVALID": 0,
        "MALICIOUS": 0,
        "SANE": 0,
        "VALID": 0,
        "total": 15102
    },
    "percentage": {
        "ACTIVE": 43.28190186080392,
        "INACTIVE": 56.720964110713815,
        "INVALID": 0,
        "MALICIOUS": 0,
        "SANE": 0,
        "VALID": 0,
        "total": 100.00286597151774
    }
}