{
    "counter": {
        "ACTIVE": 24973,
        "INACTIVE": 30929,
        "INVALID": 0,
        "MALICIOUS": 0,
        "SANE": 0,
        "VALID": 0,
        "total": 55902
    },
    "percentage": {
        "ACTIVE": 44.672820292655004,
        "INACTIVE": 55.327179707344996,
        "INVALID": 0.0,
        "MALICIOUS": 0.0,
        "SANE": 0.0,
        "VALID": 0.0,
        "total": 100.0
    }
}