{
    "counter": {
        "ACTIVE": 6146,
        "INACTIVE": 7735,
        "INVALID": 0,
        "MALICIOUS": 0,
        "SANE": 0,
        "VALID": 0,
        "total": 13881
    },
    "percentage": {
        "ACTIVE": 44.27634896621281,
        "INACTIVE": 55.731680956841274,
        "INVALID": 0,
        "MALICIOUS": 0,
        "SANE": 0,
        "VALID": 0,
        "total": 100.00802992305408
    }
}