{
    "counter": {
        "ACTIVE": 19785,
        "INACTIVE": 24907,
        "INVALID": 0,
        "MALICIOUS": 0,
        "SANE": 0,
        "VALID": 0,
        "total": 44692
    },
    "percentage": {
        "ACTIVE": 44.27462125450354,
        "INACTIVE": 55.730332050478836,
        "INVALID": 0,
        "MALICIOUS": 0,
        "SANE": 0,
        "VALID": 0,
        "total": 100.00495330498238
    }
}