{
    "counter": {
        "ACTIVE": 3103,
        "INACTIVE": 3843,
        "INVALID": 0,
        "MALICIOUS": 0,
        "SANE": 0,
        "VALID": 0,
        "total": 6946
    },
    "percentage": {
        "ACTIVE": 44.679625629949605,
        "INACTIVE": 55.32680679527786,
        "INVALID": 0,
        "MALICIOUS": 0,
        "SANE": 0,
        "VALID": 0,
        "total": 100.00643242522747
    }
}