{
    "counter": {
        "ACTIVE": 40309,
        "INACTIVE": 52561,
        "INVALID": 0,
        "MALICIOUS": 0,
        "SANE": 0,
        "VALID": 0,
        "total": 92870
    },
    "percentage": {
        "ACTIVE": 43.40368256702918,
        "INACTIVE": 56.59631743297082,
        "INVALID": 0.0,
        "MALICIOUS": 0.0,
        "SANE": 0.0,
        "VALID": 0.0,
        "total": 100.0
    }
}