{
    "counter": {
        "ACTIVE": 13783,
        "INACTIVE": 18085,
        "INVALID": 0,
        "MALICIOUS": 0,
        "SANE": 0,
        "VALID": 0,
        "total": 31868
    },
    "percentage": {
        "ACTIVE": 43.252996924621854,
        "INACTIVE": 56.74971758503828,
        "INVALID": 0,
        "MALICIOUS": 0,
        "SANE": 0,
        "VALID": 0,
        "total": 100.00271450966014
    }
}