{
    "counter": {
        "ACTIVE": 16950,
        "INACTIVE": 21983,
        "INVALID": 0,
        "MALICIOUS": 0,
        "SANE": 0,
        "VALID": 0,
        "total": 38933
    },
    "percentage": {
        "ACTIVE": 43.53633164667506,
        "INACTIVE": 56.46656905807711,
        "INVALID": 0,
        "MALICIOUS": 0,
        "SANE": 0,
        "VALID": 0,
        "total": 100.00290070475216
    }
}