{
    "counter": {
        "ACTIVE": 40201,
        "INACTIVE": 51944,
        "INVALID": 0,
        "MALICIOUS": 0,
        "SANE": 0,
        "VALID": 0,
        "total": 92145
    },
    "percentage": {
        "ACTIVE": 43.62797764393076,
        "INACTIVE": 56.37202235606924,
        "INVALID": 0.0,
        "MALICIOUS": 0.0,
        "SANE": 0.0,
        "VALID": 0.0,
        "total": 100.0
    }
}