{
    "counter": {
        "ACTIVE": 41235,
        "INACTIVE": 54941,
        "INVALID": 0,
        "MALICIOUS": 0,
        "SANE": 0,
        "VALID": 0,
        "total": 96176
    },
    "percentage": {
        "ACTIVE": 42.87452171019797,
        "INACTIVE": 57.12547828980203,
        "INVALID": 0.0,
        "MALICIOUS": 0.0,
        "SANE": 0.0,
        "VALID": 0.0,
        "total": 100.0
    }
}