{
    "counter": {
        "ACTIVE": 5372,
        "INACTIVE": 6690,
        "INVALID": 0,
        "MALICIOUS": 0,
        "SANE": 0,
        "VALID": 0,
        "total": 12062
    },
    "percentage": {
        "ACTIVE": 44.536561100978275,
        "INACTIVE": 55.46803747616284,
        "INVALID": 0,
        "MALICIOUS": 0,
        "SANE": 0,
        "VALID": 0,
        "total": 100.00459857714111
    }
}