{
    "counter": {
        "ACTIVE": 6395,
        "INACTIVE": 8190,
        "INVALID": 0,
        "MALICIOUS": 0,
        "SANE": 0,
        "VALID": 0,
        "total": 14585
    },
    "percentage": {
        "ACTIVE": 43.84641755227974,
        "INACTIVE": 56.16513509806611,
        "INVALID": 0,
        "MALICIOUS": 0,
        "SANE": 0,
        "VALID": 0,
        "total": 100.01155265034585
    }
}