{
    "counter": {
        "ACTIVE": 38053,
        "INACTIVE": 47066,
        "INVALID": 0,
        "MALICIOUS": 0,
        "SANE": 0,
        "VALID": 0,
        "total": 85119
    },
    "percentage": {
        "ACTIVE": 44.70564738777476,
        "INACTIVE": 55.29435261222524,
        "INVALID": 0.0,
        "MALICIOUS": 0.0,
        "SANE": 0.0,
        "VALID": 0.0,
        "total": 100.0
    }
}