{
    "counter": {
        "ACTIVE": 42815,
        "INACTIVE": 56948,
        "INVALID": 0,
        "MALICIOUS": 0,
        "SANE": 0,
        "VALID": 0,
        "total": 99763
    },
    "percentage": {
        "ACTIVE": 42.91671260888305,
        "INACTIVE": 57.08328739111695,
        "INVALID": 0.0,
        "MALICIOUS": 0.0,
        "SANE": 0.0,
        "VALID": 0.0,
        "total": 100.0
    }
}