{
    "counter": {
        "ACTIVE": 18065,
        "INACTIVE": 23186,
        "INVALID": 0,
        "MALICIOUS": 0,
        "SANE": 0,
        "VALID": 0,
        "total": 41251
    },
    "percentage": {
        "ACTIVE": 43.7939393939394,
        "INACTIVE": 56.20712225158178,
        "INVALID": 0,
        "MALICIOUS": 0,
        "SANE": 0,
        "VALID": 0,
        "total": 100.00106164552118
    }
}