{
    "counter": {
        "ACTIVE": 28970,
        "INACTIVE": 36895,
        "INVALID": 0,
        "MALICIOUS": 0,
        "SANE": 0,
        "VALID": 0,
        "total": 65865
    },
    "percentage": {
        "ACTIVE": 43.984574274262116,
        "INACTIVE": 56.01609352463372,
        "INVALID": 0.0,
        "MALICIOUS": 0.0,
        "SANE": 0.0,
        "VALID": 0.0,
        "total": 100.00066779889583
    }
}