{
    "counter": {
        "ACTIVE": 25632,
        "INACTIVE": 32565,
        "INVALID": 0,
        "MALICIOUS": 0,
        "SANE": 0,
        "VALID": 0,
        "total": 58197
    },
    "percentage": {
        "ACTIVE": 44.04350739728852,
        "INACTIVE": 55.95649260271148,
        "INVALID": 0.0,
        "MALICIOUS": 0.0,
        "SANE": 0.0,
        "VALID": 0.0,
        "total": 100.0
    }
}