{
    "counter": {
        "ACTIVE": 2519,
        "INACTIVE": 3231,
        "INVALID": 0,
        "MALICIOUS": 0,
        "SANE": 0,
        "VALID": 0,
        "total": 5750
    },
    "percentage": {
        "ACTIVE": 43.80869565217391,
        "INACTIVE": 56.20107844842581,
        "INVALID": 0,
        "MALICIOUS": 0,
        "SANE": 0,
        "VALID": 0,
        "total": 100.00977410059971
    }
}