{
    "counter": {
        "ACTIVE": 25498,
        "INACTIVE": 32236,
        "INVALID": 0,
        "MALICIOUS": 0,
        "SANE": 0,
        "VALID": 0,
        "total": 57734
    },
    "percentage": {
        "ACTIVE": 44.16461703675477,
        "INACTIVE": 55.83538296324523,
        "INVALID": 0.0,
        "MALICIOUS": 0.0,
        "SANE": 0.0,
        "VALID": 0.0,
        "total": 100.0
    }
}