{
    "counter": {
        "ACTIVE": 13724,
        "INACTIVE": 17975,
        "INVALID": 0,
        "MALICIOUS": 0,
        "SANE": 0,
        "VALID": 0,
        "total": 31699
    },
    "percentage": {
        "ACTIVE": 43.2947411590271,
        "INACTIVE": 56.708836798435186,
        "INVALID": 0,
        "MALICIOUS": 0,
        "SANE": 0,
        "VALID": 0,
        "total": 100.00357795746228
    }
}