{
    "counter": {
        "ACTIVE": 20860,
        "INACTIVE": 25784,
        "INVALID": 0,
        "MALICIOUS": 0,
        "SANE": 0,
        "VALID": 0,
        "total": 46644
    },
    "percentage": {
        "ACTIVE": 44.721721979247064,
        "INACTIVE": 55.28064834269542,
        "INVALID": 0,
        "MALICIOUS": 0,
        "SANE": 0,
        "VALID": 0,
        "total": 100.0023703219425
    }
}