{
    "counter": {
        "ACTIVE": 26583,
        "INACTIVE": 34008,
        "INVALID": 0,
        "MALICIOUS": 0,
        "SANE": 0,
        "VALID": 0,
        "total": 60591
    },
    "percentage": {
        "ACTIVE": 43.87285240382235,
        "INACTIVE": 56.12714759617765,
        "INVALID": 0.0,
        "MALICIOUS": 0.0,
        "SANE": 0.0,
        "VALID": 0.0,
        "total": 100.0
    }
}