{
    "counter": {
        "ACTIVE": 24759,
        "INACTIVE": 30696,
        "INVALID": 0,
        "MALICIOUS": 0,
        "SANE": 0,
        "VALID": 0,
        "total": 55455
    },
    "percentage": {
        "ACTIVE": 44.64701109007303,
        "INACTIVE": 55.35298890992697,
        "INVALID": 0.0,
        "MALICIOUS": 0.0,
        "SANE": 0.0,
        "VALID": 0.0,
        "total": 100.0
    }
}