{
    "counter": {
        "ACTIVE": 7616,
        "INACTIVE": 10064,
        "INVALID": 0,
        "MALICIOUS": 0,
        "SANE": 0,
        "VALID": 0,
        "total": 17680
    },
    "percentage": {
        "ACTIVE": 43.086671192577505,
        "INACTIVE": 56.92307692307692,
        "INVALID": 0,
        "MALICIOUS": 0,
        "SANE": 0,
        "VALID": 0,
        "total": 100.00974811565442
    }
}