{
    "counter": {
        "ACTIVE": 13059,
        "INACTIVE": 16618,
        "INVALID": 0,
        "MALICIOUS": 0,
        "SANE": 0,
        "VALID": 0,
        "total": 29677
    },
    "percentage": {
        "ACTIVE": 44.00822268652693,
        "INACTIVE": 55.99622603362874,
        "INVALID": 0,
        "MALICIOUS": 0,
        "SANE": 0,
        "VALID": 0,
        "total": 100.00444872015566
    }
}