{
    "counter": {
        "ACTIVE": 33055,
        "INACTIVE": 41653,
        "INVALID": 0,
        "MALICIOUS": 0,
        "SANE": 0,
        "VALID": 0,
        "total": 74708
    },
    "percentage": {
        "ACTIVE": 44.245596187824596,
        "INACTIVE": 55.754403812175404,
        "INVALID": 0.0,
        "MALICIOUS": 0.0,
        "SANE": 0.0,
        "VALID": 0.0,
        "total": 100.0
    }
}