{
    "counter": {
        "ACTIVE": 34694,
        "INACTIVE": 43279,
        "INVALID": 0,
        "MALICIOUS": 0,
        "SANE": 0,
        "VALID": 0,
        "total": 77973
    },
    "percentage": {
        "ACTIVE": 44.49488925653752,
        "INACTIVE": 55.50511074346248,
        "INVALID": 0.0,
        "MALICIOUS": 0.0,
        "SANE": 0.0,
        "VALID": 0.0,
        "total": 100.0
    }
}