{
    "counter": {
        "ACTIVE": 18923,
        "INACTIVE": 23864,
        "INVALID": 0,
        "MALICIOUS": 0,
        "SANE": 0,
        "VALID": 0,
        "total": 42787
    },
    "percentage": {
        "ACTIVE": 44.22811733084025,
        "INACTIVE": 55.77395003155164,
        "INVALID": 0,
        "MALICIOUS": 0,
        "SANE": 0,
        "VALID": 0,
        "total": 100.0020673623919
    }
}