{
    "counter": {
        "ACTIVE": 19775,
        "INACTIVE": 24890,
        "INVALID": 0,
        "MALICIOUS": 0,
        "SANE": 0,
        "VALID": 0,
        "total": 44665
    },
    "percentage": {
        "ACTIVE": 44.27404007612224,
        "INACTIVE": 55.727207594483254,
        "INVALID": 0,
        "MALICIOUS": 0,
        "SANE": 0,
        "VALID": 0,
        "total": 100.0012476706055
    }
}