{
    "counter": {
        "ACTIVE": 33569,
        "INACTIVE": 42399,
        "INVALID": 0,
        "MALICIOUS": 0,
        "SANE": 0,
        "VALID": 0,
        "total": 75968
    },
    "percentage": {
        "ACTIVE": 44.188342459983154,
        "INACTIVE": 55.811657540016846,
        "INVALID": 0.0,
        "MALICIOUS": 0.0,
        "SANE": 0.0,
        "VALID": 0.0,
        "total": 100.0
    }
}