{
    "counter": {
        "ACTIVE": 40242,
        "INACTIVE": 52133,
        "INVALID": 0,
        "MALICIOUS": 0,
        "SANE": 0,
        "VALID": 0,
        "total": 92375
    },
    "percentage": {
        "ACTIVE": 43.563734776725305,
        "INACTIVE": 56.436265223274695,
        "INVALID": 0.0,
        "MALICIOUS": 0.0,
        "SANE": 0.0,
        "VALID": 0.0,
        "total": 100.0
    }
}