{
    "counter": {
        "ACTIVE": 32770,
        "INACTIVE": 41219,
        "INVALID": 0,
        "MALICIOUS": 0,
        "SANE": 0,
        "VALID": 0,
        "total": 73989
    },
    "percentage": {
        "ACTIVE": 44.29036748705889,
        "INACTIVE": 55.70963251294111,
        "INVALID": 0.0,
        "MALICIOUS": 0.0,
        "SANE": 0.0,
        "VALID": 0.0,
        "total": 100.0
    }
}