{
    "counter": {
        "ACTIVE": 38588,
        "INACTIVE": 47624,
        "INVALID": 0,
        "MALICIOUS": 0,
        "SANE": 0,
        "VALID": 0,
        "total": 86212
    },
    "percentage": {
        "ACTIVE": 44.75943024172969,
        "INACTIVE": 55.24056975827031,
        "INVALID": 0.0,
        "MALICIOUS": 0.0,
        "SANE": 0.0,
        "VALID": 0.0,
        "total": 100.0
    }
}