{
    "counter": {
        "ACTIVE": 2008,
        "INACTIVE": 2594,
        "INVALID": 0,
        "MALICIOUS": 0,
        "SANE": 0,
        "VALID": 0,
        "total": 4602
    },
    "percentage": {
        "ACTIVE": 43.65217391304348,
        "INACTIVE": 56.366797044763146,
        "INVALID": 0,
        "MALICIOUS": 0,
        "SANE": 0,
        "VALID": 0,
        "total": 100.01897095780663
    }
}