{
    "counter": {
        "ACTIVE": 6122,
        "INACTIVE": 7700,
        "INVALID": 0,
        "MALICIOUS": 0,
        "SANE": 0,
        "VALID": 0,
        "total": 13822
    },
    "percentage": {
        "ACTIVE": 44.31094383323683,
        "INACTIVE": 55.70829113008248,
        "INVALID": 0,
        "MALICIOUS": 0,
        "SANE": 0,
        "VALID": 0,
        "total": 100.0192349633193
    }
}