{
    "counter": {
        "ACTIVE": 4006,
        "INACTIVE": 5041,
        "INVALID": 0,
        "MALICIOUS": 0,
        "SANE": 0,
        "VALID": 0,
        "total": 9047
    },
    "percentage": {
        "ACTIVE": 44.3141592920354,
        "INACTIVE": 55.72012821929921,
        "INVALID": 0,
        "MALICIOUS": 0,
        "SANE": 0,
        "VALID": 0,
        "total": 100.03428751133461
    }
}