{
    "counter": {
        "ACTIVE": 42921,
        "INACTIVE": 57191,
        "INVALID": 0,
        "MALICIOUS": 0,
        "SANE": 0,
        "VALID": 0,
        "total": 100112
    },
    "percentage": {
        "ACTIVE": 42.87298225986895,
        "INACTIVE": 57.12701774013105,
        "INVALID": 0.0,
        "MALICIOUS": 0.0,
        "SANE": 0.0,
        "VALID": 0.0,
        "total": 100.0
    }
}