{
    "counter": {
        "ACTIVE": 8647,
        "INACTIVE": 11605,
        "INVALID": 0,
        "MALICIOUS": 0,
        "SANE": 0,
        "VALID": 0,
        "total": 20252
    },
    "percentage": {
        "ACTIVE": 42.70545239035954,
        "INACTIVE": 57.30298242148923,
        "INVALID": 0,
        "MALICIOUS": 0,
        "SANE": 0,
        "VALID": 0,
        "total": 100.00843481184877
    }
}