{
    "counter": {
        "ACTIVE": 39308,
        "INACTIVE": 48772,
        "INVALID": 0,
        "MALICIOUS": 0,
        "SANE": 0,
        "VALID": 0,
        "total": 88080
    },
    "percentage": {
        "ACTIVE": 44.62761126248865,
        "INACTIVE": 55.37238873751135,
        "INVALID": 0.0,
        "MALICIOUS": 0.0,
        "SANE": 0.0,
        "VALID": 0.0,
        "total": 100.0
    }
}