{
    "counter": {
        "ACTIVE": 9974,
        "INACTIVE": 12934,
        "INVALID": 0,
        "MALICIOUS": 0,
        "SANE": 0,
        "VALID": 0,
        "total": 22908
    },
    "percentage": {
        "ACTIVE": 43.53937489086782,
        "INACTIVE": 56.465554876451584,
        "INVALID": 0,
        "MALICIOUS": 0,
        "SANE": 0,
        "VALID": 0,
        "total": 100.0049297673194
    }
}