{
    "counter": {
        "ACTIVE": 39633,
        "INACTIVE": 49503,
        "INVALID": 0,
        "MALICIOUS": 0,
        "SANE": 0,
        "VALID": 0,
        "total": 89136
    },
    "percentage": {
        "ACTIVE": 44.463516424340334,
        "INACTIVE": 55.536483575659666,
        "INVALID": 0.0,
        "MALICIOUS": 0.0,
        "SANE": 0.0,
        "VALID": 0.0,
        "total": 100.0
    }
}