{
    "counter": {
        "ACTIVE": 18017,
        "INACTIVE": 23152,
        "INVALID": 0,
        "MALICIOUS": 0,
        "SANE": 0,
        "VALID": 0,
        "total": 41169
    },
    "percentage": {
        "ACTIVE": 43.76351137992179,
        "INACTIVE": 56.24058689209542,
        "INVALID": 0,
        "MALICIOUS": 0,
        "SANE": 0,
        "VALID": 0,
        "total": 100.00409827201722
    }
}