{
    "counter": {
        "ACTIVE": 25495,
        "INACTIVE": 32231,
        "INVALID": 0,
        "MALICIOUS": 0,
        "SANE": 0,
        "VALID": 0,
        "total": 57726
    },
    "percentage": {
        "ACTIVE": 44.165540657589304,
        "INACTIVE": 55.834459342410696,
        "INVALID": 0.0,
        "MALICIOUS": 0.0,
        "SANE": 0.0,
        "VALID": 0.0,
        "total": 100.0
    }
}