{
    "counter": {
        "ACTIVE": 31906,
        "INACTIVE": 39938,
        "INVALID": 0,
        "MALICIOUS": 0,
        "SANE": 0,
        "VALID": 0,
        "total": 71844
    },
    "percentage": {
        "ACTIVE": 44.41072895062845,
        "INACTIVE": 55.58988920438728,
        "INVALID": 0.0,
        "MALICIOUS": 0.0,
        "SANE": 0.0,
        "VALID": 0.0,
        "total": 100.00061815501573
    }
}