{
    "counter": {
        "ACTIVE": 25291,
        "INACTIVE": 31852,
        "INVALID": 0,
        "MALICIOUS": 0,
        "SANE": 0,
        "VALID": 0,
        "total": 57143
    },
    "percentage": {
        "ACTIVE": 44.25913935215162,
        "INACTIVE": 55.74086064784838,
        "INVALID": 0.0,
        "MALICIOUS": 0.0,
        "SANE": 0.0,
        "VALID": 0.0,
        "total": 100.0
    }
}