{
    "counter": {
        "ACTIVE": 16197,
        "INACTIVE": 21309,
        "INVALID": 0,
        "MALICIOUS": 0,
        "SANE": 0,
        "VALID": 0,
        "total": 37506
    },
    "percentage": {
        "ACTIVE": 43.187393344709896,
        "INACTIVE": 56.81490961446168,
        "INVALID": 0,
        "MALICIOUS": 0,
        "SANE": 0,
        "VALID": 0,
        "total": 100.00230295917157
    }
}