{
    "counter": {
        "ACTIVE": 24606,
        "INACTIVE": 30449,
        "INVALID": 0,
        "MALICIOUS": 0,
        "SANE": 0,
        "VALID": 0,
        "total": 55055
    },
    "percentage": {
        "ACTIVE": 44.69348832985197,
        "INACTIVE": 55.30651167014803,
        "INVALID": 0.0,
        "MALICIOUS": 0.0,
        "SANE": 0.0,
        "VALID": 0.0,
        "total": 100.0
    }
}