{
    "counter": {
        "ACTIVE": 12446,
        "INACTIVE": 15385,
        "INVALID": 0,
        "MALICIOUS": 0,
        "SANE": 0,
        "VALID": 0,
        "total": 27831
    },
    "percentage": {
        "ACTIVE": 44.7199166397183,
        "INACTIVE": 55.28405620036652,
        "INVALID": 0,
        "MALICIOUS": 0,
        "SANE": 0,
        "VALID": 0,
        "total": 100.00397284008483
    }
}