{
    "counter": {
        "ACTIVE": 40436,
        "INACTIVE": 53488,
        "INVALID": 0,
        "MALICIOUS": 0,
        "SANE": 0,
        "VALID": 0,
        "total": 93924
    },
    "percentage": {
        "ACTIVE": 43.05182913845237,
        "INACTIVE": 56.94817086154763,
        "INVALID": 0.0,
        "MALICIOUS": 0.0,
        "SANE": 0.0,
        "VALID": 0.0,
        "total": 100.0
    }
}