{
    "counter": {
        "ACTIVE": 25670,
        "INACTIVE": 32628,
        "INVALID": 0,
        "MALICIOUS": 0,
        "SANE": 0,
        "VALID": 0,
        "total": 58298
    },
    "percentage": {
        "ACTIVE": 44.03238533054307,
        "INACTIVE": 55.96761466945693,
        "INVALID": 0.0,
        "MALICIOUS": 0.0,
        "SANE": 0.0,
        "VALID": 0.0,
        "total": 100.0
    }
}