{
    "counter": {
        "ACTIVE": 37912,
        "INACTIVE": 46897,
        "INVALID": 0,
        "MALICIOUS": 0,
        "SANE": 0,
        "VALID": 0,
        "total": 84809
    },
    "percentage": {
        "ACTIVE": 44.70280276857409,
        "INACTIVE": 55.29719723142591,
        "INVALID": 0.0,
        "MALICIOUS": 0.0,
        "SANE": 0.0,
        "VALID": 0.0,
        "total": 100.0
    }
}