{
    "counter": {
        "ACTIVE": 37738,
        "INACTIVE": 46649,
        "INVALID": 0,
        "MALICIOUS": 0,
        "SANE": 0,
        "VALID": 0,
        "total": 84387
    },
    "percentage": {
        "ACTIVE": 44.72015831822437,
        "INACTIVE": 55.27984168177563,
        "INVALID": 0.0,
        "MALICIOUS": 0.0,
        "SANE": 0.0,
        "VALID": 0.0,
        "total": 100.0
    }
}