{
    "counter": {
        "ACTIVE": 31303,
        "INACTIVE": 39165,
        "INVALID": 0,
        "MALICIOUS": 0,
        "SANE": 0,
        "VALID": 0,
        "total": 70468
    },
    "percentage": {
        "ACTIVE": 44.42221181545972,
        "INACTIVE": 55.57841857296929,
        "INVALID": 0.0,
        "MALICIOUS": 0.0,
        "SANE": 0.0,
        "VALID": 0.0,
        "total": 100.00063038842902
    }
}