{
    "counter": {
        "ACTIVE": 39486,
        "INACTIVE": 49216,
        "INVALID": 0,
        "MALICIOUS": 0,
        "SANE": 0,
        "VALID": 0,
        "total": 88702
    },
    "percentage": {
        "ACTIVE": 44.515343509729206,
        "INACTIVE": 55.484656490270794,
        "INVALID": 0.0,
        "MALICIOUS": 0.0,
        "SANE": 0.0,
        "VALID": 0.0,
        "total": 100.0
    }
}