{
    "counter": {
        "ACTIVE": 14996,
        "INACTIVE": 20108,
        "INVALID": 0,
        "MALICIOUS": 0,
        "SANE": 0,
        "VALID": 0,
        "total": 35104
    },
    "percentage": {
        "ACTIVE": 42.718778486782135,
        "INACTIVE": 57.28285331738028,
        "INVALID": 0,
        "MALICIOUS": 0,
        "SANE": 0,
        "VALID": 0,
        "total": 100.00163180416241
    }
}