{
    "counter": {
        "ACTIVE": 8588,
        "INACTIVE": 11540,
        "INVALID": 0,
        "MALICIOUS": 0,
        "SANE": 0,
        "VALID": 0,
        "total": 20128
    },
    "percentage": {
        "ACTIVE": 42.6754124428543,
        "INACTIVE": 57.33306836248013,
        "INVALID": 0,
        "MALICIOUS": 0,
        "SANE": 0,
        "VALID": 0,
        "total": 100.00848080533443
    }
}