{
    "counter": {
        "ACTIVE": 29508,
        "INACTIVE": 37364,
        "INVALID": 0,
        "MALICIOUS": 0,
        "SANE": 0,
        "VALID": 0,
        "total": 66872
    },
    "percentage": {
        "ACTIVE": 44.126091637755714,
        "INACTIVE": 55.874743909916106,
        "INVALID": 0.0,
        "MALICIOUS": 0.0,
        "SANE": 0.0,
        "VALID": 0.0,
        "total": 100.00083554767181
    }
}