{
    "counter": {
        "ACTIVE": 38363,
        "INACTIVE": 47406,
        "INVALID": 0,
        "MALICIOUS": 0,
        "SANE": 0,
        "VALID": 0,
        "total": 85769
    },
    "percentage": {
        "ACTIVE": 44.72828178013035,
        "INACTIVE": 55.27171821986965,
        "INVALID": 0.0,
        "MALICIOUS": 0.0,
        "SANE": 0.0,
        "VALID": 0.0,
        "total": 100.0
    }
}