{
    "counter": {
        "ACTIVE": 19513,
        "INACTIVE": 24442,
        "INVALID": 0,
        "MALICIOUS": 0,
        "SANE": 0,
        "VALID": 0,
        "total": 43955
    },
    "percentage": {
        "ACTIVE": 44.394139327478726,
        "INACTIVE": 55.60687066317825,
        "INVALID": 0,
        "MALICIOUS": 0,
        "SANE": 0,
        "VALID": 0,
        "total": 100.00100999065697
    }
}