{
    "counter": {
        "ACTIVE": 38734,
        "INACTIVE": 47782,
        "INVALID": 0,
        "MALICIOUS": 0,
        "SANE": 0,
        "VALID": 0,
        "total": 86516
    },
    "percentage": {
        "ACTIVE": 44.77090942715798,
        "INACTIVE": 55.22909057284202,
        "INVALID": 0.0,
        "MALICIOUS": 0.0,
        "SANE": 0.0,
        "VALID": 0.0,
        "total": 100.0
    }
}