{
    "counter": {
        "ACTIVE": 7502,
        "INACTIVE": 9913,
        "INVALID": 0,
        "MALICIOUS": 0,
        "SANE": 0,
        "VALID": 0,
        "total": 17415
    },
    "percentage": {
        "ACTIVE": 43.09512867647059,
        "INACTIVE": 56.9221935113408,
        "INVALID": 0,
        "MALICIOUS": 0,
        "SANE": 0,
        "VALID": 0,
        "total": 100.01732218781139
    }
}