{
    "counter": {
        "ACTIVE": 1908,
        "INACTIVE": 2410,
        "INVALID": 0,
        "MALICIOUS": 0,
        "SANE": 0,
        "VALID": 0,
        "total": 4318
    },
    "percentage": {
        "ACTIVE": 44.24860853432282,
        "INACTIVE": 55.81287633163502,
        "INVALID": 0,
        "MALICIOUS": 0,
        "SANE": 0,
        "VALID": 0,
        "total": 100.06148486595784
    }
}