{
    "counter": {
        "ACTIVE": 40201,
        "INACTIVE": 51960,
        "INVALID": 0,
        "MALICIOUS": 0,
        "SANE": 0,
        "VALID": 0,
        "total": 92161
    },
    "percentage": {
        "ACTIVE": 43.62040342444201,
        "INACTIVE": 56.37959657555799,
        "INVALID": 0.0,
        "MALICIOUS": 0.0,
        "SANE": 0.0,
        "VALID": 0.0,
        "total": 100.0
    }
}