{
    "counter": {
        "ACTIVE": 25956,
        "INACTIVE": 33155,
        "INVALID": 0,
        "MALICIOUS": 0,
        "SANE": 0,
        "VALID": 0,
        "total": 59111
    },
    "percentage": {
        "ACTIVE": 43.91060885452792,
        "INACTIVE": 56.08939114547208,
        "INVALID": 0.0,
        "MALICIOUS": 0.0,
        "SANE": 0.0,
        "VALID": 0.0,
        "total": 100.0
    }
}