{
    "counter": {
        "ACTIVE": 16911,
        "INACTIVE": 21947,
        "INVALID": 0,
        "MALICIOUS": 0,
        "SANE": 0,
        "VALID": 0,
        "total": 38858
    },
    "percentage": {
        "ACTIVE": 43.52223594811612,
        "INACTIVE": 56.48000411755623,
        "INVALID": 0,
        "MALICIOUS": 0,
        "SANE": 0,
        "VALID": 0,
        "total": 100.00224006567234
    }
}