{
    "counter": {
        "ACTIVE": 32211,
        "INACTIVE": 40396,
        "INVALID": 0,
        "MALICIOUS": 0,
        "SANE": 0,
        "VALID": 0,
        "total": 72607
    },
    "percentage": {
        "ACTIVE": 44.3634911234454,
        "INACTIVE": 55.6365088765546,
        "INVALID": 0.0,
        "MALICIOUS": 0.0,
        "SANE": 0.0,
        "VALID": 0.0,
        "total": 100.0
    }
}