{
    "counter": {
        "ACTIVE": 7711,
        "INACTIVE": 10162,
        "INVALID": 0,
        "MALICIOUS": 0,
        "SANE": 0,
        "VALID": 0,
        "total": 17873
    },
    "percentage": {
        "ACTIVE": 43.143288759581495,
        "INACTIVE": 56.859892569382275,
        "INVALID": 0,
        "MALICIOUS": 0,
        "SANE": 0,
        "VALID": 0,
        "total": 100.00318132896376
    }
}