{
    "counter": {
        "ACTIVE": 40139,
        "INACTIVE": 51114,
        "INVALID": 0,
        "MALICIOUS": 0,
        "SANE": 0,
        "VALID": 0,
        "total": 91253
    },
    "percentage": {
        "ACTIVE": 43.98649907400305,
        "INACTIVE": 56.01350092599695,
        "INVALID": 0.0,
        "MALICIOUS": 0.0,
        "SANE": 0.0,
        "VALID": 0.0,
        "total": 100.0
    }
}