{
    "counter": {
        "ACTIVE": 22304,
        "INACTIVE": 27421,
        "INVALID": 0,
        "MALICIOUS": 0,
        "SANE": 0,
        "VALID": 0,
        "total": 49725
    },
    "percentage": {
        "ACTIVE": 44.85470085470085,
        "INACTIVE": 55.14529914529915,
        "INVALID": 0.0,
        "MALICIOUS": 0.0,
        "SANE": 0.0,
        "VALID": 0.0,
        "total": 100.0
    }
}