{
    "counter": {
        "ACTIVE": 1762,
        "INACTIVE": 1954,
        "INVALID": 0,
        "MALICIOUS": 0,
        "SANE": 0,
        "VALID": 0,
        "total": 3716
    },
    "percentage": {
        "ACTIVE": 47.41657696447793,
        "INACTIVE": 52.597577388963664,
        "INVALID": 0,
        "MALICIOUS": 0,
        "SANE": 0,
        "VALID": 0,
        "total": 100.0141543534416
    }
}