{
    "counter": {
        "ACTIVE": 20129,
        "INACTIVE": 25231,
        "INVALID": 0,
        "MALICIOUS": 0,
        "SANE": 0,
        "VALID": 0,
        "total": 45360
    },
    "percentage": {
        "ACTIVE": 44.37610229276896,
        "INACTIVE": 55.625124010670426,
        "INVALID": 0,
        "MALICIOUS": 0,
        "SANE": 0,
        "VALID": 0,
        "total": 100.00122630343938
    }
}