{
    "counter": {
        "ACTIVE": 25101,
        "INACTIVE": 31151,
        "INVALID": 0,
        "MALICIOUS": 0,
        "SANE": 0,
        "VALID": 0,
        "total": 56252
    },
    "percentage": {
        "ACTIVE": 44.62241342530044,
        "INACTIVE": 55.37758657469956,
        "INVALID": 0.0,
        "MALICIOUS": 0.0,
        "SANE": 0.0,
        "VALID": 0.0,
        "total": 100.0
    }
}