{
    "counter": {
        "ACTIVE": 2210,
        "INACTIVE": 2883,
        "INVALID": 0,
        "MALICIOUS": 0,
        "SANE": 0,
        "VALID": 0,
        "total": 5093
    },
    "percentage": {
        "ACTIVE": 43.392892204987234,
        "INACTIVE": 56.6627358490566,
        "INVALID": 0,
        "MALICIOUS": 0,
        "SANE": 0,
        "VALID": 0,
        "total": 100.05562805404384
    }
}