{
    "counter": {
        "ACTIVE": 1867,
        "INACTIVE": 2291,
        "INVALID": 0,
        "MALICIOUS": 0,
        "SANE": 0,
        "VALID": 0,
        "total": 4158
    },
    "percentage": {
        "ACTIVE": 44.944631680308134,
        "INACTIVE": 55.0986050986051,
        "INVALID": 0,
        "MALICIOUS": 0,
        "SANE": 0,
        "VALID": 0,
        "total": 100.04323677891324
    }
}