{
    "counter": {
        "ACTIVE": 30201,
        "INACTIVE": 37954,
        "INVALID": 0,
        "MALICIOUS": 0,
        "SANE": 0,
        "VALID": 0,
        "total": 68155
    },
    "percentage": {
        "ACTIVE": 44.31222947692759,
        "INACTIVE": 55.688587610411716,
        "INVALID": 0.0,
        "MALICIOUS": 0.0,
        "SANE": 0.0,
        "VALID": 0.0,
        "total": 100.0008170873393
    }
}