{
    "counter": {
        "ACTIVE": 17332,
        "INACTIVE": 22422,
        "INVALID": 0,
        "MALICIOUS": 0,
        "SANE": 0,
        "VALID": 0,
        "total": 39754
    },
    "percentage": {
        "ACTIVE": 43.601418832230635,
        "INACTIVE": 56.40187150978518,
        "INVALID": 0,
        "MALICIOUS": 0,
        "SANE": 0,
        "VALID": 0,
        "total": 100.00329034201582
    }
}