{
    "counter": {
        "ACTIVE": 8050,
        "INACTIVE": 10634,
        "INVALID": 0,
        "MALICIOUS": 0,
        "SANE": 0,
        "VALID": 0,
        "total": 18684
    },
    "percentage": {
        "ACTIVE": 43.084992506957825,
        "INACTIVE": 56.921100524569106,
        "INVALID": 0,
        "MALICIOUS": 0,
        "SANE": 0,
        "VALID": 0,
        "total": 100.00609303152693
    }
}