{
    "counter": {
        "ACTIVE": 25808,
        "INACTIVE": 32853,
        "INVALID": 0,
        "MALICIOUS": 0,
        "SANE": 0,
        "VALID": 0,
        "total": 58661
    },
    "percentage": {
        "ACTIVE": 43.99515862327611,
        "INACTIVE": 56.00484137672389,
        "INVALID": 0.0,
        "MALICIOUS": 0.0,
        "SANE": 0.0,
        "VALID": 0.0,
        "total": 100.0
    }
}