{
    "counter": {
        "ACTIVE": 35600,
        "INACTIVE": 44592,
        "INVALID": 0,
        "MALICIOUS": 0,
        "SANE": 0,
        "VALID": 0,
        "total": 80192
    },
    "percentage": {
        "ACTIVE": 44.39345570630487,
        "INACTIVE": 55.60654429369513,
        "INVALID": 0.0,
        "MALICIOUS": 0.0,
        "SANE": 0.0,
        "VALID": 0.0,
        "total": 100.0
    }
}