{
    "counter": {
        "ACTIVE": 9348,
        "INACTIVE": 12478,
        "INVALID": 0,
        "MALICIOUS": 0,
        "SANE": 0,
        "VALID": 0,
        "total": 21826
    },
    "percentage": {
        "ACTIVE": 42.83357771260997,
        "INACTIVE": 57.170347292220285,
        "INVALID": 0,
        "MALICIOUS": 0,
        "SANE": 0,
        "VALID": 0,
        "total": 100.00392500483025
    }
}