{
    "counter": {
        "ACTIVE": 24818,
        "INACTIVE": 30785,
        "INVALID": 0,
        "MALICIOUS": 0,
        "SANE": 0,
        "VALID": 0,
        "total": 55603
    },
    "percentage": {
        "ACTIVE": 44.63428232289625,
        "INACTIVE": 55.36571767710375,
        "INVALID": 0.0,
        "MALICIOUS": 0.0,
        "SANE": 0.0,
        "VALID": 0.0,
        "total": 100.0
    }
}