{
    "counter": {
        "ACTIVE": 2775,
        "INACTIVE": 3431,
        "INVALID": 0,
        "MALICIOUS": 0,
        "SANE": 0,
        "VALID": 0,
        "total": 6206
    },
    "percentage": {
        "ACTIVE": 44.71479213664196,
        "INACTIVE": 55.32086423734279,
        "INVALID": 0,
        "MALICIOUS": 0,
        "SANE": 0,
        "VALID": 0,
        "total": 100.03565637398475
    }
}