{
    "counter": {
        "ACTIVE": 16585,
        "INACTIVE": 21666,
        "INVALID": 0,
        "MALICIOUS": 0,
        "SANE": 0,
        "VALID": 0,
        "total": 38251
    },
    "percentage": {
        "ACTIVE": 43.35947712418301,
        "INACTIVE": 56.641656427282946,
        "INVALID": 0,
        "MALICIOUS": 0,
        "SANE": 0,
        "VALID": 0,
        "total": 100.00113355146595
    }
}