{
    "counter": {
        "ACTIVE": 9445,
        "INACTIVE": 12625,
        "INVALID": 0,
        "MALICIOUS": 0,
        "SANE": 0,
        "VALID": 0,
        "total": 22070
    },
    "percentage": {
        "ACTIVE": 42.79565020389669,
        "INACTIVE": 57.2173124858373,
        "INVALID": 0,
        "MALICIOUS": 0,
        "SANE": 0,
        "VALID": 0,
        "total": 100.012962689734
    }
}