{
    "counter": {
        "ACTIVE": 36089,
        "INACTIVE": 45166,
        "INVALID": 0,
        "MALICIOUS": 0,
        "SANE": 0,
        "VALID": 0,
        "total": 81255
    },
    "percentage": {
        "ACTIVE": 44.414497569380345,
        "INACTIVE": 55.585502430619655,
        "INVALID": 0.0,
        "MALICIOUS": 0.0,
        "SANE": 0.0,
        "VALID": 0.0,
        "total": 100.0
    }
}