{
    "counter": {
        "ACTIVE": 3959,
        "INACTIVE": 4961,
        "INVALID": 0,
        "MALICIOUS": 0,
        "SANE": 0,
        "VALID": 0,
        "total": 8920
    },
    "percentage": {
        "ACTIVE": 44.38340807174888,
        "INACTIVE": 55.62282767126359,
        "INVALID": 0,
        "MALICIOUS": 0,
        "SANE": 0,
        "VALID": 0,
        "total": 100.00623574301247
    }
}