{
    "counter": {
        "ACTIVE": 14126,
        "INACTIVE": 18839,
        "INVALID": 0,
        "MALICIOUS": 0,
        "SANE": 0,
        "VALID": 0,
        "total": 32965
    },
    "percentage": {
        "ACTIVE": 42.85410915268635,
        "INACTIVE": 57.14849082360079,
        "INVALID": 0,
        "MALICIOUS": 0,
        "SANE": 0,
        "VALID": 0,
        "total": 100.00259997628714
    }
}