{
    "counter": {
        "ACTIVE": 11402,
        "INACTIVE": 14149,
        "INVALID": 0,
        "MALICIOUS": 0,
        "SANE": 0,
        "VALID": 0,
        "total": 25551
    },
    "percentage": {
        "ACTIVE": 44.62622309197652,
        "INACTIVE": 55.375523462878164,
        "INVALID": 0,
        "MALICIOUS": 0,
        "SANE": 0,
        "VALID": 0,
        "total": 100.00174655485469
    }
}