{
    "counter": {
        "ACTIVE": 35294,
        "INACTIVE": 44211,
        "INVALID": 0,
        "MALICIOUS": 0,
        "SANE": 0,
        "VALID": 0,
        "total": 79505
    },
    "percentage": {
        "ACTIVE": 44.39217659266713,
        "INACTIVE": 55.60782340733287,
        "INVALID": 0.0,
        "MALICIOUS": 0.0,
        "SANE": 0.0,
        "VALID": 0.0,
        "total": 100.0
    }
}