{
    "counter": {
        "ACTIVE": 32246,
        "INACTIVE": 40438,
        "INVALID": 0,
        "MALICIOUS": 0,
        "SANE": 0,
        "VALID": 0,
        "total": 72684
    },
    "percentage": {
        "ACTIVE": 44.36464696494414,
        "INACTIVE": 55.63535303505586,
        "INVALID": 0.0,
        "MALICIOUS": 0.0,
        "SANE": 0.0,
        "VALID": 0.0,
        "total": 100.0
    }
}