{
    "counter": {
        "ACTIVE": 6043,
        "INACTIVE": 7570,
        "INVALID": 0,
        "MALICIOUS": 0,
        "SANE": 0,
        "VALID": 0,
        "total": 13613
    },
    "percentage": {
        "ACTIVE": 44.40117560617193,
        "INACTIVE": 55.6086094174686,
        "INVALID": 0,
        "MALICIOUS": 0,
        "SANE": 0,
        "VALID": 0,
        "total": 100.00978502364053
    }
}