{
    "counter": {
        "ACTIVE": 38592,
        "INACTIVE": 47630,
        "INVALID": 0,
        "MALICIOUS": 0,
        "SANE": 0,
        "VALID": 0,
        "total": 86222
    },
    "percentage": {
        "ACTIVE": 44.75887824453156,
        "INACTIVE": 55.24112175546844,
        "INVALID": 0.0,
        "MALICIOUS": 0.0,
        "SANE": 0.0,
        "VALID": 0.0,
        "total": 100.0
    }
}