{
    "counter": {
        "ACTIVE": 7839,
        "INACTIVE": 10264,
        "INVALID": 0,
        "MALICIOUS": 0,
        "SANE": 0,
        "VALID": 0,
        "total": 18103
    },
    "percentage": {
        "ACTIVE": 43.306999613281036,
        "INACTIVE": 56.697784897530795,
        "INVALID": 0,
        "MALICIOUS": 0,
        "SANE": 0,
        "VALID": 0,
        "total": 100.00478451081183
    }
}