{
    "counter": {
        "ACTIVE": 29023,
        "INACTIVE": 36929,
        "INVALID": 0,
        "MALICIOUS": 0,
        "SANE": 0,
        "VALID": 0,
        "total": 65952
    },
    "percentage": {
        "ACTIVE": 44.006914224196755,
        "INACTIVE": 55.993753032508494,
        "INVALID": 0.0,
        "MALICIOUS": 0.0,
        "SANE": 0.0,
        "VALID": 0.0,
        "total": 100.00066725670524
    }
}