{
    "counter": {
        "ACTIVE": 7421,
        "INACTIVE": 9810,
        "INVALID": 0,
        "MALICIOUS": 0,
        "SANE": 0,
        "VALID": 0,
        "total": 17231
    },
    "percentage": {
        "ACTIVE": 43.067726771516455,
        "INACTIVE": 56.93557748113755,
        "INVALID": 0,
        "MALICIOUS": 0,
        "SANE": 0,
        "VALID": 0,
        "total": 100.003304252654
    }
}