{
    "counter": {
        "ACTIVE": 3725,
        "INACTIVE": 4552,
        "INVALID": 0,
        "MALICIOUS": 0,
        "SANE": 0,
        "VALID": 0,
        "total": 8277
    },
    "percentage": {
        "ACTIVE": 45.0042285852362,
        "INACTIVE": 55.00241662638956,
        "INVALID": 0,
        "MALICIOUS": 0,
        "SANE": 0,
        "VALID": 0,
        "total": 100.00664521162577
    }
}