{
    "counter": {
        "ACTIVE": 32688,
        "INACTIVE": 41101,
        "INVALID": 0,
        "MALICIOUS": 0,
        "SANE": 0,
        "VALID": 0,
        "total": 73789
    },
    "percentage": {
        "ACTIVE": 44.29928580140671,
        "INACTIVE": 55.70071419859329,
        "INVALID": 0.0,
        "MALICIOUS": 0.0,
        "SANE": 0.0,
        "VALID": 0.0,
        "total": 100.0
    }
}