{
    "counter": {
        "ACTIVE": 7370,
        "INACTIVE": 9742,
        "INVALID": 0,
        "MALICIOUS": 0,
        "SANE": 0,
        "VALID": 0,
        "total": 17112
    },
    "percentage": {
        "ACTIVE": 43.074225599064874,
        "INACTIVE": 56.93080878915381,
        "INVALID": 0,
        "MALICIOUS": 0,
        "SANE": 0,
        "VALID": 0,
        "total": 100.00503438821869
    }
}