{
    "counter": {
        "ACTIVE": 39211,
        "INACTIVE": 48534,
        "INVALID": 0,
        "MALICIOUS": 0,
        "SANE": 0,
        "VALID": 0,
        "total": 87745
    },
    "percentage": {
        "ACTIVE": 44.6874465781526,
        "INACTIVE": 55.3125534218474,
        "INVALID": 0.0,
        "MALICIOUS": 0.0,
        "SANE": 0.0,
        "VALID": 0.0,
        "total": 100.0
    }
}