{
    "counter": {
        "ACTIVE": 38759,
        "INACTIVE": 47806,
        "INVALID": 0,
        "MALICIOUS": 0,
        "SANE": 0,
        "VALID": 0,
        "total": 86565
    },
    "percentage": {
        "ACTIVE": 44.77444694738058,
        "INACTIVE": 55.22555305261942,
        "INVALID": 0.0,
        "MALICIOUS": 0.0,
        "SANE": 0.0,
        "VALID": 0.0,
        "total": 100.0
    }
}