{
    "counter": {
        "ACTIVE": 42150,
        "INACTIVE": 56043,
        "INVALID": 0,
        "MALICIOUS": 0,
        "SANE": 0,
        "VALID": 0,
        "total": 98193
    },
    "percentage": {
        "ACTIVE": 42.925666799058995,
        "INACTIVE": 57.074333200941005,
        "INVALID": 0.0,
        "MALICIOUS": 0.0,
        "SANE": 0.0,
        "VALID": 0.0,
        "total": 100.0
    }
}