{
    "counter": {
        "ACTIVE": 19042,
        "INACTIVE": 23966,
        "INVALID": 0,
        "MALICIOUS": 0,
        "SANE": 0,
        "VALID": 0,
        "total": 43008
    },
    "percentage": {
        "ACTIVE": 44.27548363095238,
        "INACTIVE": 55.725812077103726,
        "INVALID": 0,
        "MALICIOUS": 0,
        "SANE": 0,
        "VALID": 0,
        "total": 100.0012957080561
    }
}