{
    "counter": {
        "ACTIVE": 35104,
        "INACTIVE": 43933,
        "INVALID": 0,
        "MALICIOUS": 0,
        "SANE": 0,
        "VALID": 0,
        "total": 79037
    },
    "percentage": {
        "ACTIVE": 44.414641243974344,
        "INACTIVE": 55.585358756025656,
        "INVALID": 0.0,
        "MALICIOUS": 0.0,
        "SANE": 0.0,
        "VALID": 0.0,
        "total": 100.0
    }
}