{
    "counter": {
        "ACTIVE": 22765,
        "INACTIVE": 27890,
        "INVALID": 0,
        "MALICIOUS": 0,
        "SANE": 0,
        "VALID": 0,
        "total": 50655
    },
    "percentage": {
        "ACTIVE": 44.9412693712368,
        "INACTIVE": 55.0587306287632,
        "INVALID": 0.0,
        "MALICIOUS": 0.0,
        "SANE": 0.0,
        "VALID": 0.0,
        "total": 100.0
    }
}