{
    "counter": {
        "ACTIVE": 41262,
        "INACTIVE": 54970,
        "INVALID": 0,
        "MALICIOUS": 0,
        "SANE": 0,
        "VALID": 0,
        "total": 96232
    },
    "percentage": {
        "ACTIVE": 42.877629063097515,
        "INACTIVE": 57.122370936902485,
        "INVALID": 0.0,
        "MALICIOUS": 0.0,
        "SANE": 0.0,
        "VALID": 0.0,
        "total": 100.0
    }
}