{
    "counter": {
        "ACTIVE": 36059,
        "INACTIVE": 45120,
        "INVALID": 0,
        "MALICIOUS": 0,
        "SANE": 0,
        "VALID": 0,
        "total": 81179
    },
    "percentage": {
        "ACTIVE": 44.41912317224898,
        "INACTIVE": 55.58087682775102,
        "INVALID": 0.0,
        "MALICIOUS": 0.0,
        "SANE": 0.0,
        "VALID": 0.0,
        "total": 100.0
    }
}