{
    "counter": {
        "ACTIVE": 33054,
        "INACTIVE": 41653,
        "INVALID": 0,
        "MALICIOUS": 0,
        "SANE": 0,
        "VALID": 0,
        "total": 74707
    },
    "percentage": {
        "ACTIVE": 44.24484988019864,
        "INACTIVE": 55.75515011980136,
        "INVALID": 0.0,
        "MALICIOUS": 0.0,
        "SANE": 0.0,
        "VALID": 0.0,
        "total": 100.0
    }
}