{
    "counter": {
        "ACTIVE": 5712,
        "INACTIVE": 7134,
        "INVALID": 0,
        "MALICIOUS": 0,
        "SANE": 0,
        "VALID": 0,
        "total": 12846
    },
    "percentage": {
        "ACTIVE": 44.47558981546368,
        "INACTIVE": 55.53479682391406,
        "INVALID": 0,
        "MALICIOUS": 0,
        "SANE": 0,
        "VALID": 0,
        "total": 100.01038663937774
    }
}