{
    "counter": {
        "ACTIVE": 40110,
        "INACTIVE": 50905,
        "INVALID": 0,
        "MALICIOUS": 0,
        "SANE": 0,
        "VALID": 0,
        "total": 91015
    },
    "percentage": {
        "ACTIVE": 44.06965884744273,
        "INACTIVE": 55.93034115255727,
        "INVALID": 0.0,
        "MALICIOUS": 0.0,
        "SANE": 0.0,
        "VALID": 0.0,
        "total": 100.0
    }
}