{
    "counter": {
        "ACTIVE": 18309,
        "INACTIVE": 23420,
        "INVALID": 0,
        "MALICIOUS": 0,
        "SANE": 0,
        "VALID": 0,
        "total": 41729
    },
    "percentage": {
        "ACTIVE": 43.87596156150399,
        "INACTIVE": 56.12807362316062,
        "INVALID": 0,
        "MALICIOUS": 0,
        "SANE": 0,
        "VALID": 0,
        "total": 100.00403518466462
    }
}