{
    "counter": {
        "ACTIVE": 34569,
        "INACTIVE": 43190,
        "INVALID": 0,
        "MALICIOUS": 0,
        "SANE": 0,
        "VALID": 0,
        "total": 77759
    },
    "percentage": {
        "ACTIVE": 44.456590233927905,
        "INACTIVE": 55.543409766072095,
        "INVALID": 0.0,
        "MALICIOUS": 0.0,
        "SANE": 0.0,
        "VALID": 0.0,
        "total": 100.0
    }
}