{
    "counter": {
        "ACTIVE": 36007,
        "INACTIVE": 45062,
        "INVALID": 0,
        "MALICIOUS": 0,
        "SANE": 0,
        "VALID": 0,
        "total": 81069
    },
    "percentage": {
        "ACTIVE": 44.41525120576299,
        "INACTIVE": 55.58474879423701,
        "INVALID": 0.0,
        "MALICIOUS": 0.0,
        "SANE": 0.0,
        "VALID": 0.0,
        "total": 100.0
    }
}