{
    "counter": {
        "ACTIVE": 43670,
        "INACTIVE": 58578,
        "INVALID": 0,
        "MALICIOUS": 0,
        "SANE": 0,
        "VALID": 0,
        "total": 102248
    },
    "percentage": {
        "ACTIVE": 42.70988185587982,
        "INACTIVE": 57.29011814412018,
        "INVALID": 0.0,
        "MALICIOUS": 0.0,
        "SANE": 0.0,
        "VALID": 0.0,
        "total": 100.0
    }
}