{
    "counter": {
        "ACTIVE": 37508,
        "INACTIVE": 46241,
        "INVALID": 0,
        "MALICIOUS": 0,
        "SANE": 0,
        "VALID": 0,
        "total": 83749
    },
    "percentage": {
        "ACTIVE": 44.78620640246451,
        "INACTIVE": 55.21379359753549,
        "INVALID": 0.0,
        "MALICIOUS": 0.0,
        "SANE": 0.0,
        "VALID": 0.0,
        "total": 100.0
    }
}