{
    "counter": {
        "ACTIVE": 33030,
        "INACTIVE": 41632,
        "INVALID": 0,
        "MALICIOUS": 0,
        "SANE": 0,
        "VALID": 0,
        "total": 74662
    },
    "percentage": {
        "ACTIVE": 44.23937210361362,
        "INACTIVE": 55.76062789638638,
        "INVALID": 0.0,
        "MALICIOUS": 0.0,
        "SANE": 0.0,
        "VALID": 0.0,
        "total": 100.0
    }
}