{
    "counter": {
        "ACTIVE": 6089,
        "INACTIVE": 7663,
        "INVALID": 0,
        "MALICIOUS": 0,
        "SANE": 0,
        "VALID": 0,
        "total": 13752
    },
    "percentage": {
        "ACTIVE": 44.27719604421175,
        "INACTIVE": 55.72685622863792,
        "INVALID": 0,
        "MALICIOUS": 0,
        "SANE": 0,
        "VALID": 0,
        "total": 100.00405227284966
    }
}