{
    "counter": {
        "ACTIVE": 29435,
        "INACTIVE": 37262,
        "INVALID": 0,
        "MALICIOUS": 0,
        "SANE": 0,
        "VALID": 0,
        "total": 66697
    },
    "percentage": {
        "ACTIVE": 44.133743159157355,
        "INACTIVE": 55.8675802509858,
        "INVALID": 0.0,
        "MALICIOUS": 0.0,
        "SANE": 0.0,
        "VALID": 0.0,
        "total": 100.00132341014316
    }
}