{
    "counter": {
        "ACTIVE": 32899,
        "INACTIVE": 41443,
        "INVALID": 0,
        "MALICIOUS": 0,
        "SANE": 0,
        "VALID": 0,
        "total": 74342
    },
    "percentage": {
        "ACTIVE": 44.253584783836864,
        "INACTIVE": 55.746415216163136,
        "INVALID": 0.0,
        "MALICIOUS": 0.0,
        "SANE": 0.0,
        "VALID": 0.0,
        "total": 100.0
    }
}