{
    "counter": {
        "ACTIVE": 4019,
        "INACTIVE": 5069,
        "INVALID": 0,
        "MALICIOUS": 0,
        "SANE": 0,
        "VALID": 0,
        "total": 9088
    },
    "percentage": {
        "ACTIVE": 44.23775454045129,
        "INACTIVE": 55.776848591549296,
        "INVALID": 0,
        "MALICIOUS": 0,
        "SANE": 0,
        "VALID": 0,
        "total": 100.01460313200059
    }
}