{
    "counter": {
        "ACTIVE": 36233,
        "INACTIVE": 45329,
        "INVALID": 0,
        "MALICIOUS": 0,
        "SANE": 0,
        "VALID": 0,
        "total": 81562
    },
    "percentage": {
        "ACTIVE": 44.42387386282828,
        "INACTIVE": 55.57612613717172,
        "INVALID": 0.0,
        "MALICIOUS": 0.0,
        "SANE": 0.0,
        "VALID": 0.0,
        "total": 100.0
    }
}