{
    "counter": {
        "ACTIVE": 29249,
        "INACTIVE": 37071,
        "INVALID": 0,
        "MALICIOUS": 0,
        "SANE": 0,
        "VALID": 0,
        "total": 66320
    },
    "percentage": {
        "ACTIVE": 44.10349975120252,
        "INACTIVE": 55.89716525934861,
        "INVALID": 0.0,
        "MALICIOUS": 0.0,
        "SANE": 0.0,
        "VALID": 0.0,
        "total": 100.00066501055113
    }
}