{
    "counter": {
        "ACTIVE": 3707,
        "INACTIVE": 4544,
        "INVALID": 0,
        "MALICIOUS": 0,
        "SANE": 0,
        "VALID": 0,
        "total": 8251
    },
    "percentage": {
        "ACTIVE": 44.92788752878439,
        "INACTIVE": 55.07878787878788,
        "INVALID": 0,
        "MALICIOUS": 0,
        "SANE": 0,
        "VALID": 0,
        "total": 100.00667540757226
    }
}