{
    "counter": {
        "ACTIVE": 28404,
        "INACTIVE": 36305,
        "INVALID": 0,
        "MALICIOUS": 0,
        "SANE": 0,
        "VALID": 0,
        "total": 64709
    },
    "percentage": {
        "ACTIVE": 43.8956543240403,
        "INACTIVE": 56.10502403066034,
        "INVALID": 0.0,
        "MALICIOUS": 0.0,
        "SANE": 0.0,
        "VALID": 0.0,
        "total": 100.00067835470064
    }
}