{
    "counter": {
        "ACTIVE": 4672,
        "INACTIVE": 6008,
        "INVALID": 0,
        "MALICIOUS": 0,
        "SANE": 0,
        "VALID": 0,
        "total": 10680
    },
    "percentage": {
        "ACTIVE": 43.75760981549124,
        "INACTIVE": 56.254681647940075,
        "INVALID": 0,
        "MALICIOUS": 0,
        "SANE": 0,
        "VALID": 0,
        "total": 100.01229146343132
    }
}