{
    "counter": {
        "ACTIVE": 29511,
        "INACTIVE": 37367,
        "INVALID": 0,
        "MALICIOUS": 0,
        "SANE": 0,
        "VALID": 0,
        "total": 66878
    },
    "percentage": {
        "ACTIVE": 44.12727843653274,
        "INACTIVE": 55.873381381022156,
        "INVALID": 0.0,
        "MALICIOUS": 0.0,
        "SANE": 0.0,
        "VALID": 0.0,
        "total": 100.00065981755489
    }
}