{
    "counter": {
        "ACTIVE": 40958,
        "INACTIVE": 54638,
        "INVALID": 0,
        "MALICIOUS": 0,
        "SANE": 0,
        "VALID": 0,
        "total": 95596
    },
    "percentage": {
        "ACTIVE": 42.84488890748567,
        "INACTIVE": 57.15511109251433,
        "INVALID": 0.0,
        "MALICIOUS": 0.0,
        "SANE": 0.0,
        "VALID": 0.0,
        "total": 100.0
    }
}