{
    "counter": {
        "ACTIVE": 1090,
        "INACTIVE": 1328,
        "INVALID": 0,
        "MALICIOUS": 0,
        "SANE": 0,
        "VALID": 0,
        "total": 2418
    },
    "percentage": {
        "ACTIVE": 45.07857733664185,
        "INACTIVE": 54.989648033126294,
        "INVALID": 0,
        "MALICIOUS": 0,
        "SANE": 0,
        "VALID": 0,
        "total": 100.06822536976814
    }
}