{
    "counter": {
        "ACTIVE": 25767,
        "INACTIVE": 32784,
        "INVALID": 0,
        "MALICIOUS": 0,
        "SANE": 0,
        "VALID": 0,
        "total": 58551
    },
    "percentage": {
        "ACTIVE": 44.00778808218476,
        "INACTIVE": 55.99221191781524,
        "INVALID": 0.0,
        "MALICIOUS": 0.0,
        "SANE": 0.0,
        "VALID": 0.0,
        "total": 100.0
    }
}