{
    "counter": {
        "ACTIVE": 26148,
        "INACTIVE": 33493,
        "INVALID": 0,
        "MALICIOUS": 0,
        "SANE": 0,
        "VALID": 0,
        "total": 59641
    },
    "percentage": {
        "ACTIVE": 43.84232323401687,
        "INACTIVE": 56.15767676598313,
        "INVALID": 0.0,
        "MALICIOUS": 0.0,
        "SANE": 0.0,
        "VALID": 0.0,
        "total": 100.0
    }
}