{
    "counter": {
        "ACTIVE": 36170,
        "INACTIVE": 45248,
        "INVALID": 0,
        "MALICIOUS": 0,
        "SANE": 0,
        "VALID": 0,
        "total": 81418
    },
    "percentage": {
        "ACTIVE": 44.425065710285196,
        "INACTIVE": 55.574934289714804,
        "INVALID": 0.0,
        "MALICIOUS": 0.0,
        "SANE": 0.0,
        "VALID": 0.0,
        "total": 100.0
    }
}