{
    "counter": {
        "ACTIVE": 5725,
        "INACTIVE": 7147,
        "INVALID": 0,
        "MALICIOUS": 0,
        "SANE": 0,
        "VALID": 0,
        "total": 12872
    },
    "percentage": {
        "ACTIVE": 44.476382846488505,
        "INACTIVE": 55.52793100769171,
        "INVALID": 0,
        "MALICIOUS": 0,
        "SANE": 0,
        "VALID": 0,
        "total": 100.00431385418023
    }
}