{
    "counter": {
        "ACTIVE": 17245,
        "INACTIVE": 22303,
        "INVALID": 0,
        "MALICIOUS": 0,
        "SANE": 0,
        "VALID": 0,
        "total": 39548
    },
    "percentage": {
        "ACTIVE": 43.60634182112423,
        "INACTIVE": 56.39476079700617,
        "INVALID": 0,
        "MALICIOUS": 0,
        "SANE": 0,
        "VALID": 0,
        "total": 100.0011026181304
    }
}