{
    "counter": {
        "ACTIVE": 22371,
        "INACTIVE": 27526,
        "INVALID": 0,
        "MALICIOUS": 0,
        "SANE": 0,
        "VALID": 0,
        "total": 49897
    },
    "percentage": {
        "ACTIVE": 44.834358779084916,
        "INACTIVE": 55.165641220915084,
        "INVALID": 0.0,
        "MALICIOUS": 0.0,
        "SANE": 0.0,
        "VALID": 0.0,
        "total": 100.0
    }
}