{
    "counter": {
        "ACTIVE": 16792,
        "INACTIVE": 21847,
        "INVALID": 0,
        "MALICIOUS": 0,
        "SANE": 0,
        "VALID": 0,
        "total": 38639
    },
    "percentage": {
        "ACTIVE": 43.459806408199185,
        "INACTIVE": 56.54131835710034,
        "INVALID": 0,
        "MALICIOUS": 0,
        "SANE": 0,
        "VALID": 0,
        "total": 100.00112476529952
    }
}