{
    "counter": {
        "ACTIVE": 12275,
        "INACTIVE": 15154,
        "INVALID": 0,
        "MALICIOUS": 0,
        "SANE": 0,
        "VALID": 0,
        "total": 27429
    },
    "percentage": {
        "ACTIVE": 44.75353653201108,
        "INACTIVE": 55.24809508184768,
        "INVALID": 0,
        "MALICIOUS": 0,
        "SANE": 0,
        "VALID": 0,
        "total": 100.00163161385876
    }
}