{
    "counter": {
        "ACTIVE": 40378,
        "INACTIVE": 53162,
        "INVALID": 0,
        "MALICIOUS": 0,
        "SANE": 0,
        "VALID": 0,
        "total": 93540
    },
    "percentage": {
        "ACTIVE": 43.166559760530255,
        "INACTIVE": 56.833440239469745,
        "INVALID": 0.0,
        "MALICIOUS": 0.0,
        "SANE": 0.0,
        "VALID": 0.0,
        "total": 100.0
    }
}