{
    "counter": {
        "ACTIVE": 40352,
        "INACTIVE": 52907,
        "INVALID": 0,
        "MALICIOUS": 0,
        "SANE": 0,
        "VALID": 0,
        "total": 93259
    },
    "percentage": {
        "ACTIVE": 43.26874617999335,
        "INACTIVE": 56.73125382000665,
        "INVALID": 0.0,
        "MALICIOUS": 0.0,
        "SANE": 0.0,
        "VALID": 0.0,
        "total": 100.0
    }
}