{
    "counter": {
        "ACTIVE": 7984,
        "INACTIVE": 10513,
        "INVALID": 0,
        "MALICIOUS": 0,
        "SANE": 0,
        "VALID": 0,
        "total": 18497
    },
    "percentage": {
        "ACTIVE": 43.16375628480294,
        "INACTIVE": 56.842389835090565,
        "INVALID": 0,
        "MALICIOUS": 0,
        "SANE": 0,
        "VALID": 0,
        "total": 100.00614611989351
    }
}