{
    "counter": {
        "ACTIVE": 38132,
        "INACTIVE": 47179,
        "INVALID": 0,
        "MALICIOUS": 0,
        "SANE": 0,
        "VALID": 0,
        "total": 85311
    },
    "percentage": {
        "ACTIVE": 44.6976357093458,
        "INACTIVE": 55.3023642906542,
        "INVALID": 0.0,
        "MALICIOUS": 0.0,
        "SANE": 0.0,
        "VALID": 0.0,
        "total": 100.0
    }
}