{
    "counter": {
        "ACTIVE": 38437,
        "INACTIVE": 47478,
        "INVALID": 0,
        "MALICIOUS": 0,
        "SANE": 0,
        "VALID": 0,
        "total": 85915
    },
    "percentage": {
        "ACTIVE": 44.73840423674562,
        "INACTIVE": 55.26159576325438,
        "INVALID": 0.0,
        "MALICIOUS": 0.0,
        "SANE": 0.0,
        "VALID": 0.0,
        "total": 100.0
    }
}