{
    "counter": {
        "ACTIVE": 3286,
        "INACTIVE": 4107,
        "INVALID": 0,
        "MALICIOUS": 0,
        "SANE": 0,
        "VALID": 0,
        "total": 7393
    },
    "percentage": {
        "ACTIVE": 44.44745029081564,
        "INACTIVE": 55.560064935064936,
        "INVALID": 0,
        "MALICIOUS": 0,
        "SANE": 0,
        "VALID": 0,
        "total": 100.00751522588058
    }
}