{
    "counter": {
        "ACTIVE": 39775,
        "INACTIVE": 49845,
        "INVALID": 0,
        "MALICIOUS": 0,
        "SANE": 0,
        "VALID": 0,
        "total": 89620
    },
    "percentage": {
        "ACTIVE": 44.38183441196161,
        "INACTIVE": 55.61816558803839,
        "INVALID": 0.0,
        "MALICIOUS": 0.0,
        "SANE": 0.0,
        "VALID": 0.0,
        "total": 100.0
    }
}