{
    "counter": {
        "ACTIVE": 8108,
        "INACTIVE": 10710,
        "INVALID": 0,
        "MALICIOUS": 0,
        "SANE": 0,
        "VALID": 0,
        "total": 18818
    },
    "percentage": {
        "ACTIVE": 43.08869639156082,
        "INACTIVE": 56.91359336805186,
        "INVALID": 0,
        "MALICIOUS": 0,
        "SANE": 0,
        "VALID": 0,
        "total": 100.0022897596127
    }
}