{
    "counter": {
        "ACTIVE": 19773,
        "INACTIVE": 24888,
        "INVALID": 0,
        "MALICIOUS": 0,
        "SANE": 0,
        "VALID": 0,
        "total": 44661
    },
    "percentage": {
        "ACTIVE": 44.274518584863415,
        "INACTIVE": 55.726472761469736,
        "INVALID": 0,
        "MALICIOUS": 0,
        "SANE": 0,
        "VALID": 0,
        "total": 100.00099134633315
    }
}