{
    "counter": {
        "ACTIVE": 10931,
        "INACTIVE": 13702,
        "INVALID": 0,
        "MALICIOUS": 0,
        "SANE": 0,
        "VALID": 0,
        "total": 24633
    },
    "percentage": {
        "ACTIVE": 44.37723286781423,
        "INACTIVE": 55.624568668046926,
        "INVALID": 0,
        "MALICIOUS": 0,
        "SANE": 0,
        "VALID": 0,
        "total": 100.00180153586115
    }
}