{
    "counter": {
        "ACTIVE": 23823,
        "INACTIVE": 29171,
        "INVALID": 0,
        "MALICIOUS": 0,
        "SANE": 0,
        "VALID": 0,
        "total": 52994
    },
    "percentage": {
        "ACTIVE": 44.95414575234932,
        "INACTIVE": 55.04585424765068,
        "INVALID": 0.0,
        "MALICIOUS": 0.0,
        "SANE": 0.0,
        "VALID": 0.0,
        "total": 100.0
    }
}