{
    "counter": {
        "ACTIVE": 24373,
        "INACTIVE": 30283,
        "INVALID": 0,
        "MALICIOUS": 0,
        "SANE": 0,
        "VALID": 0,
        "total": 54656
    },
    "percentage": {
        "ACTIVE": 44.59345725995316,
        "INACTIVE": 55.40654274004684,
        "INVALID": 0.0,
        "MALICIOUS": 0.0,
        "SANE": 0.0,
        "VALID": 0.0,
        "total": 100.0
    }
}