{
    "counter": {
        "ACTIVE": 17793,
        "INACTIVE": 22940,
        "INVALID": 0,
        "MALICIOUS": 0,
        "SANE": 0,
        "VALID": 0,
        "total": 40733
    },
    "percentage": {
        "ACTIVE": 43.68417176106651,
        "INACTIVE": 56.31797314216974,
        "INVALID": 0,
        "MALICIOUS": 0,
        "SANE": 0,
        "VALID": 0,
        "total": 100.00214490323626
    }
}