{
    "counter": {
        "ACTIVE": 34431,
        "INACTIVE": 43119,
        "INVALID": 0,
        "MALICIOUS": 0,
        "SANE": 0,
        "VALID": 0,
        "total": 77550
    },
    "percentage": {
        "ACTIVE": 44.398452611218566,
        "INACTIVE": 55.601547388781434,
        "INVALID": 0.0,
        "MALICIOUS": 0.0,
        "SANE": 0.0,
        "VALID": 0.0,
        "total": 100.0
    }
}