{
    "counter": {
        "ACTIVE": 12552,
        "INACTIVE": 15661,
        "INVALID": 0,
        "MALICIOUS": 0,
        "SANE": 0,
        "VALID": 0,
        "total": 28213
    },
    "percentage": {
        "ACTIVE": 44.49801474758934,
        "INACTIVE": 55.509871335908976,
        "INVALID": 0,
        "MALICIOUS": 0,
        "SANE": 0,
        "VALID": 0,
        "total": 100.0078860834983
    }
}