{
    "counter": {
        "ACTIVE": 28766,
        "INACTIVE": 36660,
        "INVALID": 0,
        "MALICIOUS": 0,
        "SANE": 0,
        "VALID": 0,
        "total": 65426
    },
    "percentage": {
        "ACTIVE": 43.96991837608144,
        "INACTIVE": 56.032769846849874,
        "INVALID": 0.0,
        "MALICIOUS": 0.0,
        "SANE": 0.0,
        "VALID": 0.0,
        "total": 100.00268822293131
    }
}