{
    "counter": {
        "ACTIVE": 16115,
        "INACTIVE": 21253,
        "INVALID": 0,
        "MALICIOUS": 0,
        "SANE": 0,
        "VALID": 0,
        "total": 37368
    },
    "percentage": {
        "ACTIVE": 43.1262879010892,
        "INACTIVE": 56.874866195675445,
        "INVALID": 0,
        "MALICIOUS": 0,
        "SANE": 0,
        "VALID": 0,
        "total": 100.00115409676465
    }
}