{
    "counter": {
        "ACTIVE": 21596,
        "INACTIVE": 26539,
        "INVALID": 0,
        "MALICIOUS": 0,
        "SANE": 0,
        "VALID": 0,
        "total": 48135
    },
    "percentage": {
        "ACTIVE": 44.865482497143454,
        "INACTIVE": 55.134517502856546,
        "INVALID": 0.0,
        "MALICIOUS": 0.0,
        "SANE": 0.0,
        "VALID": 0.0,
        "total": 100.0
    }
}