{
    "counter": {
        "ACTIVE": 22214,
        "INACTIVE": 27308,
        "INVALID": 0,
        "MALICIOUS": 0,
        "SANE": 0,
        "VALID": 0,
        "total": 49522
    },
    "percentage": {
        "ACTIVE": 44.85683130729777,
        "INACTIVE": 55.14316869270223,
        "INVALID": 0.0,
        "MALICIOUS": 0.0,
        "SANE": 0.0,
        "VALID": 0.0,
        "total": 100.0
    }
}