{
    "counter": {
        "ACTIVE": 38117,
        "INACTIVE": 47148,
        "INVALID": 0,
        "MALICIOUS": 0,
        "SANE": 0,
        "VALID": 0,
        "total": 85265
    },
    "percentage": {
        "ACTIVE": 44.704157626224124,
        "INACTIVE": 55.295842373775876,
        "INVALID": 0.0,
        "MALICIOUS": 0.0,
        "SANE": 0.0,
        "VALID": 0.0,
        "total": 100.0
    }
}