{
    "counter": {
        "ACTIVE": 34742,
        "INACTIVE": 43323,
        "INVALID": 0,
        "MALICIOUS": 0,
        "SANE": 0,
        "VALID": 0,
        "total": 78065
    },
    "percentage": {
        "ACTIVE": 44.503939025171334,
        "INACTIVE": 55.496060974828666,
        "INVALID": 0.0,
        "MALICIOUS": 0.0,
        "SANE": 0.0,
        "VALID": 0.0,
        "total": 100.0
    }
}