{
    "counter": {
        "ACTIVE": 28588,
        "INACTIVE": 36472,
        "INVALID": 0,
        "MALICIOUS": 0,
        "SANE": 0,
        "VALID": 0,
        "total": 65060
    },
    "percentage": {
        "ACTIVE": 43.94097755917615,
        "INACTIVE": 56.0607457960589,
        "INVALID": 0.0,
        "MALICIOUS": 0.0,
        "SANE": 0.0,
        "VALID": 0.0,
        "total": 100.00172335523504
    }
}