{
    "counter": {
        "ACTIVE": 9779,
        "INACTIVE": 12809,
        "INVALID": 0,
        "MALICIOUS": 0,
        "SANE": 0,
        "VALID": 0,
        "total": 22588
    },
    "percentage": {
        "ACTIVE": 43.29289888436338,
        "INACTIVE": 56.71965637869194,
        "INVALID": 0,
        "MALICIOUS": 0,
        "SANE": 0,
        "VALID": 0,
        "total": 100.01255526305532
    }
}