{
    "counter": {
        "ACTIVE": 33396,
        "INACTIVE": 42151,
        "INVALID": 0,
        "MALICIOUS": 0,
        "SANE": 0,
        "VALID": 0,
        "total": 75547
    },
    "percentage": {
        "ACTIVE": 44.205593868717486,
        "INACTIVE": 55.794406131282514,
        "INVALID": 0.0,
        "MALICIOUS": 0.0,
        "SANE": 0.0,
        "VALID": 0.0,
        "total": 100.0
    }
}