{
    "counter": {
        "ACTIVE": 18710,
        "INACTIVE": 23745,
        "INVALID": 0,
        "MALICIOUS": 0,
        "SANE": 0,
        "VALID": 0,
        "total": 42455
    },
    "percentage": {
        "ACTIVE": 44.07019196796608,
        "INACTIVE": 55.950894224651854,
        "INVALID": 0,
        "MALICIOUS": 0,
        "SANE": 0,
        "VALID": 0,
        "total": 100.02108619261793
    }
}