{
    "counter": {
        "ACTIVE": 41019,
        "INACTIVE": 54718,
        "INVALID": 0,
        "MALICIOUS": 0,
        "SANE": 0,
        "VALID": 0,
        "total": 95737
    },
    "percentage": {
        "ACTIVE": 42.845503828195994,
        "INACTIVE": 57.154496171804006,
        "INVALID": 0.0,
        "MALICIOUS": 0.0,
        "SANE": 0.0,
        "VALID": 0.0,
        "total": 100.0
    }
}