{
    "counter": {
        "ACTIVE": 21369,
        "INACTIVE": 26283,
        "INVALID": 0,
        "MALICIOUS": 0,
        "SANE": 0,
        "VALID": 0,
        "total": 47652
    },
    "percentage": {
        "ACTIVE": 44.843868043314025,
        "INACTIVE": 55.156131956685975,
        "INVALID": 0.0,
        "MALICIOUS": 0.0,
        "SANE": 0.0,
        "VALID": 0.0,
        "total": 100.0
    }
}