{
    "counter": {
        "ACTIVE": 9587,
        "INACTIVE": 12740,
        "INVALID": 0,
        "MALICIOUS": 0,
        "SANE": 0,
        "VALID": 0,
        "total": 22327
    },
    "percentage": {
        "ACTIVE": 42.93904241501321,
        "INACTIVE": 57.063513392457224,
        "INVALID": 0,
        "MALICIOUS": 0,
        "SANE": 0,
        "VALID": 0,
        "total": 100.00255580747043
    }
}