{
    "counter": {
        "ACTIVE": 14381,
        "INACTIVE": 19191,
        "INVALID": 0,
        "MALICIOUS": 0,
        "SANE": 0,
        "VALID": 0,
        "total": 33572
    },
    "percentage": {
        "ACTIVE": 42.837568139167736,
        "INACTIVE": 57.16370785178125,
        "INVALID": 0,
        "MALICIOUS": 0,
        "SANE": 0,
        "VALID": 0,
        "total": 100.00127599094898
    }
}