{
    "counter": {
        "ACTIVE": 39323,
        "INACTIVE": 48808,
        "INVALID": 0,
        "MALICIOUS": 0,
        "SANE": 0,
        "VALID": 0,
        "total": 88131
    },
    "percentage": {
        "ACTIVE": 44.61880609547151,
        "INACTIVE": 55.38119390452849,
        "INVALID": 0.0,
        "MALICIOUS": 0.0,
        "SANE": 0.0,
        "VALID": 0.0,
        "total": 100.0
    }
}