{
    "counter": {
        "ACTIVE": 41312,
        "INACTIVE": 55065,
        "INVALID": 0,
        "MALICIOUS": 0,
        "SANE": 0,
        "VALID": 0,
        "total": 96377
    },
    "percentage": {
        "ACTIVE": 42.86499891052845,
        "INACTIVE": 57.13500108947155,
        "INVALID": 0.0,
        "MALICIOUS": 0.0,
        "SANE": 0.0,
        "VALID": 0.0,
        "total": 100.0
    }
}