{
    "counter": {
        "ACTIVE": 28704,
        "INACTIVE": 36571,
        "INVALID": 0,
        "MALICIOUS": 0,
        "SANE": 0,
        "VALID": 0,
        "total": 65275
    },
    "percentage": {
        "ACTIVE": 43.973956338567596,
        "INACTIVE": 56.02947710315454,
        "INVALID": 0.0,
        "MALICIOUS": 0.0,
        "SANE": 0.0,
        "VALID": 0.0,
        "total": 100.00343344172214
    }
}