{
    "counter": {
        "ACTIVE": 40074,
        "INACTIVE": 50622,
        "INVALID": 0,
        "MALICIOUS": 0,
        "SANE": 0,
        "VALID": 0,
        "total": 90696
    },
    "percentage": {
        "ACTIVE": 44.18496956866896,
        "INACTIVE": 55.81503043133104,
        "INVALID": 0.0,
        "MALICIOUS": 0.0,
        "SANE": 0.0,
        "VALID": 0.0,
        "total": 100.0
    }
}