{
    "counter": {
        "ACTIVE": 8531,
        "INACTIVE": 11431,
        "INVALID": 0,
        "MALICIOUS": 0,
        "SANE": 0,
        "VALID": 0,
        "total": 19962
    },
    "percentage": {
        "ACTIVE": 42.736198777677586,
        "INACTIVE": 57.2666700065127,
        "INVALID": 0,
        "MALICIOUS": 0,
        "SANE": 0,
        "VALID": 0,
        "total": 100.00286878419028
    }
}