{
    "counter": {
        "ACTIVE": 16425,
        "INACTIVE": 21513,
        "INVALID": 0,
        "MALICIOUS": 0,
        "SANE": 0,
        "VALID": 0,
        "total": 37938
    },
    "percentage": {
        "ACTIVE": 43.29432231535664,
        "INACTIVE": 56.70717241742889,
        "INVALID": 0,
        "MALICIOUS": 0,
        "SANE": 0,
        "VALID": 0,
        "total": 100.00149473278553
    }
}