{
    "counter": {
        "ACTIVE": 37986,
        "INACTIVE": 47001,
        "INVALID": 0,
        "MALICIOUS": 0,
        "SANE": 0,
        "VALID": 0,
        "total": 84987
    },
    "percentage": {
        "ACTIVE": 44.696247661407035,
        "INACTIVE": 55.303752338592965,
        "INVALID": 0.0,
        "MALICIOUS": 0.0,
        "SANE": 0.0,
        "VALID": 0.0,
        "total": 100.0
    }
}