{
    "counter": {
        "ACTIVE": 12439,
        "INACTIVE": 15362,
        "INVALID": 0,
        "MALICIOUS": 0,
        "SANE": 0,
        "VALID": 0,
        "total": 27801
    },
    "percentage": {
        "ACTIVE": 44.742994856300136,
        "INACTIVE": 55.2589928057554,
        "INVALID": 0,
        "MALICIOUS": 0,
        "SANE": 0,
        "VALID": 0,
        "total": 100.00198766205554
    }
}