{
    "counter": {
        "ACTIVE": 10428,
        "INACTIVE": 13338,
        "INVALID": 0,
        "MALICIOUS": 0,
        "SANE": 0,
        "VALID": 0,
        "total": 23766
    },
    "percentage": {
        "ACTIVE": 43.87780863418329,
        "INACTIVE": 56.12691466083151,
        "INVALID": 0,
        "MALICIOUS": 0,
        "SANE": 0,
        "VALID": 0,
        "total": 100.0047232950148
    }
}