{
    "counter": {
        "ACTIVE": 9153,
        "INACTIVE": 12239,
        "INVALID": 0,
        "MALICIOUS": 0,
        "SANE": 0,
        "VALID": 0,
        "total": 21392
    },
    "percentage": {
        "ACTIVE": 42.787023186237846,
        "INACTIVE": 57.22100144934312,
        "INVALID": 0,
        "MALICIOUS": 0,
        "SANE": 0,
        "VALID": 0,
        "total": 100.00802463558097
    }
}