{
    "counter": {
        "ACTIVE": 38574,
        "INACTIVE": 47614,
        "INVALID": 0,
        "MALICIOUS": 0,
        "SANE": 0,
        "VALID": 0,
        "total": 86188
    },
    "percentage": {
        "ACTIVE": 44.75565043857613,
        "INACTIVE": 55.24434956142387,
        "INVALID": 0.0,
        "MALICIOUS": 0.0,
        "SANE": 0.0,
        "VALID": 0.0,
        "total": 100.0
    }
}