{
    "counter": {
        "ACTIVE": 42714,
        "INACTIVE": 56856,
        "INVALID": 0,
        "MALICIOUS": 0,
        "SANE": 0,
        "VALID": 0,
        "total": 99570
    },
    "percentage": {
        "ACTIVE": 42.89846339258813,
        "INACTIVE": 57.10153660741187,
        "INVALID": 0.0,
        "MALICIOUS": 0.0,
        "SANE": 0.0,
        "VALID": 0.0,
        "total": 100.0
    }
}