{
    "counter": {
        "ACTIVE": 12087,
        "INACTIVE": 14863,
        "INVALID": 0,
        "MALICIOUS": 0,
        "SANE": 0,
        "VALID": 0,
        "total": 26950
    },
    "percentage": {
        "ACTIVE": 44.849721706864564,
        "INACTIVE": 55.1523247615867,
        "INVALID": 0,
        "MALICIOUS": 0,
        "SANE": 0,
        "VALID": 0,
        "total": 100.00204646845125
    }
}