{
    "counter": {
        "ACTIVE": 25714,
        "INACTIVE": 32695,
        "INVALID": 0,
        "MALICIOUS": 0,
        "SANE": 0,
        "VALID": 0,
        "total": 58409
    },
    "percentage": {
        "ACTIVE": 44.024037391497885,
        "INACTIVE": 55.975962608502115,
        "INVALID": 0.0,
        "MALICIOUS": 0.0,
        "SANE": 0.0,
        "VALID": 0.0,
        "total": 100.0
    }
}