{
    "counter": {
        "ACTIVE": 25227,
        "INACTIVE": 31736,
        "INVALID": 0,
        "MALICIOUS": 0,
        "SANE": 0,
        "VALID": 0,
        "total": 56963
    },
    "percentage": {
        "ACTIVE": 44.28664220634447,
        "INACTIVE": 55.71335779365553,
        "INVALID": 0.0,
        "MALICIOUS": 0.0,
        "SANE": 0.0,
        "VALID": 0.0,
        "total": 100.0
    }
}