{
    "counter": {
        "ACTIVE": 18230,
        "INACTIVE": 23347,
        "INVALID": 0,
        "MALICIOUS": 0,
        "SANE": 0,
        "VALID": 0,
        "total": 41577
    },
    "percentage": {
        "ACTIVE": 43.8505760950617,
        "INACTIVE": 56.15364263895904,
        "INVALID": 0,
        "MALICIOUS": 0,
        "SANE": 0,
        "VALID": 0,
        "total": 100.00421873402074
    }
}