{
    "counter": {
        "ACTIVE": 31989,
        "INACTIVE": 40059,
        "INVALID": 0,
        "MALICIOUS": 0,
        "SANE": 0,
        "VALID": 0,
        "total": 72048
    },
    "percentage": {
        "ACTIVE": 44.39956695536309,
        "INACTIVE": 55.60120476910905,
        "INVALID": 0.0,
        "MALICIOUS": 0.0,
        "SANE": 0.0,
        "VALID": 0.0,
        "total": 100.00077172447214
    }
}