{
    "counter": {
        "ACTIVE": 15928,
        "INACTIVE": 21115,
        "INVALID": 0,
        "MALICIOUS": 0,
        "SANE": 0,
        "VALID": 0,
        "total": 37043
    },
    "percentage": {
        "ACTIVE": 42.998677212968715,
        "INACTIVE": 57.0090177655381,
        "INVALID": 0,
        "MALICIOUS": 0,
        "SANE": 0,
        "VALID": 0,
        "total": 100.0076949785068
    }
}