{
    "counter": {
        "ACTIVE": 39324,
        "INACTIVE": 48810,
        "INVALID": 0,
        "MALICIOUS": 0,
        "SANE": 0,
        "VALID": 0,
        "total": 88134
    },
    "percentage": {
        "ACTIVE": 44.61842194839676,
        "INACTIVE": 55.38157805160324,
        "INVALID": 0.0,
        "MALICIOUS": 0.0,
        "SANE": 0.0,
        "VALID": 0.0,
        "total": 100.0
    }
}