{
    "counter": {
        "ACTIVE": 1907,
        "INACTIVE": 2404,
        "INVALID": 0,
        "MALICIOUS": 0,
        "SANE": 0,
        "VALID": 0,
        "total": 4311
    },
    "percentage": {
        "ACTIVE": 44.245939675174014,
        "INACTIVE": 55.76432382277894,
        "INVALID": 0,
        "MALICIOUS": 0,
        "SANE": 0,
        "VALID": 0,
        "total": 100.01026349795296
    }
}