{
    "counter": {
        "ACTIVE": 41469,
        "INACTIVE": 55225,
        "INVALID": 0,
        "MALICIOUS": 0,
        "SANE": 0,
        "VALID": 0,
        "total": 96694
    },
    "percentage": {
        "ACTIVE": 42.88683889383002,
        "INACTIVE": 57.11316110616998,
        "INVALID": 0.0,
        "MALICIOUS": 0.0,
        "SANE": 0.0,
        "VALID": 0.0,
        "total": 100.0
    }
}