{
    "counter": {
        "ACTIVE": 36281,
        "INACTIVE": 45401,
        "INVALID": 0,
        "MALICIOUS": 0,
        "SANE": 0,
        "VALID": 0,
        "total": 81682
    },
    "percentage": {
        "ACTIVE": 44.417374696995665,
        "INACTIVE": 55.582625303004335,
        "INVALID": 0.0,
        "MALICIOUS": 0.0,
        "SANE": 0.0,
        "VALID": 0.0,
        "total": 100.0
    }
}