{
    "counter": {
        "ACTIVE": 36291,
        "INACTIVE": 45419,
        "INVALID": 0,
        "MALICIOUS": 0,
        "SANE": 0,
        "VALID": 0,
        "total": 81710
    },
    "percentage": {
        "ACTIVE": 44.414392363235834,
        "INACTIVE": 55.585607636764166,
        "INVALID": 0.0,
        "MALICIOUS": 0.0,
        "SANE": 0.0,
        "VALID": 0.0,
        "total": 100.0
    }
}