{
    "counter": {
        "ACTIVE": 40662,
        "INACTIVE": 54299,
        "INVALID": 0,
        "MALICIOUS": 0,
        "SANE": 0,
        "VALID": 0,
        "total": 94961
    },
    "percentage": {
        "ACTIVE": 42.81968387022041,
        "INACTIVE": 57.18031612977959,
        "INVALID": 0.0,
        "MALICIOUS": 0.0,
        "SANE": 0.0,
        "VALID": 0.0,
        "total": 100.0
    }
}