{
    "counter": {
        "ACTIVE": 21590,
        "INACTIVE": 26531,
        "INVALID": 0,
        "MALICIOUS": 0,
        "SANE": 0,
        "VALID": 0,
        "total": 48121
    },
    "percentage": {
        "ACTIVE": 44.86606678996696,
        "INACTIVE": 55.13393321003304,
        "INVALID": 0.0,
        "MALICIOUS": 0.0,
        "SANE": 0.0,
        "VALID": 0.0,
        "total": 100.0
    }
}