{
    "counter": {
        "ACTIVE": 23049,
        "INACTIVE": 28223,
        "INVALID": 0,
        "MALICIOUS": 0,
        "SANE": 0,
        "VALID": 0,
        "total": 51272
    },
    "percentage": {
        "ACTIVE": 44.954361054766736,
        "INACTIVE": 55.045638945233264,
        "INVALID": 0.0,
        "MALICIOUS": 0.0,
        "SANE": 0.0,
        "VALID": 0.0,
        "total": 100.0
    }
}