{
    "counter": {
        "ACTIVE": 16780,
        "INACTIVE": 21839,
        "INVALID": 0,
        "MALICIOUS": 0,
        "SANE": 0,
        "VALID": 0,
        "total": 38619
    },
    "percentage": {
        "ACTIVE": 43.45011522825552,
        "INACTIVE": 56.55281352772095,
        "INVALID": 0,
        "MALICIOUS": 0,
        "SANE": 0,
        "VALID": 0,
        "total": 100.00292875597647
    }
}