{
    "counter": {
        "ACTIVE": 37777,
        "INACTIVE": 46742,
        "INVALID": 0,
        "MALICIOUS": 0,
        "SANE": 0,
        "VALID": 0,
        "total": 84519
    },
    "percentage": {
        "ACTIVE": 44.69645878441534,
        "INACTIVE": 55.30354121558466,
        "INVALID": 0.0,
        "MALICIOUS": 0.0,
        "SANE": 0.0,
        "VALID": 0.0,
        "total": 100.0
    }
}