{
    "counter": {
        "ACTIVE": 23583,
        "INACTIVE": 28893,
        "INVALID": 0,
        "MALICIOUS": 0,
        "SANE": 0,
        "VALID": 0,
        "total": 52476
    },
    "percentage": {
        "ACTIVE": 44.94054424879945,
        "INACTIVE": 55.05945575120055,
        "INVALID": 0.0,
        "MALICIOUS": 0.0,
        "SANE": 0.0,
        "VALID": 0.0,
        "total": 100.0
    }
}