{
    "counter": {
        "ACTIVE": 7366,
        "INACTIVE": 9732,
        "INVALID": 0,
        "MALICIOUS": 0,
        "SANE": 0,
        "VALID": 0,
        "total": 17098
    },
    "percentage": {
        "ACTIVE": 43.08358191495584,
        "INACTIVE": 56.91893788747222,
        "INVALID": 0,
        "MALICIOUS": 0,
        "SANE": 0,
        "VALID": 0,
        "total": 100.00251980242805
    }
}