{
    "counter": {
        "ACTIVE": 40430,
        "INACTIVE": 53449,
        "INVALID": 0,
        "MALICIOUS": 0,
        "SANE": 0,
        "VALID": 0,
        "total": 93879
    },
    "percentage": {
        "ACTIVE": 43.06607441493838,
        "INACTIVE": 56.93392558506162,
        "INVALID": 0.0,
        "MALICIOUS": 0.0,
        "SANE": 0.0,
        "VALID": 0.0,
        "total": 100.0
    }
}