{
    "counter": {
        "ACTIVE": 2312,
        "INACTIVE": 3021,
        "INVALID": 0,
        "MALICIOUS": 0,
        "SANE": 0,
        "VALID": 0,
        "total": 5333
    },
    "percentage": {
        "ACTIVE": 43.352709544346524,
        "INACTIVE": 56.700450450450454,
        "INVALID": 0,
        "MALICIOUS": 0,
        "SANE": 0,
        "VALID": 0,
        "total": 100.05315999479697
    }
}