{
    "counter": {
        "ACTIVE": 3622,
        "INACTIVE": 4421,
        "INVALID": 0,
        "MALICIOUS": 0,
        "SANE": 0,
        "VALID": 0,
        "total": 8043
    },
    "percentage": {
        "ACTIVE": 45.03854762496891,
        "INACTIVE": 54.967052094989434,
        "INVALID": 0,
        "MALICIOUS": 0,
        "SANE": 0,
        "VALID": 0,
        "total": 100.00559971995835
    }
}