{
    "counter": {
        "ACTIVE": 26645,
        "INACTIVE": 34071,
        "INVALID": 0,
        "MALICIOUS": 0,
        "SANE": 0,
        "VALID": 0,
        "total": 60716
    },
    "percentage": {
        "ACTIVE": 43.884643257131565,
        "INACTIVE": 56.115356742868435,
        "INVALID": 0.0,
        "MALICIOUS": 0.0,
        "SANE": 0.0,
        "VALID": 0.0,
        "total": 100.0
    }
}