{
    "counter": {
        "ACTIVE": 31121,
        "INACTIVE": 38919,
        "INVALID": 0,
        "MALICIOUS": 0,
        "SANE": 0,
        "VALID": 0,
        "total": 70040
    },
    "percentage": {
        "ACTIVE": 44.43318103940605,
        "INACTIVE": 55.567612330273136,
        "INVALID": 0.0,
        "MALICIOUS": 0.0,
        "SANE": 0.0,
        "VALID": 0.0,
        "total": 100.00079336967919
    }
}