{
    "counter": {
        "ACTIVE": 25382,
        "INACTIVE": 32046,
        "INVALID": 0,
        "MALICIOUS": 0,
        "SANE": 0,
        "VALID": 0,
        "total": 57428
    },
    "percentage": {
        "ACTIVE": 44.19795221843003,
        "INACTIVE": 55.80204778156997,
        "INVALID": 0.0,
        "MALICIOUS": 0.0,
        "SANE": 0.0,
        "VALID": 0.0,
        "total": 100.0
    }
}