{
    "counter": {
        "ACTIVE": 34351,
        "INACTIVE": 43067,
        "INVALID": 0,
        "MALICIOUS": 0,
        "SANE": 0,
        "VALID": 0,
        "total": 77418
    },
    "percentage": {
        "ACTIVE": 44.370818155984395,
        "INACTIVE": 55.629181844015605,
        "INVALID": 0.0,
        "MALICIOUS": 0.0,
        "SANE": 0.0,
        "VALID": 0.0,
        "total": 100.0
    }
}