{
    "counter": {
        "ACTIVE": 13766,
        "INACTIVE": 18060,
        "INVALID": 0,
        "MALICIOUS": 0,
        "SANE": 0,
        "VALID": 0,
        "total": 31826
    },
    "percentage": {
        "ACTIVE": 43.25394331678502,
        "INACTIVE": 56.749622926093515,
        "INVALID": 0,
        "MALICIOUS": 0,
        "SANE": 0,
        "VALID": 0,
        "total": 100.00356624287853
    }
}