{
    "counter": {
        "ACTIVE": 7847,
        "INACTIVE": 10276,
        "INVALID": 0,
        "MALICIOUS": 0,
        "SANE": 0,
        "VALID": 0,
        "total": 18123
    },
    "percentage": {
        "ACTIVE": 43.300960158922855,
        "INACTIVE": 56.70142912321359,
        "INVALID": 0,
        "MALICIOUS": 0,
        "SANE": 0,
        "VALID": 0,
        "total": 100.00238928213645
    }
}