{
    "counter": {
        "ACTIVE": 29518,
        "INACTIVE": 37378,
        "INVALID": 0,
        "MALICIOUS": 0,
        "SANE": 0,
        "VALID": 0,
        "total": 66896
    },
    "percentage": {
        "ACTIVE": 44.12520928007654,
        "INACTIVE": 55.87562598101503,
        "INVALID": 0.0,
        "MALICIOUS": 0.0,
        "SANE": 0.0,
        "VALID": 0.0,
        "total": 100.00083526109157
    }
}