{
    "counter": {
        "ACTIVE": 12001,
        "INACTIVE": 14748,
        "INVALID": 0,
        "MALICIOUS": 0,
        "SANE": 0,
        "VALID": 0,
        "total": 26749
    },
    "percentage": {
        "ACTIVE": 44.86522860667689,
        "INACTIVE": 55.13683266038582,
        "INVALID": 0,
        "MALICIOUS": 0,
        "SANE": 0,
        "VALID": 0,
        "total": 100.00206126706271
    }
}