{
    "counter": {
        "ACTIVE": 10077,
        "INACTIVE": 13047,
        "INVALID": 0,
        "MALICIOUS": 0,
        "SANE": 0,
        "VALID": 0,
        "total": 23124
    },
    "percentage": {
        "ACTIVE": 43.57810067462377,
        "INACTIVE": 56.42433940232669,
        "INVALID": 0,
        "MALICIOUS": 0,
        "SANE": 0,
        "VALID": 0,
        "total": 100.00244007695045
    }
}