{
    "counter": {
        "ACTIVE": 31740,
        "INACTIVE": 39739,
        "INVALID": 0,
        "MALICIOUS": 0,
        "SANE": 0,
        "VALID": 0,
        "total": 71479
    },
    "percentage": {
        "ACTIVE": 44.405271552085956,
        "INACTIVE": 55.595349683123715,
        "INVALID": 0.0,
        "MALICIOUS": 0.0,
        "SANE": 0.0,
        "VALID": 0.0,
        "total": 100.00062123520968
    }
}