{
    "counter": {
        "ACTIVE": 20371,
        "INACTIVE": 25420,
        "INVALID": 0,
        "MALICIOUS": 0,
        "SANE": 0,
        "VALID": 0,
        "total": 45791
    },
    "percentage": {
        "ACTIVE": 44.486907907667444,
        "INACTIVE": 55.51915432665007,
        "INVALID": 0,
        "MALICIOUS": 0,
        "SANE": 0,
        "VALID": 0,
        "total": 100.00606223431751
    }
}