{
    "counter": {
        "ACTIVE": 9357,
        "INACTIVE": 12491,
        "INVALID": 0,
        "MALICIOUS": 0,
        "SANE": 0,
        "VALID": 0,
        "total": 21848
    },
    "percentage": {
        "ACTIVE": 42.83360036621652,
        "INACTIVE": 57.172281215671916,
        "INVALID": 0,
        "MALICIOUS": 0,
        "SANE": 0,
        "VALID": 0,
        "total": 100.00588158188845
    }
}