{
    "counter": {
        "ACTIVE": 39053,
        "INACTIVE": 48307,
        "INVALID": 0,
        "MALICIOUS": 0,
        "SANE": 0,
        "VALID": 0,
        "total": 87360
    },
    "percentage": {
        "ACTIVE": 44.70352564102564,
        "INACTIVE": 55.29647435897436,
        "INVALID": 0.0,
        "MALICIOUS": 0.0,
        "SANE": 0.0,
        "VALID": 0.0,
        "total": 100.0
    }
}