{
    "counter": {
        "ACTIVE": 13062,
        "INACTIVE": 16634,
        "INVALID": 0,
        "MALICIOUS": 0,
        "SANE": 0,
        "VALID": 0,
        "total": 29696
    },
    "percentage": {
        "ACTIVE": 43.988684582743986,
        "INACTIVE": 56.01427801724138,
        "INVALID": 0,
        "MALICIOUS": 0,
        "SANE": 0,
        "VALID": 0,
        "total": 100.00296259998537
    }
}