{
    "counter": {
        "ACTIVE": 30947,
        "INACTIVE": 38725,
        "INVALID": 0,
        "MALICIOUS": 0,
        "SANE": 0,
        "VALID": 0,
        "total": 69672
    },
    "percentage": {
        "ACTIVE": 44.41813066942244,
        "INACTIVE": 55.58266710683068,
        "INVALID": 0.0,
        "MALICIOUS": 0.0,
        "SANE": 0.0,
        "VALID": 0.0,
        "total": 100.00079777625311
    }
}