{
    "counter": {
        "ACTIVE": 23342,
        "INACTIVE": 28693,
        "INVALID": 0,
        "MALICIOUS": 0,
        "SANE": 0,
        "VALID": 0,
        "total": 52035
    },
    "percentage": {
        "ACTIVE": 44.85826847314308,
        "INACTIVE": 55.14173152685692,
        "INVALID": 0.0,
        "MALICIOUS": 0.0,
        "SANE": 0.0,
        "VALID": 0.0,
        "total": 100.0
    }
}