{
    "counter": {
        "ACTIVE": 31673,
        "INACTIVE": 39682,
        "INVALID": 0,
        "MALICIOUS": 0,
        "SANE": 0,
        "VALID": 0,
        "total": 71355
    },
    "percentage": {
        "ACTIVE": 44.389163735231875,
        "INACTIVE": 55.61208044285614,
        "INVALID": 0.0,
        "MALICIOUS": 0.0,
        "SANE": 0.0,
        "VALID": 0.0,
        "total": 100.00124417808802
    }
}