{
    "counter": {
        "ACTIVE": 36046,
        "INACTIVE": 45110,
        "INVALID": 0,
        "MALICIOUS": 0,
        "SANE": 0,
        "VALID": 0,
        "total": 81156
    },
    "percentage": {
        "ACTIVE": 44.41569323278624,
        "INACTIVE": 55.58430676721376,
        "INVALID": 0.0,
        "MALICIOUS": 0.0,
        "SANE": 0.0,
        "VALID": 0.0,
        "total": 100.0
    }
}