{
    "counter": {
        "ACTIVE": 22200,
        "INACTIVE": 27273,
        "INVALID": 0,
        "MALICIOUS": 0,
        "SANE": 0,
        "VALID": 0,
        "total": 49473
    },
    "percentage": {
        "ACTIVE": 44.87296100903523,
        "INACTIVE": 55.12703899096477,
        "INVALID": 0.0,
        "MALICIOUS": 0.0,
        "SANE": 0.0,
        "VALID": 0.0,
        "total": 100.0
    }
}