{
    "counter": {
        "ACTIVE": 43210,
        "INACTIVE": 57635,
        "INVALID": 0,
        "MALICIOUS": 0,
        "SANE": 0,
        "VALID": 0,
        "total": 100845
    },
    "percentage": {
        "ACTIVE": 42.84793494967524,
        "INACTIVE": 57.15206505032476,
        "INVALID": 0.0,
        "MALICIOUS": 0.0,
        "SANE": 0.0,
        "VALID": 0.0,
        "total": 100.0
    }
}