{
    "counter": {
        "ACTIVE": 39910,
        "INACTIVE": 50114,
        "INVALID": 0,
        "MALICIOUS": 0,
        "SANE": 0,
        "VALID": 0,
        "total": 90024
    },
    "percentage": {
        "ACTIVE": 44.332622411801296,
        "INACTIVE": 55.667377588198704,
        "INVALID": 0.0,
        "MALICIOUS": 0.0,
        "SANE": 0.0,
        "VALID": 0.0,
        "total": 100.0
    }
}