{
    "counter": {
        "ACTIVE": 14470,
        "INACTIVE": 19294,
        "INVALID": 0,
        "MALICIOUS": 0,
        "SANE": 0,
        "VALID": 0,
        "total": 33764
    },
    "percentage": {
        "ACTIVE": 42.861374407582936,
        "INACTIVE": 57.14370335268333,
        "INVALID": 0,
        "MALICIOUS": 0,
        "SANE": 0,
        "VALID": 0,
        "total": 100.00507776026626
    }
}