{
    "counter": {
        "ACTIVE": 40613,
        "INACTIVE": 53999,
        "INVALID": 0,
        "MALICIOUS": 0,
        "SANE": 0,
        "VALID": 0,
        "total": 94612
    },
    "percentage": {
        "ACTIVE": 42.92584450175453,
        "INACTIVE": 57.07415549824547,
        "INVALID": 0.0,
        "MALICIOUS": 0.0,
        "SANE": 0.0,
        "VALID": 0.0,
        "total": 100.0
    }
}