{
    "counter": {
        "ACTIVE": 1775,
        "INACTIVE": 2009,
        "INVALID": 0,
        "MALICIOUS": 0,
        "SANE": 0,
        "VALID": 0,
        "total": 3784
    },
    "percentage": {
        "ACTIVE": 46.94525257868289,
        "INACTIVE": 53.09196617336152,
        "INVALID": 0,
        "MALICIOUS": 0,
        "SANE": 0,
        "VALID": 0,
        "total": 100.03721875204441
    }
}