{
    "counter": {
        "ACTIVE": 13598,
        "INACTIVE": 17766,
        "INVALID": 0,
        "MALICIOUS": 0,
        "SANE": 0,
        "VALID": 0,
        "total": 31364
    },
    "percentage": {
        "ACTIVE": 43.36373493207475,
        "INACTIVE": 56.644560642775154,
        "INVALID": 0,
        "MALICIOUS": 0,
        "SANE": 0,
        "VALID": 0,
        "total": 100.00829557484991
    }
}