{
    "counter": {
        "ACTIVE": 33434,
        "INACTIVE": 42201,
        "INVALID": 0,
        "MALICIOUS": 0,
        "SANE": 0,
        "VALID": 0,
        "total": 75635
    },
    "percentage": {
        "ACTIVE": 44.2044027236068,
        "INACTIVE": 55.7955972763932,
        "INVALID": 0.0,
        "MALICIOUS": 0.0,
        "SANE": 0.0,
        "VALID": 0.0,
        "total": 100.0
    }
}