{
    "counter": {
        "ACTIVE": 25308,
        "INACTIVE": 31889,
        "INVALID": 0,
        "MALICIOUS": 0,
        "SANE": 0,
        "VALID": 0,
        "total": 57197
    },
    "percentage": {
        "ACTIVE": 44.24707589558893,
        "INACTIVE": 55.75292410441107,
        "INVALID": 0.0,
        "MALICIOUS": 0.0,
        "SANE": 0.0,
        "VALID": 0.0,
        "total": 100.0
    }
}