{
    "counter": {
        "ACTIVE": 41893,
        "INACTIVE": 55664,
        "INVALID": 0,
        "MALICIOUS": 0,
        "SANE": 0,
        "VALID": 0,
        "total": 97557
    },
    "percentage": {
        "ACTIVE": 42.94207488955175,
        "INACTIVE": 57.05792511044825,
        "INVALID": 0.0,
        "MALICIOUS": 0.0,
        "SANE": 0.0,
        "VALID": 0.0,
        "total": 100.0
    }
}