{
    "counter": {
        "ACTIVE": 4703,
        "INACTIVE": 6051,
        "INVALID": 0,
        "MALICIOUS": 0,
        "SANE": 0,
        "VALID": 0,
        "total": 10754
    },
    "percentage": {
        "ACTIVE": 43.732564627115494,
        "INACTIVE": 56.27266809262532,
        "INVALID": 0,
        "MALICIOUS": 0,
        "SANE": 0,
        "VALID": 0,
        "total": 100.0052327197408
    }
}