{
    "counter": {
        "ACTIVE": 4596,
        "INACTIVE": 5851,
        "INVALID": 0,
        "MALICIOUS": 0,
        "SANE": 0,
        "VALID": 0,
        "total": 10447
    },
    "percentage": {
        "ACTIVE": 44.014556598352804,
        "INACTIVE": 56.006509045659044,
        "INVALID": 0,
        "MALICIOUS": 0,
        "SANE": 0,
        "VALID": 0,
        "total": 100.02106564401186
    }
}