{
    "counter": {
        "ACTIVE": 31084,
        "INACTIVE": 38849,
        "INVALID": 0,
        "MALICIOUS": 0,
        "SANE": 0,
        "VALID": 0,
        "total": 69933
    },
    "percentage": {
        "ACTIVE": 44.449528821266675,
        "INACTIVE": 55.551742381994195,
        "INVALID": 0.0,
        "MALICIOUS": 0.0,
        "SANE": 0.0,
        "VALID": 0.0,
        "total": 100.00127120326087
    }
}