{
    "counter": {
        "ACTIVE": 11604,
        "INACTIVE": 14389,
        "INVALID": 0,
        "MALICIOUS": 0,
        "SANE": 0,
        "VALID": 0,
        "total": 25993
    },
    "percentage": {
        "ACTIVE": 44.642788443042356,
        "INACTIVE": 55.35934133579563,
        "INVALID": 0,
        "MALICIOUS": 0,
        "SANE": 0,
        "VALID": 0,
        "total": 100.00212977883798
    }
}