{
    "counter": {
        "ACTIVE": 37538,
        "INACTIVE": 46280,
        "INVALID": 0,
        "MALICIOUS": 0,
        "SANE": 0,
        "VALID": 0,
        "total": 83818
    },
    "percentage": {
        "ACTIVE": 44.78512968574769,
        "INACTIVE": 55.21487031425231,
        "INVALID": 0.0,
        "MALICIOUS": 0.0,
        "SANE": 0.0,
        "VALID": 0.0,
        "total": 100.0
    }
}