{
    "counter": {
        "ACTIVE": 23450,
        "INACTIVE": 28792,
        "INVALID": 0,
        "MALICIOUS": 0,
        "SANE": 0,
        "VALID": 0,
        "total": 52242
    },
    "percentage": {
        "ACTIVE": 44.88725546495157,
        "INACTIVE": 55.11274453504843,
        "INVALID": 0.0,
        "MALICIOUS": 0.0,
        "SANE": 0.0,
        "VALID": 0.0,
        "total": 100.0
    }
}