{
    "counter": {
        "ACTIVE": 900,
        "INACTIVE": 1175,
        "INVALID": 0,
        "MALICIOUS": 0,
        "SANE": 0,
        "VALID": 0,
        "total": 2075
    },
    "percentage": {
        "ACTIVE": 43.373493975903614,
        "INACTIVE": 57.06653715395823,
        "INVALID": 0,
        "MALICIOUS": 0,
        "SANE": 0,
        "VALID": 0,
        "total": 100.44003112986184
    }
}