{
    "counter": {
        "ACTIVE": 17127,
        "INACTIVE": 22198,
        "INVALID": 0,
        "MALICIOUS": 0,
        "SANE": 0,
        "VALID": 0,
        "total": 39325
    },
    "percentage": {
        "ACTIVE": 43.557985757884026,
        "INACTIVE": 56.44755244755245,
        "INVALID": 0,
        "MALICIOUS": 0,
        "SANE": 0,
        "VALID": 0,
        "total": 100.00553820543647
    }
}