{
    "counter": {
        "ACTIVE": 16984,
        "INACTIVE": 22039,
        "INVALID": 0,
        "MALICIOUS": 0,
        "SANE": 0,
        "VALID": 0,
        "total": 39023
    },
    "percentage": {
        "ACTIVE": 43.52416585515863,
        "INACTIVE": 56.47694949132563,
        "INVALID": 0,
        "MALICIOUS": 0,
        "SANE": 0,
        "VALID": 0,
        "total": 100.00111534648426
    }
}