{
    "counter": {
        "ACTIVE": 7848,
        "INACTIVE": 10276,
        "INVALID": 0,
        "MALICIOUS": 0,
        "SANE": 0,
        "VALID": 0,
        "total": 18124
    },
    "percentage": {
        "ACTIVE": 43.30169940410505,
        "INACTIVE": 56.704557995806205,
        "INVALID": 0,
        "MALICIOUS": 0,
        "SANE": 0,
        "VALID": 0,
        "total": 100.00625739991125
    }
}