{
    "counter": {
        "ACTIVE": 19482,
        "INACTIVE": 24353,
        "INVALID": 0,
        "MALICIOUS": 0,
        "SANE": 0,
        "VALID": 0,
        "total": 43835
    },
    "percentage": {
        "ACTIVE": 44.443937492870994,
        "INACTIVE": 55.56113253176975,
        "INVALID": 0,
        "MALICIOUS": 0,
        "SANE": 0,
        "VALID": 0,
        "total": 100.00507002464074
    }
}