{
    "counter": {
        "ACTIVE": 35760,
        "INACTIVE": 44821,
        "INVALID": 0,
        "MALICIOUS": 0,
        "SANE": 0,
        "VALID": 0,
        "total": 80581
    },
    "percentage": {
        "ACTIVE": 44.37770690361251,
        "INACTIVE": 55.62229309638749,
        "INVALID": 0.0,
        "MALICIOUS": 0.0,
        "SANE": 0.0,
        "VALID": 0.0,
        "total": 100.0
    }
}