{
    "counter": {
        "ACTIVE": 37631,
        "INACTIVE": 46438,
        "INVALID": 0,
        "MALICIOUS": 0,
        "SANE": 0,
        "VALID": 0,
        "total": 84069
    },
    "percentage": {
        "ACTIVE": 44.76204070465927,
        "INACTIVE": 55.23795929534073,
        "INVALID": 0.0,
        "MALICIOUS": 0.0,
        "SANE": 0.0,
        "VALID": 0.0,
        "total": 100.0
    }
}