{
    "counter": {
        "ACTIVE": 24431,
        "INACTIVE": 30335,
        "INVALID": 0,
        "MALICIOUS": 0,
        "SANE": 0,
        "VALID": 0,
        "total": 54766
    },
    "percentage": {
        "ACTIVE": 44.60979439798415,
        "INACTIVE": 55.39020560201585,
        "INVALID": 0.0,
        "MALICIOUS": 0.0,
        "SANE": 0.0,
        "VALID": 0.0,
        "total": 100.0
    }
}