{
    "counter": {
        "ACTIVE": 5128,
        "INACTIVE": 6456,
        "INVALID": 0,
        "MALICIOUS": 0,
        "SANE": 0,
        "VALID": 0,
        "total": 11584
    },
    "percentage": {
        "ACTIVE": 44.27177760511094,
        "INACTIVE": 55.732044198895025,
        "INVALID": 0,
        "MALICIOUS": 0,
        "SANE": 0,
        "VALID": 0,
        "total": 100.00382180400597
    }
}