{
    "counter": {
        "ACTIVE": 18895,
        "INACTIVE": 23849,
        "INVALID": 0,
        "MALICIOUS": 0,
        "SANE": 0,
        "VALID": 0,
        "total": 42744
    },
    "percentage": {
        "ACTIVE": 44.20503462474265,
        "INACTIVE": 55.797576154602034,
        "INVALID": 0,
        "MALICIOUS": 0,
        "SANE": 0,
        "VALID": 0,
        "total": 100.00261077934468
    }
}