{
    "counter": {
        "ACTIVE": 18684,
        "INACTIVE": 23738,
        "INVALID": 0,
        "MALICIOUS": 0,
        "SANE": 0,
        "VALID": 0,
        "total": 42422
    },
    "percentage": {
        "ACTIVE": 44.046300007072304,
        "INACTIVE": 55.95681486021404,
        "INVALID": 0,
        "MALICIOUS": 0,
        "SANE": 0,
        "VALID": 0,
        "total": 100.00311486728634
    }
}