{
    "counter": {
        "ACTIVE": 11904,
        "INACTIVE": 14667,
        "INVALID": 0,
        "MALICIOUS": 0,
        "SANE": 0,
        "VALID": 0,
        "total": 26571
    },
    "percentage": {
        "ACTIVE": 44.80072259229988,
        "INACTIVE": 55.20135491155438,
        "INVALID": 0,
        "MALICIOUS": 0,
        "SANE": 0,
        "VALID": 0,
        "total": 100.00207750385425
    }
}