{
    "counter": {
        "ACTIVE": 10419,
        "INACTIVE": 13326,
        "INVALID": 0,
        "MALICIOUS": 0,
        "SANE": 0,
        "VALID": 0,
        "total": 23745
    },
    "percentage": {
        "ACTIVE": 43.87871130764371,
        "INACTIVE": 56.123652291105124,
        "INVALID": 0,
        "MALICIOUS": 0,
        "SANE": 0,
        "VALID": 0,
        "total": 100.00236359874884
    }
}