{
    "counter": {
        "ACTIVE": 19106,
        "INACTIVE": 24016,
        "INVALID": 0,
        "MALICIOUS": 0,
        "SANE": 0,
        "VALID": 0,
        "total": 43122
    },
    "percentage": {
        "ACTIVE": 44.30787783214675,
        "INACTIVE": 55.69314966838273,
        "INVALID": 0,
        "MALICIOUS": 0,
        "SANE": 0,
        "VALID": 0,
        "total": 100.00102750052949
    }
}