{
    "counter": {
        "ACTIVE": 40631,
        "INACTIVE": 54211,
        "INVALID": 0,
        "MALICIOUS": 0,
        "SANE": 0,
        "VALID": 0,
        "total": 94842
    },
    "percentage": {
        "ACTIVE": 42.84072457350119,
        "INACTIVE": 57.15927542649881,
        "INVALID": 0.0,
        "MALICIOUS": 0.0,
        "SANE": 0.0,
        "VALID": 0.0,
        "total": 100.0
    }
}