{
    "counter": {
        "ACTIVE": 14104,
        "INACTIVE": 18788,
        "INVALID": 0,
        "MALICIOUS": 0,
        "SANE": 0,
        "VALID": 0,
        "total": 32892
    },
    "percentage": {
        "ACTIVE": 42.883638906625315,
        "INACTIVE": 57.120272406664235,
        "INVALID": 0,
        "MALICIOUS": 0,
        "SANE": 0,
        "VALID": 0,
        "total": 100.00391131328955
    }
}