{
    "counter": {
        "ACTIVE": 11689,
        "INACTIVE": 14483,
        "INVALID": 0,
        "MALICIOUS": 0,
        "SANE": 0,
        "VALID": 0,
        "total": 26172
    },
    "percentage": {
        "ACTIVE": 44.67076852524172,
        "INACTIVE": 55.3377655509705,
        "INVALID": 0,
        "MALICIOUS": 0,
        "SANE": 0,
        "VALID": 0,
        "total": 100.00853407621221
    }
}