{
    "counter": {
        "ACTIVE": 24110,
        "INACTIVE": 29777,
        "INVALID": 0,
        "MALICIOUS": 0,
        "SANE": 0,
        "VALID": 0,
        "total": 53887
    },
    "percentage": {
        "ACTIVE": 44.74177445394993,
        "INACTIVE": 55.25822554605007,
        "INVALID": 0.0,
        "MALICIOUS": 0.0,
        "SANE": 0.0,
        "VALID": 0.0,
        "total": 100.0
    }
}