{
    "counter": {
        "ACTIVE": 28417,
        "INACTIVE": 36314,
        "INVALID": 0,
        "MALICIOUS": 0,
        "SANE": 0,
        "VALID": 0,
        "total": 64731
    },
    "percentage": {
        "ACTIVE": 43.90081878572532,
        "INACTIVE": 56.09985941820766,
        "INVALID": 0.0,
        "MALICIOUS": 0.0,
        "SANE": 0.0,
        "VALID": 0.0,
        "total": 100.00067820393298
    }
}