{
    "counter": {
        "ACTIVE": 33482,
        "INACTIVE": 42269,
        "INVALID": 0,
        "MALICIOUS": 0,
        "SANE": 0,
        "VALID": 0,
        "total": 75751
    },
    "percentage": {
        "ACTIVE": 44.20007656664598,
        "INACTIVE": 55.79992343335402,
        "INVALID": 0.0,
        "MALICIOUS": 0.0,
        "SANE": 0.0,
        "VALID": 0.0,
        "total": 100.0
    }
}