{
    "counter": {
        "ACTIVE": 22886,
        "INACTIVE": 27974,
        "INVALID": 0,
        "MALICIOUS": 0,
        "SANE": 0,
        "VALID": 0,
        "total": 50860
    },
    "percentage": {
        "ACTIVE": 44.998033818324814,
        "INACTIVE": 55.001966181675186,
        "INVALID": 0.0,
        "MALICIOUS": 0.0,
        "SANE": 0.0,
        "VALID": 0.0,
        "total": 100.0
    }
}