{
    "counter": {
        "ACTIVE": 22526,
        "INACTIVE": 27668,
        "INVALID": 0,
        "MALICIOUS": 0,
        "SANE": 0,
        "VALID": 0,
        "total": 50194
    },
    "percentage": {
        "ACTIVE": 44.87787384946408,
        "INACTIVE": 55.12212615053592,
        "INVALID": 0.0,
        "MALICIOUS": 0.0,
        "SANE": 0.0,
        "VALID": 0.0,
        "total": 100.0
    }
}