{
    "counter": {
        "ACTIVE": 18352,
        "INACTIVE": 23450,
        "INVALID": 0,
        "MALICIOUS": 0,
        "SANE": 0,
        "VALID": 0,
        "total": 41802
    },
    "percentage": {
        "ACTIVE": 43.90220563609397,
        "INACTIVE": 56.103162830757455,
        "INVALID": 0,
        "MALICIOUS": 0,
        "SANE": 0,
        "VALID": 0,
        "total": 100.00536846685142
    }
}