{
    "counter": {
        "ACTIVE": 24159,
        "INACTIVE": 29948,
        "INVALID": 0,
        "MALICIOUS": 0,
        "SANE": 0,
        "VALID": 0,
        "total": 54107
    },
    "percentage": {
        "ACTIVE": 44.650414918587245,
        "INACTIVE": 55.349585081412755,
        "INVALID": 0.0,
        "MALICIOUS": 0.0,
        "SANE": 0.0,
        "VALID": 0.0,
        "total": 100.0
    }
}