{
    "counter": {
        "ACTIVE": 35654,
        "INACTIVE": 44634,
        "INVALID": 0,
        "MALICIOUS": 0,
        "SANE": 0,
        "VALID": 0,
        "total": 80288
    },
    "percentage": {
        "ACTIVE": 44.407632522917496,
        "INACTIVE": 55.592367477082504,
        "INVALID": 0.0,
        "MALICIOUS": 0.0,
        "SANE": 0.0,
        "VALID": 0.0,
        "total": 100.0
    }
}