{
    "counter": {
        "ACTIVE": 26688,
        "INACTIVE": 34114,
        "INVALID": 0,
        "MALICIOUS": 0,
        "SANE": 0,
        "VALID": 0,
        "total": 60802
    },
    "percentage": {
        "ACTIVE": 43.893292983783425,
        "INACTIVE": 56.106707016216575,
        "INVALID": 0.0,
        "MALICIOUS": 0.0,
        "SANE": 0.0,
        "VALID": 0.0,
        "total": 100.0
    }
}