{
    "counter": {
        "ACTIVE": 6613,
        "INACTIVE": 8693,
        "INVALID": 0,
        "MALICIOUS": 0,
        "SANE": 0,
        "VALID": 0,
        "total": 15306
    },
    "percentage": {
        "ACTIVE": 43.210925248301095,
        "INACTIVE": 56.794721024434864,
        "INVALID": 0,
        "MALICIOUS": 0,
        "SANE": 0,
        "VALID": 0,
        "total": 100.00564627273596
    }
}