{
    "counter": {
        "ACTIVE": 21060,
        "INACTIVE": 25980,
        "INVALID": 0,
        "MALICIOUS": 0,
        "SANE": 0,
        "VALID": 0,
        "total": 47040
    },
    "percentage": {
        "ACTIVE": 44.77040816326531,
        "INACTIVE": 55.23076596016072,
        "INVALID": 0,
        "MALICIOUS": 0,
        "SANE": 0,
        "VALID": 0,
        "total": 100.00117412342603
    }
}