{
    "counter": {
        "ACTIVE": 32287,
        "INACTIVE": 40472,
        "INVALID": 0,
        "MALICIOUS": 0,
        "SANE": 0,
        "VALID": 0,
        "total": 72759
    },
    "percentage": {
        "ACTIVE": 44.37526629008095,
        "INACTIVE": 55.62473370991905,
        "INVALID": 0.0,
        "MALICIOUS": 0.0,
        "SANE": 0.0,
        "VALID": 0.0,
        "total": 100.0
    }
}