{
    "counter": {
        "ACTIVE": 25133,
        "INACTIVE": 31205,
        "INVALID": 0,
        "MALICIOUS": 0,
        "SANE": 0,
        "VALID": 0,
        "total": 56338
    },
    "percentage": {
        "ACTIVE": 44.611097305548654,
        "INACTIVE": 55.388902694451346,
        "INVALID": 0.0,
        "MALICIOUS": 0.0,
        "SANE": 0.0,
        "VALID": 0.0,
        "total": 100.0
    }
}