{
    "counter": {
        "ACTIVE": 38566,
        "INACTIVE": 47608,
        "INVALID": 0,
        "MALICIOUS": 0,
        "SANE": 0,
        "VALID": 0,
        "total": 86174
    },
    "percentage": {
        "ACTIVE": 44.753637988256315,
        "INACTIVE": 55.246362011743685,
        "INVALID": 0.0,
        "MALICIOUS": 0.0,
        "SANE": 0.0,
        "VALID": 0.0,
        "total": 100.0
    }
}