{
    "counter": {
        "ACTIVE": 26611,
        "INACTIVE": 34049,
        "INVALID": 0,
        "MALICIOUS": 0,
        "SANE": 0,
        "VALID": 0,
        "total": 60660
    },
    "percentage": {
        "ACTIVE": 43.869106495219256,
        "INACTIVE": 56.130893504780744,
        "INVALID": 0.0,
        "MALICIOUS": 0.0,
        "SANE": 0.0,
        "VALID": 0.0,
        "total": 100.0
    }
}