{
    "counter": {
        "ACTIVE": 14958,
        "INACTIVE": 20040,
        "INVALID": 0,
        "MALICIOUS": 0,
        "SANE": 0,
        "VALID": 0,
        "total": 34998
    },
    "percentage": {
        "ACTIVE": 42.739585119149666,
        "INACTIVE": 57.26368727854612,
        "INVALID": 0,
        "MALICIOUS": 0,
        "SANE": 0,
        "VALID": 0,
        "total": 100.00327239769578
    }
}