{
    "counter": {
        "ACTIVE": 38942,
        "INACTIVE": 48111,
        "INVALID": 0,
        "MALICIOUS": 0,
        "SANE": 0,
        "VALID": 0,
        "total": 87053
    },
    "percentage": {
        "ACTIVE": 44.73366799535915,
        "INACTIVE": 55.26633200464085,
        "INVALID": 0.0,
        "MALICIOUS": 0.0,
        "SANE": 0.0,
        "VALID": 0.0,
        "total": 100.0
    }
}