{
    "counter": {
        "ACTIVE": 39517,
        "INACTIVE": 49256,
        "INVALID": 0,
        "MALICIOUS": 0,
        "SANE": 0,
        "VALID": 0,
        "total": 88773
    },
    "percentage": {
        "ACTIVE": 44.514660989264755,
        "INACTIVE": 55.485339010735245,
        "INVALID": 0.0,
        "MALICIOUS": 0.0,
        "SANE": 0.0,
        "VALID": 0.0,
        "total": 100.0
    }
}