{
    "counter": {
        "ACTIVE": 41866,
        "INACTIVE": 55614,
        "INVALID": 0,
        "MALICIOUS": 0,
        "SANE": 0,
        "VALID": 0,
        "total": 97480
    },
    "percentage": {
        "ACTIVE": 42.94829708658186,
        "INACTIVE": 57.05170291341814,
        "INVALID": 0.0,
        "MALICIOUS": 0.0,
        "SANE": 0.0,
        "VALID": 0.0,
        "total": 100.0
    }
}