{
    "counter": {
        "ACTIVE": 25534,
        "INACTIVE": 32311,
        "INVALID": 0,
        "MALICIOUS": 0,
        "SANE": 0,
        "VALID": 0,
        "total": 57845
    },
    "percentage": {
        "ACTIVE": 44.142103898349035,
        "INACTIVE": 55.857896101650965,
        "INVALID": 0.0,
        "MALICIOUS": 0.0,
        "SANE": 0.0,
        "VALID": 0.0,
        "total": 100.0
    }
}