{
    "counter": {
        "ACTIVE": 38402,
        "INACTIVE": 47433,
        "INVALID": 0,
        "MALICIOUS": 0,
        "SANE": 0,
        "VALID": 0,
        "total": 85835
    },
    "percentage": {
        "ACTIVE": 44.73932544999126,
        "INACTIVE": 55.26067455000874,
        "INVALID": 0.0,
        "MALICIOUS": 0.0,
        "SANE": 0.0,
        "VALID": 0.0,
        "total": 100.0
    }
}