{
    "counter": {
        "ACTIVE": 1886,
        "INACTIVE": 2345,
        "INVALID": 0,
        "MALICIOUS": 0,
        "SANE": 0,
        "VALID": 0,
        "total": 4231
    },
    "percentage": {
        "ACTIVE": 44.575750413613804,
        "INACTIVE": 55.43735224586288,
        "INVALID": 0,
        "MALICIOUS": 0,
        "SANE": 0,
        "VALID": 0,
        "total": 100.01310265947669
    }
}