{
    "counter": {
        "ACTIVE": 24281,
        "INACTIVE": 30211,
        "INVALID": 0,
        "MALICIOUS": 0,
        "SANE": 0,
        "VALID": 0,
        "total": 54492
    },
    "percentage": {
        "ACTIVE": 44.558834324304485,
        "INACTIVE": 55.441165675695515,
        "INVALID": 0.0,
        "MALICIOUS": 0.0,
        "SANE": 0.0,
        "VALID": 0.0,
        "total": 100.0
    }
}