{
    "counter": {
        "ACTIVE": 23687,
        "INACTIVE": 29005,
        "INVALID": 0,
        "MALICIOUS": 0,
        "SANE": 0,
        "VALID": 0,
        "total": 52692
    },
    "percentage": {
        "ACTIVE": 44.95369316025203,
        "INACTIVE": 55.04630683974797,
        "INVALID": 0.0,
        "MALICIOUS": 0.0,
        "SANE": 0.0,
        "VALID": 0.0,
        "total": 100.0
    }
}