{
    "counter": {
        "ACTIVE": 40352,
        "INACTIVE": 52936,
        "INVALID": 0,
        "MALICIOUS": 0,
        "SANE": 0,
        "VALID": 0,
        "total": 93288
    },
    "percentage": {
        "ACTIVE": 43.25529542920847,
        "INACTIVE": 56.74470457079153,
        "INVALID": 0.0,
        "MALICIOUS": 0.0,
        "SANE": 0.0,
        "VALID": 0.0,
        "total": 100.0
    }
}