{
    "counter": {
        "ACTIVE": 15014,
        "INACTIVE": 20121,
        "INVALID": 0,
        "MALICIOUS": 0,
        "SANE": 0,
        "VALID": 0,
        "total": 35135
    },
    "percentage": {
        "ACTIVE": 42.73231820122385,
        "INACTIVE": 57.27094184954316,
        "INVALID": 0,
        "MALICIOUS": 0,
        "SANE": 0,
        "VALID": 0,
        "total": 100.00326005076701
    }
}