{
    "counter": {
        "ACTIVE": 3633,
        "INACTIVE": 4465,
        "INVALID": 0,
        "MALICIOUS": 0,
        "SANE": 0,
        "VALID": 0,
        "total": 8098
    },
    "percentage": {
        "ACTIVE": 44.87401185770751,
        "INACTIVE": 55.13707088169919,
        "INVALID": 0,
        "MALICIOUS": 0,
        "SANE": 0,
        "VALID": 0,
        "total": 100.0110827394067
    }
}