{
    "counter": {
        "ACTIVE": 17117,
        "INACTIVE": 22186,
        "INVALID": 0,
        "MALICIOUS": 0,
        "SANE": 0,
        "VALID": 0,
        "total": 39303
    },
    "percentage": {
        "ACTIVE": 43.551382846093176,
        "INACTIVE": 56.4529262086514,
        "INVALID": 0,
        "MALICIOUS": 0,
        "SANE": 0,
        "VALID": 0,
        "total": 100.00430905474457
    }
}