{
    "counter": {
        "ACTIVE": 15416,
        "INACTIVE": 20764,
        "INVALID": 0,
        "MALICIOUS": 0,
        "SANE": 0,
        "VALID": 0,
        "total": 36180
    },
    "percentage": {
        "ACTIVE": 42.609176340519625,
        "INACTIVE": 57.39558282886917,
        "INVALID": 0,
        "MALICIOUS": 0,
        "SANE": 0,
        "VALID": 0,
        "total": 100.00475916938879
    }
}