{
    "counter": {
        "ACTIVE": 30844,
        "INACTIVE": 38663,
        "INVALID": 0,
        "MALICIOUS": 0,
        "SANE": 0,
        "VALID": 0,
        "total": 69507
    },
    "percentage": {
        "ACTIVE": 44.37538665170415,
        "INACTIVE": 55.62621394144306,
        "INVALID": 0.0,
        "MALICIOUS": 0.0,
        "SANE": 0.0,
        "VALID": 0.0,
        "total": 100.0016005931472
    }
}