{
    "counter": {
        "ACTIVE": 12020,
        "INACTIVE": 14781,
        "INVALID": 0,
        "MALICIOUS": 0,
        "SANE": 0,
        "VALID": 0,
        "total": 26801
    },
    "percentage": {
        "ACTIVE": 44.85911550662437,
        "INACTIVE": 55.1509272042088,
        "INVALID": 0,
        "MALICIOUS": 0,
        "SANE": 0,
        "VALID": 0,
        "total": 100.01004271083318
    }
}