{
    "counter": {
        "ACTIVE": 6498,
        "INACTIVE": 8488,
        "INVALID": 0,
        "MALICIOUS": 0,
        "SANE": 0,
        "VALID": 0,
        "total": 14986
    },
    "percentage": {
        "ACTIVE": 43.3720464557469,
        "INACTIVE": 56.639530228213,
        "INVALID": 0,
        "MALICIOUS": 0,
        "SANE": 0,
        "VALID": 0,
        "total": 100.0115766839599
    }
}