{
    "counter": {
        "ACTIVE": 27805,
        "INACTIVE": 35475,
        "INVALID": 0,
        "MALICIOUS": 0,
        "SANE": 0,
        "VALID": 0,
        "total": 63280
    },
    "percentage": {
        "ACTIVE": 43.94032775486338,
        "INACTIVE": 56.06036662452592,
        "INVALID": 0.0,
        "MALICIOUS": 0.0,
        "SANE": 0.0,
        "VALID": 0.0,
        "total": 100.0006943793893
    }
}