{
    "counter": {
        "ACTIVE": 36127,
        "INACTIVE": 45210,
        "INVALID": 0,
        "MALICIOUS": 0,
        "SANE": 0,
        "VALID": 0,
        "total": 81337
    },
    "percentage": {
        "ACTIVE": 44.41644024244809,
        "INACTIVE": 55.58355975755191,
        "INVALID": 0.0,
        "MALICIOUS": 0.0,
        "SANE": 0.0,
        "VALID": 0.0,
        "total": 100.0
    }
}