{
    "counter": {
        "ACTIVE": 25108,
        "INACTIVE": 31163,
        "INVALID": 0,
        "MALICIOUS": 0,
        "SANE": 0,
        "VALID": 0,
        "total": 56271
    },
    "percentage": {
        "ACTIVE": 44.61978639085852,
        "INACTIVE": 55.38021360914148,
        "INVALID": 0.0,
        "MALICIOUS": 0.0,
        "SANE": 0.0,
        "VALID": 0.0,
        "total": 100.0
    }
}