{
    "counter": {
        "ACTIVE": 36245,
        "INACTIVE": 45337,
        "INVALID": 0,
        "MALICIOUS": 0,
        "SANE": 0,
        "VALID": 0,
        "total": 81582
    },
    "percentage": {
        "ACTIVE": 44.42769238312373,
        "INACTIVE": 55.57230761687627,
        "INVALID": 0.0,
        "MALICIOUS": 0.0,
        "SANE": 0.0,
        "VALID": 0.0,
        "total": 100.0
    }
}