{
    "counter": {
        "ACTIVE": 21557,
        "INACTIVE": 26488,
        "INVALID": 0,
        "MALICIOUS": 0,
        "SANE": 0,
        "VALID": 0,
        "total": 48045
    },
    "percentage": {
        "ACTIVE": 44.86835258611718,
        "INACTIVE": 55.13164741388282,
        "INVALID": 0.0,
        "MALICIOUS": 0.0,
        "SANE": 0.0,
        "VALID": 0.0,
        "total": 100.0
    }
}