{
    "counter": {
        "ACTIVE": 35109,
        "INACTIVE": 43939,
        "INVALID": 0,
        "MALICIOUS": 0,
        "SANE": 0,
        "VALID": 0,
        "total": 79048
    },
    "percentage": {
        "ACTIVE": 44.414785952838784,
        "INACTIVE": 55.585214047161216,
        "INVALID": 0.0,
        "MALICIOUS": 0.0,
        "SANE": 0.0,
        "VALID": 0.0,
        "total": 100.0
    }
}