{
    "counter": {
        "ACTIVE": 22385,
        "INACTIVE": 27542,
        "INVALID": 0,
        "MALICIOUS": 0,
        "SANE": 0,
        "VALID": 0,
        "total": 49927
    },
    "percentage": {
        "ACTIVE": 44.835459771266045,
        "INACTIVE": 55.164540228733955,
        "INVALID": 0.0,
        "MALICIOUS": 0.0,
        "SANE": 0.0,
        "VALID": 0.0,
        "total": 100.0
    }
}