{
    "counter": {
        "ACTIVE": 25243,
        "INACTIVE": 31750,
        "INVALID": 0,
        "MALICIOUS": 0,
        "SANE": 0,
        "VALID": 0,
        "total": 56993
    },
    "percentage": {
        "ACTIVE": 44.291404207534256,
        "INACTIVE": 55.708595792465744,
        "INVALID": 0.0,
        "MALICIOUS": 0.0,
        "SANE": 0.0,
        "VALID": 0.0,
        "total": 100.0
    }
}