{
    "counter": {
        "ACTIVE": 38977,
        "INACTIVE": 48160,
        "INVALID": 0,
        "MALICIOUS": 0,
        "SANE": 0,
        "VALID": 0,
        "total": 87137
    },
    "percentage": {
        "ACTIVE": 44.73071140847172,
        "INACTIVE": 55.26928859152828,
        "INVALID": 0.0,
        "MALICIOUS": 0.0,
        "SANE": 0.0,
        "VALID": 0.0,
        "total": 100.0
    }
}