{
    "counter": {
        "ACTIVE": 23628,
        "INACTIVE": 28935,
        "INVALID": 0,
        "MALICIOUS": 0,
        "SANE": 0,
        "VALID": 0,
        "total": 52563
    },
    "percentage": {
        "ACTIVE": 44.95177215912334,
        "INACTIVE": 55.04822784087666,
        "INVALID": 0.0,
        "MALICIOUS": 0.0,
        "SANE": 0.0,
        "VALID": 0.0,
        "total": 100.0
    }
}