{
    "counter": {
        "ACTIVE": 24390,
        "INACTIVE": 30303,
        "INVALID": 0,
        "MALICIOUS": 0,
        "SANE": 0,
        "VALID": 0,
        "total": 54693
    },
    "percentage": {
        "ACTIVE": 44.59437222313642,
        "INACTIVE": 55.40562777686358,
        "INVALID": 0.0,
        "MALICIOUS": 0.0,
        "SANE": 0.0,
        "VALID": 0.0,
        "total": 100.0
    }
}