{
    "counter": {
        "ACTIVE": 21591,
        "INACTIVE": 26534,
        "INVALID": 0,
        "MALICIOUS": 0,
        "SANE": 0,
        "VALID": 0,
        "total": 48125
    },
    "percentage": {
        "ACTIVE": 44.86441558441558,
        "INACTIVE": 55.13558441558442,
        "INVALID": 0.0,
        "MALICIOUS": 0.0,
        "SANE": 0.0,
        "VALID": 0.0,
        "total": 100.0
    }
}