{
    "counter": {
        "ACTIVE": 35394,
        "INACTIVE": 44336,
        "INVALID": 0,
        "MALICIOUS": 0,
        "SANE": 0,
        "VALID": 0,
        "total": 79730
    },
    "percentage": {
        "ACTIVE": 44.39232409381663,
        "INACTIVE": 55.60767590618337,
        "INVALID": 0.0,
        "MALICIOUS": 0.0,
        "SANE": 0.0,
        "VALID": 0.0,
        "total": 100.0
    }
}