{
    "counter": {
        "ACTIVE": 37582,
        "INACTIVE": 46374,
        "INVALID": 0,
        "MALICIOUS": 0,
        "SANE": 0,
        "VALID": 0,
        "total": 83956
    },
    "percentage": {
        "ACTIVE": 44.76392396016961,
        "INACTIVE": 55.23607603983039,
        "INVALID": 0.0,
        "MALICIOUS": 0.0,
        "SANE": 0.0,
        "VALID": 0.0,
        "total": 100.0
    }
}