{
    "counter": {
        "ACTIVE": 16571,
        "INACTIVE": 21654,
        "INVALID": 0,
        "MALICIOUS": 0,
        "SANE": 0,
        "VALID": 0,
        "total": 38225
    },
    "percentage": {
        "ACTIVE": 43.351209941138,
        "INACTIVE": 56.653236356025324,
        "INVALID": 0,
        "MALICIOUS": 0,
        "SANE": 0,
        "VALID": 0,
        "total": 100.00444629716333
    }
}