{
    "counter": {
        "ACTIVE": 996,
        "INACTIVE": 1245,
        "INVALID": 0,
        "MALICIOUS": 0,
        "SANE": 0,
        "VALID": 0,
        "total": 2241
    },
    "percentage": {
        "ACTIVE": 44.44444444444444,
        "INACTIVE": 55.580357142857146,
        "INVALID": 0,
        "MALICIOUS": 0,
        "SANE": 0,
        "VALID": 0,
        "total": 100.0248015873016
    }
}