{
    "counter": {
        "ACTIVE": 494,
        "INACTIVE": 680,
        "INVALID": 0,
        "MALICIOUS": 0,
        "SANE": 0,
        "VALID": 0,
        "total": 1174
    },
    "percentage": {
        "ACTIVE": 42.078364565587734,
        "INACTIVE": 57.971014492753625,
        "INVALID": 0,
        "MALICIOUS": 0,
        "SANE": 0,
        "VALID": 0,
        "total": 100.04937905834136
    }
}