{
    "counter": {
        "ACTIVE": 28621,
        "INACTIVE": 36501,
        "INVALID": 0,
        "MALICIOUS": 0,
        "SANE": 0,
        "VALID": 0,
        "total": 65122
    },
    "percentage": {
        "ACTIVE": 43.94981726605448,
        "INACTIVE": 56.05190417690417,
        "INVALID": 0.0,
        "MALICIOUS": 0.0,
        "SANE": 0.0,
        "VALID": 0.0,
        "total": 100.00172144295865
    }
}