{
    "counter": {
        "ACTIVE": 13737,
        "INACTIVE": 18014,
        "INVALID": 0,
        "MALICIOUS": 0,
        "SANE": 0,
        "VALID": 0,
        "total": 31751
    },
    "percentage": {
        "ACTIVE": 43.264779062076784,
        "INACTIVE": 56.737007874015745,
        "INVALID": 0,
        "MALICIOUS": 0,
        "SANE": 0,
        "VALID": 0,
        "total": 100.00178693609253
    }
}