{
    "counter": {
        "ACTIVE": 11916,
        "INACTIVE": 14675,
        "INVALID": 0,
        "MALICIOUS": 0,
        "SANE": 0,
        "VALID": 0,
        "total": 26591
    },
    "percentage": {
        "ACTIVE": 44.812154488360726,
        "INACTIVE": 55.196148493624705,
        "INVALID": 0,
        "MALICIOUS": 0,
        "SANE": 0,
        "VALID": 0,
        "total": 100.00830298198542
    }
}