{
    "counter": {
        "ACTIVE": 26319,
        "INACTIVE": 33706,
        "INVALID": 0,
        "MALICIOUS": 0,
        "SANE": 0,
        "VALID": 0,
        "total": 60025
    },
    "percentage": {
        "ACTIVE": 43.846730528946274,
        "INACTIVE": 56.153269471053726,
        "INVALID": 0.0,
        "MALICIOUS": 0.0,
        "SANE": 0.0,
        "VALID": 0.0,
        "total": 100.0
    }
}