{
    "counter": {
        "ACTIVE": 31635,
        "INACTIVE": 39649,
        "INVALID": 0,
        "MALICIOUS": 0,
        "SANE": 0,
        "VALID": 0,
        "total": 71284
    },
    "percentage": {
        "ACTIVE": 44.37944530954084,
        "INACTIVE": 55.62117726277987,
        "INVALID": 0.0,
        "MALICIOUS": 0.0,
        "SANE": 0.0,
        "VALID": 0.0,
        "total": 100.00062257232071
    }
}