{
    "counter": {
        "ACTIVE": 33099,
        "INACTIVE": 41732,
        "INVALID": 0,
        "MALICIOUS": 0,
        "SANE": 0,
        "VALID": 0,
        "total": 74831
    },
    "percentage": {
        "ACTIVE": 44.23166869345592,
        "INACTIVE": 55.76833130654408,
        "INVALID": 0.0,
        "MALICIOUS": 0.0,
        "SANE": 0.0,
        "VALID": 0.0,
        "total": 100.0
    }
}