{
    "counter": {
        "ACTIVE": 9925,
        "INACTIVE": 12893,
        "INVALID": 0,
        "MALICIOUS": 0,
        "SANE": 0,
        "VALID": 0,
        "total": 22818
    },
    "percentage": {
        "ACTIVE": 43.4963625208169,
        "INACTIVE": 56.5085904628331,
        "INVALID": 0,
        "MALICIOUS": 0,
        "SANE": 0,
        "VALID": 0,
        "total": 100.00495298365
    }
}