{
    "counter": {
        "ACTIVE": 40474,
        "INACTIVE": 53539,
        "INVALID": 0,
        "MALICIOUS": 0,
        "SANE": 0,
        "VALID": 0,
        "total": 94013
    },
    "percentage": {
        "ACTIVE": 43.051492878644446,
        "INACTIVE": 56.948507121355554,
        "INVALID": 0.0,
        "MALICIOUS": 0.0,
        "SANE": 0.0,
        "VALID": 0.0,
        "total": 100.0
    }
}