{
    "counter": {
        "ACTIVE": 33886,
        "INACTIVE": 42687,
        "INVALID": 0,
        "MALICIOUS": 0,
        "SANE": 0,
        "VALID": 0,
        "total": 76573
    },
    "percentage": {
        "ACTIVE": 44.25319629634466,
        "INACTIVE": 55.74680370365534,
        "INVALID": 0.0,
        "MALICIOUS": 0.0,
        "SANE": 0.0,
        "VALID": 0.0,
        "total": 100.0
    }
}