{
    "counter": {
        "ACTIVE": 39760,
        "INACTIVE": 49799,
        "INVALID": 0,
        "MALICIOUS": 0,
        "SANE": 0,
        "VALID": 0,
        "total": 89559
    },
    "percentage": {
        "ACTIVE": 44.39531482039773,
        "INACTIVE": 55.60468517960227,
        "INVALID": 0.0,
        "MALICIOUS": 0.0,
        "SANE": 0.0,
        "VALID": 0.0,
        "total": 100.0
    }
}