{
    "counter": {
        "ACTIVE": 39355,
        "INACTIVE": 48883,
        "INVALID": 0,
        "MALICIOUS": 0,
        "SANE": 0,
        "VALID": 0,
        "total": 88238
    },
    "percentage": {
        "ACTIVE": 44.60096557038918,
        "INACTIVE": 55.39903442961082,
        "INVALID": 0.0,
        "MALICIOUS": 0.0,
        "SANE": 0.0,
        "VALID": 0.0,
        "total": 100.0
    }
}