{
    "counter": {
        "ACTIVE": 24751,
        "INACTIVE": 30678,
        "INVALID": 0,
        "MALICIOUS": 0,
        "SANE": 0,
        "VALID": 0,
        "total": 55429
    },
    "percentage": {
        "ACTIVE": 44.65352072020062,
        "INACTIVE": 55.34647927979938,
        "INVALID": 0.0,
        "MALICIOUS": 0.0,
        "SANE": 0.0,
        "VALID": 0.0,
        "total": 100.0
    }
}