{
    "counter": {
        "ACTIVE": 37394,
        "INACTIVE": 46217,
        "INVALID": 0,
        "MALICIOUS": 0,
        "SANE": 0,
        "VALID": 0,
        "total": 83611
    },
    "percentage": {
        "ACTIVE": 44.72378036382773,
        "INACTIVE": 55.27621963617227,
        "INVALID": 0.0,
        "MALICIOUS": 0.0,
        "SANE": 0.0,
        "VALID": 0.0,
        "total": 100.0
    }
}