{
    "counter": {
        "ACTIVE": 21190,
        "INACTIVE": 26129,
        "INVALID": 0,
        "MALICIOUS": 0,
        "SANE": 0,
        "VALID": 0,
        "total": 47319
    },
    "percentage": {
        "ACTIVE": 44.78116612777109,
        "INACTIVE": 55.220000845344266,
        "INVALID": 0,
        "MALICIOUS": 0,
        "SANE": 0,
        "VALID": 0,
        "total": 100.00116697311535
    }
}