{
    "counter": {
        "ACTIVE": 30649,
        "INACTIVE": 38430,
        "INVALID": 0,
        "MALICIOUS": 0,
        "SANE": 0,
        "VALID": 0,
        "total": 69079
    },
    "percentage": {
        "ACTIVE": 44.36804238625342,
        "INACTIVE": 55.63598459623013,
        "INVALID": 0.0,
        "MALICIOUS": 0.0,
        "SANE": 0.0,
        "VALID": 0.0,
        "total": 100.00402698248355
    }
}