{
    "counter": {
        "ACTIVE": 38062,
        "INACTIVE": 47075,
        "INVALID": 0,
        "MALICIOUS": 0,
        "SANE": 0,
        "VALID": 0,
        "total": 85137
    },
    "percentage": {
        "ACTIVE": 44.706766740665046,
        "INACTIVE": 55.293233259334954,
        "INVALID": 0.0,
        "MALICIOUS": 0.0,
        "SANE": 0.0,
        "VALID": 0.0,
        "total": 100.0
    }
}