{
    "counter": {
        "ACTIVE": 25585,
        "INACTIVE": 32474,
        "INVALID": 0,
        "MALICIOUS": 0,
        "SANE": 0,
        "VALID": 0,
        "total": 58059
    },
    "percentage": {
        "ACTIVE": 44.06724194354019,
        "INACTIVE": 55.93275805645981,
        "INVALID": 0.0,
        "MALICIOUS": 0.0,
        "SANE": 0.0,
        "VALID": 0.0,
        "total": 100.0
    }
}