{
    "counter": {
        "ACTIVE": 27425,
        "INACTIVE": 35174,
        "INVALID": 0,
        "MALICIOUS": 0,
        "SANE": 0,
        "VALID": 0,
        "total": 62599
    },
    "percentage": {
        "ACTIVE": 43.81060400325884,
        "INACTIVE": 56.18939599674116,
        "INVALID": 0.0,
        "MALICIOUS": 0.0,
        "SANE": 0.0,
        "VALID": 0.0,
        "total": 100.0
    }
}