{
    "counter": {
        "ACTIVE": 9727,
        "INACTIVE": 12792,
        "INVALID": 0,
        "MALICIOUS": 0,
        "SANE": 0,
        "VALID": 0,
        "total": 22519
    },
    "percentage": {
        "ACTIVE": 43.19463564101425,
        "INACTIVE": 56.81797992360309,
        "INVALID": 0,
        "MALICIOUS": 0,
        "SANE": 0,
        "VALID": 0,
        "total": 100.01261556461733
    }
}