{
    "counter": {
        "ACTIVE": 1339,
        "INACTIVE": 1492,
        "INVALID": 0,
        "MALICIOUS": 0,
        "SANE": 0,
        "VALID": 0,
        "total": 2831
    },
    "percentage": {
        "ACTIVE": 47.297774637937124,
        "INACTIVE": 52.75813295615276,
        "INVALID": 0,
        "MALICIOUS": 0,
        "SANE": 0,
        "VALID": 0,
        "total": 100.05590759408989
    }
}