{
    "counter": {
        "ACTIVE": 20558,
        "INACTIVE": 25586,
        "INVALID": 0,
        "MALICIOUS": 0,
        "SANE": 0,
        "VALID": 0,
        "total": 46144
    },
    "percentage": {
        "ACTIVE": 44.55183772538142,
        "INACTIVE": 55.450565645182266,
        "INVALID": 0,
        "MALICIOUS": 0,
        "SANE": 0,
        "VALID": 0,
        "total": 100.00240337056368
    }
}