{
    "counter": {
        "ACTIVE": 225,
        "INACTIVE": 329,
        "INVALID": 0,
        "MALICIOUS": 0,
        "SANE": 0,
        "VALID": 0,
        "total": 554
    },
    "percentage": {
        "ACTIVE": 40.76086956521739,
        "INACTIVE": 59.38628158844765,
        "INVALID": 0,
        "MALICIOUS": 0,
        "SANE": 0,
        "VALID": 0,
        "total": 100.14715115366505
    }
}