{
    "counter": {
        "ACTIVE": 33386,
        "INACTIVE": 42128,
        "INVALID": 0,
        "MALICIOUS": 0,
        "SANE": 0,
        "VALID": 0,
        "total": 75514
    },
    "percentage": {
        "ACTIVE": 44.2116693593241,
        "INACTIVE": 55.7883306406759,
        "INVALID": 0.0,
        "MALICIOUS": 0.0,
        "SANE": 0.0,
        "VALID": 0.0,
        "total": 100.0
    }
}