{
    "counter": {
        "ACTIVE": 26034,
        "INACTIVE": 33337,
        "INVALID": 0,
        "MALICIOUS": 0,
        "SANE": 0,
        "VALID": 0,
        "total": 59371
    },
    "percentage": {
        "ACTIVE": 43.84969092654663,
        "INACTIVE": 56.15030907345337,
        "INVALID": 0.0,
        "MALICIOUS": 0.0,
        "SANE": 0.0,
        "VALID": 0.0,
        "total": 100.0
    }
}