{
    "counter": {
        "ACTIVE": 12688,
        "INACTIVE": 15934,
        "INVALID": 0,
        "MALICIOUS": 0,
        "SANE": 0,
        "VALID": 0,
        "total": 28622
    },
    "percentage": {
        "ACTIVE": 44.32953672000559,
        "INACTIVE": 55.67240837147549,
        "INVALID": 0,
        "MALICIOUS": 0,
        "SANE": 0,
        "VALID": 0,
        "total": 100.00194509148108
    }
}