{
    "counter": {
        "ACTIVE": 36052,
        "INACTIVE": 45115,
        "INVALID": 0,
        "MALICIOUS": 0,
        "SANE": 0,
        "VALID": 0,
        "total": 81167
    },
    "percentage": {
        "ACTIVE": 44.41706604901007,
        "INACTIVE": 55.58293395098993,
        "INVALID": 0.0,
        "MALICIOUS": 0.0,
        "SANE": 0.0,
        "VALID": 0.0,
        "total": 100.0
    }
}