{
    "counter": {
        "ACTIVE": 14731,
        "INACTIVE": 19772,
        "INVALID": 0,
        "MALICIOUS": 0,
        "SANE": 0,
        "VALID": 0,
        "total": 34503
    },
    "percentage": {
        "ACTIVE": 42.70473981736484,
        "INACTIVE": 57.30516186998232,
        "INVALID": 0,
        "MALICIOUS": 0,
        "SANE": 0,
        "VALID": 0,
        "total": 100.00990168734717
    }
}