{
    "counter": {
        "ACTIVE": 40002,
        "INACTIVE": 50353,
        "INVALID": 0,
        "MALICIOUS": 0,
        "SANE": 0,
        "VALID": 0,
        "total": 90355
    },
    "percentage": {
        "ACTIVE": 44.27203807204914,
        "INACTIVE": 55.72796192795086,
        "INVALID": 0.0,
        "MALICIOUS": 0.0,
        "SANE": 0.0,
        "VALID": 0.0,
        "total": 100.0
    }
}