{
    "counter": {
        "ACTIVE": 11737,
        "INACTIVE": 14532,
        "INVALID": 0,
        "MALICIOUS": 0,
        "SANE": 0,
        "VALID": 0,
        "total": 26269
    },
    "percentage": {
        "ACTIVE": 44.68684561203122,
        "INACTIVE": 55.31995888690091,
        "INVALID": 0,
        "MALICIOUS": 0,
        "SANE": 0,
        "VALID": 0,
        "total": 100.00680449893213
    }
}