{
    "counter": {
        "ACTIVE": 519,
        "INACTIVE": 714,
        "INVALID": 0,
        "MALICIOUS": 0,
        "SANE": 0,
        "VALID": 0,
        "total": 1233
    },
    "percentage": {
        "ACTIVE": 42.092457420924575,
        "INACTIVE": 57.95454545454545,
        "INVALID": 0,
        "MALICIOUS": 0,
        "SANE": 0,
        "VALID": 0,
        "total": 100.04700287547003
    }
}