{
    "counter": {
        "ACTIVE": 39998,
        "INACTIVE": 50340,
        "INVALID": 0,
        "MALICIOUS": 0,
        "SANE": 0,
        "VALID": 0,
        "total": 90338
    },
    "percentage": {
        "ACTIVE": 44.275941464278596,
        "INACTIVE": 55.724058535721404,
        "INVALID": 0.0,
        "MALICIOUS": 0.0,
        "SANE": 0.0,
        "VALID": 0.0,
        "total": 100.0
    }
}