{
    "counter": {
        "ACTIVE": 9311,
        "INACTIVE": 12405,
        "INVALID": 0,
        "MALICIOUS": 0,
        "SANE": 0,
        "VALID": 0,
        "total": 21716
    },
    "percentage": {
        "ACTIVE": 42.88411938098747,
        "INACTIVE": 57.12377970160251,
        "INVALID": 0,
        "MALICIOUS": 0,
        "SANE": 0,
        "VALID": 0,
        "total": 100.00789908258997
    }
}