{
    "counter": {
        "ACTIVE": 38472,
        "INACTIVE": 47537,
        "INVALID": 0,
        "MALICIOUS": 0,
        "SANE": 0,
        "VALID": 0,
        "total": 86009
    },
    "percentage": {
        "ACTIVE": 44.73020265321071,
        "INACTIVE": 55.26979734678929,
        "INVALID": 0.0,
        "MALICIOUS": 0.0,
        "SANE": 0.0,
        "VALID": 0.0,
        "total": 100.0
    }
}