{
    "counter": {
        "ACTIVE": 9991,
        "INACTIVE": 12966,
        "INVALID": 0,
        "MALICIOUS": 0,
        "SANE": 0,
        "VALID": 0,
        "total": 22957
    },
    "percentage": {
        "ACTIVE": 43.52807911819806,
        "INACTIVE": 56.47950516182428,
        "INVALID": 0,
        "MALICIOUS": 0,
        "SANE": 0,
        "VALID": 0,
        "total": 100.00758428002234
    }
}