{
    "counter": {
        "ACTIVE": 26206,
        "INACTIVE": 33596,
        "INVALID": 0,
        "MALICIOUS": 0,
        "SANE": 0,
        "VALID": 0,
        "total": 59802
    },
    "percentage": {
        "ACTIVE": 43.8212768803719,
        "INACTIVE": 56.1787231196281,
        "INVALID": 0.0,
        "MALICIOUS": 0.0,
        "SANE": 0.0,
        "VALID": 0.0,
        "total": 100.0
    }
}