{
    "counter": {
        "ACTIVE": 26155,
        "INACTIVE": 33500,
        "INVALID": 0,
        "MALICIOUS": 0,
        "SANE": 0,
        "VALID": 0,
        "total": 59655
    },
    "percentage": {
        "ACTIVE": 43.843768334590564,
        "INACTIVE": 56.156231665409436,
        "INVALID": 0.0,
        "MALICIOUS": 0.0,
        "SANE": 0.0,
        "VALID": 0.0,
        "total": 100.0
    }
}