{
    "counter": {
        "ACTIVE": 32848,
        "INACTIVE": 41359,
        "INVALID": 0,
        "MALICIOUS": 0,
        "SANE": 0,
        "VALID": 0,
        "total": 74207
    },
    "percentage": {
        "ACTIVE": 44.26536580106998,
        "INACTIVE": 55.73463419893002,
        "INVALID": 0.0,
        "MALICIOUS": 0.0,
        "SANE": 0.0,
        "VALID": 0.0,
        "total": 100.0
    }
}