{
    "counter": {
        "ACTIVE": 40458,
        "INACTIVE": 53515,
        "INVALID": 0,
        "MALICIOUS": 0,
        "SANE": 0,
        "VALID": 0,
        "total": 93973
    },
    "percentage": {
        "ACTIVE": 43.05279175933513,
        "INACTIVE": 56.94720824066487,
        "INVALID": 0.0,
        "MALICIOUS": 0.0,
        "SANE": 0.0,
        "VALID": 0.0,
        "total": 100.0
    }
}