{
    "counter": {
        "ACTIVE": 40589,
        "INACTIVE": 53895,
        "INVALID": 0,
        "MALICIOUS": 0,
        "SANE": 0,
        "VALID": 0,
        "total": 94484
    },
    "percentage": {
        "ACTIVE": 42.958596164429956,
        "INACTIVE": 57.041403835570044,
        "INVALID": 0.0,
        "MALICIOUS": 0.0,
        "SANE": 0.0,
        "VALID": 0.0,
        "total": 100.0
    }
}