{
    "counter": {
        "ACTIVE": 28315,
        "INACTIVE": 36195,
        "INVALID": 0,
        "MALICIOUS": 0,
        "SANE": 0,
        "VALID": 0,
        "total": 64510
    },
    "percentage": {
        "ACTIVE": 43.89241977987909,
        "INACTIVE": 56.10931977429156,
        "INVALID": 0.0,
        "MALICIOUS": 0.0,
        "SANE": 0.0,
        "VALID": 0.0,
        "total": 100.00173955417065
    }
}