{
    "counter": {
        "ACTIVE": 11694,
        "INACTIVE": 14490,
        "INVALID": 0,
        "MALICIOUS": 0,
        "SANE": 0,
        "VALID": 0,
        "total": 26184
    },
    "percentage": {
        "ACTIVE": 44.66086159486709,
        "INACTIVE": 55.341251957376926,
        "INVALID": 0,
        "MALICIOUS": 0,
        "SANE": 0,
        "VALID": 0,
        "total": 100.00211355224403
    }
}