{
    "counter": {
        "ACTIVE": 35184,
        "INACTIVE": 44064,
        "INVALID": 0,
        "MALICIOUS": 0,
        "SANE": 0,
        "VALID": 0,
        "total": 79248
    },
    "percentage": {
        "ACTIVE": 44.397334948516054,
        "INACTIVE": 55.602665051483946,
        "INVALID": 0.0,
        "MALICIOUS": 0.0,
        "SANE": 0.0,
        "VALID": 0.0,
        "total": 100.0
    }
}