{
    "counter": {
        "ACTIVE": 42150,
        "INACTIVE": 56044,
        "INVALID": 0,
        "MALICIOUS": 0,
        "SANE": 0,
        "VALID": 0,
        "total": 98194
    },
    "percentage": {
        "ACTIVE": 42.92522964743263,
        "INACTIVE": 57.07477035256737,
        "INVALID": 0.0,
        "MALICIOUS": 0.0,
        "SANE": 0.0,
        "VALID": 0.0,
        "total": 100.0
    }
}