{
    "counter": {
        "ACTIVE": 5931,
        "INACTIVE": 7407,
        "INVALID": 0,
        "MALICIOUS": 0,
        "SANE": 0,
        "VALID": 0,
        "total": 13338
    },
    "percentage": {
        "ACTIVE": 44.47694038245219,
        "INACTIVE": 55.53306342780027,
        "INVALID": 0,
        "MALICIOUS": 0,
        "SANE": 0,
        "VALID": 0,
        "total": 100.01000381025247
    }
}