{
    "counter": {
        "ACTIVE": 44393,
        "INACTIVE": 59512,
        "INVALID": 0,
        "MALICIOUS": 0,
        "SANE": 0,
        "VALID": 0,
        "total": 103905
    },
    "percentage": {
        "ACTIVE": 42.724604205764884,
        "INACTIVE": 57.275395794235116,
        "INVALID": 0.0,
        "MALICIOUS": 0.0,
        "SANE": 0.0,
        "VALID": 0.0,
        "total": 100.0
    }
}