{
    "counter": {
        "ACTIVE": 11581,
        "INACTIVE": 14358,
        "INVALID": 0,
        "MALICIOUS": 0,
        "SANE": 0,
        "VALID": 0,
        "total": 25939
    },
    "percentage": {
        "ACTIVE": 44.64705655576545,
        "INACTIVE": 55.36148062463852,
        "INVALID": 0,
        "MALICIOUS": 0,
        "SANE": 0,
        "VALID": 0,
        "total": 100.00853718040398
    }
}