{
    "counter": {
        "ACTIVE": 1196,
        "INACTIVE": 1387,
        "INVALID": 0,
        "MALICIOUS": 0,
        "SANE": 0,
        "VALID": 0,
        "total": 2583
    },
    "percentage": {
        "ACTIVE": 46.30274874177313,
        "INACTIVE": 53.75968992248062,
        "INVALID": 0,
        "MALICIOUS": 0,
        "SANE": 0,
        "VALID": 0,
        "total": 100.06243866425375
    }
}