{
    "counter": {
        "ACTIVE": 5749,
        "INACTIVE": 7182,
        "INVALID": 0,
        "MALICIOUS": 0,
        "SANE": 0,
        "VALID": 0,
        "total": 12931
    },
    "percentage": {
        "ACTIVE": 44.46249033255994,
        "INACTIVE": 55.54094810919496,
        "INVALID": 0,
        "MALICIOUS": 0,
        "SANE": 0,
        "VALID": 0,
        "total": 100.0034384417549
    }
}