{
    "counter": {
        "ACTIVE": 39690,
        "INACTIVE": 49683,
        "INVALID": 0,
        "MALICIOUS": 0,
        "SANE": 0,
        "VALID": 0,
        "total": 89373
    },
    "percentage": {
        "ACTIVE": 44.40938538484777,
        "INACTIVE": 55.59061461515223,
        "INVALID": 0.0,
        "MALICIOUS": 0.0,
        "SANE": 0.0,
        "VALID": 0.0,
        "total": 100.0
    }
}