{
    "counter": {
        "ACTIVE": 40116,
        "INACTIVE": 50971,
        "INVALID": 0,
        "MALICIOUS": 0,
        "SANE": 0,
        "VALID": 0,
        "total": 91087
    },
    "percentage": {
        "ACTIVE": 44.041410958753715,
        "INACTIVE": 55.958589041246285,
        "INVALID": 0.0,
        "MALICIOUS": 0.0,
        "SANE": 0.0,
        "VALID": 0.0,
        "total": 100.0
    }
}