{
    "counter": {
        "ACTIVE": 39923,
        "INACTIVE": 50141,
        "INVALID": 0,
        "MALICIOUS": 0,
        "SANE": 0,
        "VALID": 0,
        "total": 90064
    },
    "percentage": {
        "ACTIVE": 44.32736720554273,
        "INACTIVE": 55.67263279445727,
        "INVALID": 0.0,
        "MALICIOUS": 0.0,
        "SANE": 0.0,
        "VALID": 0.0,
        "total": 100.0
    }
}