{
    "counter": {
        "ACTIVE": 27682,
        "INACTIVE": 35343,
        "INVALID": 0,
        "MALICIOUS": 0,
        "SANE": 0,
        "VALID": 0,
        "total": 63025
    },
    "percentage": {
        "ACTIVE": 43.922253074176915,
        "INACTIVE": 56.077746925823085,
        "INVALID": 0.0,
        "MALICIOUS": 0.0,
        "SANE": 0.0,
        "VALID": 0.0,
        "total": 100.0
    }
}