{
    "counter": {
        "ACTIVE": 36284,
        "INACTIVE": 45406,
        "INVALID": 0,
        "MALICIOUS": 0,
        "SANE": 0,
        "VALID": 0,
        "total": 81690
    },
    "percentage": {
        "ACTIVE": 44.41669727016771,
        "INACTIVE": 55.58330272983229,
        "INVALID": 0.0,
        "MALICIOUS": 0.0,
        "SANE": 0.0,
        "VALID": 0.0,
        "total": 100.0
    }
}