{
    "counter": {
        "ACTIVE": 24115,
        "INACTIVE": 29803,
        "INVALID": 0,
        "MALICIOUS": 0,
        "SANE": 0,
        "VALID": 0,
        "total": 53918
    },
    "percentage": {
        "ACTIVE": 44.72532363960087,
        "INACTIVE": 55.27467636039913,
        "INVALID": 0.0,
        "MALICIOUS": 0.0,
        "SANE": 0.0,
        "VALID": 0.0,
        "total": 100.0
    }
}