{
    "counter": {
        "ACTIVE": 22934,
        "INACTIVE": 28061,
        "INVALID": 0,
        "MALICIOUS": 0,
        "SANE": 0,
        "VALID": 0,
        "total": 50995
    },
    "percentage": {
        "ACTIVE": 44.97303657221296,
        "INACTIVE": 55.02696342778704,
        "INVALID": 0.0,
        "MALICIOUS": 0.0,
        "SANE": 0.0,
        "VALID": 0.0,
        "total": 100.0
    }
}