{
    "counter": {
        "ACTIVE": 31323,
        "INACTIVE": 39210,
        "INVALID": 0,
        "MALICIOUS": 0,
        "SANE": 0,
        "VALID": 0,
        "total": 70533
    },
    "percentage": {
        "ACTIVE": 44.409629671638406,
        "INACTIVE": 55.59099995746672,
        "INVALID": 0.0,
        "MALICIOUS": 0.0,
        "SANE": 0.0,
        "VALID": 0.0,
        "total": 100.00062962910513
    }
}