{
    "counter": {
        "ACTIVE": 31655,
        "INACTIVE": 39669,
        "INVALID": 0,
        "MALICIOUS": 0,
        "SANE": 0,
        "VALID": 0,
        "total": 71324
    },
    "percentage": {
        "ACTIVE": 44.38197521170994,
        "INACTIVE": 55.618804593188734,
        "INVALID": 0.0,
        "MALICIOUS": 0.0,
        "SANE": 0.0,
        "VALID": 0.0,
        "total": 100.00077980489868
    }
}