{
    "counter": {
        "ACTIVE": 21812,
        "INACTIVE": 26782,
        "INVALID": 0,
        "MALICIOUS": 0,
        "SANE": 0,
        "VALID": 0,
        "total": 48594
    },
    "percentage": {
        "ACTIVE": 44.88619994237972,
        "INACTIVE": 55.11380005762028,
        "INVALID": 0.0,
        "MALICIOUS": 0.0,
        "SANE": 0.0,
        "VALID": 0.0,
        "total": 100.0
    }
}