{
    "counter": {
        "ACTIVE": 32948,
        "INACTIVE": 41544,
        "INVALID": 0,
        "MALICIOUS": 0,
        "SANE": 0,
        "VALID": 0,
        "total": 74492
    },
    "percentage": {
        "ACTIVE": 44.23025291306449,
        "INACTIVE": 55.76974708693551,
        "INVALID": 0.0,
        "MALICIOUS": 0.0,
        "SANE": 0.0,
        "VALID": 0.0,
        "total": 100.0
    }
}