{
    "counter": {
        "ACTIVE": 42198,
        "INACTIVE": 56097,
        "INVALID": 0,
        "MALICIOUS": 0,
        "SANE": 0,
        "VALID": 0,
        "total": 98295
    },
    "percentage": {
        "ACTIVE": 42.92995574546009,
        "INACTIVE": 57.07004425453991,
        "INVALID": 0.0,
        "MALICIOUS": 0.0,
        "SANE": 0.0,
        "VALID": 0.0,
        "total": 100.0
    }
}