{
    "counter": {
        "ACTIVE": 3738,
        "INACTIVE": 4571,
        "INVALID": 0,
        "MALICIOUS": 0,
        "SANE": 0,
        "VALID": 0,
        "total": 8309
    },
    "percentage": {
        "ACTIVE": 44.99819429396894,
        "INACTIVE": 55.012636899747264,
        "INVALID": 0,
        "MALICIOUS": 0,
        "SANE": 0,
        "VALID": 0,
        "total": 100.0108311937162
    }
}