{
    "counter": {
        "ACTIVE": 36606,
        "INACTIVE": 45807,
        "INVALID": 0,
        "MALICIOUS": 0,
        "SANE": 0,
        "VALID": 0,
        "total": 82413
    },
    "percentage": {
        "ACTIVE": 44.41774962687926,
        "INACTIVE": 55.58225037312074,
        "INVALID": 0.0,
        "MALICIOUS": 0.0,
        "SANE": 0.0,
        "VALID": 0.0,
        "total": 100.0
    }
}