{
    "counter": {
        "ACTIVE": 40098,
        "INACTIVE": 50827,
        "INVALID": 0,
        "MALICIOUS": 0,
        "SANE": 0,
        "VALID": 0,
        "total": 90925
    },
    "percentage": {
        "ACTIVE": 44.100082485565025,
        "INACTIVE": 55.899917514434975,
        "INVALID": 0.0,
        "MALICIOUS": 0.0,
        "SANE": 0.0,
        "VALID": 0.0,
        "total": 100.0
    }
}