{
    "counter": {
        "ACTIVE": 22473,
        "INACTIVE": 27634,
        "INVALID": 0,
        "MALICIOUS": 0,
        "SANE": 0,
        "VALID": 0,
        "total": 50107
    },
    "percentage": {
        "ACTIVE": 44.85002095515597,
        "INACTIVE": 55.14997904484403,
        "INVALID": 0.0,
        "MALICIOUS": 0.0,
        "SANE": 0.0,
        "VALID": 0.0,
        "total": 100.0
    }
}