{
    "counter": {
        "ACTIVE": 11586,
        "INACTIVE": 14372,
        "INVALID": 0,
        "MALICIOUS": 0,
        "SANE": 0,
        "VALID": 0,
        "total": 25958
    },
    "percentage": {
        "ACTIVE": 44.640517839254066,
        "INACTIVE": 55.366361044764616,
        "INVALID": 0,
        "MALICIOUS": 0,
        "SANE": 0,
        "VALID": 0,
        "total": 100.00687888401868
    }
}