{
    "counter": {
        "ACTIVE": 34841,
        "INACTIVE": 43431,
        "INVALID": 0,
        "MALICIOUS": 0,
        "SANE": 0,
        "VALID": 0,
        "total": 78272
    },
    "percentage": {
        "ACTIVE": 44.51272485690924,
        "INACTIVE": 55.48727514309076,
        "INVALID": 0.0,
        "MALICIOUS": 0.0,
        "SANE": 0.0,
        "VALID": 0.0,
        "total": 100.0
    }
}