{
    "counter": {
        "ACTIVE": 41804,
        "INACTIVE": 55544,
        "INVALID": 0,
        "MALICIOUS": 0,
        "SANE": 0,
        "VALID": 0,
        "total": 97348
    },
    "percentage": {
        "ACTIVE": 42.9428442289518,
        "INACTIVE": 57.0571557710482,
        "INVALID": 0.0,
        "MALICIOUS": 0.0,
        "SANE": 0.0,
        "VALID": 0.0,
        "total": 100.0
    }
}