{
    "counter": {
        "ACTIVE": 15541,
        "INACTIVE": 20951,
        "INVALID": 0,
        "MALICIOUS": 0,
        "SANE": 0,
        "VALID": 0,
        "total": 36492
    },
    "percentage": {
        "ACTIVE": 42.58741642003727,
        "INACTIVE": 57.41573033707865,
        "INVALID": 0,
        "MALICIOUS": 0,
        "SANE": 0,
        "VALID": 0,
        "total": 100.00314675711593
    }
}