{
    "counter": {
        "ACTIVE": 29556,
        "INACTIVE": 37412,
        "INVALID": 0,
        "MALICIOUS": 0,
        "SANE": 0,
        "VALID": 0,
        "total": 66968
    },
    "percentage": {
        "ACTIVE": 44.135171054399926,
        "INACTIVE": 55.86548799426592,
        "INVALID": 0.0,
        "MALICIOUS": 0.0,
        "SANE": 0.0,
        "VALID": 0.0,
        "total": 100.00065904866585
    }
}