{
    "counter": {
        "ACTIVE": 33779,
        "INACTIVE": 42608,
        "INVALID": 0,
        "MALICIOUS": 0,
        "SANE": 0,
        "VALID": 0,
        "total": 76387
    },
    "percentage": {
        "ACTIVE": 44.2208752798251,
        "INACTIVE": 55.7791247201749,
        "INVALID": 0.0,
        "MALICIOUS": 0.0,
        "SANE": 0.0,
        "VALID": 0.0,
        "total": 100.0
    }
}