{
    "counter": {
        "ACTIVE": 7616,
        "INACTIVE": 10060,
        "INVALID": 0,
        "MALICIOUS": 0,
        "SANE": 0,
        "VALID": 0,
        "total": 17676
    },
    "percentage": {
        "ACTIVE": 43.086671192577505,
        "INACTIVE": 56.916548797736915,
        "INVALID": 0,
        "MALICIOUS": 0,
        "SANE": 0,
        "VALID": 0,
        "total": 100.00321999031442
    }
}