{
    "counter": {
        "ACTIVE": 2966,
        "INACTIVE": 3596,
        "INVALID": 0,
        "MALICIOUS": 0,
        "SANE": 0,
        "VALID": 0,
        "total": 6562
    },
    "percentage": {
        "ACTIVE": 45.21341463414634,
        "INACTIVE": 54.80036574215178,
        "INVALID": 0,
        "MALICIOUS": 0,
        "SANE": 0,
        "VALID": 0,
        "total": 100.01378037629812
    }
}