{
    "counter": {
        "ACTIVE": 16041,
        "INACTIVE": 21191,
        "INVALID": 0,
        "MALICIOUS": 0,
        "SANE": 0,
        "VALID": 0,
        "total": 37232
    },
    "percentage": {
        "ACTIVE": 43.08506352233354,
        "INACTIVE": 56.91609368285346,
        "INVALID": 0,
        "MALICIOUS": 0,
        "SANE": 0,
        "VALID": 0,
        "total": 100.001157205187
    }
}