{
    "counter": {
        "ACTIVE": 3226,
        "INACTIVE": 4021,
        "INVALID": 0,
        "MALICIOUS": 0,
        "SANE": 0,
        "VALID": 0,
        "total": 7247
    },
    "percentage": {
        "ACTIVE": 44.521115097985096,
        "INACTIVE": 55.48502828756727,
        "INVALID": 0,
        "MALICIOUS": 0,
        "SANE": 0,
        "VALID": 0,
        "total": 100.00614338555236
    }
}