{
    "counter": {
        "ACTIVE": 32170,
        "INACTIVE": 40358,
        "INVALID": 0,
        "MALICIOUS": 0,
        "SANE": 0,
        "VALID": 0,
        "total": 72528
    },
    "percentage": {
        "ACTIVE": 44.35528347672623,
        "INACTIVE": 55.64471652327377,
        "INVALID": 0.0,
        "MALICIOUS": 0.0,
        "SANE": 0.0,
        "VALID": 0.0,
        "total": 100.0
    }
}