{
    "counter": {
        "ACTIVE": 7935,
        "INACTIVE": 10447,
        "INVALID": 0,
        "MALICIOUS": 0,
        "SANE": 0,
        "VALID": 0,
        "total": 18382
    },
    "percentage": {
        "ACTIVE": 43.197778866568676,
        "INACTIVE": 56.83277118920683,
        "INVALID": 0,
        "MALICIOUS": 0,
        "SANE": 0,
        "VALID": 0,
        "total": 100.0305500557755
    }
}