{
    "counter": {
        "ACTIVE": 29300,
        "INACTIVE": 37103,
        "INVALID": 0,
        "MALICIOUS": 0,
        "SANE": 0,
        "VALID": 0,
        "total": 66403
    },
    "percentage": {
        "ACTIVE": 44.124512446726804,
        "INACTIVE": 55.87632902623415,
        "INVALID": 0.0,
        "MALICIOUS": 0.0,
        "SANE": 0.0,
        "VALID": 0.0,
        "total": 100.00084147296096
    }
}