{
    "counter": {
        "ACTIVE": 13966,
        "INACTIVE": 18441,
        "INVALID": 0,
        "MALICIOUS": 0,
        "SANE": 0,
        "VALID": 0,
        "total": 32407
    },
    "percentage": {
        "ACTIVE": 43.0969573535765,
        "INACTIVE": 56.90437251211158,
        "INVALID": 0,
        "MALICIOUS": 0,
        "SANE": 0,
        "VALID": 0,
        "total": 100.00132986568808
    }
}