{
    "counter": {
        "ACTIVE": 34227,
        "INACTIVE": 42919,
        "INVALID": 0,
        "MALICIOUS": 0,
        "SANE": 0,
        "VALID": 0,
        "total": 77146
    },
    "percentage": {
        "ACTIVE": 44.36652580820781,
        "INACTIVE": 55.63347419179219,
        "INVALID": 0.0,
        "MALICIOUS": 0.0,
        "SANE": 0.0,
        "VALID": 0.0,
        "total": 100.0
    }
}