{
    "counter": {
        "ACTIVE": 18339,
        "INACTIVE": 23439,
        "INVALID": 0,
        "MALICIOUS": 0,
        "SANE": 0,
        "VALID": 0,
        "total": 41778
    },
    "percentage": {
        "ACTIVE": 43.89630906218584,
        "INACTIVE": 56.10906305357399,
        "INVALID": 0,
        "MALICIOUS": 0,
        "SANE": 0,
        "VALID": 0,
        "total": 100.00537211575983
    }
}