{
    "counter": {
        "ACTIVE": 27664,
        "INACTIVE": 35320,
        "INVALID": 0,
        "MALICIOUS": 0,
        "SANE": 0,
        "VALID": 0,
        "total": 62984
    },
    "percentage": {
        "ACTIVE": 43.92226597231043,
        "INACTIVE": 56.07773402768957,
        "INVALID": 0.0,
        "MALICIOUS": 0.0,
        "SANE": 0.0,
        "VALID": 0.0,
        "total": 100.0
    }
}