{
    "counter": {
        "ACTIVE": 39221,
        "INACTIVE": 48552,
        "INVALID": 0,
        "MALICIOUS": 0,
        "SANE": 0,
        "VALID": 0,
        "total": 87773
    },
    "percentage": {
        "ACTIVE": 44.68458409761544,
        "INACTIVE": 55.31541590238456,
        "INVALID": 0.0,
        "MALICIOUS": 0.0,
        "SANE": 0.0,
        "VALID": 0.0,
        "total": 100.0
    }
}