{
    "counter": {
        "ACTIVE": 38308,
        "INACTIVE": 47339,
        "INVALID": 0,
        "MALICIOUS": 0,
        "SANE": 0,
        "VALID": 0,
        "total": 85647
    },
    "percentage": {
        "ACTIVE": 44.72777797237498,
        "INACTIVE": 55.27222202762502,
        "INVALID": 0.0,
        "MALICIOUS": 0.0,
        "SANE": 0.0,
        "VALID": 0.0,
        "total": 100.0
    }
}