{
    "counter": {
        "ACTIVE": 28455,
        "INACTIVE": 36344,
        "INVALID": 0,
        "MALICIOUS": 0,
        "SANE": 0,
        "VALID": 0,
        "total": 64799
    },
    "percentage": {
        "ACTIVE": 43.91339238865397,
        "INACTIVE": 56.08728529761262,
        "INVALID": 0.0,
        "MALICIOUS": 0.0,
        "SANE": 0.0,
        "VALID": 0.0,
        "total": 100.00067768626658
    }
}