{
    "counter": {
        "ACTIVE": 43688,
        "INACTIVE": 58631,
        "INVALID": 0,
        "MALICIOUS": 0,
        "SANE": 0,
        "VALID": 0,
        "total": 102319
    },
    "percentage": {
        "ACTIVE": 42.69783715634438,
        "INACTIVE": 57.30216284365562,
        "INVALID": 0.0,
        "MALICIOUS": 0.0,
        "SANE": 0.0,
        "VALID": 0.0,
        "total": 100.0
    }
}