{
    "counter": {
        "ACTIVE": 4504,
        "INACTIVE": 5710,
        "INVALID": 0,
        "MALICIOUS": 0,
        "SANE": 0,
        "VALID": 0,
        "total": 10214
    },
    "percentage": {
        "ACTIVE": 44.10065602663272,
        "INACTIVE": 55.90366164088506,
        "INVALID": 0,
        "MALICIOUS": 0,
        "SANE": 0,
        "VALID": 0,
        "total": 100.00431766751778
    }
}