{
    "counter": {
        "ACTIVE": 4610,
        "INACTIVE": 5895,
        "INVALID": 0,
        "MALICIOUS": 0,
        "SANE": 0,
        "VALID": 0,
        "total": 10505
    },
    "percentage": {
        "ACTIVE": 43.95499618611747,
        "INACTIVE": 56.116135173726796,
        "INVALID": 0,
        "MALICIOUS": 0,
        "SANE": 0,
        "VALID": 0,
        "total": 100.07113135984426
    }
}