{
    "counter": {
        "ACTIVE": 29510,
        "INACTIVE": 37365,
        "INVALID": 0,
        "MALICIOUS": 0,
        "SANE": 0,
        "VALID": 0,
        "total": 66875
    },
    "percentage": {
        "ACTIVE": 44.12776265813321,
        "INACTIVE": 55.87289719626168,
        "INVALID": 0.0,
        "MALICIOUS": 0.0,
        "SANE": 0.0,
        "VALID": 0.0,
        "total": 100.00065985439488
    }
}