{
    "counter": {
        "ACTIVE": 27710,
        "INACTIVE": 35385,
        "INVALID": 0,
        "MALICIOUS": 0,
        "SANE": 0,
        "VALID": 0,
        "total": 63095
    },
    "percentage": {
        "ACTIVE": 43.917901576987084,
        "INACTIVE": 56.082987288807175,
        "INVALID": 0.0,
        "MALICIOUS": 0.0,
        "SANE": 0.0,
        "VALID": 0.0,
        "total": 100.00088886579425
    }
}