{
    "counter": {
        "ACTIVE": 25199,
        "INACTIVE": 31622,
        "INVALID": 0,
        "MALICIOUS": 0,
        "SANE": 0,
        "VALID": 0,
        "total": 56821
    },
    "percentage": {
        "ACTIVE": 44.34804033719927,
        "INACTIVE": 55.65195966280073,
        "INVALID": 0.0,
        "MALICIOUS": 0.0,
        "SANE": 0.0,
        "VALID": 0.0,
        "total": 100.0
    }
}