{
    "counter": {
        "ACTIVE": 16982,
        "INACTIVE": 22029,
        "INVALID": 0,
        "MALICIOUS": 0,
        "SANE": 0,
        "VALID": 0,
        "total": 39011
    },
    "percentage": {
        "ACTIVE": 43.53131168132065,
        "INACTIVE": 56.47158348073521,
        "INVALID": 0,
        "MALICIOUS": 0,
        "SANE": 0,
        "VALID": 0,
        "total": 100.00289516205586
    }
}