{
    "counter": {
        "ACTIVE": 38843,
        "INACTIVE": 47967,
        "INVALID": 0,
        "MALICIOUS": 0,
        "SANE": 0,
        "VALID": 0,
        "total": 86810
    },
    "percentage": {
        "ACTIVE": 44.74484506393273,
        "INACTIVE": 55.25515493606727,
        "INVALID": 0.0,
        "MALICIOUS": 0.0,
        "SANE": 0.0,
        "VALID": 0.0,
        "total": 100.0
    }
}