{
    "counter": {
        "ACTIVE": 13234,
        "INACTIVE": 17122,
        "INVALID": 0,
        "MALICIOUS": 0,
        "SANE": 0,
        "VALID": 0,
        "total": 30356
    },
    "percentage": {
        "ACTIVE": 43.59599420213467,
        "INACTIVE": 56.405863943337174,
        "INVALID": 0,
        "MALICIOUS": 0,
        "SANE": 0,
        "VALID": 0,
        "total": 100.00185814547184
    }
}