{
    "counter": {
        "ACTIVE": 18139,
        "INACTIVE": 23257,
        "INVALID": 0,
        "MALICIOUS": 0,
        "SANE": 0,
        "VALID": 0,
        "total": 41396
    },
    "percentage": {
        "ACTIVE": 43.818243308532224,
        "INACTIVE": 56.187185929648244,
        "INVALID": 0,
        "MALICIOUS": 0,
        "SANE": 0,
        "VALID": 0,
        "total": 100.00542923818047
    }
}