{
    "counter": {
        "ACTIVE": 5393,
        "INACTIVE": 6712,
        "INVALID": 0,
        "MALICIOUS": 0,
        "SANE": 0,
        "VALID": 0,
        "total": 12105
    },
    "percentage": {
        "ACTIVE": 44.555518836748185,
        "INACTIVE": 55.4481619165634,
        "INVALID": 0,
        "MALICIOUS": 0,
        "SANE": 0,
        "VALID": 0,
        "total": 100.00368075331158
    }
}