{
    "counter": {
        "ACTIVE": 32873,
        "INACTIVE": 41384,
        "INVALID": 0,
        "MALICIOUS": 0,
        "SANE": 0,
        "VALID": 0,
        "total": 74257
    },
    "percentage": {
        "ACTIVE": 44.269227143568955,
        "INACTIVE": 55.730772856431045,
        "INVALID": 0.0,
        "MALICIOUS": 0.0,
        "SANE": 0.0,
        "VALID": 0.0,
        "total": 100.0
    }
}