{
    "counter": {
        "ACTIVE": 44205,
        "INACTIVE": 59290,
        "INVALID": 0,
        "MALICIOUS": 0,
        "SANE": 0,
        "VALID": 0,
        "total": 103495
    },
    "percentage": {
        "ACTIVE": 42.71220831924248,
        "INACTIVE": 57.28779168075752,
        "INVALID": 0.0,
        "MALICIOUS": 0.0,
        "SANE": 0.0,
        "VALID": 0.0,
        "total": 100.0
    }
}