{
    "counter": {
        "ACTIVE": 4619,
        "INACTIVE": 5911,
        "INVALID": 0,
        "MALICIOUS": 0,
        "SANE": 0,
        "VALID": 0,
        "total": 10530
    },
    "percentage": {
        "ACTIVE": 43.89849838433758,
        "INACTIVE": 56.13485280151947,
        "INVALID": 0,
        "MALICIOUS": 0,
        "SANE": 0,
        "VALID": 0,
        "total": 100.03335118585704
    }
}