{
    "counter": {
        "ACTIVE": 21837,
        "INACTIVE": 26809,
        "INVALID": 0,
        "MALICIOUS": 0,
        "SANE": 0,
        "VALID": 0,
        "total": 48646
    },
    "percentage": {
        "ACTIVE": 44.88961065658019,
        "INACTIVE": 55.11038934341981,
        "INVALID": 0.0,
        "MALICIOUS": 0.0,
        "SANE": 0.0,
        "VALID": 0.0,
        "total": 100.0
    }
}