{
    "counter": {
        "ACTIVE": 13187,
        "INACTIVE": 17042,
        "INVALID": 0,
        "MALICIOUS": 0,
        "SANE": 0,
        "VALID": 0,
        "total": 30229
    },
    "percentage": {
        "ACTIVE": 43.626559036622886,
        "INACTIVE": 56.37632736775944,
        "INVALID": 0,
        "MALICIOUS": 0,
        "SANE": 0,
        "VALID": 0,
        "total": 100.00288640438232
    }
}