{
    "counter": {
        "ACTIVE": 25254,
        "INACTIVE": 31772,
        "INVALID": 0,
        "MALICIOUS": 0,
        "SANE": 0,
        "VALID": 0,
        "total": 57026
    },
    "percentage": {
        "ACTIVE": 44.2850629537404,
        "INACTIVE": 55.7149370462596,
        "INVALID": 0.0,
        "MALICIOUS": 0.0,
        "SANE": 0.0,
        "VALID": 0.0,
        "total": 100.0
    }
}