{
    "counter": {
        "ACTIVE": 7595,
        "INACTIVE": 10033,
        "INVALID": 0,
        "MALICIOUS": 0,
        "SANE": 0,
        "VALID": 0,
        "total": 17628
    },
    "percentage": {
        "ACTIVE": 43.08486498751986,
        "INACTIVE": 56.92805265546981,
        "INVALID": 0,
        "MALICIOUS": 0,
        "SANE": 0,
        "VALID": 0,
        "total": 100.01291764298966
    }
}