{
    "counter": {
        "ACTIVE": 24684,
        "INACTIVE": 30572,
        "INVALID": 0,
        "MALICIOUS": 0,
        "SANE": 0,
        "VALID": 0,
        "total": 55256
    },
    "percentage": {
        "ACTIVE": 44.672071811206024,
        "INACTIVE": 55.327928188793976,
        "INVALID": 0.0,
        "MALICIOUS": 0.0,
        "SANE": 0.0,
        "VALID": 0.0,
        "total": 100.0
    }
}