{
    "counter": {
        "ACTIVE": 8925,
        "INACTIVE": 11986,
        "INVALID": 0,
        "MALICIOUS": 0,
        "SANE": 0,
        "VALID": 0,
        "total": 20911
    },
    "percentage": {
        "ACTIVE": 42.680885658265986,
        "INACTIVE": 57.32185557149689,
        "INVALID": 0,
        "MALICIOUS": 0,
        "SANE": 0,
        "VALID": 0,
        "total": 100.00274122976288
    }
}