{
    "counter": {
        "ACTIVE": 38248,
        "INACTIVE": 47283,
        "INVALID": 0,
        "MALICIOUS": 0,
        "SANE": 0,
        "VALID": 0,
        "total": 85531
    },
    "percentage": {
        "ACTIVE": 44.71828927523354,
        "INACTIVE": 55.28171072476646,
        "INVALID": 0.0,
        "MALICIOUS": 0.0,
        "SANE": 0.0,
        "VALID": 0.0,
        "total": 100.0
    }
}