{
    "counter": {
        "ACTIVE": 39264,
        "INACTIVE": 48657,
        "INVALID": 0,
        "MALICIOUS": 0,
        "SANE": 0,
        "VALID": 0,
        "total": 87921
    },
    "percentage": {
        "ACTIVE": 44.658272767598184,
        "INACTIVE": 55.341727232401816,
        "INVALID": 0.0,
        "MALICIOUS": 0.0,
        "SANE": 0.0,
        "VALID": 0.0,
        "total": 100.0
    }
}