{
    "counter": {
        "ACTIVE": 19330,
        "INACTIVE": 24208,
        "INVALID": 0,
        "MALICIOUS": 0,
        "SANE": 0,
        "VALID": 0,
        "total": 43538
    },
    "percentage": {
        "ACTIVE": 44.399016928130095,
        "INACTIVE": 55.60200284808673,
        "INVALID": 0,
        "MALICIOUS": 0,
        "SANE": 0,
        "VALID": 0,
        "total": 100.00101977621682
    }
}