{
    "counter": {
        "ACTIVE": 27151,
        "INACTIVE": 34789,
        "INVALID": 0,
        "MALICIOUS": 0,
        "SANE": 0,
        "VALID": 0,
        "total": 61940
    },
    "percentage": {
        "ACTIVE": 43.83435582822086,
        "INACTIVE": 56.16564417177914,
        "INVALID": 0.0,
        "MALICIOUS": 0.0,
        "SANE": 0.0,
        "VALID": 0.0,
        "total": 100.0
    }
}