{
    "counter": {
        "ACTIVE": 26308,
        "INACTIVE": 33699,
        "INVALID": 0,
        "MALICIOUS": 0,
        "SANE": 0,
        "VALID": 0,
        "total": 60007
    },
    "percentage": {
        "ACTIVE": 43.84155181895446,
        "INACTIVE": 56.15844818104554,
        "INVALID": 0.0,
        "MALICIOUS": 0.0,
        "SANE": 0.0,
        "VALID": 0.0,
        "total": 100.0
    }
}