{
    "counter": {
        "ACTIVE": 17005,
        "INACTIVE": 22060,
        "INVALID": 0,
        "MALICIOUS": 0,
        "SANE": 0,
        "VALID": 0,
        "total": 39065
    },
    "percentage": {
        "ACTIVE": 43.53112840466926,
        "INACTIVE": 56.46998592090106,
        "INVALID": 0,
        "MALICIOUS": 0,
        "SANE": 0,
        "VALID": 0,
        "total": 100.00111432557031
    }
}