{
    "counter": {
        "ACTIVE": 7073,
        "INACTIVE": 9362,
        "INVALID": 0,
        "MALICIOUS": 0,
        "SANE": 0,
        "VALID": 0,
        "total": 16435
    },
    "percentage": {
        "ACTIVE": 43.036203224825066,
        "INACTIVE": 56.97766417138336,
        "INVALID": 0,
        "MALICIOUS": 0,
        "SANE": 0,
        "VALID": 0,
        "total": 100.01386739620843
    }
}