{
    "counter": {
        "ACTIVE": 25460,
        "INACTIVE": 32168,
        "INVALID": 0,
        "MALICIOUS": 0,
        "SANE": 0,
        "VALID": 0,
        "total": 57628
    },
    "percentage": {
        "ACTIVE": 44.17991254251405,
        "INACTIVE": 55.82008745748595,
        "INVALID": 0.0,
        "MALICIOUS": 0.0,
        "SANE": 0.0,
        "VALID": 0.0,
        "total": 100.0
    }
}