{
    "counter": {
        "ACTIVE": 12401,
        "INACTIVE": 15308,
        "INVALID": 0,
        "MALICIOUS": 0,
        "SANE": 0,
        "VALID": 0,
        "total": 27709
    },
    "percentage": {
        "ACTIVE": 44.754411923923634,
        "INACTIVE": 55.247581925797604,
        "INVALID": 0,
        "MALICIOUS": 0,
        "SANE": 0,
        "VALID": 0,
        "total": 100.00199384972123
    }
}