{
    "counter": {
        "ACTIVE": 4730,
        "INACTIVE": 6080,
        "INVALID": 0,
        "MALICIOUS": 0,
        "SANE": 0,
        "VALID": 0,
        "total": 10810
    },
    "percentage": {
        "ACTIVE": 43.755781683626275,
        "INACTIVE": 56.24942177814784,
        "INVALID": 0,
        "MALICIOUS": 0,
        "SANE": 0,
        "VALID": 0,
        "total": 100.00520346177412
    }
}