{
    "counter": {
        "ACTIVE": 24422,
        "INACTIVE": 30329,
        "INVALID": 0,
        "MALICIOUS": 0,
        "SANE": 0,
        "VALID": 0,
        "total": 54751
    },
    "percentage": {
        "ACTIVE": 44.60557798031086,
        "INACTIVE": 55.39442201968914,
        "INVALID": 0.0,
        "MALICIOUS": 0.0,
        "SANE": 0.0,
        "VALID": 0.0,
        "total": 100.0
    }
}