{
    "counter": {
        "ACTIVE": 33862,
        "INACTIVE": 42665,
        "INVALID": 0,
        "MALICIOUS": 0,
        "SANE": 0,
        "VALID": 0,
        "total": 76527
    },
    "percentage": {
        "ACTIVE": 44.24843519280777,
        "INACTIVE": 55.75156480719223,
        "INVALID": 0.0,
        "MALICIOUS": 0.0,
        "SANE": 0.0,
        "VALID": 0.0,
        "total": 100.0
    }
}