{
    "counter": {
        "ACTIVE": 23580,
        "INACTIVE": 28893,
        "INVALID": 0,
        "MALICIOUS": 0,
        "SANE": 0,
        "VALID": 0,
        "total": 52473
    },
    "percentage": {
        "ACTIVE": 44.937396375278716,
        "INACTIVE": 55.062603624721284,
        "INVALID": 0.0,
        "MALICIOUS": 0.0,
        "SANE": 0.0,
        "VALID": 0.0,
        "total": 100.0
    }
}