{
    "counter": {
        "ACTIVE": 41229,
        "INACTIVE": 54940,
        "INVALID": 0,
        "MALICIOUS": 0,
        "SANE": 0,
        "VALID": 0,
        "total": 96169
    },
    "percentage": {
        "ACTIVE": 42.87140346681363,
        "INACTIVE": 57.12859653318637,
        "INVALID": 0.0,
        "MALICIOUS": 0.0,
        "SANE": 0.0,
        "VALID": 0.0,
        "total": 100.0
    }
}