{
    "counter": {
        "ACTIVE": 38387,
        "INACTIVE": 47419,
        "INVALID": 0,
        "MALICIOUS": 0,
        "SANE": 0,
        "VALID": 0,
        "total": 85806
    },
    "percentage": {
        "ACTIVE": 44.73696478101765,
        "INACTIVE": 55.26303521898235,
        "INVALID": 0.0,
        "MALICIOUS": 0.0,
        "SANE": 0.0,
        "VALID": 0.0,
        "total": 100.0
    }
}