{
    "counter": {
        "ACTIVE": 40859,
        "INACTIVE": 54571,
        "INVALID": 0,
        "MALICIOUS": 0,
        "SANE": 0,
        "VALID": 0,
        "total": 95430
    },
    "percentage": {
        "ACTIVE": 42.81567641202976,
        "INACTIVE": 57.18432358797024,
        "INVALID": 0.0,
        "MALICIOUS": 0.0,
        "SANE": 0.0,
        "VALID": 0.0,
        "total": 100.0
    }
}