{
    "counter": {
        "ACTIVE": 37704,
        "INACTIVE": 46555,
        "INVALID": 0,
        "MALICIOUS": 0,
        "SANE": 0,
        "VALID": 0,
        "total": 84259
    },
    "percentage": {
        "ACTIVE": 44.74774208096464,
        "INACTIVE": 55.25225791903536,
        "INVALID": 0.0,
        "MALICIOUS": 0.0,
        "SANE": 0.0,
        "VALID": 0.0,
        "total": 100.0
    }
}