{
    "counter": {
        "ACTIVE": 30028,
        "INACTIVE": 37828,
        "INVALID": 0,
        "MALICIOUS": 0,
        "SANE": 0,
        "VALID": 0,
        "total": 67856
    },
    "percentage": {
        "ACTIVE": 44.25318694274556,
        "INACTIVE": 55.74746522046687,
        "INVALID": 0.0,
        "MALICIOUS": 0.0,
        "SANE": 0.0,
        "VALID": 0.0,
        "total": 100.00065216321244
    }
}