{
    "counter": {
        "ACTIVE": 2568,
        "INACTIVE": 3274,
        "INVALID": 0,
        "MALICIOUS": 0,
        "SANE": 0,
        "VALID": 0,
        "total": 5842
    },
    "percentage": {
        "ACTIVE": 43.96507447354905,
        "INACTIVE": 56.042451215337216,
        "INVALID": 0,
        "MALICIOUS": 0,
        "SANE": 0,
        "VALID": 0,
        "total": 100.00752568888626
    }
}