{
    "counter": {
        "ACTIVE": 43903,
        "INACTIVE": 58904,
        "INVALID": 0,
        "MALICIOUS": 0,
        "SANE": 0,
        "VALID": 0,
        "total": 102807
    },
    "percentage": {
        "ACTIVE": 42.70429056387211,
        "INACTIVE": 57.29570943612789,
        "INVALID": 0.0,
        "MALICIOUS": 0.0,
        "SANE": 0.0,
        "VALID": 0.0,
        "total": 100.0
    }
}