{
    "counter": {
        "ACTIVE": 32545,
        "INACTIVE": 40833,
        "INVALID": 0,
        "MALICIOUS": 0,
        "SANE": 0,
        "VALID": 0,
        "total": 73378
    },
    "percentage": {
        "ACTIVE": 44.35253073128185,
        "INACTIVE": 55.64746926871815,
        "INVALID": 0.0,
        "MALICIOUS": 0.0,
        "SANE": 0.0,
        "VALID": 0.0,
        "total": 100.0
    }
}