{
    "counter": {
        "ACTIVE": 30528,
        "INACTIVE": 38283,
        "INVALID": 0,
        "MALICIOUS": 0,
        "SANE": 0,
        "VALID": 0,
        "total": 68811
    },
    "percentage": {
        "ACTIVE": 44.364999782011594,
        "INACTIVE": 55.63742588071155,
        "INVALID": 0.0,
        "MALICIOUS": 0.0,
        "SANE": 0.0,
        "VALID": 0.0,
        "total": 100.00242566272314
    }
}