{
    "counter": {
        "ACTIVE": 11288,
        "INACTIVE": 13987,
        "INVALID": 0,
        "MALICIOUS": 0,
        "SANE": 0,
        "VALID": 0,
        "total": 25275
    },
    "percentage": {
        "ACTIVE": 44.66603355492244,
        "INACTIVE": 55.339268051434225,
        "INVALID": 0,
        "MALICIOUS": 0,
        "SANE": 0,
        "VALID": 0,
        "total": 100.00530160635667
    }
}