{
    "counter": {
        "ACTIVE": 31605,
        "INACTIVE": 39601,
        "INVALID": 0,
        "MALICIOUS": 0,
        "SANE": 0,
        "VALID": 0,
        "total": 71206
    },
    "percentage": {
        "ACTIVE": 44.38530460916215,
        "INACTIVE": 55.615476441261144,
        "INVALID": 0.0,
        "MALICIOUS": 0.0,
        "SANE": 0.0,
        "VALID": 0.0,
        "total": 100.00078105042329
    }
}