{
    "counter": {
        "ACTIVE": 42391,
        "INACTIVE": 56408,
        "INVALID": 0,
        "MALICIOUS": 0,
        "SANE": 0,
        "VALID": 0,
        "total": 98799
    },
    "percentage": {
        "ACTIVE": 42.9063047196834,
        "INACTIVE": 57.0936952803166,
        "INVALID": 0.0,
        "MALICIOUS": 0.0,
        "SANE": 0.0,
        "VALID": 0.0,
        "total": 100.0
    }
}