{
    "counter": {
        "ACTIVE": 11709,
        "INACTIVE": 14506,
        "INVALID": 0,
        "MALICIOUS": 0,
        "SANE": 0,
        "VALID": 0,
        "total": 26215
    },
    "percentage": {
        "ACTIVE": 44.66867584786175,
        "INACTIVE": 55.33473202365058,
        "INVALID": 0,
        "MALICIOUS": 0,
        "SANE": 0,
        "VALID": 0,
        "total": 100.00340787151234
    }
}