{
    "counter": {
        "ACTIVE": 32389,
        "INACTIVE": 40601,
        "INVALID": 0,
        "MALICIOUS": 0,
        "SANE": 0,
        "VALID": 0,
        "total": 72990
    },
    "percentage": {
        "ACTIVE": 44.37457185915879,
        "INACTIVE": 55.62542814084121,
        "INVALID": 0.0,
        "MALICIOUS": 0.0,
        "SANE": 0.0,
        "VALID": 0.0,
        "total": 100.0
    }
}