{
    "counter": {
        "ACTIVE": 31226,
        "INACTIVE": 39049,
        "INVALID": 0,
        "MALICIOUS": 0,
        "SANE": 0,
        "VALID": 0,
        "total": 70275
    },
    "percentage": {
        "ACTIVE": 44.434009249377446,
        "INACTIVE": 55.56678145544583,
        "INVALID": 0.0,
        "MALICIOUS": 0.0,
        "SANE": 0.0,
        "VALID": 0.0,
        "total": 100.00079070482327
    }
}