{
    "counter": {
        "ACTIVE": 21543,
        "INACTIVE": 26474,
        "INVALID": 0,
        "MALICIOUS": 0,
        "SANE": 0,
        "VALID": 0,
        "total": 48017
    },
    "percentage": {
        "ACTIVE": 44.8653601849345,
        "INACTIVE": 55.1346398150655,
        "INVALID": 0.0,
        "MALICIOUS": 0.0,
        "SANE": 0.0,
        "VALID": 0.0,
        "total": 100.0
    }
}