{
    "counter": {
        "ACTIVE": 43040,
        "INACTIVE": 57417,
        "INVALID": 0,
        "MALICIOUS": 0,
        "SANE": 0,
        "VALID": 0,
        "total": 100457
    },
    "percentage": {
        "ACTIVE": 42.84420199687428,
        "INACTIVE": 57.15579800312572,
        "INVALID": 0.0,
        "MALICIOUS": 0.0,
        "SANE": 0.0,
        "VALID": 0.0,
        "total": 100.0
    }
}