{
    "counter": {
        "ACTIVE": 13199,
        "INACTIVE": 17080,
        "INVALID": 0,
        "MALICIOUS": 0,
        "SANE": 0,
        "VALID": 0,
        "total": 30279
    },
    "percentage": {
        "ACTIVE": 43.59558726383934,
        "INACTIVE": 56.40873212457479,
        "INVALID": 0,
        "MALICIOUS": 0,
        "SANE": 0,
        "VALID": 0,
        "total": 100.00431938841413
    }
}