{
    "counter": {
        "ACTIVE": 21963,
        "INACTIVE": 26936,
        "INVALID": 0,
        "MALICIOUS": 0,
        "SANE": 0,
        "VALID": 0,
        "total": 48899
    },
    "percentage": {
        "ACTIVE": 44.91502893719708,
        "INACTIVE": 55.08497106280292,
        "INVALID": 0.0,
        "MALICIOUS": 0.0,
        "SANE": 0.0,
        "VALID": 0.0,
        "total": 100.0
    }
}