{
    "counter": {
        "ACTIVE": 40292,
        "INACTIVE": 52466,
        "INVALID": 0,
        "MALICIOUS": 0,
        "SANE": 0,
        "VALID": 0,
        "total": 92758
    },
    "percentage": {
        "ACTIVE": 43.43776278056879,
        "INACTIVE": 56.56223721943121,
        "INVALID": 0.0,
        "MALICIOUS": 0.0,
        "SANE": 0.0,
        "VALID": 0.0,
        "total": 100.0
    }
}