{
    "counter": {
        "ACTIVE": 21907,
        "INACTIVE": 26873,
        "INVALID": 0,
        "MALICIOUS": 0,
        "SANE": 0,
        "VALID": 0,
        "total": 48780
    },
    "percentage": {
        "ACTIVE": 44.90979909799098,
        "INACTIVE": 55.09020090200902,
        "INVALID": 0.0,
        "MALICIOUS": 0.0,
        "SANE": 0.0,
        "VALID": 0.0,
        "total": 100.0
    }
}