{
    "counter": {
        "ACTIVE": 19931,
        "INACTIVE": 25066,
        "INVALID": 0,
        "MALICIOUS": 0,
        "SANE": 0,
        "VALID": 0,
        "total": 44997
    },
    "percentage": {
        "ACTIVE": 44.295048448751,
        "INACTIVE": 55.70593595128564,
        "INVALID": 0,
        "MALICIOUS": 0,
        "SANE": 0,
        "VALID": 0,
        "total": 100.00098440003663
    }
}