{
    "counter": {
        "ACTIVE": 11545,
        "INACTIVE": 14316,
        "INVALID": 0,
        "MALICIOUS": 0,
        "SANE": 0,
        "VALID": 0,
        "total": 25861
    },
    "percentage": {
        "ACTIVE": 44.64251189049148,
        "INACTIVE": 55.359628770301626,
        "INVALID": 0,
        "MALICIOUS": 0,
        "SANE": 0,
        "VALID": 0,
        "total": 100.0021406607931
    }
}