{
    "counter": {
        "ACTIVE": 19626,
        "INACTIVE": 24728,
        "INVALID": 0,
        "MALICIOUS": 0,
        "SANE": 0,
        "VALID": 0,
        "total": 44354
    },
    "percentage": {
        "ACTIVE": 44.24854579068404,
        "INACTIVE": 55.75271120330079,
        "INVALID": 0,
        "MALICIOUS": 0,
        "SANE": 0,
        "VALID": 0,
        "total": 100.00125699398484
    }
}