{
    "counter": {
        "ACTIVE": 19243,
        "INACTIVE": 24142,
        "INVALID": 0,
        "MALICIOUS": 0,
        "SANE": 0,
        "VALID": 0,
        "total": 43385
    },
    "percentage": {
        "ACTIVE": 44.3540394145442,
        "INACTIVE": 55.64724322330813,
        "INVALID": 0,
        "MALICIOUS": 0,
        "SANE": 0,
        "VALID": 0,
        "total": 100.00128263785233
    }
}