{
    "counter": {
        "ACTIVE": 38050,
        "INACTIVE": 47059,
        "INVALID": 0,
        "MALICIOUS": 0,
        "SANE": 0,
        "VALID": 0,
        "total": 85109
    },
    "percentage": {
        "ACTIVE": 44.707375248211115,
        "INACTIVE": 55.292624751788885,
        "INVALID": 0.0,
        "MALICIOUS": 0.0,
        "SANE": 0.0,
        "VALID": 0.0,
        "total": 100.0
    }
}