{
    "counter": {
        "ACTIVE": 9267,
        "INACTIVE": 12340,
        "INVALID": 0,
        "MALICIOUS": 0,
        "SANE": 0,
        "VALID": 0,
        "total": 21607
    },
    "percentage": {
        "ACTIVE": 42.88887860415606,
        "INACTIVE": 57.113764694992135,
        "INVALID": 0,
        "MALICIOUS": 0,
        "SANE": 0,
        "VALID": 0,
        "total": 100.00264329914819
    }
}