{
    "counter": {
        "ACTIVE": 16299,
        "INACTIVE": 21359,
        "INVALID": 0,
        "MALICIOUS": 0,
        "SANE": 0,
        "VALID": 0,
        "total": 37658
    },
    "percentage": {
        "ACTIVE": 43.283938814531545,
        "INACTIVE": 56.71835997663179,
        "INVALID": 0,
        "MALICIOUS": 0,
        "SANE": 0,
        "VALID": 0,
        "total": 100.00229879116333
    }
}