{
    "counter": {
        "ACTIVE": 20970,
        "INACTIVE": 25909,
        "INVALID": 0,
        "MALICIOUS": 0,
        "SANE": 0,
        "VALID": 0,
        "total": 46879
    },
    "percentage": {
        "ACTIVE": 44.73409134543593,
        "INACTIVE": 55.26781714627018,
        "INVALID": 0,
        "MALICIOUS": 0,
        "SANE": 0,
        "VALID": 0,
        "total": 100.0019084917061
    }
}