{
    "counter": {
        "ACTIVE": 44030,
        "INACTIVE": 59097,
        "INVALID": 0,
        "MALICIOUS": 0,
        "SANE": 0,
        "VALID": 0,
        "total": 103127
    },
    "percentage": {
        "ACTIVE": 42.6949295528814,
        "INACTIVE": 57.3050704471186,
        "INVALID": 0.0,
        "MALICIOUS": 0.0,
        "SANE": 0.0,
        "VALID": 0.0,
        "total": 100.0
    }
}