{
    "counter": {
        "ACTIVE": 42175,
        "INACTIVE": 56082,
        "INVALID": 0,
        "MALICIOUS": 0,
        "SANE": 0,
        "VALID": 0,
        "total": 98257
    },
    "percentage": {
        "ACTIVE": 42.92315051344942,
        "INACTIVE": 57.07684948655058,
        "INVALID": 0.0,
        "MALICIOUS": 0.0,
        "SANE": 0.0,
        "VALID": 0.0,
        "total": 100.0
    }
}