{
    "counter": {
        "ACTIVE": 43131,
        "INACTIVE": 57540,
        "INVALID": 0,
        "MALICIOUS": 0,
        "SANE": 0,
        "VALID": 0,
        "total": 100671
    },
    "percentage": {
        "ACTIVE": 42.84351998092797,
        "INACTIVE": 57.15648001907203,
        "INVALID": 0.0,
        "MALICIOUS": 0.0,
        "SANE": 0.0,
        "VALID": 0.0,
        "total": 100.0
    }
}