{
    "counter": {
        "ACTIVE": 28228,
        "INACTIVE": 36115,
        "INVALID": 0,
        "MALICIOUS": 0,
        "SANE": 0,
        "VALID": 0,
        "total": 64343
    },
    "percentage": {
        "ACTIVE": 43.871128172450774,
        "INACTIVE": 56.12974417954058,
        "INVALID": 0.0,
        "MALICIOUS": 0.0,
        "SANE": 0.0,
        "VALID": 0.0,
        "total": 100.00087235199135
    }
}