{
    "counter": {
        "ACTIVE": 21708,
        "INACTIVE": 26678,
        "INVALID": 0,
        "MALICIOUS": 0,
        "SANE": 0,
        "VALID": 0,
        "total": 48386
    },
    "percentage": {
        "ACTIVE": 44.864216922250236,
        "INACTIVE": 55.135783077749764,
        "INVALID": 0.0,
        "MALICIOUS": 0.0,
        "SANE": 0.0,
        "VALID": 0.0,
        "total": 100.0
    }
}