{
    "counter": {
        "ACTIVE": 32998,
        "INACTIVE": 41589,
        "INVALID": 0,
        "MALICIOUS": 0,
        "SANE": 0,
        "VALID": 0,
        "total": 74587
    },
    "percentage": {
        "ACTIVE": 44.24095351736898,
        "INACTIVE": 55.75904648263102,
        "INVALID": 0.0,
        "MALICIOUS": 0.0,
        "SANE": 0.0,
        "VALID": 0.0,
        "total": 100.0
    }
}