{
    "counter": {
        "ACTIVE": 38461,
        "INACTIVE": 47520,
        "INVALID": 0,
        "MALICIOUS": 0,
        "SANE": 0,
        "VALID": 0,
        "total": 85981
    },
    "percentage": {
        "ACTIVE": 44.73197566904316,
        "INACTIVE": 55.26802433095684,
        "INVALID": 0.0,
        "MALICIOUS": 0.0,
        "SANE": 0.0,
        "VALID": 0.0,
        "total": 100.0
    }
}