{
    "counter": {
        "ACTIVE": 21774,
        "INACTIVE": 26738,
        "INVALID": 0,
        "MALICIOUS": 0,
        "SANE": 0,
        "VALID": 0,
        "total": 48512
    },
    "percentage": {
        "ACTIVE": 44.883740105540895,
        "INACTIVE": 55.116259894459105,
        "INVALID": 0.0,
        "MALICIOUS": 0.0,
        "SANE": 0.0,
        "VALID": 0.0,
        "total": 100.0
    }
}