{
    "counter": {
        "ACTIVE": 13025,
        "INACTIVE": 16526,
        "INVALID": 0,
        "MALICIOUS": 0,
        "SANE": 0,
        "VALID": 0,
        "total": 29551
    },
    "percentage": {
        "ACTIVE": 44.07634259415925,
        "INACTIVE": 55.92554991539763,
        "INVALID": 0,
        "MALICIOUS": 0,
        "SANE": 0,
        "VALID": 0,
        "total": 100.00189250955688
    }
}