{
    "counter": {
        "ACTIVE": 10949,
        "INACTIVE": 13727,
        "INVALID": 0,
        "MALICIOUS": 0,
        "SANE": 0,
        "VALID": 0,
        "total": 24676
    },
    "percentage": {
        "ACTIVE": 44.371048792348844,
        "INACTIVE": 55.63120567375886,
        "INVALID": 0,
        "MALICIOUS": 0,
        "SANE": 0,
        "VALID": 0,
        "total": 100.0022544661077
    }
}