{
    "counter": {
        "ACTIVE": 35521,
        "INACTIVE": 44488,
        "INVALID": 0,
        "MALICIOUS": 0,
        "SANE": 0,
        "VALID": 0,
        "total": 80009
    },
    "percentage": {
        "ACTIVE": 44.39625542126511,
        "INACTIVE": 55.60374457873489,
        "INVALID": 0.0,
        "MALICIOUS": 0.0,
        "SANE": 0.0,
        "VALID": 0.0,
        "total": 100.0
    }
}