{
    "counter": {
        "ACTIVE": 25748,
        "INACTIVE": 32750,
        "INVALID": 0,
        "MALICIOUS": 0,
        "SANE": 0,
        "VALID": 0,
        "total": 58498
    },
    "percentage": {
        "ACTIVE": 44.015180006154054,
        "INACTIVE": 55.984819993845946,
        "INVALID": 0.0,
        "MALICIOUS": 0.0,
        "SANE": 0.0,
        "VALID": 0.0,
        "total": 100.0
    }
}