{
    "counter": {
        "ACTIVE": 20059,
        "INACTIVE": 25161,
        "INVALID": 0,
        "MALICIOUS": 0,
        "SANE": 0,
        "VALID": 0,
        "total": 45220
    },
    "percentage": {
        "ACTIVE": 44.358690844758954,
        "INACTIVE": 55.642539640416636,
        "INVALID": 0,
        "MALICIOUS": 0,
        "SANE": 0,
        "VALID": 0,
        "total": 100.0012304851756
    }
}