{
    "counter": {
        "ACTIVE": 42201,
        "INACTIVE": 56107,
        "INVALID": 0,
        "MALICIOUS": 0,
        "SANE": 0,
        "VALID": 0,
        "total": 98308
    },
    "percentage": {
        "ACTIVE": 42.92733043089067,
        "INACTIVE": 57.07266956910933,
        "INVALID": 0.0,
        "MALICIOUS": 0.0,
        "SANE": 0.0,
        "VALID": 0.0,
        "total": 100.0
    }
}