{
    "counter": {
        "ACTIVE": 5345,
        "INACTIVE": 6651,
        "INVALID": 0,
        "MALICIOUS": 0,
        "SANE": 0,
        "VALID": 0,
        "total": 11996
    },
    "percentage": {
        "ACTIVE": 44.560233430596085,
        "INACTIVE": 55.443481160386796,
        "INVALID": 0,
        "MALICIOUS": 0,
        "SANE": 0,
        "VALID": 0,
        "total": 100.00371459098288
    }
}