{
    "counter": {
        "ACTIVE": 12469,
        "INACTIVE": 15449,
        "INVALID": 0,
        "MALICIOUS": 0,
        "SANE": 0,
        "VALID": 0,
        "total": 27918
    },
    "percentage": {
        "ACTIVE": 44.66294147145211,
        "INACTIVE": 55.339040727871904,
        "INVALID": 0,
        "MALICIOUS": 0,
        "SANE": 0,
        "VALID": 0,
        "total": 100.001982199324
    }
}