{
    "counter": {
        "ACTIVE": 10401,
        "INACTIVE": 13298,
        "INVALID": 0,
        "MALICIOUS": 0,
        "SANE": 0,
        "VALID": 0,
        "total": 23699
    },
    "percentage": {
        "ACTIVE": 43.88792776066501,
        "INACTIVE": 56.11917623227549,
        "INVALID": 0,
        "MALICIOUS": 0,
        "SANE": 0,
        "VALID": 0,
        "total": 100.0071039929405
    }
}