{
    "counter": {
        "ACTIVE": 3614,
        "INACTIVE": 4412,
        "INVALID": 0,
        "MALICIOUS": 0,
        "SANE": 0,
        "VALID": 0,
        "total": 8026
    },
    "percentage": {
        "ACTIVE": 45.05672609400324,
        "INACTIVE": 54.97134313481186,
        "INVALID": 0,
        "MALICIOUS": 0,
        "SANE": 0,
        "VALID": 0,
        "total": 100.0280692288151
    }
}