{
    "counter": {
        "ACTIVE": 30089,
        "INACTIVE": 37868,
        "INVALID": 0,
        "MALICIOUS": 0,
        "SANE": 0,
        "VALID": 0,
        "total": 67957
    },
    "percentage": {
        "ACTIVE": 44.27652780434687,
        "INACTIVE": 55.72429218906351,
        "INVALID": 0.0,
        "MALICIOUS": 0.0,
        "SANE": 0.0,
        "VALID": 0.0,
        "total": 100.00081999341037
    }
}