{
    "counter": {
        "ACTIVE": 25651,
        "INACTIVE": 32604,
        "INVALID": 0,
        "MALICIOUS": 0,
        "SANE": 0,
        "VALID": 0,
        "total": 58255
    },
    "percentage": {
        "ACTIVE": 44.03227190799073,
        "INACTIVE": 55.96772809200927,
        "INVALID": 0.0,
        "MALICIOUS": 0.0,
        "SANE": 0.0,
        "VALID": 0.0,
        "total": 100.0
    }
}