{
    "counter": {
        "ACTIVE": 39202,
        "INACTIVE": 48521,
        "INVALID": 0,
        "MALICIOUS": 0,
        "SANE": 0,
        "VALID": 0,
        "total": 87723
    },
    "percentage": {
        "ACTIVE": 44.68839414976688,
        "INACTIVE": 55.31160585023312,
        "INVALID": 0.0,
        "MALICIOUS": 0.0,
        "SANE": 0.0,
        "VALID": 0.0,
        "total": 100.0
    }
}