{
    "counter": {
        "ACTIVE": 8478,
        "INACTIVE": 11346,
        "INVALID": 0,
        "MALICIOUS": 0,
        "SANE": 0,
        "VALID": 0,
        "total": 19824
    },
    "percentage": {
        "ACTIVE": 42.76634382566586,
        "INACTIVE": 57.23654340917116,
        "INVALID": 0,
        "MALICIOUS": 0,
        "SANE": 0,
        "VALID": 0,
        "total": 100.00288723483702
    }
}