{
    "counter": {
        "ACTIVE": 43746,
        "INACTIVE": 58710,
        "INVALID": 0,
        "MALICIOUS": 0,
        "SANE": 0,
        "VALID": 0,
        "total": 102456
    },
    "percentage": {
        "ACTIVE": 42.69735301007262,
        "INACTIVE": 57.30264698992738,
        "INVALID": 0.0,
        "MALICIOUS": 0.0,
        "SANE": 0.0,
        "VALID": 0.0,
        "total": 100.0
    }
}