{
    "counter": {
        "ACTIVE": 16742,
        "INACTIVE": 21802,
        "INVALID": 0,
        "MALICIOUS": 0,
        "SANE": 0,
        "VALID": 0,
        "total": 38544
    },
    "percentage": {
        "ACTIVE": 43.43607305936073,
        "INACTIVE": 56.56686212443568,
        "INVALID": 0,
        "MALICIOUS": 0,
        "SANE": 0,
        "VALID": 0,
        "total": 100.00293518379641
    }
}