{
    "counter": {
        "ACTIVE": 10725,
        "INACTIVE": 13596,
        "INVALID": 0,
        "MALICIOUS": 0,
        "SANE": 0,
        "VALID": 0,
        "total": 24321
    },
    "percentage": {
        "ACTIVE": 44.097693351424695,
        "INACTIVE": 55.9046052631579,
        "INVALID": 0,
        "MALICIOUS": 0,
        "SANE": 0,
        "VALID": 0,
        "total": 100.0022986145826
    }
}