{
    "counter": {
        "ACTIVE": 44320,
        "INACTIVE": 59410,
        "INVALID": 0,
        "MALICIOUS": 0,
        "SANE": 0,
        "VALID": 0,
        "total": 103730
    },
    "percentage": {
        "ACTIVE": 42.72630868601176,
        "INACTIVE": 57.27369131398824,
        "INVALID": 0.0,
        "MALICIOUS": 0.0,
        "SANE": 0.0,
        "VALID": 0.0,
        "total": 100.0
    }
}