{
    "counter": {
        "ACTIVE": 3848,
        "INACTIVE": 4774,
        "INVALID": 0,
        "MALICIOUS": 0,
        "SANE": 0,
        "VALID": 0,
        "total": 8622
    },
    "percentage": {
        "ACTIVE": 44.655912730648716,
        "INACTIVE": 55.3699837624681,
        "INVALID": 0,
        "MALICIOUS": 0,
        "SANE": 0,
        "VALID": 0,
        "total": 100.02589649311682
    }
}