{
    "counter": {
        "ACTIVE": 18372,
        "INACTIVE": 23471,
        "INVALID": 0,
        "MALICIOUS": 0,
        "SANE": 0,
        "VALID": 0,
        "total": 41843
    },
    "percentage": {
        "ACTIVE": 43.90908439090844,
        "INACTIVE": 56.09301436321488,
        "INVALID": 0,
        "MALICIOUS": 0,
        "SANE": 0,
        "VALID": 0,
        "total": 100.00209875412332
    }
}