{
    "counter": {
        "ACTIVE": 37640,
        "INACTIVE": 46448,
        "INVALID": 0,
        "MALICIOUS": 0,
        "SANE": 0,
        "VALID": 0,
        "total": 84088
    },
    "percentage": {
        "ACTIVE": 44.76262962610598,
        "INACTIVE": 55.23737037389402,
        "INVALID": 0.0,
        "MALICIOUS": 0.0,
        "SANE": 0.0,
        "VALID": 0.0,
        "total": 100.0
    }
}