{
    "counter": {
        "ACTIVE": 21546,
        "INACTIVE": 26477,
        "INVALID": 0,
        "MALICIOUS": 0,
        "SANE": 0,
        "VALID": 0,
        "total": 48023
    },
    "percentage": {
        "ACTIVE": 44.866001707515146,
        "INACTIVE": 55.133998292484854,
        "INVALID": 0.0,
        "MALICIOUS": 0.0,
        "SANE": 0.0,
        "VALID": 0.0,
        "total": 100.0
    }
}