{
    "counter": {
        "ACTIVE": 26997,
        "INACTIVE": 34588,
        "INVALID": 0,
        "MALICIOUS": 0,
        "SANE": 0,
        "VALID": 0,
        "total": 61585
    },
    "percentage": {
        "ACTIVE": 43.83697328895023,
        "INACTIVE": 56.16302671104977,
        "INVALID": 0.0,
        "MALICIOUS": 0.0,
        "SANE": 0.0,
        "VALID": 0.0,
        "total": 100.0
    }
}