{
    "counter": {
        "ACTIVE": 35141,
        "INACTIVE": 43988,
        "INVALID": 0,
        "MALICIOUS": 0,
        "SANE": 0,
        "VALID": 0,
        "total": 79129
    },
    "percentage": {
        "ACTIVE": 44.40976127589126,
        "INACTIVE": 55.59023872410874,
        "INVALID": 0.0,
        "MALICIOUS": 0.0,
        "SANE": 0.0,
        "VALID": 0.0,
        "total": 100.0
    }
}