{
    "counter": {
        "ACTIVE": 4077,
        "INACTIVE": 5115,
        "INVALID": 0,
        "MALICIOUS": 0,
        "SANE": 0,
        "VALID": 0,
        "total": 9192
    },
    "percentage": {
        "ACTIVE": 44.35861168534436,
        "INACTIVE": 55.646214099216714,
        "INVALID": 0,
        "MALICIOUS": 0,
        "SANE": 0,
        "VALID": 0,
        "total": 100.00482578456106
    }
}