{
    "counter": {
        "ACTIVE": 25485,
        "INACTIVE": 32195,
        "INVALID": 0,
        "MALICIOUS": 0,
        "SANE": 0,
        "VALID": 0,
        "total": 57680
    },
    "percentage": {
        "ACTIVE": 44.18342579750347,
        "INACTIVE": 55.81657420249653,
        "INVALID": 0.0,
        "MALICIOUS": 0.0,
        "SANE": 0.0,
        "VALID": 0.0,
        "total": 100.0
    }
}