{
    "counter": {
        "ACTIVE": 40925,
        "INACTIVE": 54608,
        "INVALID": 0,
        "MALICIOUS": 0,
        "SANE": 0,
        "VALID": 0,
        "total": 95533
    },
    "percentage": {
        "ACTIVE": 42.83860027425078,
        "INACTIVE": 57.16139972574922,
        "INVALID": 0.0,
        "MALICIOUS": 0.0,
        "SANE": 0.0,
        "VALID": 0.0,
        "total": 100.0
    }
}