{
    "counter": {
        "ACTIVE": 3794,
        "INACTIVE": 4663,
        "INVALID": 0,
        "MALICIOUS": 0,
        "SANE": 0,
        "VALID": 0,
        "total": 8457
    },
    "percentage": {
        "ACTIVE": 44.86754966887417,
        "INACTIVE": 55.13775570533286,
        "INVALID": 0,
        "MALICIOUS": 0,
        "SANE": 0,
        "VALID": 0,
        "total": 100.00530537420703
    }
}