{
    "counter": {
        "ACTIVE": 32310,
        "INACTIVE": 40513,
        "INVALID": 0,
        "MALICIOUS": 0,
        "SANE": 0,
        "VALID": 0,
        "total": 72823
    },
    "percentage": {
        "ACTIVE": 44.36785081636296,
        "INACTIVE": 55.63214918363704,
        "INVALID": 0.0,
        "MALICIOUS": 0.0,
        "SANE": 0.0,
        "VALID": 0.0,
        "total": 100.0
    }
}