{
    "counter": {
        "ACTIVE": 28216,
        "INACTIVE": 36107,
        "INVALID": 0,
        "MALICIOUS": 0,
        "SANE": 0,
        "VALID": 0,
        "total": 64323
    },
    "percentage": {
        "ACTIVE": 43.86611320989382,
        "INACTIVE": 56.13563221964833,
        "INVALID": 0.0,
        "MALICIOUS": 0.0,
        "SANE": 0.0,
        "VALID": 0.0,
        "total": 100.00174542954215
    }
}