{
    "counter": {
        "ACTIVE": 6043,
        "INACTIVE": 7567,
        "INVALID": 0,
        "MALICIOUS": 0,
        "SANE": 0,
        "VALID": 0,
        "total": 13610
    },
    "percentage": {
        "ACTIVE": 44.40117560617193,
        "INACTIVE": 55.60699588477366,
        "INVALID": 0,
        "MALICIOUS": 0,
        "SANE": 0,
        "VALID": 0,
        "total": 100.00817149094559
    }
}