{
    "counter": {
        "ACTIVE": 31616,
        "INACTIVE": 39616,
        "INVALID": 0,
        "MALICIOUS": 0,
        "SANE": 0,
        "VALID": 0,
        "total": 71232
    },
    "percentage": {
        "ACTIVE": 44.38516937850093,
        "INACTIVE": 55.61545372866128,
        "INVALID": 0.0,
        "MALICIOUS": 0.0,
        "SANE": 0.0,
        "VALID": 0.0,
        "total": 100.00062310716221
    }
}