{
    "counter": {
        "ACTIVE": 36510,
        "INACTIVE": 45664,
        "INVALID": 0,
        "MALICIOUS": 0,
        "SANE": 0,
        "VALID": 0,
        "total": 82174
    },
    "percentage": {
        "ACTIVE": 44.430111714167495,
        "INACTIVE": 55.569888285832505,
        "INVALID": 0.0,
        "MALICIOUS": 0.0,
        "SANE": 0.0,
        "VALID": 0.0,
        "total": 100.0
    }
}