{
    "counter": {
        "ACTIVE": 32662,
        "INACTIVE": 41065,
        "INVALID": 0,
        "MALICIOUS": 0,
        "SANE": 0,
        "VALID": 0,
        "total": 73727
    },
    "percentage": {
        "ACTIVE": 44.30127361753496,
        "INACTIVE": 55.69872638246504,
        "INVALID": 0.0,
        "MALICIOUS": 0.0,
        "SANE": 0.0,
        "VALID": 0.0,
        "total": 100.0
    }
}