{
    "counter": {
        "ACTIVE": 15197,
        "INACTIVE": 20311,
        "INVALID": 0,
        "MALICIOUS": 0,
        "SANE": 0,
        "VALID": 0,
        "total": 35508
    },
    "percentage": {
        "ACTIVE": 42.80001126538429,
        "INACTIVE": 57.201194097104874,
        "INVALID": 0,
        "MALICIOUS": 0,
        "SANE": 0,
        "VALID": 0,
        "total": 100.00120536248917
    }
}