{
    "counter": {
        "ACTIVE": 4995,
        "INACTIVE": 6294,
        "INVALID": 0,
        "MALICIOUS": 0,
        "SANE": 0,
        "VALID": 0,
        "total": 11289
    },
    "percentage": {
        "ACTIVE": 44.246611745947384,
        "INACTIVE": 55.758327427356484,
        "INVALID": 0,
        "MALICIOUS": 0,
        "SANE": 0,
        "VALID": 0,
        "total": 100.00493917330387
    }
}