{
    "counter": {
        "ACTIVE": 39612,
        "INACTIVE": 49441,
        "INVALID": 0,
        "MALICIOUS": 0,
        "SANE": 0,
        "VALID": 0,
        "total": 89053
    },
    "percentage": {
        "ACTIVE": 44.48137625908167,
        "INACTIVE": 55.51862374091833,
        "INVALID": 0.0,
        "MALICIOUS": 0.0,
        "SANE": 0.0,
        "VALID": 0.0,
        "total": 100.0
    }
}