{
    "counter": {
        "ACTIVE": 15376,
        "INACTIVE": 20623,
        "INVALID": 0,
        "MALICIOUS": 0,
        "SANE": 0,
        "VALID": 0,
        "total": 35999
    },
    "percentage": {
        "ACTIVE": 42.71229756382122,
        "INACTIVE": 57.289293849658314,
        "INVALID": 0,
        "MALICIOUS": 0,
        "SANE": 0,
        "VALID": 0,
        "total": 100.00159141347953
    }
}