{
    "counter": {
        "ACTIVE": 30617,
        "INACTIVE": 38392,
        "INVALID": 0,
        "MALICIOUS": 0,
        "SANE": 0,
        "VALID": 0,
        "total": 69009
    },
    "percentage": {
        "ACTIVE": 44.36667681027112,
        "INACTIVE": 55.634129376304195,
        "INVALID": 0.0,
        "MALICIOUS": 0.0,
        "SANE": 0.0,
        "VALID": 0.0,
        "total": 100.00080618657532
    }
}