{
    "counter": {
        "ACTIVE": 14600,
        "INACTIVE": 19505,
        "INVALID": 0,
        "MALICIOUS": 0,
        "SANE": 0,
        "VALID": 0,
        "total": 34105
    },
    "percentage": {
        "ACTIVE": 42.811482860745386,
        "INACTIVE": 57.19102770854713,
        "INVALID": 0,
        "MALICIOUS": 0,
        "SANE": 0,
        "VALID": 0,
        "total": 100.00251056929253
    }
}