{
    "counter": {
        "ACTIVE": 38851,
        "INACTIVE": 47988,
        "INVALID": 0,
        "MALICIOUS": 0,
        "SANE": 0,
        "VALID": 0,
        "total": 86839
    },
    "percentage": {
        "ACTIVE": 44.739114913806006,
        "INACTIVE": 55.260885086193994,
        "INVALID": 0.0,
        "MALICIOUS": 0.0,
        "SANE": 0.0,
        "VALID": 0.0,
        "total": 100.0
    }
}