{
    "counter": {
        "ACTIVE": 13198,
        "INACTIVE": 17067,
        "INVALID": 0,
        "MALICIOUS": 0,
        "SANE": 0,
        "VALID": 0,
        "total": 30265
    },
    "percentage": {
        "ACTIVE": 43.60812820089212,
        "INACTIVE": 56.395598585731754,
        "INVALID": 0,
        "MALICIOUS": 0,
        "SANE": 0,
        "VALID": 0,
        "total": 100.00372678662387
    }
}