{
    "counter": {
        "ACTIVE": 22940,
        "INACTIVE": 28066,
        "INVALID": 0,
        "MALICIOUS": 0,
        "SANE": 0,
        "VALID": 0,
        "total": 51006
    },
    "percentage": {
        "ACTIVE": 44.97510096851351,
        "INACTIVE": 55.02489903148649,
        "INVALID": 0.0,
        "MALICIOUS": 0.0,
        "SANE": 0.0,
        "VALID": 0.0,
        "total": 100.0
    }
}