{
    "counter": {
        "ACTIVE": 21247,
        "INACTIVE": 26192,
        "INVALID": 0,
        "MALICIOUS": 0,
        "SANE": 0,
        "VALID": 0,
        "total": 47439
    },
    "percentage": {
        "ACTIVE": 44.78804359282447,
        "INACTIVE": 55.21195640717553,
        "INVALID": 0.0,
        "MALICIOUS": 0.0,
        "SANE": 0.0,
        "VALID": 0.0,
        "total": 100.0
    }
}