{
    "counter": {
        "ACTIVE": 32429,
        "INACTIVE": 40660,
        "INVALID": 0,
        "MALICIOUS": 0,
        "SANE": 0,
        "VALID": 0,
        "total": 73089
    },
    "percentage": {
        "ACTIVE": 44.36919372272161,
        "INACTIVE": 55.63080627727839,
        "INVALID": 0.0,
        "MALICIOUS": 0.0,
        "SANE": 0.0,
        "VALID": 0.0,
        "total": 100.0
    }
}