{
    "counter": {
        "ACTIVE": 40576,
        "INACTIVE": 53826,
        "INVALID": 0,
        "MALICIOUS": 0,
        "SANE": 0,
        "VALID": 0,
        "total": 94402
    },
    "percentage": {
        "ACTIVE": 42.98214020889388,
        "INACTIVE": 57.01785979110612,
        "INVALID": 0.0,
        "MALICIOUS": 0.0,
        "SANE": 0.0,
        "VALID": 0.0,
        "total": 100.0
    }
}