{
    "counter": {
        "ACTIVE": 13354,
        "INACTIVE": 17273,
        "INVALID": 0,
        "MALICIOUS": 0,
        "SANE": 0,
        "VALID": 0,
        "total": 30627
    },
    "percentage": {
        "ACTIVE": 43.60205047833611,
        "INACTIVE": 56.403474399164054,
        "INVALID": 0,
        "MALICIOUS": 0,
        "SANE": 0,
        "VALID": 0,
        "total": 100.00552487750016
    }
}