{
    "counter": {
        "ACTIVE": 39633,
        "INACTIVE": 49496,
        "INVALID": 0,
        "MALICIOUS": 0,
        "SANE": 0,
        "VALID": 0,
        "total": 89129
    },
    "percentage": {
        "ACTIVE": 44.46700849330745,
        "INACTIVE": 55.53299150669255,
        "INVALID": 0.0,
        "MALICIOUS": 0.0,
        "SANE": 0.0,
        "VALID": 0.0,
        "total": 100.0
    }
}