{
    "counter": {
        "ACTIVE": 21564,
        "INACTIVE": 26495,
        "INVALID": 0,
        "MALICIOUS": 0,
        "SANE": 0,
        "VALID": 0,
        "total": 48059
    },
    "percentage": {
        "ACTIVE": 44.869847479140226,
        "INACTIVE": 55.130152520859774,
        "INVALID": 0.0,
        "MALICIOUS": 0.0,
        "SANE": 0.0,
        "VALID": 0.0,
        "total": 100.0
    }
}