{
    "counter": {
        "ACTIVE": 16526,
        "INACTIVE": 21595,
        "INVALID": 0,
        "MALICIOUS": 0,
        "SANE": 0,
        "VALID": 0,
        "total": 38121
    },
    "percentage": {
        "ACTIVE": 43.35143359303271,
        "INACTIVE": 56.65451111052811,
        "INVALID": 0,
        "MALICIOUS": 0,
        "SANE": 0,
        "VALID": 0,
        "total": 100.00594470356083
    }
}