{
    "counter": {
        "ACTIVE": 1670,
        "INACTIVE": 1837,
        "INVALID": 0,
        "MALICIOUS": 0,
        "SANE": 0,
        "VALID": 0,
        "total": 3507
    },
    "percentage": {
        "ACTIVE": 47.632629777524244,
        "INACTIVE": 52.38095238095238,
        "INVALID": 0,
        "MALICIOUS": 0,
        "SANE": 0,
        "VALID": 0,
        "total": 100.01358215847662
    }
}