{
    "counter": {
        "ACTIVE": 35107,
        "INACTIVE": 43936,
        "INVALID": 0,
        "MALICIOUS": 0,
        "SANE": 0,
        "VALID": 0,
        "total": 79043
    },
    "percentage": {
        "ACTIVE": 44.41506521766633,
        "INACTIVE": 55.58493478233367,
        "INVALID": 0.0,
        "MALICIOUS": 0.0,
        "SANE": 0.0,
        "VALID": 0.0,
        "total": 100.0
    }
}