{
    "counter": {
        "ACTIVE": 32553,
        "INACTIVE": 40852,
        "INVALID": 0,
        "MALICIOUS": 0,
        "SANE": 0,
        "VALID": 0,
        "total": 73405
    },
    "percentage": {
        "ACTIVE": 44.34711531911995,
        "INACTIVE": 55.65288468088005,
        "INVALID": 0.0,
        "MALICIOUS": 0.0,
        "SANE": 0.0,
        "VALID": 0.0,
        "total": 100.0
    }
}