{
    "counter": {
        "ACTIVE": 15024,
        "INACTIVE": 20135,
        "INVALID": 0,
        "MALICIOUS": 0,
        "SANE": 0,
        "VALID": 0,
        "total": 35159
    },
    "percentage": {
        "ACTIVE": 42.732806189203025,
        "INACTIVE": 57.26840922665605,
        "INVALID": 0,
        "MALICIOUS": 0,
        "SANE": 0,
        "VALID": 0,
        "total": 100.00121541585906
    }
}