{
    "counter": {
        "ACTIVE": 8036,
        "INACTIVE": 10606,
        "INVALID": 0,
        "MALICIOUS": 0,
        "SANE": 0,
        "VALID": 0,
        "total": 18642
    },
    "percentage": {
        "ACTIVE": 43.11158798283262,
        "INACTIVE": 56.89303722776526,
        "INVALID": 0,
        "MALICIOUS": 0,
        "SANE": 0,
        "VALID": 0,
        "total": 100.00462521059788
    }
}