{
    "counter": {
        "ACTIVE": 42696,
        "INACTIVE": 56843,
        "INVALID": 0,
        "MALICIOUS": 0,
        "SANE": 0,
        "VALID": 0,
        "total": 99539
    },
    "percentage": {
        "ACTIVE": 42.893740142054874,
        "INACTIVE": 57.106259857945126,
        "INVALID": 0.0,
        "MALICIOUS": 0.0,
        "SANE": 0.0,
        "VALID": 0.0,
        "total": 100.0
    }
}