{
    "counter": {
        "ACTIVE": 18647,
        "INACTIVE": 23708,
        "INVALID": 0,
        "MALICIOUS": 0,
        "SANE": 0,
        "VALID": 0,
        "total": 42355
    },
    "percentage": {
        "ACTIVE": 44.02549876047692,
        "INACTIVE": 55.97582282665156,
        "INVALID": 0,
        "MALICIOUS": 0,
        "SANE": 0,
        "VALID": 0,
        "total": 100.00132158712847
    }
}