{
    "counter": {
        "ACTIVE": 35763,
        "INACTIVE": 44823,
        "INVALID": 0,
        "MALICIOUS": 0,
        "SANE": 0,
        "VALID": 0,
        "total": 80586
    },
    "percentage": {
        "ACTIVE": 44.37867619685802,
        "INACTIVE": 55.62132380314198,
        "INVALID": 0.0,
        "MALICIOUS": 0.0,
        "SANE": 0.0,
        "VALID": 0.0,
        "total": 100.0
    }
}