{
    "counter": {
        "ACTIVE": 40328,
        "INACTIVE": 52770,
        "INVALID": 0,
        "MALICIOUS": 0,
        "SANE": 0,
        "VALID": 0,
        "total": 93098
    },
    "percentage": {
        "ACTIVE": 43.31779415239855,
        "INACTIVE": 56.68220584760145,
        "INVALID": 0.0,
        "MALICIOUS": 0.0,
        "SANE": 0.0,
        "VALID": 0.0,
        "total": 100.0
    }
}