{
    "counter": {
        "ACTIVE": 11329,
        "INACTIVE": 14032,
        "INVALID": 0,
        "MALICIOUS": 0,
        "SANE": 0,
        "VALID": 0,
        "total": 25361
    },
    "percentage": {
        "ACTIVE": 44.67095146090454,
        "INACTIVE": 55.33341220079656,
        "INVALID": 0,
        "MALICIOUS": 0,
        "SANE": 0,
        "VALID": 0,
        "total": 100.00436366170109
    }
}