{
    "counter": {
        "ACTIVE": 21187,
        "INACTIVE": 26121,
        "INVALID": 0,
        "MALICIOUS": 0,
        "SANE": 0,
        "VALID": 0,
        "total": 47308
    },
    "percentage": {
        "ACTIVE": 44.785237169189145,
        "INACTIVE": 55.215929989219354,
        "INVALID": 0,
        "MALICIOUS": 0,
        "SANE": 0,
        "VALID": 0,
        "total": 100.00116715840849
    }
}