{
    "counter": {
        "ACTIVE": 35353,
        "INACTIVE": 44264,
        "INVALID": 0,
        "MALICIOUS": 0,
        "SANE": 0,
        "VALID": 0,
        "total": 79617
    },
    "percentage": {
        "ACTIVE": 44.40383335217353,
        "INACTIVE": 55.59616664782647,
        "INVALID": 0.0,
        "MALICIOUS": 0.0,
        "SANE": 0.0,
        "VALID": 0.0,
        "total": 100.0
    }
}