{
    "counter": {
        "ACTIVE": 12511,
        "INACTIVE": 15524,
        "INVALID": 0,
        "MALICIOUS": 0,
        "SANE": 0,
        "VALID": 0,
        "total": 28035
    },
    "percentage": {
        "ACTIVE": 44.627951772847254,
        "INACTIVE": 55.37364009274122,
        "INVALID": 0,
        "MALICIOUS": 0,
        "SANE": 0,
        "VALID": 0,
        "total": 100.00159186558847
    }
}