{
    "counter": {
        "ACTIVE": 19108,
        "INACTIVE": 24017,
        "INVALID": 0,
        "MALICIOUS": 0,
        "SANE": 0,
        "VALID": 0,
        "total": 43125
    },
    "percentage": {
        "ACTIVE": 44.30840579710145,
        "INACTIVE": 55.694177121257795,
        "INVALID": 0,
        "MALICIOUS": 0,
        "SANE": 0,
        "VALID": 0,
        "total": 100.00258291835925
    }
}