{
    "counter": {
        "ACTIVE": 4267,
        "INACTIVE": 5287,
        "INVALID": 0,
        "MALICIOUS": 0,
        "SANE": 0,
        "VALID": 0,
        "total": 9554
    },
    "percentage": {
        "ACTIVE": 44.66659688056108,
        "INACTIVE": 55.338078291814945,
        "INVALID": 0,
        "MALICIOUS": 0,
        "SANE": 0,
        "VALID": 0,
        "total": 100.00467517237603
    }
}