{
    "counter": {
        "ACTIVE": 6681,
        "INACTIVE": 8819,
        "INVALID": 0,
        "MALICIOUS": 0,
        "SANE": 0,
        "VALID": 0,
        "total": 15500
    },
    "percentage": {
        "ACTIVE": 43.10322580645161,
        "INACTIVE": 56.900445190012256,
        "INVALID": 0,
        "MALICIOUS": 0,
        "SANE": 0,
        "VALID": 0,
        "total": 100.00367099646387
    }
}