{
    "counter": {
        "ACTIVE": 22101,
        "INACTIVE": 27090,
        "INVALID": 0,
        "MALICIOUS": 0,
        "SANE": 0,
        "VALID": 0,
        "total": 49191
    },
    "percentage": {
        "ACTIVE": 44.928950417759346,
        "INACTIVE": 55.071049582240654,
        "INVALID": 0.0,
        "MALICIOUS": 0.0,
        "SANE": 0.0,
        "VALID": 0.0,
        "total": 100.0
    }
}