{
    "counter": {
        "ACTIVE": 16269,
        "INACTIVE": 21341,
        "INVALID": 0,
        "MALICIOUS": 0,
        "SANE": 0,
        "VALID": 0,
        "total": 37610
    },
    "percentage": {
        "ACTIVE": 43.25711247008774,
        "INACTIVE": 56.74741404525753,
        "INVALID": 0,
        "MALICIOUS": 0,
        "SANE": 0,
        "VALID": 0,
        "total": 100.00452651534528
    }
}