{
    "counter": {
        "ACTIVE": 23073,
        "INACTIVE": 28263,
        "INVALID": 0,
        "MALICIOUS": 0,
        "SANE": 0,
        "VALID": 0,
        "total": 51336
    },
    "percentage": {
        "ACTIVE": 44.9450677886863,
        "INACTIVE": 55.0549322113137,
        "INVALID": 0.0,
        "MALICIOUS": 0.0,
        "SANE": 0.0,
        "VALID": 0.0,
        "total": 100.0
    }
}