{
    "counter": {
        "ACTIVE": 30576,
        "INACTIVE": 38335,
        "INVALID": 0,
        "MALICIOUS": 0,
        "SANE": 0,
        "VALID": 0,
        "total": 68911
    },
    "percentage": {
        "ACTIVE": 44.37027470215205,
        "INACTIVE": 55.63053257872588,
        "INVALID": 0.0,
        "MALICIOUS": 0.0,
        "SANE": 0.0,
        "VALID": 0.0,
        "total": 100.00080728087792
    }
}