{
    "counter": {
        "ACTIVE": 21871,
        "INACTIVE": 26844,
        "INVALID": 0,
        "MALICIOUS": 0,
        "SANE": 0,
        "VALID": 0,
        "total": 48715
    },
    "percentage": {
        "ACTIVE": 44.89582264189675,
        "INACTIVE": 55.10417735810325,
        "INVALID": 0.0,
        "MALICIOUS": 0.0,
        "SANE": 0.0,
        "VALID": 0.0,
        "total": 100.0
    }
}