{
    "counter": {
        "ACTIVE": 11127,
        "INACTIVE": 13860,
        "INVALID": 0,
        "MALICIOUS": 0,
        "SANE": 0,
        "VALID": 0,
        "total": 24987
    },
    "percentage": {
        "ACTIVE": 44.53115620122464,
        "INACTIVE": 55.47550432276657,
        "INVALID": 0,
        "MALICIOUS": 0,
        "SANE": 0,
        "VALID": 0,
        "total": 100.0066605239912
    }
}