{
    "counter": {
        "ACTIVE": 11153,
        "INACTIVE": 13879,
        "INVALID": 0,
        "MALICIOUS": 0,
        "SANE": 0,
        "VALID": 0,
        "total": 25032
    },
    "percentage": {
        "ACTIVE": 44.556749630458235,
        "INACTIVE": 55.445030361137746,
        "INVALID": 0,
        "MALICIOUS": 0,
        "SANE": 0,
        "VALID": 0,
        "total": 100.00177999159598
    }
}