{
    "counter": {
        "ACTIVE": 12730,
        "INACTIVE": 16053,
        "INVALID": 0,
        "MALICIOUS": 0,
        "SANE": 0,
        "VALID": 0,
        "total": 28783
    },
    "percentage": {
        "ACTIVE": 44.23210562890896,
        "INACTIVE": 55.77250460341173,
        "INVALID": 0,
        "MALICIOUS": 0,
        "SANE": 0,
        "VALID": 0,
        "total": 100.00461023232069
    }
}