{
    "counter": {
        "ACTIVE": 12414,
        "INACTIVE": 15327,
        "INVALID": 0,
        "MALICIOUS": 0,
        "SANE": 0,
        "VALID": 0,
        "total": 27741
    },
    "percentage": {
        "ACTIVE": 44.752875013518874,
        "INACTIVE": 55.25035146534011,
        "INVALID": 0,
        "MALICIOUS": 0,
        "SANE": 0,
        "VALID": 0,
        "total": 100.00322647885898
    }
}