{
    "counter": {
        "ACTIVE": 27940,
        "INACTIVE": 35607,
        "INVALID": 0,
        "MALICIOUS": 0,
        "SANE": 0,
        "VALID": 0,
        "total": 63547
    },
    "percentage": {
        "ACTIVE": 43.967457157694305,
        "INACTIVE": 56.03342460579738,
        "INVALID": 0.0,
        "MALICIOUS": 0.0,
        "SANE": 0.0,
        "VALID": 0.0,
        "total": 100.00088176349169
    }
}