{
    "counter": {
        "ACTIVE": 36010,
        "INACTIVE": 45065,
        "INVALID": 0,
        "MALICIOUS": 0,
        "SANE": 0,
        "VALID": 0,
        "total": 81075
    },
    "percentage": {
        "ACTIVE": 44.415664508171446,
        "INACTIVE": 55.584335491828554,
        "INVALID": 0.0,
        "MALICIOUS": 0.0,
        "SANE": 0.0,
        "VALID": 0.0,
        "total": 100.0
    }
}