{
    "counter": {
        "ACTIVE": 6585,
        "INACTIVE": 8635,
        "INVALID": 0,
        "MALICIOUS": 0,
        "SANE": 0,
        "VALID": 0,
        "total": 15220
    },
    "percentage": {
        "ACTIVE": 43.26828306721861,
        "INACTIVE": 56.73455978975033,
        "INVALID": 0,
        "MALICIOUS": 0,
        "SANE": 0,
        "VALID": 0,
        "total": 100.00284285696894
    }
}