{
    "counter": {
        "ACTIVE": 7432,
        "INACTIVE": 9821,
        "INVALID": 0,
        "MALICIOUS": 0,
        "SANE": 0,
        "VALID": 0,
        "total": 17253
    },
    "percentage": {
        "ACTIVE": 43.07656639425028,
        "INACTIVE": 56.926733132390446,
        "INVALID": 0,
        "MALICIOUS": 0,
        "SANE": 0,
        "VALID": 0,
        "total": 100.00329952664072
    }
}