{
    "counter": {
        "ACTIVE": 8858,
        "INACTIVE": 11915,
        "INVALID": 0,
        "MALICIOUS": 0,
        "SANE": 0,
        "VALID": 0,
        "total": 20773
    },
    "percentage": {
        "ACTIVE": 42.641890916093004,
        "INACTIVE": 57.374680984253864,
        "INVALID": 0,
        "MALICIOUS": 0,
        "SANE": 0,
        "VALID": 0,
        "total": 100.01657190034686
    }
}