{
    "counter": {
        "ACTIVE": 14007,
        "INACTIVE": 18522,
        "INVALID": 0,
        "MALICIOUS": 0,
        "SANE": 0,
        "VALID": 0,
        "total": 32529
    },
    "percentage": {
        "ACTIVE": 43.06268638361976,
        "INACTIVE": 56.93996126533247,
        "INVALID": 0,
        "MALICIOUS": 0,
        "SANE": 0,
        "VALID": 0,
        "total": 100.00264764895223
    }
}