{
    "counter": {
        "ACTIVE": 3570,
        "INACTIVE": 4347,
        "INVALID": 0,
        "MALICIOUS": 0,
        "SANE": 0,
        "VALID": 0,
        "total": 7917
    },
    "percentage": {
        "ACTIVE": 45.09283819628647,
        "INACTIVE": 54.92797573919636,
        "INVALID": 0,
        "MALICIOUS": 0,
        "SANE": 0,
        "VALID": 0,
        "total": 100.02081393548283
    }
}