{
    "counter": {
        "ACTIVE": 22935,
        "INACTIVE": 28062,
        "INVALID": 0,
        "MALICIOUS": 0,
        "SANE": 0,
        "VALID": 0,
        "total": 50997
    },
    "percentage": {
        "ACTIVE": 44.973233719630564,
        "INACTIVE": 55.026766280369436,
        "INVALID": 0.0,
        "MALICIOUS": 0.0,
        "SANE": 0.0,
        "VALID": 0.0,
        "total": 100.0
    }
}