{
    "counter": {
        "ACTIVE": 39848,
        "INACTIVE": 49999,
        "INVALID": 0,
        "MALICIOUS": 0,
        "SANE": 0,
        "VALID": 0,
        "total": 89847
    },
    "percentage": {
        "ACTIVE": 44.35095217425178,
        "INACTIVE": 55.64904782574822,
        "INVALID": 0.0,
        "MALICIOUS": 0.0,
        "SANE": 0.0,
        "VALID": 0.0,
        "total": 100.0
    }
}