{
    "counter": {
        "ACTIVE": 26238,
        "INACTIVE": 33626,
        "INVALID": 0,
        "MALICIOUS": 0,
        "SANE": 0,
        "VALID": 0,
        "total": 59864
    },
    "percentage": {
        "ACTIVE": 43.82934651877589,
        "INACTIVE": 56.17065348122411,
        "INVALID": 0.0,
        "MALICIOUS": 0.0,
        "SANE": 0.0,
        "VALID": 0.0,
        "total": 100.0
    }
}