{
    "counter": {
        "ACTIVE": 35686,
        "INACTIVE": 44697,
        "INVALID": 0,
        "MALICIOUS": 0,
        "SANE": 0,
        "VALID": 0,
        "total": 80383
    },
    "percentage": {
        "ACTIVE": 44.394959133150046,
        "INACTIVE": 55.605040866849954,
        "INVALID": 0.0,
        "MALICIOUS": 0.0,
        "SANE": 0.0,
        "VALID": 0.0,
        "total": 100.0
    }
}