{
    "counter": {
        "ACTIVE": 4689,
        "INACTIVE": 6022,
        "INVALID": 0,
        "MALICIOUS": 0,
        "SANE": 0,
        "VALID": 0,
        "total": 10711
    },
    "percentage": {
        "ACTIVE": 43.77742507702362,
        "INACTIVE": 56.22782446311858,
        "INVALID": 0,
        "MALICIOUS": 0,
        "SANE": 0,
        "VALID": 0,
        "total": 100.0052495401422
    }
}