{
    "counter": {
        "ACTIVE": 1681,
        "INACTIVE": 1854,
        "INVALID": 0,
        "MALICIOUS": 0,
        "SANE": 0,
        "VALID": 0,
        "total": 3535
    },
    "percentage": {
        "ACTIVE": 47.56649688737974,
        "INACTIVE": 52.44695898161245,
        "INVALID": 0,
        "MALICIOUS": 0,
        "SANE": 0,
        "VALID": 0,
        "total": 100.0134558689922
    }
}