{
    "counter": {
        "ACTIVE": 7971,
        "INACTIVE": 10490,
        "INVALID": 0,
        "MALICIOUS": 0,
        "SANE": 0,
        "VALID": 0,
        "total": 18461
    },
    "percentage": {
        "ACTIVE": 43.17750934402253,
        "INACTIVE": 56.82556879739978,
        "INVALID": 0,
        "MALICIOUS": 0,
        "SANE": 0,
        "VALID": 0,
        "total": 100.00307814142232
    }
}