{
    "counter": {
        "ACTIVE": 13515,
        "INACTIVE": 17660,
        "INVALID": 0,
        "MALICIOUS": 0,
        "SANE": 0,
        "VALID": 0,
        "total": 31175
    },
    "percentage": {
        "ACTIVE": 43.35204490777867,
        "INACTIVE": 56.64977224610252,
        "INVALID": 0,
        "MALICIOUS": 0,
        "SANE": 0,
        "VALID": 0,
        "total": 100.00181715388119
    }
}