{
    "counter": {
        "ACTIVE": 23921,
        "INACTIVE": 29264,
        "INVALID": 0,
        "MALICIOUS": 0,
        "SANE": 0,
        "VALID": 0,
        "total": 53185
    },
    "percentage": {
        "ACTIVE": 44.97696718999718,
        "INACTIVE": 55.02303281000282,
        "INVALID": 0.0,
        "MALICIOUS": 0.0,
        "SANE": 0.0,
        "VALID": 0.0,
        "total": 100.0
    }
}