{
    "counter": {
        "ACTIVE": 746,
        "INACTIVE": 957,
        "INVALID": 0,
        "MALICIOUS": 0,
        "SANE": 0,
        "VALID": 0,
        "total": 1703
    },
    "percentage": {
        "ACTIVE": 43.80504991192014,
        "INACTIVE": 56.227967097532314,
        "INVALID": 0,
        "MALICIOUS": 0,
        "SANE": 0,
        "VALID": 0,
        "total": 100.03301700945246
    }
}