{
    "counter": {
        "ACTIVE": 36562,
        "INACTIVE": 45738,
        "INVALID": 0,
        "MALICIOUS": 0,
        "SANE": 0,
        "VALID": 0,
        "total": 82300
    },
    "percentage": {
        "ACTIVE": 44.42527339003645,
        "INACTIVE": 55.57472660996355,
        "INVALID": 0.0,
        "MALICIOUS": 0.0,
        "SANE": 0.0,
        "VALID": 0.0,
        "total": 100.0
    }
}