{
    "counter": {
        "ACTIVE": 13311,
        "INACTIVE": 17204,
        "INVALID": 0,
        "MALICIOUS": 0,
        "SANE": 0,
        "VALID": 0,
        "total": 30515
    },
    "percentage": {
        "ACTIVE": 43.62116991643454,
        "INACTIVE": 56.38252548094255,
        "INVALID": 0,
        "MALICIOUS": 0,
        "SANE": 0,
        "VALID": 0,
        "total": 100.00369539737709
    }
}