{
    "counter": {
        "ACTIVE": 36642,
        "INACTIVE": 45848,
        "INVALID": 0,
        "MALICIOUS": 0,
        "SANE": 0,
        "VALID": 0,
        "total": 82490
    },
    "percentage": {
        "ACTIVE": 44.419929688447084,
        "INACTIVE": 55.580070311552916,
        "INVALID": 0.0,
        "MALICIOUS": 0.0,
        "SANE": 0.0,
        "VALID": 0.0,
        "total": 100.0
    }
}