{
    "counter": {
        "ACTIVE": 38210,
        "INACTIVE": 47247,
        "INVALID": 0,
        "MALICIOUS": 0,
        "SANE": 0,
        "VALID": 0,
        "total": 85457
    },
    "percentage": {
        "ACTIVE": 44.712545490714625,
        "INACTIVE": 55.287454509285375,
        "INVALID": 0.0,
        "MALICIOUS": 0.0,
        "SANE": 0.0,
        "VALID": 0.0,
        "total": 100.0
    }
}