{
    "counter": {
        "ACTIVE": 10304,
        "INACTIVE": 13226,
        "INVALID": 0,
        "MALICIOUS": 0,
        "SANE": 0,
        "VALID": 0,
        "total": 23530
    },
    "percentage": {
        "ACTIVE": 43.790905227369315,
        "INACTIVE": 56.21148370096477,
        "INVALID": 0,
        "MALICIOUS": 0,
        "SANE": 0,
        "VALID": 0,
        "total": 100.00238892833408
    }
}