{
    "counter": {
        "ACTIVE": 17245,
        "INACTIVE": 22302,
        "INVALID": 0,
        "MALICIOUS": 0,
        "SANE": 0,
        "VALID": 0,
        "total": 39547
    },
    "percentage": {
        "ACTIVE": 43.60634182112423,
        "INACTIVE": 56.395084205735095,
        "INVALID": 0,
        "MALICIOUS": 0,
        "SANE": 0,
        "VALID": 0,
        "total": 100.00142602685932
    }
}