{
    "counter": {
        "ACTIVE": 22120,
        "INACTIVE": 27125,
        "INVALID": 0,
        "MALICIOUS": 0,
        "SANE": 0,
        "VALID": 0,
        "total": 49245
    },
    "percentage": {
        "ACTIVE": 44.9182658137882,
        "INACTIVE": 55.0817341862118,
        "INVALID": 0.0,
        "MALICIOUS": 0.0,
        "SANE": 0.0,
        "VALID": 0.0,
        "total": 100.0
    }
}