{
    "counter": {
        "ACTIVE": 22847,
        "INACTIVE": 27937,
        "INVALID": 0,
        "MALICIOUS": 0,
        "SANE": 0,
        "VALID": 0,
        "total": 50784
    },
    "percentage": {
        "ACTIVE": 44.988579080025204,
        "INACTIVE": 55.011420919974796,
        "INVALID": 0.0,
        "MALICIOUS": 0.0,
        "SANE": 0.0,
        "VALID": 0.0,
        "total": 100.0
    }
}