{
    "counter": {
        "ACTIVE": 34249,
        "INACTIVE": 42948,
        "INVALID": 0,
        "MALICIOUS": 0,
        "SANE": 0,
        "VALID": 0,
        "total": 77197
    },
    "percentage": {
        "ACTIVE": 44.365713693537316,
        "INACTIVE": 55.634286306462684,
        "INVALID": 0.0,
        "MALICIOUS": 0.0,
        "SANE": 0.0,
        "VALID": 0.0,
        "total": 100.0
    }
}