{
    "counter": {
        "ACTIVE": 5452,
        "INACTIVE": 6807,
        "INVALID": 0,
        "MALICIOUS": 0,
        "SANE": 0,
        "VALID": 0,
        "total": 12259
    },
    "percentage": {
        "ACTIVE": 44.48070490332055,
        "INACTIVE": 55.52655192103761,
        "INVALID": 0,
        "MALICIOUS": 0,
        "SANE": 0,
        "VALID": 0,
        "total": 100.00725682435817
    }
}