{
    "counter": {
        "ACTIVE": 34629,
        "INACTIVE": 43217,
        "INVALID": 0,
        "MALICIOUS": 0,
        "SANE": 0,
        "VALID": 0,
        "total": 77846
    },
    "percentage": {
        "ACTIVE": 44.48398119363872,
        "INACTIVE": 55.51601880636128,
        "INVALID": 0.0,
        "MALICIOUS": 0.0,
        "SANE": 0.0,
        "VALID": 0.0,
        "total": 100.0
    }
}