{
    "counter": {
        "ACTIVE": 16696,
        "INACTIVE": 21770,
        "INVALID": 0,
        "MALICIOUS": 0,
        "SANE": 0,
        "VALID": 0,
        "total": 38466
    },
    "percentage": {
        "ACTIVE": 43.40569348758612,
        "INACTIVE": 56.59543492954817,
        "INVALID": 0,
        "MALICIOUS": 0,
        "SANE": 0,
        "VALID": 0,
        "total": 100.00112841713428
    }
}