{
    "counter": {
        "ACTIVE": 43538,
        "INACTIVE": 58366,
        "INVALID": 0,
        "MALICIOUS": 0,
        "SANE": 0,
        "VALID": 0,
        "total": 101904
    },
    "percentage": {
        "ACTIVE": 42.72452504317789,
        "INACTIVE": 57.27547495682211,
        "INVALID": 0.0,
        "MALICIOUS": 0.0,
        "SANE": 0.0,
        "VALID": 0.0,
        "total": 100.0
    }
}