{
    "counter": {
        "ACTIVE": 29193,
        "INACTIVE": 37050,
        "INVALID": 0,
        "MALICIOUS": 0,
        "SANE": 0,
        "VALID": 0,
        "total": 66243
    },
    "percentage": {
        "ACTIVE": 44.07089264956749,
        "INACTIVE": 55.930437933064624,
        "INVALID": 0.0,
        "MALICIOUS": 0.0,
        "SANE": 0.0,
        "VALID": 0.0,
        "total": 100.00133058263211
    }
}