{
    "counter": {
        "ACTIVE": 26417,
        "INACTIVE": 33814,
        "INVALID": 0,
        "MALICIOUS": 0,
        "SANE": 0,
        "VALID": 0,
        "total": 60231
    },
    "percentage": {
        "ACTIVE": 43.85947435705866,
        "INACTIVE": 56.14052564294134,
        "INVALID": 0.0,
        "MALICIOUS": 0.0,
        "SANE": 0.0,
        "VALID": 0.0,
        "total": 100.0
    }
}