{
    "counter": {
        "ACTIVE": 1552,
        "INACTIVE": 1625,
        "INVALID": 0,
        "MALICIOUS": 0,
        "SANE": 0,
        "VALID": 0,
        "total": 3177
    },
    "percentage": {
        "ACTIVE": 48.8511174063582,
        "INACTIVE": 51.16498740554156,
        "INVALID": 0,
        "MALICIOUS": 0,
        "SANE": 0,
        "VALID": 0,
        "total": 100.01610481189977
    }
}