{
    "counter": {
        "ACTIVE": 23067,
        "INACTIVE": 28255,
        "INVALID": 0,
        "MALICIOUS": 0,
        "SANE": 0,
        "VALID": 0,
        "total": 51322
    },
    "percentage": {
        "ACTIVE": 44.945637348505514,
        "INACTIVE": 55.054362651494486,
        "INVALID": 0.0,
        "MALICIOUS": 0.0,
        "SANE": 0.0,
        "VALID": 0.0,
        "total": 100.0
    }
}