{
    "counter": {
        "ACTIVE": 40541,
        "INACTIVE": 53722,
        "INVALID": 0,
        "MALICIOUS": 0,
        "SANE": 0,
        "VALID": 0,
        "total": 94263
    },
    "percentage": {
        "ACTIVE": 43.008391415507674,
        "INACTIVE": 56.991608584492326,
        "INVALID": 0.0,
        "MALICIOUS": 0.0,
        "SANE": 0.0,
        "VALID": 0.0,
        "total": 100.0
    }
}