{
    "counter": {
        "ACTIVE": 9978,
        "INACTIVE": 12950,
        "INVALID": 0,
        "MALICIOUS": 0,
        "SANE": 0,
        "VALID": 0,
        "total": 22928
    },
    "percentage": {
        "ACTIVE": 43.51884159106769,
        "INACTIVE": 56.48362193047499,
        "INVALID": 0,
        "MALICIOUS": 0,
        "SANE": 0,
        "VALID": 0,
        "total": 100.00246352154268
    }
}