{
    "counter": {
        "ACTIVE": 30696,
        "INACTIVE": 38493,
        "INVALID": 0,
        "MALICIOUS": 0,
        "SANE": 0,
        "VALID": 0,
        "total": 69189
    },
    "percentage": {
        "ACTIVE": 44.36671629063263,
        "INACTIVE": 55.63456618826692,
        "INVALID": 0.0,
        "MALICIOUS": 0.0,
        "SANE": 0.0,
        "VALID": 0.0,
        "total": 100.00128247889955
    }
}