{
    "counter": {
        "ACTIVE": 16628,
        "INACTIVE": 21737,
        "INVALID": 0,
        "MALICIOUS": 0,
        "SANE": 0,
        "VALID": 0,
        "total": 38365
    },
    "percentage": {
        "ACTIVE": 43.34158738433468,
        "INACTIVE": 56.66727495503011,
        "INVALID": 0,
        "MALICIOUS": 0,
        "SANE": 0,
        "VALID": 0,
        "total": 100.00886233936478
    }
}