{
    "counter": {
        "ACTIVE": 5778,
        "INACTIVE": 7213,
        "INVALID": 0,
        "MALICIOUS": 0,
        "SANE": 0,
        "VALID": 0,
        "total": 12991
    },
    "percentage": {
        "ACTIVE": 44.487218971358175,
        "INACTIVE": 55.523054422292354,
        "INVALID": 0,
        "MALICIOUS": 0,
        "SANE": 0,
        "VALID": 0,
        "total": 100.01027339365052
    }
}