{
    "counter": {
        "ACTIVE": 2246,
        "INACTIVE": 2939,
        "INVALID": 0,
        "MALICIOUS": 0,
        "SANE": 0,
        "VALID": 0,
        "total": 5185
    },
    "percentage": {
        "ACTIVE": 43.35070449720131,
        "INACTIVE": 56.682738669238184,
        "INVALID": 0,
        "MALICIOUS": 0,
        "SANE": 0,
        "VALID": 0,
        "total": 100.0334431664395
    }
}