{
    "counter": {
        "ACTIVE": 9252,
        "INACTIVE": 12325,
        "INVALID": 0,
        "MALICIOUS": 0,
        "SANE": 0,
        "VALID": 0,
        "total": 21577
    },
    "percentage": {
        "ACTIVE": 42.878991518746815,
        "INACTIVE": 57.12630359212051,
        "INVALID": 0,
        "MALICIOUS": 0,
        "SANE": 0,
        "VALID": 0,
        "total": 100.00529511086732
    }
}