{
    "counter": {
        "ACTIVE": 7363,
        "INACTIVE": 9721,
        "INVALID": 0,
        "MALICIOUS": 0,
        "SANE": 0,
        "VALID": 0,
        "total": 17084
    },
    "percentage": {
        "ACTIVE": 43.10132880641574,
        "INACTIVE": 56.90119409974245,
        "INVALID": 0,
        "MALICIOUS": 0,
        "SANE": 0,
        "VALID": 0,
        "total": 100.00252290615819
    }
}