{
    "counter": {
        "ACTIVE": 30656,
        "INACTIVE": 38439,
        "INVALID": 0,
        "MALICIOUS": 0,
        "SANE": 0,
        "VALID": 0,
        "total": 69095
    },
    "percentage": {
        "ACTIVE": 44.367899269122226,
        "INACTIVE": 55.63371108505927,
        "INVALID": 0.0,
        "MALICIOUS": 0.0,
        "SANE": 0.0,
        "VALID": 0.0,
        "total": 100.0016103541815
    }
}