{
    "counter": {
        "ACTIVE": 16096,
        "INACTIVE": 21239,
        "INVALID": 0,
        "MALICIOUS": 0,
        "SANE": 0,
        "VALID": 0,
        "total": 37335
    },
    "percentage": {
        "ACTIVE": 43.11236105531003,
        "INACTIVE": 56.88916269352333,
        "INVALID": 0,
        "MALICIOUS": 0,
        "SANE": 0,
        "VALID": 0,
        "total": 100.00152374883336
    }
}