{
    "counter": {
        "ACTIVE": 15524,
        "INACTIVE": 20940,
        "INVALID": 0,
        "MALICIOUS": 0,
        "SANE": 0,
        "VALID": 0,
        "total": 36464
    },
    "percentage": {
        "ACTIVE": 42.575832373429876,
        "INACTIVE": 57.426502852128124,
        "INVALID": 0,
        "MALICIOUS": 0,
        "SANE": 0,
        "VALID": 0,
        "total": 100.002335225558
    }
}