{
    "counter": {
        "ACTIVE": 5342,
        "INACTIVE": 6647,
        "INVALID": 0,
        "MALICIOUS": 0,
        "SANE": 0,
        "VALID": 0,
        "total": 11989
    },
    "percentage": {
        "ACTIVE": 44.568663440680794,
        "INACTIVE": 55.44248894820252,
        "INVALID": 0,
        "MALICIOUS": 0,
        "SANE": 0,
        "VALID": 0,
        "total": 100.01115238888332
    }
}