{
    "counter": {
        "ACTIVE": 40533,
        "INACTIVE": 53675,
        "INVALID": 0,
        "MALICIOUS": 0,
        "SANE": 0,
        "VALID": 0,
        "total": 94208
    },
    "percentage": {
        "ACTIVE": 43.02500849184783,
        "INACTIVE": 56.97499150815217,
        "INVALID": 0.0,
        "MALICIOUS": 0.0,
        "SANE": 0.0,
        "VALID": 0.0,
        "total": 100.0
    }
}