{
    "counter": {
        "ACTIVE": 20867,
        "INACTIVE": 25791,
        "INVALID": 0,
        "MALICIOUS": 0,
        "SANE": 0,
        "VALID": 0,
        "total": 46658
    },
    "percentage": {
        "ACTIVE": 44.72426431189318,
        "INACTIVE": 55.276694243216596,
        "INVALID": 0,
        "MALICIOUS": 0,
        "SANE": 0,
        "VALID": 0,
        "total": 100.00095855510978
    }
}