{
    "counter": {
        "ACTIVE": 19219,
        "INACTIVE": 24115,
        "INVALID": 0,
        "MALICIOUS": 0,
        "SANE": 0,
        "VALID": 0,
        "total": 43334
    },
    "percentage": {
        "ACTIVE": 44.35085614067476,
        "INACTIVE": 55.65428109854604,
        "INVALID": 0,
        "MALICIOUS": 0,
        "SANE": 0,
        "VALID": 0,
        "total": 100.0051372392208
    }
}