{
    "counter": {
        "ACTIVE": 29552,
        "INACTIVE": 37411,
        "INVALID": 0,
        "MALICIOUS": 0,
        "SANE": 0,
        "VALID": 0,
        "total": 66963
    },
    "percentage": {
        "ACTIVE": 44.13381123058542,
        "INACTIVE": 55.868166002120574,
        "INVALID": 0.0,
        "MALICIOUS": 0.0,
        "SANE": 0.0,
        "VALID": 0.0,
        "total": 100.001977232706
    }
}