{
    "counter": {
        "ACTIVE": 323,
        "INACTIVE": 419,
        "INVALID": 0,
        "MALICIOUS": 0,
        "SANE": 0,
        "VALID": 0,
        "total": 742
    },
    "percentage": {
        "ACTIVE": 43.53099730458221,
        "INACTIVE": 57.084468664850135,
        "INVALID": 0,
        "MALICIOUS": 0,
        "SANE": 0,
        "VALID": 0,
        "total": 100.61546596943234
    }
}