{
    "counter": {
        "ACTIVE": 11995,
        "INACTIVE": 14729,
        "INVALID": 0,
        "MALICIOUS": 0,
        "SANE": 0,
        "VALID": 0,
        "total": 26724
    },
    "percentage": {
        "ACTIVE": 44.89146706586826,
        "INACTIVE": 55.11525220775333,
        "INVALID": 0,
        "MALICIOUS": 0,
        "SANE": 0,
        "VALID": 0,
        "total": 100.0067192736216
    }
}