{
    "counter": {
        "ACTIVE": 27777,
        "INACTIVE": 35433,
        "INVALID": 0,
        "MALICIOUS": 0,
        "SANE": 0,
        "VALID": 0,
        "total": 63210
    },
    "percentage": {
        "ACTIVE": 43.943996203132414,
        "INACTIVE": 56.05777749651943,
        "INVALID": 0.0,
        "MALICIOUS": 0.0,
        "SANE": 0.0,
        "VALID": 0.0,
        "total": 100.00177369965184
    }
}