{
    "counter": {
        "ACTIVE": 33139,
        "INACTIVE": 41779,
        "INVALID": 0,
        "MALICIOUS": 0,
        "SANE": 0,
        "VALID": 0,
        "total": 74918
    },
    "percentage": {
        "ACTIVE": 44.23369550708775,
        "INACTIVE": 55.76630449291225,
        "INVALID": 0.0,
        "MALICIOUS": 0.0,
        "SANE": 0.0,
        "VALID": 0.0,
        "total": 100.0
    }
}