{
    "counter": {
        "ACTIVE": 5047,
        "INACTIVE": 6344,
        "INVALID": 0,
        "MALICIOUS": 0,
        "SANE": 0,
        "VALID": 0,
        "total": 11391
    },
    "percentage": {
        "ACTIVE": 44.30690896321657,
        "INACTIVE": 55.70287119150057,
        "INVALID": 0,
        "MALICIOUS": 0,
        "SANE": 0,
        "VALID": 0,
        "total": 100.00978015471713
    }
}