{
    "counter": {
        "ACTIVE": 695,
        "INACTIVE": 920,
        "INVALID": 0,
        "MALICIOUS": 0,
        "SANE": 0,
        "VALID": 0,
        "total": 1615
    },
    "percentage": {
        "ACTIVE": 43.03405572755418,
        "INACTIVE": 57.03657780533168,
        "INVALID": 0,
        "MALICIOUS": 0,
        "SANE": 0,
        "VALID": 0,
        "total": 100.07063353288586
    }
}