{
    "counter": {
        "ACTIVE": 5504,
        "INACTIVE": 6870,
        "INVALID": 0,
        "MALICIOUS": 0,
        "SANE": 0,
        "VALID": 0,
        "total": 12374
    },
    "percentage": {
        "ACTIVE": 44.48036204945854,
        "INACTIVE": 55.524125111129074,
        "INVALID": 0,
        "MALICIOUS": 0,
        "SANE": 0,
        "VALID": 0,
        "total": 100.00448716058762
    }
}