{
    "counter": {
        "ACTIVE": 5084,
        "INACTIVE": 6387,
        "INVALID": 0,
        "MALICIOUS": 0,
        "SANE": 0,
        "VALID": 0,
        "total": 11471
    },
    "percentage": {
        "ACTIVE": 44.320460291169034,
        "INACTIVE": 55.68439407149084,
        "INVALID": 0,
        "MALICIOUS": 0,
        "SANE": 0,
        "VALID": 0,
        "total": 100.00485436265987
    }
}