{
    "counter": {
        "ACTIVE": 19847,
        "INACTIVE": 24985,
        "INVALID": 0,
        "MALICIOUS": 0,
        "SANE": 0,
        "VALID": 0,
        "total": 44832
    },
    "percentage": {
        "ACTIVE": 44.26971805852962,
        "INACTIVE": 55.73276823555655,
        "INVALID": 0,
        "MALICIOUS": 0,
        "SANE": 0,
        "VALID": 0,
        "total": 100.00248629408617
    }
}