{
    "counter": {
        "ACTIVE": 37932,
        "INACTIVE": 46940,
        "INVALID": 0,
        "MALICIOUS": 0,
        "SANE": 0,
        "VALID": 0,
        "total": 84872
    },
    "percentage": {
        "ACTIVE": 44.69318503157696,
        "INACTIVE": 55.30681496842304,
        "INVALID": 0.0,
        "MALICIOUS": 0.0,
        "SANE": 0.0,
        "VALID": 0.0,
        "total": 100.0
    }
}