{
    "counter": {
        "ACTIVE": 19297,
        "INACTIVE": 24182,
        "INVALID": 0,
        "MALICIOUS": 0,
        "SANE": 0,
        "VALID": 0,
        "total": 43479
    },
    "percentage": {
        "ACTIVE": 44.3833663001978,
        "INACTIVE": 55.6176544998735,
        "INVALID": 0,
        "MALICIOUS": 0,
        "SANE": 0,
        "VALID": 0,
        "total": 100.0010208000713
    }
}