{
    "counter": {
        "ACTIVE": 18688,
        "INACTIVE": 23741,
        "INVALID": 0,
        "MALICIOUS": 0,
        "SANE": 0,
        "VALID": 0,
        "total": 42429
    },
    "percentage": {
        "ACTIVE": 44.04534634330293,
        "INACTIVE": 55.95861028614529,
        "INVALID": 0,
        "MALICIOUS": 0,
        "SANE": 0,
        "VALID": 0,
        "total": 100.00395662944823
    }
}