{
    "counter": {
        "ACTIVE": 25874,
        "INACTIVE": 32980,
        "INVALID": 0,
        "MALICIOUS": 0,
        "SANE": 0,
        "VALID": 0,
        "total": 58854
    },
    "percentage": {
        "ACTIVE": 43.9630271519353,
        "INACTIVE": 56.0369728480647,
        "INVALID": 0.0,
        "MALICIOUS": 0.0,
        "SANE": 0.0,
        "VALID": 0.0,
        "total": 100.0
    }
}