{
    "counter": {
        "ACTIVE": 17496,
        "INACTIVE": 22598,
        "INVALID": 0,
        "MALICIOUS": 0,
        "SANE": 0,
        "VALID": 0,
        "total": 40094
    },
    "percentage": {
        "ACTIVE": 43.642894559604876,
        "INACTIVE": 56.362548012171395,
        "INVALID": 0,
        "MALICIOUS": 0,
        "SANE": 0,
        "VALID": 0,
        "total": 100.00544257177627
    }
}