{
    "counter": {
        "ACTIVE": 34641,
        "INACTIVE": 43225,
        "INVALID": 0,
        "MALICIOUS": 0,
        "SANE": 0,
        "VALID": 0,
        "total": 77866
    },
    "percentage": {
        "ACTIVE": 44.48796650656256,
        "INACTIVE": 55.51203349343744,
        "INVALID": 0.0,
        "MALICIOUS": 0.0,
        "SANE": 0.0,
        "VALID": 0.0,
        "total": 100.0
    }
}