{
    "counter": {
        "ACTIVE": 27623,
        "INACTIVE": 35272,
        "INVALID": 0,
        "MALICIOUS": 0,
        "SANE": 0,
        "VALID": 0,
        "total": 62895
    },
    "percentage": {
        "ACTIVE": 43.91923046347087,
        "INACTIVE": 56.08076953652913,
        "INVALID": 0.0,
        "MALICIOUS": 0.0,
        "SANE": 0.0,
        "VALID": 0.0,
        "total": 100.0
    }
}