{
    "counter": {
        "ACTIVE": 4645,
        "INACTIVE": 5968,
        "INVALID": 0,
        "MALICIOUS": 0,
        "SANE": 0,
        "VALID": 0,
        "total": 10613
    },
    "percentage": {
        "ACTIVE": 43.77532749034021,
        "INACTIVE": 56.23292188825026,
        "INVALID": 0,
        "MALICIOUS": 0,
        "SANE": 0,
        "VALID": 0,
        "total": 100.00824937859048
    }
}