{
    "counter": {
        "ACTIVE": 25421,
        "INACTIVE": 32090,
        "INVALID": 0,
        "MALICIOUS": 0,
        "SANE": 0,
        "VALID": 0,
        "total": 57511
    },
    "percentage": {
        "ACTIVE": 44.20197875189094,
        "INACTIVE": 55.79802124810906,
        "INVALID": 0.0,
        "MALICIOUS": 0.0,
        "SANE": 0.0,
        "VALID": 0.0,
        "total": 100.0
    }
}