{
    "counter": {
        "ACTIVE": 24457,
        "INACTIVE": 30351,
        "INVALID": 0,
        "MALICIOUS": 0,
        "SANE": 0,
        "VALID": 0,
        "total": 54808
    },
    "percentage": {
        "ACTIVE": 44.62304773025836,
        "INACTIVE": 55.37695226974164,
        "INVALID": 0.0,
        "MALICIOUS": 0.0,
        "SANE": 0.0,
        "VALID": 0.0,
        "total": 100.0
    }
}