{
    "counter": {
        "ACTIVE": 12003,
        "INACTIVE": 14749,
        "INVALID": 0,
        "MALICIOUS": 0,
        "SANE": 0,
        "VALID": 0,
        "total": 26752
    },
    "percentage": {
        "ACTIVE": 44.86767344497608,
        "INACTIVE": 55.13644859813084,
        "INVALID": 0,
        "MALICIOUS": 0,
        "SANE": 0,
        "VALID": 0,
        "total": 100.00412204310692
    }
}