{
    "counter": {
        "ACTIVE": 37609,
        "INACTIVE": 46407,
        "INVALID": 0,
        "MALICIOUS": 0,
        "SANE": 0,
        "VALID": 0,
        "total": 84016
    },
    "percentage": {
        "ACTIVE": 44.76409255379927,
        "INACTIVE": 55.23590744620073,
        "INVALID": 0.0,
        "MALICIOUS": 0.0,
        "SANE": 0.0,
        "VALID": 0.0,
        "total": 100.0
    }
}