{
    "counter": {
        "ACTIVE": 24957,
        "INACTIVE": 30911,
        "INVALID": 0,
        "MALICIOUS": 0,
        "SANE": 0,
        "VALID": 0,
        "total": 55868
    },
    "percentage": {
        "ACTIVE": 44.67136822510203,
        "INACTIVE": 55.32863177489797,
        "INVALID": 0.0,
        "MALICIOUS": 0.0,
        "SANE": 0.0,
        "VALID": 0.0,
        "total": 100.0
    }
}