{
    "counter": {
        "ACTIVE": 30035,
        "INACTIVE": 37831,
        "INVALID": 0,
        "MALICIOUS": 0,
        "SANE": 0,
        "VALID": 0,
        "total": 67866
    },
    "percentage": {
        "ACTIVE": 44.25698077064761,
        "INACTIVE": 55.743671352370846,
        "INVALID": 0.0,
        "MALICIOUS": 0.0,
        "SANE": 0.0,
        "VALID": 0.0,
        "total": 100.00065212301845
    }
}