{
    "counter": {
        "ACTIVE": 32640,
        "INACTIVE": 41040,
        "INVALID": 0,
        "MALICIOUS": 0,
        "SANE": 0,
        "VALID": 0,
        "total": 73680
    },
    "percentage": {
        "ACTIVE": 44.299674267100976,
        "INACTIVE": 55.700325732899024,
        "INVALID": 0.0,
        "MALICIOUS": 0.0,
        "SANE": 0.0,
        "VALID": 0.0,
        "total": 100.0
    }
}