{
    "counter": {
        "ACTIVE": 42826,
        "INACTIVE": 56964,
        "INVALID": 0,
        "MALICIOUS": 0,
        "SANE": 0,
        "VALID": 0,
        "total": 99790
    },
    "percentage": {
        "ACTIVE": 42.916123860106225,
        "INACTIVE": 57.083876139893775,
        "INVALID": 0.0,
        "MALICIOUS": 0.0,
        "SANE": 0.0,
        "VALID": 0.0,
        "total": 100.0
    }
}