{
    "counter": {
        "ACTIVE": 13436,
        "INACTIVE": 17490,
        "INVALID": 0,
        "MALICIOUS": 0,
        "SANE": 0,
        "VALID": 0,
        "total": 30926
    },
    "percentage": {
        "ACTIVE": 43.4456444415702,
        "INACTIVE": 56.55618431689572,
        "INVALID": 0,
        "MALICIOUS": 0,
        "SANE": 0,
        "VALID": 0,
        "total": 100.00182875846592
    }
}