{
    "counter": {
        "ACTIVE": 3299,
        "INACTIVE": 4132,
        "INVALID": 0,
        "MALICIOUS": 0,
        "SANE": 0,
        "VALID": 0,
        "total": 7431
    },
    "percentage": {
        "ACTIVE": 44.395101601399546,
        "INACTIVE": 55.61238223418573,
        "INVALID": 0,
        "MALICIOUS": 0,
        "SANE": 0,
        "VALID": 0,
        "total": 100.00748383558528
    }
}