{
    "counter": {
        "ACTIVE": 43304,
        "INACTIVE": 57801,
        "INVALID": 0,
        "MALICIOUS": 0,
        "SANE": 0,
        "VALID": 0,
        "total": 101105
    },
    "percentage": {
        "ACTIVE": 42.8307205380545,
        "INACTIVE": 57.1692794619455,
        "INVALID": 0.0,
        "MALICIOUS": 0.0,
        "SANE": 0.0,
        "VALID": 0.0,
        "total": 100.0
    }
}