{
    "counter": {
        "ACTIVE": 1639,
        "INACTIVE": 1802,
        "INVALID": 0,
        "MALICIOUS": 0,
        "SANE": 0,
        "VALID": 0,
        "total": 3441
    },
    "percentage": {
        "ACTIVE": 47.659203256760684,
        "INACTIVE": 52.36849752978785,
        "INVALID": 0,
        "MALICIOUS": 0,
        "SANE": 0,
        "VALID": 0,
        "total": 100.02770078654854
    }
}