{
    "counter": {
        "ACTIVE": 16521,
        "INACTIVE": 21594,
        "INVALID": 0,
        "MALICIOUS": 0,
        "SANE": 0,
        "VALID": 0,
        "total": 38115
    },
    "percentage": {
        "ACTIVE": 43.345139708776074,
        "INACTIVE": 56.656346749226,
        "INVALID": 0,
        "MALICIOUS": 0,
        "SANE": 0,
        "VALID": 0,
        "total": 100.00148645800208
    }
}