{
    "counter": {
        "ACTIVE": 1585,
        "INACTIVE": 1671,
        "INVALID": 0,
        "MALICIOUS": 0,
        "SANE": 0,
        "VALID": 0,
        "total": 3256
    },
    "percentage": {
        "ACTIVE": 48.67936117936118,
        "INACTIVE": 51.336405529953915,
        "INVALID": 0,
        "MALICIOUS": 0,
        "SANE": 0,
        "VALID": 0,
        "total": 100.0157667093151
    }
}