{
    "counter": {
        "ACTIVE": 40430,
        "INACTIVE": 53447,
        "INVALID": 0,
        "MALICIOUS": 0,
        "SANE": 0,
        "VALID": 0,
        "total": 93877
    },
    "percentage": {
        "ACTIVE": 43.066991914952546,
        "INACTIVE": 56.933008085047454,
        "INVALID": 0.0,
        "MALICIOUS": 0.0,
        "SANE": 0.0,
        "VALID": 0.0,
        "total": 100.0
    }
}