{
    "counter": {
        "ACTIVE": 22142,
        "INACTIVE": 27153,
        "INVALID": 0,
        "MALICIOUS": 0,
        "SANE": 0,
        "VALID": 0,
        "total": 49295
    },
    "percentage": {
        "ACTIVE": 44.9173344152551,
        "INACTIVE": 55.0826655847449,
        "INVALID": 0.0,
        "MALICIOUS": 0.0,
        "SANE": 0.0,
        "VALID": 0.0,
        "total": 100.0
    }
}