{
    "counter": {
        "ACTIVE": 39511,
        "INACTIVE": 49255,
        "INVALID": 0,
        "MALICIOUS": 0,
        "SANE": 0,
        "VALID": 0,
        "total": 88766
    },
    "percentage": {
        "ACTIVE": 44.511412027127506,
        "INACTIVE": 55.488587972872494,
        "INVALID": 0.0,
        "MALICIOUS": 0.0,
        "SANE": 0.0,
        "VALID": 0.0,
        "total": 100.0
    }
}