{
    "counter": {
        "ACTIVE": 4439,
        "INACTIVE": 5631,
        "INVALID": 0,
        "MALICIOUS": 0,
        "SANE": 0,
        "VALID": 0,
        "total": 10070
    },
    "percentage": {
        "ACTIVE": 44.081429990069516,
        "INACTIVE": 55.9241235475221,
        "INVALID": 0,
        "MALICIOUS": 0,
        "SANE": 0,
        "VALID": 0,
        "total": 100.00555353759162
    }
}