{
    "counter": {
        "ACTIVE": 11732,
        "INACTIVE": 14519,
        "INVALID": 0,
        "MALICIOUS": 0,
        "SANE": 0,
        "VALID": 0,
        "total": 26251
    },
    "percentage": {
        "ACTIVE": 44.69163079501733,
        "INACTIVE": 55.31679811026022,
        "INVALID": 0,
        "MALICIOUS": 0,
        "SANE": 0,
        "VALID": 0,
        "total": 100.00842890527755
    }
}