{
    "counter": {
        "ACTIVE": 30697,
        "INACTIVE": 38496,
        "INVALID": 0,
        "MALICIOUS": 0,
        "SANE": 0,
        "VALID": 0,
        "total": 69193
    },
    "percentage": {
        "ACTIVE": 44.364314309250936,
        "INACTIVE": 55.636489767603194,
        "INVALID": 0.0,
        "MALICIOUS": 0.0,
        "SANE": 0.0,
        "VALID": 0.0,
        "total": 100.00080407685414
    }
}