{
    "counter": {
        "ACTIVE": 17309,
        "INACTIVE": 22379,
        "INVALID": 0,
        "MALICIOUS": 0,
        "SANE": 0,
        "VALID": 0,
        "total": 39688
    },
    "percentage": {
        "ACTIVE": 43.61597580949981,
        "INACTIVE": 56.38732110461601,
        "INVALID": 0,
        "MALICIOUS": 0,
        "SANE": 0,
        "VALID": 0,
        "total": 100.00329691411582
    }
}