{
    "counter": {
        "ACTIVE": 7749,
        "INACTIVE": 10185,
        "INVALID": 0,
        "MALICIOUS": 0,
        "SANE": 0,
        "VALID": 0,
        "total": 17934
    },
    "percentage": {
        "ACTIVE": 43.20843091334895,
        "INACTIVE": 56.8042387060792,
        "INVALID": 0,
        "MALICIOUS": 0,
        "SANE": 0,
        "VALID": 0,
        "total": 100.01266961942815
    }
}