{
    "counter": {
        "ACTIVE": 29067,
        "INACTIVE": 36987,
        "INVALID": 0,
        "MALICIOUS": 0,
        "SANE": 0,
        "VALID": 0,
        "total": 66054
    },
    "percentage": {
        "ACTIVE": 44.00490507766373,
        "INACTIVE": 55.99679040755768,
        "INVALID": 0.0,
        "MALICIOUS": 0.0,
        "SANE": 0.0,
        "VALID": 0.0,
        "total": 100.0016954852214
    }
}