{
    "counter": {
        "ACTIVE": 13091,
        "INACTIVE": 16777,
        "INVALID": 0,
        "MALICIOUS": 0,
        "SANE": 0,
        "VALID": 0,
        "total": 29868
    },
    "percentage": {
        "ACTIVE": 43.829516539440206,
        "INACTIVE": 56.17424496082502,
        "INVALID": 0,
        "MALICIOUS": 0,
        "SANE": 0,
        "VALID": 0,
        "total": 100.00376150026523
    }
}