{
    "counter": {
        "ACTIVE": 39266,
        "INACTIVE": 48660,
        "INVALID": 0,
        "MALICIOUS": 0,
        "SANE": 0,
        "VALID": 0,
        "total": 87926
    },
    "percentage": {
        "ACTIVE": 44.65800787025453,
        "INACTIVE": 55.34199212974547,
        "INVALID": 0.0,
        "MALICIOUS": 0.0,
        "SANE": 0.0,
        "VALID": 0.0,
        "total": 100.0
    }
}