{
    "counter": {
        "ACTIVE": 40396,
        "INACTIVE": 53214,
        "INVALID": 0,
        "MALICIOUS": 0,
        "SANE": 0,
        "VALID": 0,
        "total": 93610
    },
    "percentage": {
        "ACTIVE": 43.15350924046576,
        "INACTIVE": 56.84649075953424,
        "INVALID": 0.0,
        "MALICIOUS": 0.0,
        "SANE": 0.0,
        "VALID": 0.0,
        "total": 100.0
    }
}