{
    "counter": {
        "ACTIVE": 31692,
        "INACTIVE": 39703,
        "INVALID": 0,
        "MALICIOUS": 0,
        "SANE": 0,
        "VALID": 0,
        "total": 71395
    },
    "percentage": {
        "ACTIVE": 44.390906671522416,
        "INACTIVE": 55.610336858323414,
        "INVALID": 0.0,
        "MALICIOUS": 0.0,
        "SANE": 0.0,
        "VALID": 0.0,
        "total": 100.00124352984582
    }
}