{
    "counter": {
        "ACTIVE": 7318,
        "INACTIVE": 9646,
        "INVALID": 0,
        "MALICIOUS": 0,
        "SANE": 0,
        "VALID": 0,
        "total": 16964
    },
    "percentage": {
        "ACTIVE": 43.146040917398736,
        "INACTIVE": 56.86158924781891,
        "INVALID": 0,
        "MALICIOUS": 0,
        "SANE": 0,
        "VALID": 0,
        "total": 100.00763016521765
    }
}