{
    "counter": {
        "ACTIVE": 26729,
        "INACTIVE": 34159,
        "INVALID": 0,
        "MALICIOUS": 0,
        "SANE": 0,
        "VALID": 0,
        "total": 60888
    },
    "percentage": {
        "ACTIVE": 43.89863355669426,
        "INACTIVE": 56.10136644330574,
        "INVALID": 0.0,
        "MALICIOUS": 0.0,
        "SANE": 0.0,
        "VALID": 0.0,
        "total": 100.0
    }
}