{
    "counter": {
        "ACTIVE": 42343,
        "INACTIVE": 56348,
        "INVALID": 0,
        "MALICIOUS": 0,
        "SANE": 0,
        "VALID": 0,
        "total": 98691
    },
    "percentage": {
        "ACTIVE": 42.90462149537445,
        "INACTIVE": 57.09537850462555,
        "INVALID": 0.0,
        "MALICIOUS": 0.0,
        "SANE": 0.0,
        "VALID": 0.0,
        "total": 100.0
    }
}