{
    "counter": {
        "ACTIVE": 24310,
        "INACTIVE": 30240,
        "INVALID": 0,
        "MALICIOUS": 0,
        "SANE": 0,
        "VALID": 0,
        "total": 54550
    },
    "percentage": {
        "ACTIVE": 44.56461961503208,
        "INACTIVE": 55.43538038496792,
        "INVALID": 0.0,
        "MALICIOUS": 0.0,
        "SANE": 0.0,
        "VALID": 0.0,
        "total": 100.0
    }
}