{
    "counter": {
        "ACTIVE": 30351,
        "INACTIVE": 38103,
        "INVALID": 0,
        "MALICIOUS": 0,
        "SANE": 0,
        "VALID": 0,
        "total": 68454
    },
    "percentage": {
        "ACTIVE": 44.339098930637526,
        "INACTIVE": 55.66219651152599,
        "INVALID": 0.0,
        "MALICIOUS": 0.0,
        "SANE": 0.0,
        "VALID": 0.0,
        "total": 100.00129544216352
    }
}