{
    "counter": {
        "ACTIVE": 40431,
        "INACTIVE": 53469,
        "INVALID": 0,
        "MALICIOUS": 0,
        "SANE": 0,
        "VALID": 0,
        "total": 93900
    },
    "percentage": {
        "ACTIVE": 43.05750798722045,
        "INACTIVE": 56.94249201277955,
        "INVALID": 0.0,
        "MALICIOUS": 0.0,
        "SANE": 0.0,
        "VALID": 0.0,
        "total": 100.0
    }
}