{
    "counter": {
        "ACTIVE": 23964,
        "INACTIVE": 29299,
        "INVALID": 0,
        "MALICIOUS": 0,
        "SANE": 0,
        "VALID": 0,
        "total": 53263
    },
    "percentage": {
        "ACTIVE": 44.991832979742036,
        "INACTIVE": 55.008167020257964,
        "INVALID": 0.0,
        "MALICIOUS": 0.0,
        "SANE": 0.0,
        "VALID": 0.0,
        "total": 100.0
    }
}