{
    "counter": {
        "ACTIVE": 18985,
        "INACTIVE": 23917,
        "INVALID": 0,
        "MALICIOUS": 0,
        "SANE": 0,
        "VALID": 0,
        "total": 42902
    },
    "percentage": {
        "ACTIVE": 44.25304771450549,
        "INACTIVE": 55.74798377698009,
        "INVALID": 0,
        "MALICIOUS": 0,
        "SANE": 0,
        "VALID": 0,
        "total": 100.00103149148558
    }
}