{
    "counter": {
        "ACTIVE": 2927,
        "INACTIVE": 3564,
        "INVALID": 0,
        "MALICIOUS": 0,
        "SANE": 0,
        "VALID": 0,
        "total": 6491
    },
    "percentage": {
        "ACTIVE": 45.114056720098645,
        "INACTIVE": 54.90679402249268,
        "INVALID": 0,
        "MALICIOUS": 0,
        "SANE": 0,
        "VALID": 0,
        "total": 100.02085074259134
    }
}