{
    "counter": {
        "ACTIVE": 18204,
        "INACTIVE": 23320,
        "INVALID": 0,
        "MALICIOUS": 0,
        "SANE": 0,
        "VALID": 0,
        "total": 41524
    },
    "percentage": {
        "ACTIVE": 43.840762950653854,
        "INACTIVE": 56.16029284269338,
        "INVALID": 0,
        "MALICIOUS": 0,
        "SANE": 0,
        "VALID": 0,
        "total": 100.00105579334723
    }
}