{
    "counter": {
        "ACTIVE": 32604,
        "INACTIVE": 40969,
        "INVALID": 0,
        "MALICIOUS": 0,
        "SANE": 0,
        "VALID": 0,
        "total": 73573
    },
    "percentage": {
        "ACTIVE": 44.31516996724342,
        "INACTIVE": 55.68483003275658,
        "INVALID": 0.0,
        "MALICIOUS": 0.0,
        "SANE": 0.0,
        "VALID": 0.0,
        "total": 100.0
    }
}