{
    "counter": {
        "ACTIVE": 5543,
        "INACTIVE": 6923,
        "INVALID": 0,
        "MALICIOUS": 0,
        "SANE": 0,
        "VALID": 0,
        "total": 12466
    },
    "percentage": {
        "ACTIVE": 44.472079589216946,
        "INACTIVE": 55.535055350553506,
        "INVALID": 0,
        "MALICIOUS": 0,
        "SANE": 0,
        "VALID": 0,
        "total": 100.00713493977045
    }
}