{
    "counter": {
        "ACTIVE": 40085,
        "INACTIVE": 50699,
        "INVALID": 0,
        "MALICIOUS": 0,
        "SANE": 0,
        "VALID": 0,
        "total": 90784
    },
    "percentage": {
        "ACTIVE": 44.154256256609095,
        "INACTIVE": 55.845743743390905,
        "INVALID": 0.0,
        "MALICIOUS": 0.0,
        "SANE": 0.0,
        "VALID": 0.0,
        "total": 100.0
    }
}