{
    "counter": {
        "ACTIVE": 13087,
        "INACTIVE": 16762,
        "INVALID": 0,
        "MALICIOUS": 0,
        "SANE": 0,
        "VALID": 0,
        "total": 29849
    },
    "percentage": {
        "ACTIVE": 43.84401487487018,
        "INACTIVE": 56.15786652372018,
        "INVALID": 0,
        "MALICIOUS": 0,
        "SANE": 0,
        "VALID": 0,
        "total": 100.00188139859037
    }
}