{
    "counter": {
        "ACTIVE": 24281,
        "INACTIVE": 30212,
        "INVALID": 0,
        "MALICIOUS": 0,
        "SANE": 0,
        "VALID": 0,
        "total": 54493
    },
    "percentage": {
        "ACTIVE": 44.55801662598866,
        "INACTIVE": 55.44198337401134,
        "INVALID": 0.0,
        "MALICIOUS": 0.0,
        "SANE": 0.0,
        "VALID": 0.0,
        "total": 100.0
    }
}