{
    "counter": {
        "ACTIVE": 39588,
        "INACTIVE": 49375,
        "INVALID": 0,
        "MALICIOUS": 0,
        "SANE": 0,
        "VALID": 0,
        "total": 88963
    },
    "percentage": {
        "ACTIVE": 44.49939862639524,
        "INACTIVE": 55.50060137360476,
        "INVALID": 0.0,
        "MALICIOUS": 0.0,
        "SANE": 0.0,
        "VALID": 0.0,
        "total": 100.0
    }
}