{
    "counter": {
        "ACTIVE": 38085,
        "INACTIVE": 47108,
        "INVALID": 0,
        "MALICIOUS": 0,
        "SANE": 0,
        "VALID": 0,
        "total": 85193
    },
    "percentage": {
        "ACTIVE": 44.70437712018593,
        "INACTIVE": 55.29562287981407,
        "INVALID": 0.0,
        "MALICIOUS": 0.0,
        "SANE": 0.0,
        "VALID": 0.0,
        "total": 100.0
    }
}