{
    "counter": {
        "ACTIVE": 22205,
        "INACTIVE": 27291,
        "INVALID": 0,
        "MALICIOUS": 0,
        "SANE": 0,
        "VALID": 0,
        "total": 49496
    },
    "percentage": {
        "ACTIVE": 44.86221108776467,
        "INACTIVE": 55.13778891223533,
        "INVALID": 0.0,
        "MALICIOUS": 0.0,
        "SANE": 0.0,
        "VALID": 0.0,
        "total": 100.0
    }
}