{
    "counter": {
        "ACTIVE": 26598,
        "INACTIVE": 34033,
        "INVALID": 0,
        "MALICIOUS": 0,
        "SANE": 0,
        "VALID": 0,
        "total": 60631
    },
    "percentage": {
        "ACTIVE": 43.86864805132688,
        "INACTIVE": 56.13135194867312,
        "INVALID": 0.0,
        "MALICIOUS": 0.0,
        "SANE": 0.0,
        "VALID": 0.0,
        "total": 100.0
    }
}