{
    "counter": {
        "ACTIVE": 10411,
        "INACTIVE": 13314,
        "INVALID": 0,
        "MALICIOUS": 0,
        "SANE": 0,
        "VALID": 0,
        "total": 23725
    },
    "percentage": {
        "ACTIVE": 43.885680563166545,
        "INACTIVE": 56.11801896733404,
        "INVALID": 0,
        "MALICIOUS": 0,
        "SANE": 0,
        "VALID": 0,
        "total": 100.00369953050058
    }
}