{
    "counter": {
        "ACTIVE": 12314,
        "INACTIVE": 15200,
        "INVALID": 0,
        "MALICIOUS": 0,
        "SANE": 0,
        "VALID": 0,
        "total": 27514
    },
    "percentage": {
        "ACTIVE": 44.75865077057284,
        "INACTIVE": 55.244602747692085,
        "INVALID": 0,
        "MALICIOUS": 0,
        "SANE": 0,
        "VALID": 0,
        "total": 100.00325351826493
    }
}