{
    "counter": {
        "ACTIVE": 25248,
        "INACTIVE": 31762,
        "INVALID": 0,
        "MALICIOUS": 0,
        "SANE": 0,
        "VALID": 0,
        "total": 57010
    },
    "percentage": {
        "ACTIVE": 44.28696719873707,
        "INACTIVE": 55.71303280126293,
        "INVALID": 0.0,
        "MALICIOUS": 0.0,
        "SANE": 0.0,
        "VALID": 0.0,
        "total": 100.0
    }
}