{
    "counter": {
        "ACTIVE": 11447,
        "INACTIVE": 14209,
        "INVALID": 0,
        "MALICIOUS": 0,
        "SANE": 0,
        "VALID": 0,
        "total": 25656
    },
    "percentage": {
        "ACTIVE": 44.62594050914194,
        "INACTIVE": 55.38275647022139,
        "INVALID": 0,
        "MALICIOUS": 0,
        "SANE": 0,
        "VALID": 0,
        "total": 100.00869697936332
    }
}