{
    "counter": {
        "ACTIVE": 1163,
        "INACTIVE": 1371,
        "INVALID": 0,
        "MALICIOUS": 0,
        "SANE": 0,
        "VALID": 0,
        "total": 2534
    },
    "percentage": {
        "ACTIVE": 45.895816890292025,
        "INACTIVE": 54.1897233201581,
        "INVALID": 0,
        "MALICIOUS": 0,
        "SANE": 0,
        "VALID": 0,
        "total": 100.08554021045012
    }
}