{
    "counter": {
        "ACTIVE": 39275,
        "INACTIVE": 48682,
        "INVALID": 0,
        "MALICIOUS": 0,
        "SANE": 0,
        "VALID": 0,
        "total": 87957
    },
    "percentage": {
        "ACTIVE": 44.652500653728524,
        "INACTIVE": 55.347499346271476,
        "INVALID": 0.0,
        "MALICIOUS": 0.0,
        "SANE": 0.0,
        "VALID": 0.0,
        "total": 100.0
    }
}