{
    "counter": {
        "ACTIVE": 24487,
        "INACTIVE": 30377,
        "INVALID": 0,
        "MALICIOUS": 0,
        "SANE": 0,
        "VALID": 0,
        "total": 54864
    },
    "percentage": {
        "ACTIVE": 44.63218139399242,
        "INACTIVE": 55.36781860600758,
        "INVALID": 0.0,
        "MALICIOUS": 0.0,
        "SANE": 0.0,
        "VALID": 0.0,
        "total": 100.0
    }
}