{
    "counter": {
        "ACTIVE": 31072,
        "INACTIVE": 38827,
        "INVALID": 0,
        "MALICIOUS": 0,
        "SANE": 0,
        "VALID": 0,
        "total": 69899
    },
    "percentage": {
        "ACTIVE": 44.452710339203705,
        "INACTIVE": 55.5488790649098,
        "INVALID": 0.0,
        "MALICIOUS": 0.0,
        "SANE": 0.0,
        "VALID": 0.0,
        "total": 100.0015894041135
    }
}