{
    "counter": {
        "ACTIVE": 8530,
        "INACTIVE": 11432,
        "INVALID": 0,
        "MALICIOUS": 0,
        "SANE": 0,
        "VALID": 0,
        "total": 19962
    },
    "percentage": {
        "ACTIVE": 42.73547094188377,
        "INACTIVE": 57.26881074040677,
        "INVALID": 0,
        "MALICIOUS": 0,
        "SANE": 0,
        "VALID": 0,
        "total": 100.00428168229054
    }
}