{
    "counter": {
        "ACTIVE": 15422,
        "INACTIVE": 20773,
        "INVALID": 0,
        "MALICIOUS": 0,
        "SANE": 0,
        "VALID": 0,
        "total": 36195
    },
    "percentage": {
        "ACTIVE": 42.609272255069904,
        "INACTIVE": 57.391904959248514,
        "INVALID": 0,
        "MALICIOUS": 0,
        "SANE": 0,
        "VALID": 0,
        "total": 100.00117721431842
    }
}