{
    "counter": {
        "ACTIVE": 2809,
        "INACTIVE": 3465,
        "INVALID": 0,
        "MALICIOUS": 0,
        "SANE": 0,
        "VALID": 0,
        "total": 6274
    },
    "percentage": {
        "ACTIVE": 44.79349386062829,
        "INACTIVE": 55.22792476888747,
        "INVALID": 0,
        "MALICIOUS": 0,
        "SANE": 0,
        "VALID": 0,
        "total": 100.02141862951575
    }
}