{
    "counter": {
        "ACTIVE": 39677,
        "INACTIVE": 49657,
        "INVALID": 0,
        "MALICIOUS": 0,
        "SANE": 0,
        "VALID": 0,
        "total": 89334
    },
    "percentage": {
        "ACTIVE": 44.41422078939709,
        "INACTIVE": 55.58577921060291,
        "INVALID": 0.0,
        "MALICIOUS": 0.0,
        "SANE": 0.0,
        "VALID": 0.0,
        "total": 100.0
    }
}