{
    "counter": {
        "ACTIVE": 24614,
        "INACTIVE": 30457,
        "INVALID": 0,
        "MALICIOUS": 0,
        "SANE": 0,
        "VALID": 0,
        "total": 55071
    },
    "percentage": {
        "ACTIVE": 44.69503005211455,
        "INACTIVE": 55.30496994788545,
        "INVALID": 0.0,
        "MALICIOUS": 0.0,
        "SANE": 0.0,
        "VALID": 0.0,
        "total": 100.0
    }
}