{
    "counter": {
        "ACTIVE": 34984,
        "INACTIVE": 43646,
        "INVALID": 0,
        "MALICIOUS": 0,
        "SANE": 0,
        "VALID": 0,
        "total": 78630
    },
    "percentage": {
        "ACTIVE": 44.49192420195854,
        "INACTIVE": 55.50807579804146,
        "INVALID": 0.0,
        "MALICIOUS": 0.0,
        "SANE": 0.0,
        "VALID": 0.0,
        "total": 100.0
    }
}