{
    "counter": {
        "ACTIVE": 23946,
        "INACTIVE": 29279,
        "INVALID": 0,
        "MALICIOUS": 0,
        "SANE": 0,
        "VALID": 0,
        "total": 53225
    },
    "percentage": {
        "ACTIVE": 44.990136214185064,
        "INACTIVE": 55.009863785814936,
        "INVALID": 0.0,
        "MALICIOUS": 0.0,
        "SANE": 0.0,
        "VALID": 0.0,
        "total": 100.0
    }
}