{
    "counter": {
        "ACTIVE": 32949,
        "INACTIVE": 41545,
        "INVALID": 0,
        "MALICIOUS": 0,
        "SANE": 0,
        "VALID": 0,
        "total": 74494
    },
    "percentage": {
        "ACTIVE": 44.23040781807931,
        "INACTIVE": 55.76959218192069,
        "INVALID": 0.0,
        "MALICIOUS": 0.0,
        "SANE": 0.0,
        "VALID": 0.0,
        "total": 100.0
    }
}