{
    "counter": {
        "ACTIVE": 3555,
        "INACTIVE": 4341,
        "INVALID": 0,
        "MALICIOUS": 0,
        "SANE": 0,
        "VALID": 0,
        "total": 7896
    },
    "percentage": {
        "ACTIVE": 45.02279635258358,
        "INACTIVE": 54.99809958190802,
        "INVALID": 0,
        "MALICIOUS": 0,
        "SANE": 0,
        "VALID": 0,
        "total": 100.0208959344916
    }
}