{
    "counter": {
        "ACTIVE": 9452,
        "INACTIVE": 12627,
        "INVALID": 0,
        "MALICIOUS": 0,
        "SANE": 0,
        "VALID": 0,
        "total": 22079
    },
    "percentage": {
        "ACTIVE": 42.813788105267925,
        "INACTIVE": 57.19009013089361,
        "INVALID": 0,
        "MALICIOUS": 0,
        "SANE": 0,
        "VALID": 0,
        "total": 100.00387823616154
    }
}