{
    "counter": {
        "ACTIVE": 38328,
        "INACTIVE": 47361,
        "INVALID": 0,
        "MALICIOUS": 0,
        "SANE": 0,
        "VALID": 0,
        "total": 85689
    },
    "percentage": {
        "ACTIVE": 44.7291951125582,
        "INACTIVE": 55.2708048874418,
        "INVALID": 0.0,
        "MALICIOUS": 0.0,
        "SANE": 0.0,
        "VALID": 0.0,
        "total": 100.0
    }
}