{
    "counter": {
        "ACTIVE": 25167,
        "INACTIVE": 31429,
        "INVALID": 0,
        "MALICIOUS": 0,
        "SANE": 0,
        "VALID": 0,
        "total": 56596
    },
    "percentage": {
        "ACTIVE": 44.46780691214927,
        "INACTIVE": 55.53219308785073,
        "INVALID": 0.0,
        "MALICIOUS": 0.0,
        "SANE": 0.0,
        "VALID": 0.0,
        "total": 100.0
    }
}