{
    "counter": {
        "ACTIVE": 3090,
        "INACTIVE": 3818,
        "INVALID": 0,
        "MALICIOUS": 0,
        "SANE": 0,
        "VALID": 0,
        "total": 6908
    },
    "percentage": {
        "ACTIVE": 44.74370112945265,
        "INACTIVE": 55.269253039953675,
        "INVALID": 0,
        "MALICIOUS": 0,
        "SANE": 0,
        "VALID": 0,
        "total": 100.01295416940633
    }
}