{
    "counter": {
        "ACTIVE": 22386,
        "INACTIVE": 27546,
        "INVALID": 0,
        "MALICIOUS": 0,
        "SANE": 0,
        "VALID": 0,
        "total": 49932
    },
    "percentage": {
        "ACTIVE": 44.83297284306657,
        "INACTIVE": 55.16702715693343,
        "INVALID": 0.0,
        "MALICIOUS": 0.0,
        "SANE": 0.0,
        "VALID": 0.0,
        "total": 100.0
    }
}