{
    "counter": {
        "ACTIVE": 23135,
        "INACTIVE": 28351,
        "INVALID": 0,
        "MALICIOUS": 0,
        "SANE": 0,
        "VALID": 0,
        "total": 51486
    },
    "percentage": {
        "ACTIVE": 44.93454531328905,
        "INACTIVE": 55.06545468671095,
        "INVALID": 0.0,
        "MALICIOUS": 0.0,
        "SANE": 0.0,
        "VALID": 0.0,
        "total": 100.0
    }
}