{
    "counter": {
        "ACTIVE": 17565,
        "INACTIVE": 22680,
        "INVALID": 0,
        "MALICIOUS": 0,
        "SANE": 0,
        "VALID": 0,
        "total": 40245
    },
    "percentage": {
        "ACTIVE": 43.64734239495068,
        "INACTIVE": 56.35482668654491,
        "INVALID": 0,
        "MALICIOUS": 0,
        "SANE": 0,
        "VALID": 0,
        "total": 100.0021690814956
    }
}