{
    "counter": {
        "ACTIVE": 37046,
        "INACTIVE": 46071,
        "INVALID": 0,
        "MALICIOUS": 0,
        "SANE": 0,
        "VALID": 0,
        "total": 83117
    },
    "percentage": {
        "ACTIVE": 44.57090607216334,
        "INACTIVE": 55.42909392783666,
        "INVALID": 0.0,
        "MALICIOUS": 0.0,
        "SANE": 0.0,
        "VALID": 0.0,
        "total": 100.0
    }
}