{
    "counter": {
        "ACTIVE": 38485,
        "INACTIVE": 47544,
        "INVALID": 0,
        "MALICIOUS": 0,
        "SANE": 0,
        "VALID": 0,
        "total": 86029
    },
    "percentage": {
        "ACTIVE": 44.73491497053319,
        "INACTIVE": 55.26508502946681,
        "INVALID": 0.0,
        "MALICIOUS": 0.0,
        "SANE": 0.0,
        "VALID": 0.0,
        "total": 100.0
    }
}