{
    "counter": {
        "ACTIVE": 33441,
        "INACTIVE": 42210,
        "INVALID": 0,
        "MALICIOUS": 0,
        "SANE": 0,
        "VALID": 0,
        "total": 75651
    },
    "percentage": {
        "ACTIVE": 44.20430661855098,
        "INACTIVE": 55.79569338144902,
        "INVALID": 0.0,
        "MALICIOUS": 0.0,
        "SANE": 0.0,
        "VALID": 0.0,
        "total": 100.0
    }
}