{
    "counter": {
        "ACTIVE": 44230,
        "INACTIVE": 59330,
        "INVALID": 0,
        "MALICIOUS": 0,
        "SANE": 0,
        "VALID": 0,
        "total": 103560
    },
    "percentage": {
        "ACTIVE": 42.709540363074545,
        "INACTIVE": 57.290459636925455,
        "INVALID": 0.0,
        "MALICIOUS": 0.0,
        "SANE": 0.0,
        "VALID": 0.0,
        "total": 100.0
    }
}