{
    "counter": {
        "ACTIVE": 7392,
        "INACTIVE": 9781,
        "INVALID": 0,
        "MALICIOUS": 0,
        "SANE": 0,
        "VALID": 0,
        "total": 17173
    },
    "percentage": {
        "ACTIVE": 43.046820405310974,
        "INACTIVE": 56.95568625167414,
        "INVALID": 0,
        "MALICIOUS": 0,
        "SANE": 0,
        "VALID": 0,
        "total": 100.0025066569851
    }
}