{
    "counter": {
        "ACTIVE": 6072,
        "INACTIVE": 7630,
        "INVALID": 0,
        "MALICIOUS": 0,
        "SANE": 0,
        "VALID": 0,
        "total": 13702
    },
    "percentage": {
        "ACTIVE": 44.3146985841483,
        "INACTIVE": 55.693430656934304,
        "INVALID": 0,
        "MALICIOUS": 0,
        "SANE": 0,
        "VALID": 0,
        "total": 100.0081292410826
    }
}