{
    "counter": {
        "ACTIVE": 16854,
        "INACTIVE": 21905,
        "INVALID": 0,
        "MALICIOUS": 0,
        "SANE": 0,
        "VALID": 0,
        "total": 38759
    },
    "percentage": {
        "ACTIVE": 43.4840940168735,
        "INACTIVE": 56.517364157077246,
        "INVALID": 0,
        "MALICIOUS": 0,
        "SANE": 0,
        "VALID": 0,
        "total": 100.00145817395074
    }
}