{
    "counter": {
        "ACTIVE": 6404,
        "INACTIVE": 8212,
        "INVALID": 0,
        "MALICIOUS": 0,
        "SANE": 0,
        "VALID": 0,
        "total": 14616
    },
    "percentage": {
        "ACTIVE": 43.81499726327313,
        "INACTIVE": 56.188847074923025,
        "INVALID": 0,
        "MALICIOUS": 0,
        "SANE": 0,
        "VALID": 0,
        "total": 100.00384433819616
    }
}