{
    "counter": {
        "ACTIVE": 32411,
        "INACTIVE": 40638,
        "INVALID": 0,
        "MALICIOUS": 0,
        "SANE": 0,
        "VALID": 0,
        "total": 73049
    },
    "percentage": {
        "ACTIVE": 44.36884830730058,
        "INACTIVE": 55.63115169269942,
        "INVALID": 0.0,
        "MALICIOUS": 0.0,
        "SANE": 0.0,
        "VALID": 0.0,
        "total": 100.0
    }
}