{
    "counter": {
        "ACTIVE": 23066,
        "INACTIVE": 28253,
        "INVALID": 0,
        "MALICIOUS": 0,
        "SANE": 0,
        "VALID": 0,
        "total": 51319
    },
    "percentage": {
        "ACTIVE": 44.94631617919289,
        "INACTIVE": 55.05368382080711,
        "INVALID": 0.0,
        "MALICIOUS": 0.0,
        "SANE": 0.0,
        "VALID": 0.0,
        "total": 100.0
    }
}