{
    "counter": {
        "ACTIVE": 8027,
        "INACTIVE": 10587,
        "INVALID": 0,
        "MALICIOUS": 0,
        "SANE": 0,
        "VALID": 0,
        "total": 18614
    },
    "percentage": {
        "ACTIVE": 43.12808940468515,
        "INACTIVE": 56.876544536370474,
        "INVALID": 0,
        "MALICIOUS": 0,
        "SANE": 0,
        "VALID": 0,
        "total": 100.00463394105563
    }
}