{
    "counter": {
        "ACTIVE": 36261,
        "INACTIVE": 45364,
        "INVALID": 0,
        "MALICIOUS": 0,
        "SANE": 0,
        "VALID": 0,
        "total": 81625
    },
    "percentage": {
        "ACTIVE": 44.423889739663096,
        "INACTIVE": 55.576110260336904,
        "INVALID": 0.0,
        "MALICIOUS": 0.0,
        "SANE": 0.0,
        "VALID": 0.0,
        "total": 100.0
    }
}