{
    "counter": {
        "ACTIVE": 32817,
        "INACTIVE": 41298,
        "INVALID": 0,
        "MALICIOUS": 0,
        "SANE": 0,
        "VALID": 0,
        "total": 74115
    },
    "percentage": {
        "ACTIVE": 44.27848613640963,
        "INACTIVE": 55.72151386359037,
        "INVALID": 0.0,
        "MALICIOUS": 0.0,
        "SANE": 0.0,
        "VALID": 0.0,
        "total": 100.0
    }
}