{
    "counter": {
        "ACTIVE": 3865,
        "INACTIVE": 4797,
        "INVALID": 0,
        "MALICIOUS": 0,
        "SANE": 0,
        "VALID": 0,
        "total": 8662
    },
    "percentage": {
        "ACTIVE": 44.62533194781203,
        "INACTIVE": 55.3798199030247,
        "INVALID": 0,
        "MALICIOUS": 0,
        "SANE": 0,
        "VALID": 0,
        "total": 100.00515185083674
    }
}