{
    "counter": {
        "ACTIVE": 251,
        "INACTIVE": 351,
        "INVALID": 0,
        "MALICIOUS": 0,
        "SANE": 0,
        "VALID": 0,
        "total": 602
    },
    "percentage": {
        "ACTIVE": 41.76372712146423,
        "INACTIVE": 58.30564784053156,
        "INVALID": 0,
        "MALICIOUS": 0,
        "SANE": 0,
        "VALID": 0,
        "total": 100.06937496199579
    }
}