{
    "counter": {
        "ACTIVE": 3051,
        "INACTIVE": 3778,
        "INVALID": 0,
        "MALICIOUS": 0,
        "SANE": 0,
        "VALID": 0,
        "total": 6829
    },
    "percentage": {
        "ACTIVE": 44.709847596717466,
        "INACTIVE": 55.322887684873336,
        "INVALID": 0,
        "MALICIOUS": 0,
        "SANE": 0,
        "VALID": 0,
        "total": 100.0327352815908
    }
}