{
    "counter": {
        "ACTIVE": 16562,
        "INACTIVE": 21643,
        "INVALID": 0,
        "MALICIOUS": 0,
        "SANE": 0,
        "VALID": 0,
        "total": 38205
    },
    "percentage": {
        "ACTIVE": 43.3537511125072,
        "INACTIVE": 56.64965318675566,
        "INVALID": 0,
        "MALICIOUS": 0,
        "SANE": 0,
        "VALID": 0,
        "total": 100.00340429926285
    }
}