{
    "counter": {
        "ACTIVE": 6970,
        "INACTIVE": 9225,
        "INVALID": 0,
        "MALICIOUS": 0,
        "SANE": 0,
        "VALID": 0,
        "total": 16195
    },
    "percentage": {
        "ACTIVE": 43.037974683544306,
        "INACTIVE": 56.96554279362727,
        "INVALID": 0,
        "MALICIOUS": 0,
        "SANE": 0,
        "VALID": 0,
        "total": 100.00351747717158
    }
}