{
    "counter": {
        "ACTIVE": 40075,
        "INACTIVE": 50643,
        "INVALID": 0,
        "MALICIOUS": 0,
        "SANE": 0,
        "VALID": 0,
        "total": 90718
    },
    "percentage": {
        "ACTIVE": 44.175356599572304,
        "INACTIVE": 55.824643400427696,
        "INVALID": 0.0,
        "MALICIOUS": 0.0,
        "SANE": 0.0,
        "VALID": 0.0,
        "total": 100.0
    }
}