{
    "counter": {
        "ACTIVE": 11754,
        "INACTIVE": 14547,
        "INVALID": 0,
        "MALICIOUS": 0,
        "SANE": 0,
        "VALID": 0,
        "total": 26301
    },
    "percentage": {
        "ACTIVE": 44.69031595756815,
        "INACTIVE": 55.31389026198715,
        "INVALID": 0,
        "MALICIOUS": 0,
        "SANE": 0,
        "VALID": 0,
        "total": 100.0042062195553
    }
}