{
    "counter": {
        "ACTIVE": 42607,
        "INACTIVE": 56765,
        "INVALID": 0,
        "MALICIOUS": 0,
        "SANE": 0,
        "VALID": 0,
        "total": 99372
    },
    "percentage": {
        "ACTIVE": 42.87626293120799,
        "INACTIVE": 57.12373706879201,
        "INVALID": 0.0,
        "MALICIOUS": 0.0,
        "SANE": 0.0,
        "VALID": 0.0,
        "total": 100.0
    }
}