{
    "counter": {
        "ACTIVE": 10632,
        "INACTIVE": 13508,
        "INVALID": 0,
        "MALICIOUS": 0,
        "SANE": 0,
        "VALID": 0,
        "total": 24140
    },
    "percentage": {
        "ACTIVE": 44.04308202154101,
        "INACTIVE": 55.96619158104077,
        "INVALID": 0,
        "MALICIOUS": 0,
        "SANE": 0,
        "VALID": 0,
        "total": 100.00927360258177
    }
}