{
    "counter": {
        "ACTIVE": 25285,
        "INACTIVE": 31838,
        "INVALID": 0,
        "MALICIOUS": 0,
        "SANE": 0,
        "VALID": 0,
        "total": 57123
    },
    "percentage": {
        "ACTIVE": 44.26413178579556,
        "INACTIVE": 55.73586821420444,
        "INVALID": 0.0,
        "MALICIOUS": 0.0,
        "SANE": 0.0,
        "VALID": 0.0,
        "total": 100.0
    }
}