{
    "counter": {
        "ACTIVE": 15886,
        "INACTIVE": 21085,
        "INVALID": 0,
        "MALICIOUS": 0,
        "SANE": 0,
        "VALID": 0,
        "total": 36971
    },
    "percentage": {
        "ACTIVE": 42.968813394282,
        "INACTIVE": 57.034271957586085,
        "INVALID": 0,
        "MALICIOUS": 0,
        "SANE": 0,
        "VALID": 0,
        "total": 100.0030853518681
    }
}