{
    "counter": {
        "ACTIVE": 17660,
        "INACTIVE": 22744,
        "INVALID": 0,
        "MALICIOUS": 0,
        "SANE": 0,
        "VALID": 0,
        "total": 40404
    },
    "percentage": {
        "ACTIVE": 43.70854370854371,
        "INACTIVE": 56.29284954087568,
        "INVALID": 0,
        "MALICIOUS": 0,
        "SANE": 0,
        "VALID": 0,
        "total": 100.00139324941938
    }
}