{
    "counter": {
        "ACTIVE": 43818,
        "INACTIVE": 58774,
        "INVALID": 0,
        "MALICIOUS": 0,
        "SANE": 0,
        "VALID": 0,
        "total": 102592
    },
    "percentage": {
        "ACTIVE": 42.710932626325636,
        "INACTIVE": 57.289067373674364,
        "INVALID": 0.0,
        "MALICIOUS": 0.0,
        "SANE": 0.0,
        "VALID": 0.0,
        "total": 100.0
    }
}