{
    "counter": {
        "ACTIVE": 12300,
        "INACTIVE": 15187,
        "INVALID": 0,
        "MALICIOUS": 0,
        "SANE": 0,
        "VALID": 0,
        "total": 27487
    },
    "percentage": {
        "ACTIVE": 44.750054573237286,
        "INACTIVE": 55.251573471095426,
        "INVALID": 0,
        "MALICIOUS": 0,
        "SANE": 0,
        "VALID": 0,
        "total": 100.0016280443327
    }
}