{
    "counter": {
        "ACTIVE": 14219,
        "INACTIVE": 19017,
        "INVALID": 0,
        "MALICIOUS": 0,
        "SANE": 0,
        "VALID": 0,
        "total": 33236
    },
    "percentage": {
        "ACTIVE": 42.78192321579011,
        "INACTIVE": 57.21979840529562,
        "INVALID": 0,
        "MALICIOUS": 0,
        "SANE": 0,
        "VALID": 0,
        "total": 100.00172162108572
    }
}