{
    "counter": {
        "ACTIVE": 40733,
        "INACTIVE": 54464,
        "INVALID": 0,
        "MALICIOUS": 0,
        "SANE": 0,
        "VALID": 0,
        "total": 95197
    },
    "percentage": {
        "ACTIVE": 42.78811307079005,
        "INACTIVE": 57.21188692920995,
        "INVALID": 0.0,
        "MALICIOUS": 0.0,
        "SANE": 0.0,
        "VALID": 0.0,
        "total": 100.0
    }
}