{
    "counter": {
        "ACTIVE": 44317,
        "INACTIVE": 59405,
        "INVALID": 0,
        "MALICIOUS": 0,
        "SANE": 0,
        "VALID": 0,
        "total": 103722
    },
    "percentage": {
        "ACTIVE": 42.72671178727753,
        "INACTIVE": 57.27328821272247,
        "INVALID": 0.0,
        "MALICIOUS": 0.0,
        "SANE": 0.0,
        "VALID": 0.0,
        "total": 100.0
    }
}