{
    "counter": {
        "ACTIVE": 37587,
        "INACTIVE": 46380,
        "INVALID": 0,
        "MALICIOUS": 0,
        "SANE": 0,
        "VALID": 0,
        "total": 83967
    },
    "percentage": {
        "ACTIVE": 44.76401443424202,
        "INACTIVE": 55.23598556575798,
        "INVALID": 0.0,
        "MALICIOUS": 0.0,
        "SANE": 0.0,
        "VALID": 0.0,
        "total": 100.0
    }
}