{
    "counter": {
        "ACTIVE": 158,
        "INACTIVE": 250,
        "INVALID": 0,
        "MALICIOUS": 0,
        "SANE": 0,
        "VALID": 0,
        "total": 408
    },
    "percentage": {
        "ACTIVE": 38.72549019607843,
        "INACTIVE": 61.42506142506142,
        "INVALID": 0,
        "MALICIOUS": 0,
        "SANE": 0,
        "VALID": 0,
        "total": 100.15055162113985
    }
}