{
    "counter": {
        "ACTIVE": 14155,
        "INACTIVE": 18896,
        "INVALID": 0,
        "MALICIOUS": 0,
        "SANE": 0,
        "VALID": 0,
        "total": 33051
    },
    "percentage": {
        "ACTIVE": 42.82775105140541,
        "INACTIVE": 57.17397881996974,
        "INVALID": 0,
        "MALICIOUS": 0,
        "SANE": 0,
        "VALID": 0,
        "total": 100.00172987137515
    }
}