{
    "counter": {
        "ACTIVE": 7378,
        "INACTIVE": 9759,
        "INVALID": 0,
        "MALICIOUS": 0,
        "SANE": 0,
        "VALID": 0,
        "total": 17137
    },
    "percentage": {
        "ACTIVE": 43.05555555555556,
        "INACTIVE": 56.94695687693295,
        "INVALID": 0,
        "MALICIOUS": 0,
        "SANE": 0,
        "VALID": 0,
        "total": 100.00251243248852
    }
}