{
    "counter": {
        "ACTIVE": 16032,
        "INACTIVE": 21187,
        "INVALID": 0,
        "MALICIOUS": 0,
        "SANE": 0,
        "VALID": 0,
        "total": 37219
    },
    "percentage": {
        "ACTIVE": 43.07593100112849,
        "INACTIVE": 56.92522636287917,
        "INVALID": 0,
        "MALICIOUS": 0,
        "SANE": 0,
        "VALID": 0,
        "total": 100.00115736400767
    }
}