{
    "counter": {
        "ACTIVE": 18727,
        "INACTIVE": 23757,
        "INVALID": 0,
        "MALICIOUS": 0,
        "SANE": 0,
        "VALID": 0,
        "total": 42484
    },
    "percentage": {
        "ACTIVE": 44.080124282082664,
        "INACTIVE": 55.92119200621425,
        "INVALID": 0,
        "MALICIOUS": 0,
        "SANE": 0,
        "VALID": 0,
        "total": 100.00131628829692
    }
}