{
    "counter": {
        "ACTIVE": 25231,
        "INACTIVE": 31738,
        "INVALID": 0,
        "MALICIOUS": 0,
        "SANE": 0,
        "VALID": 0,
        "total": 56969
    },
    "percentage": {
        "ACTIVE": 44.28899928031034,
        "INACTIVE": 55.71100071968966,
        "INVALID": 0.0,
        "MALICIOUS": 0.0,
        "SANE": 0.0,
        "VALID": 0.0,
        "total": 100.0
    }
}