{
    "counter": {
        "ACTIVE": 23421,
        "INACTIVE": 28761,
        "INVALID": 0,
        "MALICIOUS": 0,
        "SANE": 0,
        "VALID": 0,
        "total": 52182
    },
    "percentage": {
        "ACTIVE": 44.88329308957112,
        "INACTIVE": 55.11670691042888,
        "INVALID": 0.0,
        "MALICIOUS": 0.0,
        "SANE": 0.0,
        "VALID": 0.0,
        "total": 100.0
    }
}