{
    "counter": {
        "ACTIVE": 43014,
        "INACTIVE": 57388,
        "INVALID": 0,
        "MALICIOUS": 0,
        "SANE": 0,
        "VALID": 0,
        "total": 100402
    },
    "percentage": {
        "ACTIVE": 42.84177606023784,
        "INACTIVE": 57.15822393976216,
        "INVALID": 0.0,
        "MALICIOUS": 0.0,
        "SANE": 0.0,
        "VALID": 0.0,
        "total": 100.0
    }
}