{
    "counter": {
        "ACTIVE": 6425,
        "INACTIVE": 8261,
        "INVALID": 0,
        "MALICIOUS": 0,
        "SANE": 0,
        "VALID": 0,
        "total": 14686
    },
    "percentage": {
        "ACTIVE": 43.75808758428114,
        "INACTIVE": 56.25085115075582,
        "INVALID": 0,
        "MALICIOUS": 0,
        "SANE": 0,
        "VALID": 0,
        "total": 100.00893873503696
    }
}