{
    "counter": {
        "ACTIVE": 9366,
        "INACTIVE": 12501,
        "INVALID": 0,
        "MALICIOUS": 0,
        "SANE": 0,
        "VALID": 0,
        "total": 21867
    },
    "percentage": {
        "ACTIVE": 42.831664151461105,
        "INACTIVE": 57.1761800219539,
        "INVALID": 0,
        "MALICIOUS": 0,
        "SANE": 0,
        "VALID": 0,
        "total": 100.00784417341501
    }
}