{
    "counter": {
        "ACTIVE": 20465,
        "INACTIVE": 25510,
        "INVALID": 0,
        "MALICIOUS": 0,
        "SANE": 0,
        "VALID": 0,
        "total": 45975
    },
    "percentage": {
        "ACTIVE": 44.514290686039935,
        "INACTIVE": 55.486677542142466,
        "INVALID": 0,
        "MALICIOUS": 0,
        "SANE": 0,
        "VALID": 0,
        "total": 100.0009682281824
    }
}