{
    "counter": {
        "ACTIVE": 4565,
        "INACTIVE": 5802,
        "INVALID": 0,
        "MALICIOUS": 0,
        "SANE": 0,
        "VALID": 0,
        "total": 10367
    },
    "percentage": {
        "ACTIVE": 44.05095049696034,
        "INACTIVE": 55.96604610784219,
        "INVALID": 0,
        "MALICIOUS": 0,
        "SANE": 0,
        "VALID": 0,
        "total": 100.01699660480253
    }
}