{
    "counter": {
        "ACTIVE": 42541,
        "INACTIVE": 56620,
        "INVALID": 0,
        "MALICIOUS": 0,
        "SANE": 0,
        "VALID": 0,
        "total": 99161
    },
    "percentage": {
        "ACTIVE": 42.900938877179534,
        "INACTIVE": 57.099061122820466,
        "INVALID": 0.0,
        "MALICIOUS": 0.0,
        "SANE": 0.0,
        "VALID": 0.0,
        "total": 100.0
    }
}