{
    "counter": {
        "ACTIVE": 41557,
        "INACTIVE": 55309,
        "INVALID": 0,
        "MALICIOUS": 0,
        "SANE": 0,
        "VALID": 0,
        "total": 96866
    },
    "percentage": {
        "ACTIVE": 42.901534078004666,
        "INACTIVE": 57.098465921995334,
        "INVALID": 0.0,
        "MALICIOUS": 0.0,
        "SANE": 0.0,
        "VALID": 0.0,
        "total": 100.0
    }
}