{
    "counter": {
        "ACTIVE": 15692,
        "INACTIVE": 20988,
        "INVALID": 0,
        "MALICIOUS": 0,
        "SANE": 0,
        "VALID": 0,
        "total": 36680
    },
    "percentage": {
        "ACTIVE": 42.78197333624145,
        "INACTIVE": 57.219193020719736,
        "INVALID": 0,
        "MALICIOUS": 0,
        "SANE": 0,
        "VALID": 0,
        "total": 100.00116635696119
    }
}