{
    "counter": {
        "ACTIVE": 40767,
        "INACTIVE": 54504,
        "INVALID": 0,
        "MALICIOUS": 0,
        "SANE": 0,
        "VALID": 0,
        "total": 95271
    },
    "percentage": {
        "ACTIVE": 42.790565859495544,
        "INACTIVE": 57.209434140504456,
        "INVALID": 0.0,
        "MALICIOUS": 0.0,
        "SANE": 0.0,
        "VALID": 0.0,
        "total": 100.0
    }
}