{
    "counter": {
        "ACTIVE": 2514,
        "INACTIVE": 3226,
        "INVALID": 0,
        "MALICIOUS": 0,
        "SANE": 0,
        "VALID": 0,
        "total": 5740
    },
    "percentage": {
        "ACTIVE": 43.79790940766551,
        "INACTIVE": 56.21188360341523,
        "INVALID": 0,
        "MALICIOUS": 0,
        "SANE": 0,
        "VALID": 0,
        "total": 100.00979301108075
    }
}