{
    "counter": {
        "ACTIVE": 41428,
        "INACTIVE": 55215,
        "INVALID": 0,
        "MALICIOUS": 0,
        "SANE": 0,
        "VALID": 0,
        "total": 96643
    },
    "percentage": {
        "ACTIVE": 42.867046759723934,
        "INACTIVE": 57.132953240276066,
        "INVALID": 0.0,
        "MALICIOUS": 0.0,
        "SANE": 0.0,
        "VALID": 0.0,
        "total": 100.0
    }
}