{
    "counter": {
        "ACTIVE": 43033,
        "INACTIVE": 57416,
        "INVALID": 0,
        "MALICIOUS": 0,
        "SANE": 0,
        "VALID": 0,
        "total": 100449
    },
    "percentage": {
        "ACTIVE": 42.84064550169738,
        "INACTIVE": 57.15935449830262,
        "INVALID": 0.0,
        "MALICIOUS": 0.0,
        "SANE": 0.0,
        "VALID": 0.0,
        "total": 100.0
    }
}