{
    "counter": {
        "ACTIVE": 249,
        "INACTIVE": 349,
        "INVALID": 0,
        "MALICIOUS": 0,
        "SANE": 0,
        "VALID": 0,
        "total": 598
    },
    "percentage": {
        "ACTIVE": 41.70854271356784,
        "INACTIVE": 58.36120401337793,
        "INVALID": 0,
        "MALICIOUS": 0,
        "SANE": 0,
        "VALID": 0,
        "total": 100.06974672694577
    }
}