{
    "counter": {
        "ACTIVE": 32796,
        "INACTIVE": 41256,
        "INVALID": 0,
        "MALICIOUS": 0,
        "SANE": 0,
        "VALID": 0,
        "total": 74052
    },
    "percentage": {
        "ACTIVE": 44.28779776373359,
        "INACTIVE": 55.71220223626641,
        "INVALID": 0.0,
        "MALICIOUS": 0.0,
        "SANE": 0.0,
        "VALID": 0.0,
        "total": 100.0
    }
}