{
    "counter": {
        "ACTIVE": 14639,
        "INACTIVE": 19587,
        "INVALID": 0,
        "MALICIOUS": 0,
        "SANE": 0,
        "VALID": 0,
        "total": 34226
    },
    "percentage": {
        "ACTIVE": 42.775326534786544,
        "INACTIVE": 57.22842283644013,
        "INVALID": 0,
        "MALICIOUS": 0,
        "SANE": 0,
        "VALID": 0,
        "total": 100.00374937122668
    }
}