{
    "counter": {
        "ACTIVE": 40148,
        "INACTIVE": 51446,
        "INVALID": 0,
        "MALICIOUS": 0,
        "SANE": 0,
        "VALID": 0,
        "total": 91594
    },
    "percentage": {
        "ACTIVE": 43.83256545188549,
        "INACTIVE": 56.16743454811451,
        "INVALID": 0.0,
        "MALICIOUS": 0.0,
        "SANE": 0.0,
        "VALID": 0.0,
        "total": 100.0
    }
}