{
    "counter": {
        "ACTIVE": 29719,
        "INACTIVE": 37579,
        "INVALID": 0,
        "MALICIOUS": 0,
        "SANE": 0,
        "VALID": 0,
        "total": 67298
    },
    "percentage": {
        "ACTIVE": 44.16095814077894,
        "INACTIVE": 55.839698059377696,
        "INVALID": 0.0,
        "MALICIOUS": 0.0,
        "SANE": 0.0,
        "VALID": 0.0,
        "total": 100.00065620015664
    }
}