{
    "counter": {
        "ACTIVE": 43259,
        "INACTIVE": 57702,
        "INVALID": 0,
        "MALICIOUS": 0,
        "SANE": 0,
        "VALID": 0,
        "total": 100961
    },
    "percentage": {
        "ACTIVE": 42.847238042412414,
        "INACTIVE": 57.152761957587586,
        "INVALID": 0.0,
        "MALICIOUS": 0.0,
        "SANE": 0.0,
        "VALID": 0.0,
        "total": 100.0
    }
}