{
    "counter": {
        "ACTIVE": 1374,
        "INACTIVE": 1505,
        "INVALID": 0,
        "MALICIOUS": 0,
        "SANE": 0,
        "VALID": 0,
        "total": 2879
    },
    "percentage": {
        "ACTIVE": 47.72490448072247,
        "INACTIVE": 52.366040361865,
        "INVALID": 0,
        "MALICIOUS": 0,
        "SANE": 0,
        "VALID": 0,
        "total": 100.09094484258748
    }
}