{
    "counter": {
        "ACTIVE": 8201,
        "INACTIVE": 10916,
        "INVALID": 0,
        "MALICIOUS": 0,
        "SANE": 0,
        "VALID": 0,
        "total": 19117
    },
    "percentage": {
        "ACTIVE": 42.89899042736831,
        "INACTIVE": 57.10399665201925,
        "INVALID": 0,
        "MALICIOUS": 0,
        "SANE": 0,
        "VALID": 0,
        "total": 100.00298707938757
    }
}