{
    "counter": {
        "ACTIVE": 26478,
        "INACTIVE": 33882,
        "INVALID": 0,
        "MALICIOUS": 0,
        "SANE": 0,
        "VALID": 0,
        "total": 60360
    },
    "percentage": {
        "ACTIVE": 43.866799204771375,
        "INACTIVE": 56.133200795228625,
        "INVALID": 0.0,
        "MALICIOUS": 0.0,
        "SANE": 0.0,
        "VALID": 0.0,
        "total": 100.0
    }
}