{
    "counter": {
        "ACTIVE": 29029,
        "INACTIVE": 36948,
        "INVALID": 0,
        "MALICIOUS": 0,
        "SANE": 0,
        "VALID": 0,
        "total": 65977
    },
    "percentage": {
        "ACTIVE": 43.999333090820905,
        "INACTIVE": 56.00133379814178,
        "INVALID": 0.0,
        "MALICIOUS": 0.0,
        "SANE": 0.0,
        "VALID": 0.0,
        "total": 100.00066688896268
    }
}