{
    "counter": {
        "ACTIVE": 29688,
        "INACTIVE": 37502,
        "INVALID": 0,
        "MALICIOUS": 0,
        "SANE": 0,
        "VALID": 0,
        "total": 67190
    },
    "percentage": {
        "ACTIVE": 44.18514659919631,
        "INACTIVE": 55.81734561745576,
        "INVALID": 0.0,
        "MALICIOUS": 0.0,
        "SANE": 0.0,
        "VALID": 0.0,
        "total": 100.00249221665206
    }
}