{
    "counter": {
        "ACTIVE": 39245,
        "INACTIVE": 48591,
        "INVALID": 0,
        "MALICIOUS": 0,
        "SANE": 0,
        "VALID": 0,
        "total": 87836
    },
    "percentage": {
        "ACTIVE": 44.679857917027185,
        "INACTIVE": 55.320142082972815,
        "INVALID": 0.0,
        "MALICIOUS": 0.0,
        "SANE": 0.0,
        "VALID": 0.0,
        "total": 100.0
    }
}