{
    "counter": {
        "ACTIVE": 41453,
        "INACTIVE": 55223,
        "INVALID": 0,
        "MALICIOUS": 0,
        "SANE": 0,
        "VALID": 0,
        "total": 96676
    },
    "percentage": {
        "ACTIVE": 42.878273821837894,
        "INACTIVE": 57.121726178162106,
        "INVALID": 0.0,
        "MALICIOUS": 0.0,
        "SANE": 0.0,
        "VALID": 0.0,
        "total": 100.0
    }
}