{
    "counter": {
        "ACTIVE": 14185,
        "INACTIVE": 18938,
        "INVALID": 0,
        "MALICIOUS": 0,
        "SANE": 0,
        "VALID": 0,
        "total": 33123
    },
    "percentage": {
        "ACTIVE": 42.83039946858299,
        "INACTIVE": 57.174772816471936,
        "INVALID": 0,
        "MALICIOUS": 0,
        "SANE": 0,
        "VALID": 0,
        "total": 100.00517228505493
    }
}