{
    "counter": {
        "ACTIVE": 25783,
        "INACTIVE": 32818,
        "INVALID": 0,
        "MALICIOUS": 0,
        "SANE": 0,
        "VALID": 0,
        "total": 58601
    },
    "percentage": {
        "ACTIVE": 43.99754270404942,
        "INACTIVE": 56.00245729595058,
        "INVALID": 0.0,
        "MALICIOUS": 0.0,
        "SANE": 0.0,
        "VALID": 0.0,
        "total": 100.0
    }
}