{
    "counter": {
        "ACTIVE": 21526,
        "INACTIVE": 26458,
        "INVALID": 0,
        "MALICIOUS": 0,
        "SANE": 0,
        "VALID": 0,
        "total": 47984
    },
    "percentage": {
        "ACTIVE": 44.860786928976324,
        "INACTIVE": 55.139213071023676,
        "INVALID": 0.0,
        "MALICIOUS": 0.0,
        "SANE": 0.0,
        "VALID": 0.0,
        "total": 100.0
    }
}