{
    "counter": {
        "ACTIVE": 14687,
        "INACTIVE": 19658,
        "INVALID": 0,
        "MALICIOUS": 0,
        "SANE": 0,
        "VALID": 0,
        "total": 34345
    },
    "percentage": {
        "ACTIVE": 42.764383880736084,
        "INACTIVE": 57.236861260736646,
        "INVALID": 0,
        "MALICIOUS": 0,
        "SANE": 0,
        "VALID": 0,
        "total": 100.00124514147274
    }
}