{
    "counter": {
        "ACTIVE": 19228,
        "INACTIVE": 24121,
        "INVALID": 0,
        "MALICIOUS": 0,
        "SANE": 0,
        "VALID": 0,
        "total": 43349
    },
    "percentage": {
        "ACTIVE": 44.356271194260536,
        "INACTIVE": 55.647579938171916,
        "INVALID": 0,
        "MALICIOUS": 0,
        "SANE": 0,
        "VALID": 0,
        "total": 100.00385113243246
    }
}