{
    "counter": {
        "ACTIVE": 36497,
        "INACTIVE": 45635,
        "INVALID": 0,
        "MALICIOUS": 0,
        "SANE": 0,
        "VALID": 0,
        "total": 82132
    },
    "percentage": {
        "ACTIVE": 44.43700384746506,
        "INACTIVE": 55.56299615253494,
        "INVALID": 0.0,
        "MALICIOUS": 0.0,
        "SANE": 0.0,
        "VALID": 0.0,
        "total": 100.0
    }
}