{
    "counter": {
        "ACTIVE": 8035,
        "INACTIVE": 10607,
        "INVALID": 0,
        "MALICIOUS": 0,
        "SANE": 0,
        "VALID": 0,
        "total": 18642
    },
    "percentage": {
        "ACTIVE": 43.110848803519694,
        "INACTIVE": 56.89840145907092,
        "INVALID": 0,
        "MALICIOUS": 0,
        "SANE": 0,
        "VALID": 0,
        "total": 100.00925026259061
    }
}