{
    "counter": {
        "ACTIVE": 18799,
        "INACTIVE": 23798,
        "INVALID": 0,
        "MALICIOUS": 0,
        "SANE": 0,
        "VALID": 0,
        "total": 42597
    },
    "percentage": {
        "ACTIVE": 44.13221588374768,
        "INACTIVE": 55.86909568973613,
        "INVALID": 0,
        "MALICIOUS": 0,
        "SANE": 0,
        "VALID": 0,
        "total": 100.0013115734838
    }
}