{
    "counter": {
        "ACTIVE": 42013,
        "INACTIVE": 55833,
        "INVALID": 0,
        "MALICIOUS": 0,
        "SANE": 0,
        "VALID": 0,
        "total": 97846
    },
    "percentage": {
        "ACTIVE": 42.93788197780185,
        "INACTIVE": 57.06211802219815,
        "INVALID": 0.0,
        "MALICIOUS": 0.0,
        "SANE": 0.0,
        "VALID": 0.0,
        "total": 100.0
    }
}