{
    "counter": {
        "ACTIVE": 25612,
        "INACTIVE": 32533,
        "INVALID": 0,
        "MALICIOUS": 0,
        "SANE": 0,
        "VALID": 0,
        "total": 58145
    },
    "percentage": {
        "ACTIVE": 44.04849944105254,
        "INACTIVE": 55.95150055894746,
        "INVALID": 0.0,
        "MALICIOUS": 0.0,
        "SANE": 0.0,
        "VALID": 0.0,
        "total": 100.0
    }
}