{
    "counter": {
        "ACTIVE": 24161,
        "INACTIVE": 29955,
        "INVALID": 0,
        "MALICIOUS": 0,
        "SANE": 0,
        "VALID": 0,
        "total": 54116
    },
    "percentage": {
        "ACTIVE": 44.64668489910562,
        "INACTIVE": 55.35331510089438,
        "INVALID": 0.0,
        "MALICIOUS": 0.0,
        "SANE": 0.0,
        "VALID": 0.0,
        "total": 100.0
    }
}