{
    "counter": {
        "ACTIVE": 22682,
        "INACTIVE": 27808,
        "INVALID": 0,
        "MALICIOUS": 0,
        "SANE": 0,
        "VALID": 0,
        "total": 50490
    },
    "percentage": {
        "ACTIVE": 44.92374727668845,
        "INACTIVE": 55.07625272331155,
        "INVALID": 0.0,
        "MALICIOUS": 0.0,
        "SANE": 0.0,
        "VALID": 0.0,
        "total": 100.0
    }
}