{
    "counter": {
        "ACTIVE": 18768,
        "INACTIVE": 23784,
        "INVALID": 0,
        "MALICIOUS": 0,
        "SANE": 0,
        "VALID": 0,
        "total": 42552
    },
    "percentage": {
        "ACTIVE": 44.10603496897913,
        "INACTIVE": 55.89527860684825,
        "INVALID": 0,
        "MALICIOUS": 0,
        "SANE": 0,
        "VALID": 0,
        "total": 100.00131357582738
    }
}