{
    "counter": {
        "ACTIVE": 10726,
        "INACTIVE": 13598,
        "INVALID": 0,
        "MALICIOUS": 0,
        "SANE": 0,
        "VALID": 0,
        "total": 24324
    },
    "percentage": {
        "ACTIVE": 44.09636572932084,
        "INACTIVE": 55.90593265633351,
        "INVALID": 0,
        "MALICIOUS": 0,
        "SANE": 0,
        "VALID": 0,
        "total": 100.00229838565434
    }
}