{
    "counter": {
        "ACTIVE": 11474,
        "INACTIVE": 14236,
        "INVALID": 0,
        "MALICIOUS": 0,
        "SANE": 0,
        "VALID": 0,
        "total": 25710
    },
    "percentage": {
        "ACTIVE": 44.628549202644884,
        "INACTIVE": 55.37791263080095,
        "INVALID": 0,
        "MALICIOUS": 0,
        "SANE": 0,
        "VALID": 0,
        "total": 100.00646183344583
    }
}