{
    "counter": {
        "ACTIVE": 4396,
        "INACTIVE": 5558,
        "INVALID": 0,
        "MALICIOUS": 0,
        "SANE": 0,
        "VALID": 0,
        "total": 9954
    },
    "percentage": {
        "ACTIVE": 44.16758766201146,
        "INACTIVE": 55.836849507735586,
        "INVALID": 0,
        "MALICIOUS": 0,
        "SANE": 0,
        "VALID": 0,
        "total": 100.00443716974704
    }
}