{
    "counter": {
        "ACTIVE": 33211,
        "INACTIVE": 41881,
        "INVALID": 0,
        "MALICIOUS": 0,
        "SANE": 0,
        "VALID": 0,
        "total": 75092
    },
    "percentage": {
        "ACTIVE": 44.227081446758646,
        "INACTIVE": 55.772918553241354,
        "INVALID": 0.0,
        "MALICIOUS": 0.0,
        "SANE": 0.0,
        "VALID": 0.0,
        "total": 100.0
    }
}