{
    "counter": {
        "ACTIVE": 36251,
        "INACTIVE": 45350,
        "INVALID": 0,
        "MALICIOUS": 0,
        "SANE": 0,
        "VALID": 0,
        "total": 81601
    },
    "percentage": {
        "ACTIVE": 44.424700677687774,
        "INACTIVE": 55.575299322312226,
        "INVALID": 0.0,
        "MALICIOUS": 0.0,
        "SANE": 0.0,
        "VALID": 0.0,
        "total": 100.0
    }
}