{
    "counter": {
        "ACTIVE": 33698,
        "INACTIVE": 42544,
        "INVALID": 0,
        "MALICIOUS": 0,
        "SANE": 0,
        "VALID": 0,
        "total": 76242
    },
    "percentage": {
        "ACTIVE": 44.198735605047084,
        "INACTIVE": 55.801264394952916,
        "INVALID": 0.0,
        "MALICIOUS": 0.0,
        "SANE": 0.0,
        "VALID": 0.0,
        "total": 100.0
    }
}