{
    "counter": {
        "ACTIVE": 1599,
        "INACTIVE": 1692,
        "INVALID": 0,
        "MALICIOUS": 0,
        "SANE": 0,
        "VALID": 0,
        "total": 3291
    },
    "percentage": {
        "ACTIVE": 48.64618192881046,
        "INACTIVE": 51.412944393801276,
        "INVALID": 0,
        "MALICIOUS": 0,
        "SANE": 0,
        "VALID": 0,
        "total": 100.05912632261175
    }
}