{
    "counter": {
        "ACTIVE": 43259,
        "INACTIVE": 57712,
        "INVALID": 0,
        "MALICIOUS": 0,
        "SANE": 0,
        "VALID": 0,
        "total": 100971
    },
    "percentage": {
        "ACTIVE": 42.842994523179925,
        "INACTIVE": 57.157005476820075,
        "INVALID": 0.0,
        "MALICIOUS": 0.0,
        "SANE": 0.0,
        "VALID": 0.0,
        "total": 100.0
    }
}