{
    "counter": {
        "ACTIVE": 25259,
        "INACTIVE": 31786,
        "INVALID": 0,
        "MALICIOUS": 0,
        "SANE": 0,
        "VALID": 0,
        "total": 57045
    },
    "percentage": {
        "ACTIVE": 44.279077920939606,
        "INACTIVE": 55.720922079060394,
        "INVALID": 0.0,
        "MALICIOUS": 0.0,
        "SANE": 0.0,
        "VALID": 0.0,
        "total": 100.0
    }
}