{
    "counter": {
        "ACTIVE": 34050,
        "INACTIVE": 42771,
        "INVALID": 0,
        "MALICIOUS": 0,
        "SANE": 0,
        "VALID": 0,
        "total": 76821
    },
    "percentage": {
        "ACTIVE": 44.32381770609599,
        "INACTIVE": 55.67618229390401,
        "INVALID": 0.0,
        "MALICIOUS": 0.0,
        "SANE": 0.0,
        "VALID": 0.0,
        "total": 100.0
    }
}