{
    "counter": {
        "ACTIVE": 30841,
        "INACTIVE": 38661,
        "INVALID": 0,
        "MALICIOUS": 0,
        "SANE": 0,
        "VALID": 0,
        "total": 69502
    },
    "percentage": {
        "ACTIVE": 44.374262611147884,
        "INACTIVE": 55.63454260263919,
        "INVALID": 0.0,
        "MALICIOUS": 0.0,
        "SANE": 0.0,
        "VALID": 0.0,
        "total": 100.00880521378707
    }
}