{
    "counter": {
        "ACTIVE": 15295,
        "INACTIVE": 20437,
        "INVALID": 0,
        "MALICIOUS": 0,
        "SANE": 0,
        "VALID": 0,
        "total": 35732
    },
    "percentage": {
        "ACTIVE": 42.80596680753408,
        "INACTIVE": 57.19523116534199,
        "INVALID": 0,
        "MALICIOUS": 0,
        "SANE": 0,
        "VALID": 0,
        "total": 100.00119797287607
    }
}