{
    "counter": {
        "ACTIVE": 35928,
        "INACTIVE": 44973,
        "INVALID": 0,
        "MALICIOUS": 0,
        "SANE": 0,
        "VALID": 0,
        "total": 80901
    },
    "percentage": {
        "ACTIVE": 44.40983424185115,
        "INACTIVE": 55.59016575814885,
        "INVALID": 0.0,
        "MALICIOUS": 0.0,
        "SANE": 0.0,
        "VALID": 0.0,
        "total": 100.0
    }
}