{
    "counter": {
        "ACTIVE": 41309,
        "INACTIVE": 55057,
        "INVALID": 0,
        "MALICIOUS": 0,
        "SANE": 0,
        "VALID": 0,
        "total": 96366
    },
    "percentage": {
        "ACTIVE": 42.86677873938941,
        "INACTIVE": 57.13322126061059,
        "INVALID": 0.0,
        "MALICIOUS": 0.0,
        "SANE": 0.0,
        "VALID": 0.0,
        "total": 100.0
    }
}