{
    "counter": {
        "ACTIVE": 31500,
        "INACTIVE": 39466,
        "INVALID": 0,
        "MALICIOUS": 0,
        "SANE": 0,
        "VALID": 0,
        "total": 70966
    },
    "percentage": {
        "ACTIVE": 44.387453146577236,
        "INACTIVE": 55.61333051504263,
        "INVALID": 0.0,
        "MALICIOUS": 0.0,
        "SANE": 0.0,
        "VALID": 0.0,
        "total": 100.00078366161986
    }
}