{
    "counter": {
        "ACTIVE": 14696,
        "INACTIVE": 19683,
        "INVALID": 0,
        "MALICIOUS": 0,
        "SANE": 0,
        "VALID": 0,
        "total": 34379
    },
    "percentage": {
        "ACTIVE": 42.75324373072671,
        "INACTIVE": 57.252974199365894,
        "INVALID": 0,
        "MALICIOUS": 0,
        "SANE": 0,
        "VALID": 0,
        "total": 100.0062179300926
    }
}