{
    "counter": {
        "ACTIVE": 25644,
        "INACTIVE": 32591,
        "INVALID": 0,
        "MALICIOUS": 0,
        "SANE": 0,
        "VALID": 0,
        "total": 58235
    },
    "percentage": {
        "ACTIVE": 44.035373916029876,
        "INACTIVE": 55.964626083970124,
        "INVALID": 0.0,
        "MALICIOUS": 0.0,
        "SANE": 0.0,
        "VALID": 0.0,
        "total": 100.0
    }
}