{
    "counter": {
        "ACTIVE": 44033,
        "INACTIVE": 59102,
        "INVALID": 0,
        "MALICIOUS": 0,
        "SANE": 0,
        "VALID": 0,
        "total": 103135
    },
    "percentage": {
        "ACTIVE": 42.69452659136084,
        "INACTIVE": 57.30547340863916,
        "INVALID": 0.0,
        "MALICIOUS": 0.0,
        "SANE": 0.0,
        "VALID": 0.0,
        "total": 100.0
    }
}