{
    "counter": {
        "ACTIVE": 18306,
        "INACTIVE": 23419,
        "INVALID": 0,
        "MALICIOUS": 0,
        "SANE": 0,
        "VALID": 0,
        "total": 41725
    },
    "percentage": {
        "ACTIVE": 43.87297783103655,
        "INACTIVE": 56.131057955035715,
        "INVALID": 0,
        "MALICIOUS": 0,
        "SANE": 0,
        "VALID": 0,
        "total": 100.00403578607227
    }
}