{
    "counter": {
        "ACTIVE": 37853,
        "INACTIVE": 46852,
        "INVALID": 0,
        "MALICIOUS": 0,
        "SANE": 0,
        "VALID": 0,
        "total": 84705
    },
    "percentage": {
        "ACTIVE": 44.68803494480845,
        "INACTIVE": 55.31196505519155,
        "INVALID": 0.0,
        "MALICIOUS": 0.0,
        "SANE": 0.0,
        "VALID": 0.0,
        "total": 100.0
    }
}