{
    "counter": {
        "ACTIVE": 21172,
        "INACTIVE": 26108,
        "INVALID": 0,
        "MALICIOUS": 0,
        "SANE": 0,
        "VALID": 0,
        "total": 47280
    },
    "percentage": {
        "ACTIVE": 44.780033840947546,
        "INACTIVE": 55.224638294271934,
        "INVALID": 0,
        "MALICIOUS": 0,
        "SANE": 0,
        "VALID": 0,
        "total": 100.00467213521948
    }
}