{
    "counter": {
        "ACTIVE": 35752,
        "INACTIVE": 44812,
        "INVALID": 0,
        "MALICIOUS": 0,
        "SANE": 0,
        "VALID": 0,
        "total": 80564
    },
    "percentage": {
        "ACTIVE": 44.37714115485825,
        "INACTIVE": 55.62285884514175,
        "INVALID": 0.0,
        "MALICIOUS": 0.0,
        "SANE": 0.0,
        "VALID": 0.0,
        "total": 100.0
    }
}