{
    "counter": {
        "ACTIVE": 37702,
        "INACTIVE": 46552,
        "INVALID": 0,
        "MALICIOUS": 0,
        "SANE": 0,
        "VALID": 0,
        "total": 84254
    },
    "percentage": {
        "ACTIVE": 44.74802383269637,
        "INACTIVE": 55.25197616730363,
        "INVALID": 0.0,
        "MALICIOUS": 0.0,
        "SANE": 0.0,
        "VALID": 0.0,
        "total": 100.0
    }
}