{
    "counter": {
        "ACTIVE": 40487,
        "INACTIVE": 53573,
        "INVALID": 0,
        "MALICIOUS": 0,
        "SANE": 0,
        "VALID": 0,
        "total": 94060
    },
    "percentage": {
        "ACTIVE": 43.04380182862003,
        "INACTIVE": 56.95619817137997,
        "INVALID": 0.0,
        "MALICIOUS": 0.0,
        "SANE": 0.0,
        "VALID": 0.0,
        "total": 100.0
    }
}