{
    "counter": {
        "ACTIVE": 5589,
        "INACTIVE": 6991,
        "INVALID": 0,
        "MALICIOUS": 0,
        "SANE": 0,
        "VALID": 0,
        "total": 12580
    },
    "percentage": {
        "ACTIVE": 44.42766295707472,
        "INACTIVE": 55.576754908975275,
        "INVALID": 0,
        "MALICIOUS": 0,
        "SANE": 0,
        "VALID": 0,
        "total": 100.00441786605
    }
}