{
    "counter": {
        "ACTIVE": 23985,
        "INACTIVE": 29333,
        "INVALID": 0,
        "MALICIOUS": 0,
        "SANE": 0,
        "VALID": 0,
        "total": 53318
    },
    "percentage": {
        "ACTIVE": 44.984808132338046,
        "INACTIVE": 55.015191867661954,
        "INVALID": 0.0,
        "MALICIOUS": 0.0,
        "SANE": 0.0,
        "VALID": 0.0,
        "total": 100.0
    }
}