{
    "counter": {
        "ACTIVE": 37448,
        "INACTIVE": 46222,
        "INVALID": 0,
        "MALICIOUS": 0,
        "SANE": 0,
        "VALID": 0,
        "total": 83670
    },
    "percentage": {
        "ACTIVE": 44.756782598302856,
        "INACTIVE": 55.243217401697144,
        "INVALID": 0.0,
        "MALICIOUS": 0.0,
        "SANE": 0.0,
        "VALID": 0.0,
        "total": 100.0
    }
}