{
    "counter": {
        "ACTIVE": 33150,
        "INACTIVE": 41813,
        "INVALID": 0,
        "MALICIOUS": 0,
        "SANE": 0,
        "VALID": 0,
        "total": 74963
    },
    "percentage": {
        "ACTIVE": 44.22181609594067,
        "INACTIVE": 55.77818390405933,
        "INVALID": 0.0,
        "MALICIOUS": 0.0,
        "SANE": 0.0,
        "VALID": 0.0,
        "total": 100.0
    }
}