{
    "counter": {
        "ACTIVE": 40286,
        "INACTIVE": 52367,
        "INVALID": 0,
        "MALICIOUS": 0,
        "SANE": 0,
        "VALID": 0,
        "total": 92653
    },
    "percentage": {
        "ACTIVE": 43.48051331311452,
        "INACTIVE": 56.51948668688548,
        "INVALID": 0.0,
        "MALICIOUS": 0.0,
        "SANE": 0.0,
        "VALID": 0.0,
        "total": 100.0
    }
}