{
    "counter": {
        "ACTIVE": 13447,
        "INACTIVE": 17571,
        "INVALID": 0,
        "MALICIOUS": 0,
        "SANE": 0,
        "VALID": 0,
        "total": 31018
    },
    "percentage": {
        "ACTIVE": 43.35224708233929,
        "INACTIVE": 56.649579262984815,
        "INVALID": 0,
        "MALICIOUS": 0,
        "SANE": 0,
        "VALID": 0,
        "total": 100.0018263453241
    }
}