{
    "counter": {
        "ACTIVE": 33703,
        "INACTIVE": 42549,
        "INVALID": 0,
        "MALICIOUS": 0,
        "SANE": 0,
        "VALID": 0,
        "total": 76252
    },
    "percentage": {
        "ACTIVE": 44.199496406651626,
        "INACTIVE": 55.800503593348374,
        "INVALID": 0.0,
        "MALICIOUS": 0.0,
        "SANE": 0.0,
        "VALID": 0.0,
        "total": 100.0
    }
}