{
    "counter": {
        "ACTIVE": 14753,
        "INACTIVE": 19817,
        "INVALID": 0,
        "MALICIOUS": 0,
        "SANE": 0,
        "VALID": 0,
        "total": 34570
    },
    "percentage": {
        "ACTIVE": 42.676964910758194,
        "INACTIVE": 57.32426959791727,
        "INVALID": 0,
        "MALICIOUS": 0,
        "SANE": 0,
        "VALID": 0,
        "total": 100.00123450867547
    }
}