{
    "counter": {
        "ACTIVE": 14756,
        "INACTIVE": 19818,
        "INVALID": 0,
        "MALICIOUS": 0,
        "SANE": 0,
        "VALID": 0,
        "total": 34574
    },
    "percentage": {
        "ACTIVE": 42.67947012205704,
        "INACTIVE": 57.32384588684484,
        "INVALID": 0,
        "MALICIOUS": 0,
        "SANE": 0,
        "VALID": 0,
        "total": 100.00331600890189
    }
}