{
    "counter": {
        "ACTIVE": 52,
        "INACTIVE": 99,
        "INVALID": 0,
        "MALICIOUS": 0,
        "SANE": 0,
        "VALID": 0,
        "total": 151
    },
    "percentage": {
        "ACTIVE": 34.666666666666664,
        "INACTIVE": 65.56291390728477,
        "INVALID": 0,
        "MALICIOUS": 0,
        "SANE": 0,
        "VALID": 0,
        "total": 100.22958057395144
    }
}