{
    "counter": {
        "ACTIVE": 35980,
        "INACTIVE": 45031,
        "INVALID": 0,
        "MALICIOUS": 0,
        "SANE": 0,
        "VALID": 0,
        "total": 81011
    },
    "percentage": {
        "ACTIVE": 44.41372159336387,
        "INACTIVE": 55.58627840663613,
        "INVALID": 0.0,
        "MALICIOUS": 0.0,
        "SANE": 0.0,
        "VALID": 0.0,
        "total": 100.0
    }
}