{
    "counter": {
        "ACTIVE": 9905,
        "INACTIVE": 12879,
        "INVALID": 0,
        "MALICIOUS": 0,
        "SANE": 0,
        "VALID": 0,
        "total": 22784
    },
    "percentage": {
        "ACTIVE": 43.4811237928007,
        "INACTIVE": 56.52650983146067,
        "INVALID": 0,
        "MALICIOUS": 0,
        "SANE": 0,
        "VALID": 0,
        "total": 100.00763362426137
    }
}