{
    "counter": {
        "ACTIVE": 42831,
        "INACTIVE": 56976,
        "INVALID": 0,
        "MALICIOUS": 0,
        "SANE": 0,
        "VALID": 0,
        "total": 99807
    },
    "percentage": {
        "ACTIVE": 42.91382367970183,
        "INACTIVE": 57.08617632029817,
        "INVALID": 0.0,
        "MALICIOUS": 0.0,
        "SANE": 0.0,
        "VALID": 0.0,
        "total": 100.0
    }
}