{
    "counter": {
        "ACTIVE": 21201,
        "INACTIVE": 26139,
        "INVALID": 0,
        "MALICIOUS": 0,
        "SANE": 0,
        "VALID": 0,
        "total": 47340
    },
    "percentage": {
        "ACTIVE": 44.78548342804031,
        "INACTIVE": 55.21546261089987,
        "INVALID": 0,
        "MALICIOUS": 0,
        "SANE": 0,
        "VALID": 0,
        "total": 100.00094603894019
    }
}