{
    "counter": {
        "ACTIVE": 28598,
        "INACTIVE": 36475,
        "INVALID": 0,
        "MALICIOUS": 0,
        "SANE": 0,
        "VALID": 0,
        "total": 65073
    },
    "percentage": {
        "ACTIVE": 43.94824194738136,
        "INACTIVE": 56.052433420927265,
        "INVALID": 0.0,
        "MALICIOUS": 0.0,
        "SANE": 0.0,
        "VALID": 0.0,
        "total": 100.00067536830863
    }
}