{
    "counter": {
        "ACTIVE": 38795,
        "INACTIVE": 47876,
        "INVALID": 0,
        "MALICIOUS": 0,
        "SANE": 0,
        "VALID": 0,
        "total": 86671
    },
    "percentage": {
        "ACTIVE": 44.76122347728767,
        "INACTIVE": 55.23877652271233,
        "INVALID": 0.0,
        "MALICIOUS": 0.0,
        "SANE": 0.0,
        "VALID": 0.0,
        "total": 100.0
    }
}