{
    "counter": {
        "ACTIVE": 4635,
        "INACTIVE": 5944,
        "INVALID": 0,
        "MALICIOUS": 0,
        "SANE": 0,
        "VALID": 0,
        "total": 10579
    },
    "percentage": {
        "ACTIVE": 43.82149948000378,
        "INACTIVE": 56.186785140372436,
        "INVALID": 0,
        "MALICIOUS": 0,
        "SANE": 0,
        "VALID": 0,
        "total": 100.00828462037622
    }
}