{
    "counter": {
        "ACTIVE": 35162,
        "INACTIVE": 44016,
        "INVALID": 0,
        "MALICIOUS": 0,
        "SANE": 0,
        "VALID": 0,
        "total": 79178
    },
    "percentage": {
        "ACTIVE": 44.4088004243603,
        "INACTIVE": 55.5911995756397,
        "INVALID": 0.0,
        "MALICIOUS": 0.0,
        "SANE": 0.0,
        "VALID": 0.0,
        "total": 100.0
    }
}