{
    "counter": {
        "ACTIVE": 40397,
        "INACTIVE": 53215,
        "INVALID": 0,
        "MALICIOUS": 0,
        "SANE": 0,
        "VALID": 0,
        "total": 93612
    },
    "percentage": {
        "ACTIVE": 43.15365551425031,
        "INACTIVE": 56.84634448574969,
        "INVALID": 0.0,
        "MALICIOUS": 0.0,
        "SANE": 0.0,
        "VALID": 0.0,
        "total": 100.0
    }
}