{
    "counter": {
        "ACTIVE": 9712,
        "INACTIVE": 12790,
        "INVALID": 0,
        "MALICIOUS": 0,
        "SANE": 0,
        "VALID": 0,
        "total": 22502
    },
    "percentage": {
        "ACTIVE": 43.16060794596036,
        "INACTIVE": 56.84444444444444,
        "INVALID": 0,
        "MALICIOUS": 0,
        "SANE": 0,
        "VALID": 0,
        "total": 100.0050523904048
    }
}