{
    "counter": {
        "ACTIVE": 35781,
        "INACTIVE": 44826,
        "INVALID": 0,
        "MALICIOUS": 0,
        "SANE": 0,
        "VALID": 0,
        "total": 80607
    },
    "percentage": {
        "ACTIVE": 44.389445085414415,
        "INACTIVE": 55.610554914585585,
        "INVALID": 0.0,
        "MALICIOUS": 0.0,
        "SANE": 0.0,
        "VALID": 0.0,
        "total": 100.0
    }
}