{
    "counter": {
        "ACTIVE": 756,
        "INACTIVE": 963,
        "INVALID": 0,
        "MALICIOUS": 0,
        "SANE": 0,
        "VALID": 0,
        "total": 1719
    },
    "percentage": {
        "ACTIVE": 44.030285381479324,
        "INACTIVE": 56.02094240837696,
        "INVALID": 0,
        "MALICIOUS": 0,
        "SANE": 0,
        "VALID": 0,
        "total": 100.05122778985628
    }
}