{
    "counter": {
        "ACTIVE": 4287,
        "INACTIVE": 5327,
        "INVALID": 0,
        "MALICIOUS": 0,
        "SANE": 0,
        "VALID": 0,
        "total": 9614
    },
    "percentage": {
        "ACTIVE": 44.62371187675653,
        "INACTIVE": 55.40877886415644,
        "INVALID": 0,
        "MALICIOUS": 0,
        "SANE": 0,
        "VALID": 0,
        "total": 100.03249074091298
    }
}