{
    "counter": {
        "ACTIVE": 12483,
        "INACTIVE": 15466,
        "INVALID": 0,
        "MALICIOUS": 0,
        "SANE": 0,
        "VALID": 0,
        "total": 27949
    },
    "percentage": {
        "ACTIVE": 44.66509231429798,
        "INACTIVE": 55.336505778382055,
        "INVALID": 0,
        "MALICIOUS": 0,
        "SANE": 0,
        "VALID": 0,
        "total": 100.00159809268004
    }
}