{
    "counter": {
        "ACTIVE": 44192,
        "INACTIVE": 59282,
        "INVALID": 0,
        "MALICIOUS": 0,
        "SANE": 0,
        "VALID": 0,
        "total": 103474
    },
    "percentage": {
        "ACTIVE": 42.70831319945107,
        "INACTIVE": 57.29168680054893,
        "INVALID": 0.0,
        "MALICIOUS": 0.0,
        "SANE": 0.0,
        "VALID": 0.0,
        "total": 100.0
    }
}