{
    "counter": {
        "ACTIVE": 1440,
        "INACTIVE": 1545,
        "INVALID": 0,
        "MALICIOUS": 0,
        "SANE": 0,
        "VALID": 0,
        "total": 2985
    },
    "percentage": {
        "ACTIVE": 48.24120603015076,
        "INACTIVE": 51.77613941018767,
        "INVALID": 0,
        "MALICIOUS": 0,
        "SANE": 0,
        "VALID": 0,
        "total": 100.01734544033843
    }
}