{
    "counter": {
        "ACTIVE": 10761,
        "INACTIVE": 13635,
        "INVALID": 0,
        "MALICIOUS": 0,
        "SANE": 0,
        "VALID": 0,
        "total": 24396
    },
    "percentage": {
        "ACTIVE": 44.11330655079118,
        "INACTIVE": 55.8903098868667,
        "INVALID": 0,
        "MALICIOUS": 0,
        "SANE": 0,
        "VALID": 0,
        "total": 100.00361643765788
    }
}