{
    "counter": {
        "ACTIVE": 25574,
        "INACTIVE": 32449,
        "INVALID": 0,
        "MALICIOUS": 0,
        "SANE": 0,
        "VALID": 0,
        "total": 58023
    },
    "percentage": {
        "ACTIVE": 44.07562518311704,
        "INACTIVE": 55.92437481688296,
        "INVALID": 0.0,
        "MALICIOUS": 0.0,
        "SANE": 0.0,
        "VALID": 0.0,
        "total": 100.0
    }
}