{
    "counter": {
        "ACTIVE": 4192,
        "INACTIVE": 5212,
        "INVALID": 0,
        "MALICIOUS": 0,
        "SANE": 0,
        "VALID": 0,
        "total": 9404
    },
    "percentage": {
        "ACTIVE": 44.57677584006806,
        "INACTIVE": 55.44091054143176,
        "INVALID": 0,
        "MALICIOUS": 0,
        "SANE": 0,
        "VALID": 0,
        "total": 100.01768638149983
    }
}