{
    "counter": {
        "ACTIVE": 43387,
        "INACTIVE": 58039,
        "INVALID": 0,
        "MALICIOUS": 0,
        "SANE": 0,
        "VALID": 0,
        "total": 101426
    },
    "percentage": {
        "ACTIVE": 42.77699998028119,
        "INACTIVE": 57.22300001971881,
        "INVALID": 0.0,
        "MALICIOUS": 0.0,
        "SANE": 0.0,
        "VALID": 0.0,
        "total": 100.0
    }
}