{
    "counter": {
        "ACTIVE": 5555,
        "INACTIVE": 6941,
        "INVALID": 0,
        "MALICIOUS": 0,
        "SANE": 0,
        "VALID": 0,
        "total": 12496
    },
    "percentage": {
        "ACTIVE": 44.46845981428114,
        "INACTIVE": 55.54577464788732,
        "INVALID": 0,
        "MALICIOUS": 0,
        "SANE": 0,
        "VALID": 0,
        "total": 100.01423446216846
    }
}