{
    "counter": {
        "ACTIVE": 25749,
        "INACTIVE": 32753,
        "INVALID": 0,
        "MALICIOUS": 0,
        "SANE": 0,
        "VALID": 0,
        "total": 58502
    },
    "percentage": {
        "ACTIVE": 44.01387986735496,
        "INACTIVE": 55.98612013264504,
        "INVALID": 0.0,
        "MALICIOUS": 0.0,
        "SANE": 0.0,
        "VALID": 0.0,
        "total": 100.0
    }
}