{
    "counter": {
        "ACTIVE": 28275,
        "INACTIVE": 36165,
        "INVALID": 0,
        "MALICIOUS": 0,
        "SANE": 0,
        "VALID": 0,
        "total": 64440
    },
    "percentage": {
        "ACTIVE": 43.879387938793876,
        "INACTIVE": 56.121973929236496,
        "INVALID": 0.0,
        "MALICIOUS": 0.0,
        "SANE": 0.0,
        "VALID": 0.0,
        "total": 100.00136186803037
    }
}