{
    "counter": {
        "ACTIVE": 29115,
        "INACTIVE": 37021,
        "INVALID": 0,
        "MALICIOUS": 0,
        "SANE": 0,
        "VALID": 0,
        "total": 66136
    },
    "percentage": {
        "ACTIVE": 44.02292246280392,
        "INACTIVE": 55.98215635868743,
        "INVALID": 0.0,
        "MALICIOUS": 0.0,
        "SANE": 0.0,
        "VALID": 0.0,
        "total": 100.00507882149135
    }
}