{
    "counter": {
        "ACTIVE": 27331,
        "INACTIVE": 35036,
        "INVALID": 0,
        "MALICIOUS": 0,
        "SANE": 0,
        "VALID": 0,
        "total": 62367
    },
    "percentage": {
        "ACTIVE": 43.82285503551558,
        "INACTIVE": 56.17714496448442,
        "INVALID": 0.0,
        "MALICIOUS": 0.0,
        "SANE": 0.0,
        "VALID": 0.0,
        "total": 100.0
    }
}