{
    "counter": {
        "ACTIVE": 34456,
        "INACTIVE": 43142,
        "INVALID": 0,
        "MALICIOUS": 0,
        "SANE": 0,
        "VALID": 0,
        "total": 77598
    },
    "percentage": {
        "ACTIVE": 44.40320626820279,
        "INACTIVE": 55.59679373179721,
        "INVALID": 0.0,
        "MALICIOUS": 0.0,
        "SANE": 0.0,
        "VALID": 0.0,
        "total": 100.0
    }
}