{
    "counter": {
        "ACTIVE": 748,
        "INACTIVE": 957,
        "INVALID": 0,
        "MALICIOUS": 0,
        "SANE": 0,
        "VALID": 0,
        "total": 1705
    },
    "percentage": {
        "ACTIVE": 43.87096774193548,
        "INACTIVE": 56.227967097532314,
        "INVALID": 0,
        "MALICIOUS": 0,
        "SANE": 0,
        "VALID": 0,
        "total": 100.0989348394678
    }
}