{
    "counter": {
        "ACTIVE": 11314,
        "INACTIVE": 14014,
        "INVALID": 0,
        "MALICIOUS": 0,
        "SANE": 0,
        "VALID": 0,
        "total": 25328
    },
    "percentage": {
        "ACTIVE": 44.67345810629393,
        "INACTIVE": 55.33006948831333,
        "INVALID": 0,
        "MALICIOUS": 0,
        "SANE": 0,
        "VALID": 0,
        "total": 100.00352759460725
    }
}