{
    "counter": {
        "ACTIVE": 30430,
        "INACTIVE": 38207,
        "INVALID": 0,
        "MALICIOUS": 0,
        "SANE": 0,
        "VALID": 0,
        "total": 68637
    },
    "percentage": {
        "ACTIVE": 44.33598018503679,
        "INACTIVE": 55.66531171234174,
        "INVALID": 0.0,
        "MALICIOUS": 0.0,
        "SANE": 0.0,
        "VALID": 0.0,
        "total": 100.00129189737854
    }
}