{
    "counter": {
        "ACTIVE": 5659,
        "INACTIVE": 7074,
        "INVALID": 0,
        "MALICIOUS": 0,
        "SANE": 0,
        "VALID": 0,
        "total": 12733
    },
    "percentage": {
        "ACTIVE": 44.450553766396986,
        "INACTIVE": 55.556428178748135,
        "INVALID": 0,
        "MALICIOUS": 0,
        "SANE": 0,
        "VALID": 0,
        "total": 100.00698194514513
    }
}