{
    "counter": {
        "ACTIVE": 37870,
        "INACTIVE": 46862,
        "INVALID": 0,
        "MALICIOUS": 0,
        "SANE": 0,
        "VALID": 0,
        "total": 84732
    },
    "percentage": {
        "ACTIVE": 44.69385828258509,
        "INACTIVE": 55.30614171741491,
        "INVALID": 0.0,
        "MALICIOUS": 0.0,
        "SANE": 0.0,
        "VALID": 0.0,
        "total": 100.0
    }
}