{
    "counter": {
        "ACTIVE": 42336,
        "INACTIVE": 56341,
        "INVALID": 0,
        "MALICIOUS": 0,
        "SANE": 0,
        "VALID": 0,
        "total": 98677
    },
    "percentage": {
        "ACTIVE": 42.903614824123146,
        "INACTIVE": 57.096385175876854,
        "INVALID": 0.0,
        "MALICIOUS": 0.0,
        "SANE": 0.0,
        "VALID": 0.0,
        "total": 100.0
    }
}