{
    "counter": {
        "ACTIVE": 24238,
        "INACTIVE": 30137,
        "INVALID": 0,
        "MALICIOUS": 0,
        "SANE": 0,
        "VALID": 0,
        "total": 54375
    },
    "percentage": {
        "ACTIVE": 44.57563218390805,
        "INACTIVE": 55.42436781609195,
        "INVALID": 0.0,
        "MALICIOUS": 0.0,
        "SANE": 0.0,
        "VALID": 0.0,
        "total": 100.0
    }
}