{
    "counter": {
        "ACTIVE": 18235,
        "INACTIVE": 23363,
        "INVALID": 0,
        "MALICIOUS": 0,
        "SANE": 0,
        "VALID": 0,
        "total": 41598
    },
    "percentage": {
        "ACTIVE": 43.84045775833053,
        "INACTIVE": 56.163757872974664,
        "INVALID": 0,
        "MALICIOUS": 0,
        "SANE": 0,
        "VALID": 0,
        "total": 100.00421563130519
    }
}