{
    "counter": {
        "ACTIVE": 5957,
        "INACTIVE": 7435,
        "INVALID": 0,
        "MALICIOUS": 0,
        "SANE": 0,
        "VALID": 0,
        "total": 13392
    },
    "percentage": {
        "ACTIVE": 44.48842419716206,
        "INACTIVE": 55.51821983273596,
        "INVALID": 0,
        "MALICIOUS": 0,
        "SANE": 0,
        "VALID": 0,
        "total": 100.00664402989801
    }
}