{
    "counter": {
        "ACTIVE": 80,
        "INACTIVE": 146,
        "INVALID": 0,
        "MALICIOUS": 0,
        "SANE": 0,
        "VALID": 0,
        "total": 226
    },
    "percentage": {
        "ACTIVE": 35.714285714285715,
        "INACTIVE": 64.60176991150442,
        "INVALID": 0,
        "MALICIOUS": 0,
        "SANE": 0,
        "VALID": 0,
        "total": 100.31605562579014
    }
}