{
    "counter": {
        "ACTIVE": 26787,
        "INACTIVE": 34227,
        "INVALID": 0,
        "MALICIOUS": 0,
        "SANE": 0,
        "VALID": 0,
        "total": 61014
    },
    "percentage": {
        "ACTIVE": 43.903038646867934,
        "INACTIVE": 56.096961353132066,
        "INVALID": 0.0,
        "MALICIOUS": 0.0,
        "SANE": 0.0,
        "VALID": 0.0,
        "total": 100.0
    }
}