{
    "counter": {
        "ACTIVE": 30292,
        "INACTIVE": 38049,
        "INVALID": 0,
        "MALICIOUS": 0,
        "SANE": 0,
        "VALID": 0,
        "total": 68341
    },
    "percentage": {
        "ACTIVE": 44.324783073118624,
        "INACTIVE": 55.677661037782784,
        "INVALID": 0.0,
        "MALICIOUS": 0.0,
        "SANE": 0.0,
        "VALID": 0.0,
        "total": 100.00244411090141
    }
}