{
    "counter": {
        "ACTIVE": 2775,
        "INACTIVE": 3432,
        "INVALID": 0,
        "MALICIOUS": 0,
        "SANE": 0,
        "VALID": 0,
        "total": 6207
    },
    "percentage": {
        "ACTIVE": 44.71479213664196,
        "INACTIVE": 55.29241179313678,
        "INVALID": 0,
        "MALICIOUS": 0,
        "SANE": 0,
        "VALID": 0,
        "total": 100.00720392977874
    }
}