{
    "counter": {
        "ACTIVE": 31082,
        "INACTIVE": 38842,
        "INVALID": 0,
        "MALICIOUS": 0,
        "SANE": 0,
        "VALID": 0,
        "total": 69924
    },
    "percentage": {
        "ACTIVE": 44.4530255574148,
        "INACTIVE": 55.54888164292661,
        "INVALID": 0.0,
        "MALICIOUS": 0.0,
        "SANE": 0.0,
        "VALID": 0.0,
        "total": 100.0019072003414
    }
}