{
    "counter": {
        "ACTIVE": 25123,
        "INACTIVE": 31177,
        "INVALID": 0,
        "MALICIOUS": 0,
        "SANE": 0,
        "VALID": 0,
        "total": 56300
    },
    "percentage": {
        "ACTIVE": 44.62344582593251,
        "INACTIVE": 55.37655417406749,
        "INVALID": 0.0,
        "MALICIOUS": 0.0,
        "SANE": 0.0,
        "VALID": 0.0,
        "total": 100.0
    }
}