{
    "counter": {
        "ACTIVE": 9937,
        "INACTIVE": 12906,
        "INVALID": 0,
        "MALICIOUS": 0,
        "SANE": 0,
        "VALID": 0,
        "total": 22843
    },
    "percentage": {
        "ACTIVE": 43.507005253940456,
        "INACTIVE": 56.49870857593136,
        "INVALID": 0,
        "MALICIOUS": 0,
        "SANE": 0,
        "VALID": 0,
        "total": 100.00571382987181
    }
}