{
    "counter": {
        "ACTIVE": 17778,
        "INACTIVE": 22910,
        "INVALID": 0,
        "MALICIOUS": 0,
        "SANE": 0,
        "VALID": 0,
        "total": 40688
    },
    "percentage": {
        "ACTIVE": 43.69347227683838,
        "INACTIVE": 56.30791161796151,
        "INVALID": 0,
        "MALICIOUS": 0,
        "SANE": 0,
        "VALID": 0,
        "total": 100.00138389479989
    }
}