{
    "counter": {
        "ACTIVE": 27974,
        "INACTIVE": 35630,
        "INVALID": 0,
        "MALICIOUS": 0,
        "SANE": 0,
        "VALID": 0,
        "total": 63604
    },
    "percentage": {
        "ACTIVE": 43.984276729559745,
        "INACTIVE": 56.01848940318219,
        "INVALID": 0.0,
        "MALICIOUS": 0.0,
        "SANE": 0.0,
        "VALID": 0.0,
        "total": 100.00276613274193
    }
}