{
    "counter": {
        "ACTIVE": 19389,
        "INACTIVE": 24268,
        "INVALID": 0,
        "MALICIOUS": 0,
        "SANE": 0,
        "VALID": 0,
        "total": 43657
    },
    "percentage": {
        "ACTIVE": 44.41212176741416,
        "INACTIVE": 55.590424922689266,
        "INVALID": 0,
        "MALICIOUS": 0,
        "SANE": 0,
        "VALID": 0,
        "total": 100.00254669010343
    }
}