{
    "counter": {
        "ACTIVE": 3258,
        "INACTIVE": 4067,
        "INVALID": 0,
        "MALICIOUS": 0,
        "SANE": 0,
        "VALID": 0,
        "total": 7325
    },
    "percentage": {
        "ACTIVE": 44.477815699658706,
        "INACTIVE": 55.53734808138741,
        "INVALID": 0,
        "MALICIOUS": 0,
        "SANE": 0,
        "VALID": 0,
        "total": 100.01516378104611
    }
}