{
    "counter": {
        "ACTIVE": 30096,
        "INACTIVE": 37881,
        "INVALID": 0,
        "MALICIOUS": 0,
        "SANE": 0,
        "VALID": 0,
        "total": 67977
    },
    "percentage": {
        "ACTIVE": 44.275101140125045,
        "INACTIVE": 55.72620150933404,
        "INVALID": 0.0,
        "MALICIOUS": 0.0,
        "SANE": 0.0,
        "VALID": 0.0,
        "total": 100.00130264945909
    }
}