{
    "counter": {
        "ACTIVE": 30142,
        "INACTIVE": 37926,
        "INVALID": 0,
        "MALICIOUS": 0,
        "SANE": 0,
        "VALID": 0,
        "total": 68068
    },
    "percentage": {
        "ACTIVE": 44.28283896748792,
        "INACTIVE": 55.71781160016454,
        "INVALID": 0.0,
        "MALICIOUS": 0.0,
        "SANE": 0.0,
        "VALID": 0.0,
        "total": 100.00065056765246
    }
}