{
    "counter": {
        "ACTIVE": 43956,
        "INACTIVE": 59016,
        "INVALID": 0,
        "MALICIOUS": 0,
        "SANE": 0,
        "VALID": 0,
        "total": 102972
    },
    "percentage": {
        "ACTIVE": 42.68733247873208,
        "INACTIVE": 57.31266752126792,
        "INVALID": 0.0,
        "MALICIOUS": 0.0,
        "SANE": 0.0,
        "VALID": 0.0,
        "total": 100.0
    }
}