{
    "counter": {
        "ACTIVE": 5106,
        "INACTIVE": 6413,
        "INVALID": 0,
        "MALICIOUS": 0,
        "SANE": 0,
        "VALID": 0,
        "total": 11519
    },
    "percentage": {
        "ACTIVE": 44.33061295363778,
        "INACTIVE": 55.67323552391701,
        "INVALID": 0,
        "MALICIOUS": 0,
        "SANE": 0,
        "VALID": 0,
        "total": 100.00384847755478
    }
}