{
    "counter": {
        "ACTIVE": 33722,
        "INACTIVE": 42567,
        "INVALID": 0,
        "MALICIOUS": 0,
        "SANE": 0,
        "VALID": 0,
        "total": 76289
    },
    "percentage": {
        "ACTIVE": 44.20296504083157,
        "INACTIVE": 55.79703495916843,
        "INVALID": 0.0,
        "MALICIOUS": 0.0,
        "SANE": 0.0,
        "VALID": 0.0,
        "total": 100.0
    }
}