{
    "counter": {
        "ACTIVE": 9555,
        "INACTIVE": 12698,
        "INVALID": 0,
        "MALICIOUS": 0,
        "SANE": 0,
        "VALID": 0,
        "total": 22253
    },
    "percentage": {
        "ACTIVE": 42.93803082730418,
        "INACTIVE": 57.0670981079502,
        "INVALID": 0,
        "MALICIOUS": 0,
        "SANE": 0,
        "VALID": 0,
        "total": 100.00512893525439
    }
}