{
    "counter": {
        "ACTIVE": 23852,
        "INACTIVE": 29216,
        "INVALID": 0,
        "MALICIOUS": 0,
        "SANE": 0,
        "VALID": 0,
        "total": 53068
    },
    "percentage": {
        "ACTIVE": 44.94610688173664,
        "INACTIVE": 55.05389311826336,
        "INVALID": 0.0,
        "MALICIOUS": 0.0,
        "SANE": 0.0,
        "VALID": 0.0,
        "total": 100.0
    }
}