{
    "counter": {
        "ACTIVE": 3739,
        "INACTIVE": 4575,
        "INVALID": 0,
        "MALICIOUS": 0,
        "SANE": 0,
        "VALID": 0,
        "total": 8314
    },
    "percentage": {
        "ACTIVE": 44.98315688161694,
        "INACTIVE": 55.027664180899684,
        "INVALID": 0,
        "MALICIOUS": 0,
        "SANE": 0,
        "VALID": 0,
        "total": 100.01082106251663
    }
}