{
    "counter": {
        "ACTIVE": 31119,
        "INACTIVE": 38917,
        "INVALID": 0,
        "MALICIOUS": 0,
        "SANE": 0,
        "VALID": 0,
        "total": 70036
    },
    "percentage": {
        "ACTIVE": 44.433497536945815,
        "INACTIVE": 55.56713690102233,
        "INVALID": 0.0,
        "MALICIOUS": 0.0,
        "SANE": 0.0,
        "VALID": 0.0,
        "total": 100.00063443796815
    }
}