{
    "counter": {
        "ACTIVE": 7408,
        "INACTIVE": 9805,
        "INVALID": 0,
        "MALICIOUS": 0,
        "SANE": 0,
        "VALID": 0,
        "total": 17213
    },
    "percentage": {
        "ACTIVE": 43.03973971647687,
        "INACTIVE": 56.96276070411898,
        "INVALID": 0,
        "MALICIOUS": 0,
        "SANE": 0,
        "VALID": 0,
        "total": 100.00250042059585
    }
}