{
    "counter": {
        "ACTIVE": 25117,
        "INACTIVE": 31166,
        "INVALID": 0,
        "MALICIOUS": 0,
        "SANE": 0,
        "VALID": 0,
        "total": 56283
    },
    "percentage": {
        "ACTIVE": 44.62626370307198,
        "INACTIVE": 55.37373629692802,
        "INVALID": 0.0,
        "MALICIOUS": 0.0,
        "SANE": 0.0,
        "VALID": 0.0,
        "total": 100.0
    }
}