{
    "counter": {
        "ACTIVE": 27854,
        "INACTIVE": 35521,
        "INVALID": 0,
        "MALICIOUS": 0,
        "SANE": 0,
        "VALID": 0,
        "total": 63375
    },
    "percentage": {
        "ACTIVE": 43.953859020687695,
        "INACTIVE": 56.04891518737673,
        "INVALID": 0.0,
        "MALICIOUS": 0.0,
        "SANE": 0.0,
        "VALID": 0.0,
        "total": 100.00277420806442
    }
}