{
    "counter": {
        "ACTIVE": 27879,
        "INACTIVE": 35547,
        "INVALID": 0,
        "MALICIOUS": 0,
        "SANE": 0,
        "VALID": 0,
        "total": 63426
    },
    "percentage": {
        "ACTIVE": 43.95516034433828,
        "INACTIVE": 56.04660696266397,
        "INVALID": 0.0,
        "MALICIOUS": 0.0,
        "SANE": 0.0,
        "VALID": 0.0,
        "total": 100.00176730700225
    }
}