{
    "counter": {
        "ACTIVE": 28101,
        "INACTIVE": 35849,
        "INVALID": 0,
        "MALICIOUS": 0,
        "SANE": 0,
        "VALID": 0,
        "total": 63950
    },
    "percentage": {
        "ACTIVE": 43.94214229867084,
        "INACTIVE": 56.05961093388378,
        "INVALID": 0.0,
        "MALICIOUS": 0.0,
        "SANE": 0.0,
        "VALID": 0.0,
        "total": 100.00175323255462
    }
}