{
    "counter": {
        "ACTIVE": 23441,
        "INACTIVE": 28790,
        "INVALID": 0,
        "MALICIOUS": 0,
        "SANE": 0,
        "VALID": 0,
        "total": 52231
    },
    "percentage": {
        "ACTIVE": 44.87947770481132,
        "INACTIVE": 55.12052229518868,
        "INVALID": 0.0,
        "MALICIOUS": 0.0,
        "SANE": 0.0,
        "VALID": 0.0,
        "total": 100.0
    }
}