{
    "counter": {
        "ACTIVE": 41150,
        "INACTIVE": 54882,
        "INVALID": 0,
        "MALICIOUS": 0,
        "SANE": 0,
        "VALID": 0,
        "total": 96032
    },
    "percentage": {
        "ACTIVE": 42.85029990003332,
        "INACTIVE": 57.14970009996668,
        "INVALID": 0.0,
        "MALICIOUS": 0.0,
        "SANE": 0.0,
        "VALID": 0.0,
        "total": 100.0
    }
}