{
    "counter": {
        "ACTIVE": 36552,
        "INACTIVE": 45717,
        "INVALID": 0,
        "MALICIOUS": 0,
        "SANE": 0,
        "VALID": 0,
        "total": 82269
    },
    "percentage": {
        "ACTIVE": 44.4298581482697,
        "INACTIVE": 55.5701418517303,
        "INVALID": 0.0,
        "MALICIOUS": 0.0,
        "SANE": 0.0,
        "VALID": 0.0,
        "total": 100.0
    }
}