{
    "counter": {
        "ACTIVE": 7974,
        "INACTIVE": 10497,
        "INVALID": 0,
        "MALICIOUS": 0,
        "SANE": 0,
        "VALID": 0,
        "total": 18471
    },
    "percentage": {
        "ACTIVE": 43.179725997725676,
        "INACTIVE": 56.82962481728114,
        "INVALID": 0,
        "MALICIOUS": 0,
        "SANE": 0,
        "VALID": 0,
        "total": 100.00935081500683
    }
}