{
    "counter": {
        "ACTIVE": 39336,
        "INACTIVE": 48835,
        "INVALID": 0,
        "MALICIOUS": 0,
        "SANE": 0,
        "VALID": 0,
        "total": 88171
    },
    "percentage": {
        "ACTIVE": 44.61330823059736,
        "INACTIVE": 55.38669176940264,
        "INVALID": 0.0,
        "MALICIOUS": 0.0,
        "SANE": 0.0,
        "VALID": 0.0,
        "total": 100.0
    }
}