{
    "counter": {
        "ACTIVE": 38638,
        "INACTIVE": 47696,
        "INVALID": 0,
        "MALICIOUS": 0,
        "SANE": 0,
        "VALID": 0,
        "total": 86334
    },
    "percentage": {
        "ACTIVE": 44.75409456297635,
        "INACTIVE": 55.24590543702365,
        "INVALID": 0.0,
        "MALICIOUS": 0.0,
        "SANE": 0.0,
        "VALID": 0.0,
        "total": 100.0
    }
}