{
    "counter": {
        "ACTIVE": 34130,
        "INACTIVE": 42837,
        "INVALID": 0,
        "MALICIOUS": 0,
        "SANE": 0,
        "VALID": 0,
        "total": 76967
    },
    "percentage": {
        "ACTIVE": 44.34367975885769,
        "INACTIVE": 55.65632024114231,
        "INVALID": 0.0,
        "MALICIOUS": 0.0,
        "SANE": 0.0,
        "VALID": 0.0,
        "total": 100.0
    }
}