{
    "counter": {
        "ACTIVE": 22048,
        "INACTIVE": 27028,
        "INVALID": 0,
        "MALICIOUS": 0,
        "SANE": 0,
        "VALID": 0,
        "total": 49076
    },
    "percentage": {
        "ACTIVE": 44.92623685711957,
        "INACTIVE": 55.07376314288043,
        "INVALID": 0.0,
        "MALICIOUS": 0.0,
        "SANE": 0.0,
        "VALID": 0.0,
        "total": 100.0
    }
}