{
    "counter": {
        "ACTIVE": 37717,
        "INACTIVE": 46600,
        "INVALID": 0,
        "MALICIOUS": 0,
        "SANE": 0,
        "VALID": 0,
        "total": 84317
    },
    "percentage": {
        "ACTIVE": 44.73237899830402,
        "INACTIVE": 55.26762100169598,
        "INVALID": 0.0,
        "MALICIOUS": 0.0,
        "SANE": 0.0,
        "VALID": 0.0,
        "total": 100.0
    }
}