{
    "counter": {
        "ACTIVE": 17078,
        "INACTIVE": 22154,
        "INVALID": 0,
        "MALICIOUS": 0,
        "SANE": 0,
        "VALID": 0,
        "total": 39232
    },
    "percentage": {
        "ACTIVE": 43.53301045118532,
        "INACTIVE": 56.4692088091354,
        "INVALID": 0,
        "MALICIOUS": 0,
        "SANE": 0,
        "VALID": 0,
        "total": 100.00221926032071
    }
}