{
    "counter": {
        "ACTIVE": 40570,
        "INACTIVE": 53798,
        "INVALID": 0,
        "MALICIOUS": 0,
        "SANE": 0,
        "VALID": 0,
        "total": 94368
    },
    "percentage": {
        "ACTIVE": 42.99126822651746,
        "INACTIVE": 57.00873177348254,
        "INVALID": 0.0,
        "MALICIOUS": 0.0,
        "SANE": 0.0,
        "VALID": 0.0,
        "total": 100.0
    }
}