{
    "counter": {
        "ACTIVE": 3772,
        "INACTIVE": 4619,
        "INVALID": 0,
        "MALICIOUS": 0,
        "SANE": 0,
        "VALID": 0,
        "total": 8391
    },
    "percentage": {
        "ACTIVE": 44.952925753783816,
        "INACTIVE": 55.05363528009535,
        "INVALID": 0,
        "MALICIOUS": 0,
        "SANE": 0,
        "VALID": 0,
        "total": 100.00656103387917
    }
}