{
    "counter": {
        "ACTIVE": 32584,
        "INACTIVE": 40936,
        "INVALID": 0,
        "MALICIOUS": 0,
        "SANE": 0,
        "VALID": 0,
        "total": 73520
    },
    "percentage": {
        "ACTIVE": 44.31991294885746,
        "INACTIVE": 55.68008705114254,
        "INVALID": 0.0,
        "MALICIOUS": 0.0,
        "SANE": 0.0,
        "VALID": 0.0,
        "total": 100.0
    }
}