{
    "counter": {
        "ACTIVE": 22951,
        "INACTIVE": 28083,
        "INVALID": 0,
        "MALICIOUS": 0,
        "SANE": 0,
        "VALID": 0,
        "total": 51034
    },
    "percentage": {
        "ACTIVE": 44.97197946467061,
        "INACTIVE": 55.02802053532939,
        "INVALID": 0.0,
        "MALICIOUS": 0.0,
        "SANE": 0.0,
        "VALID": 0.0,
        "total": 100.0
    }
}