{
    "counter": {
        "ACTIVE": 39349,
        "INACTIVE": 48879,
        "INVALID": 0,
        "MALICIOUS": 0,
        "SANE": 0,
        "VALID": 0,
        "total": 88228
    },
    "percentage": {
        "ACTIVE": 44.599220202203384,
        "INACTIVE": 55.400779797796616,
        "INVALID": 0.0,
        "MALICIOUS": 0.0,
        "SANE": 0.0,
        "VALID": 0.0,
        "total": 100.0
    }
}