{
    "counter": {
        "ACTIVE": 11529,
        "INACTIVE": 14301,
        "INVALID": 0,
        "MALICIOUS": 0,
        "SANE": 0,
        "VALID": 0,
        "total": 25830
    },
    "percentage": {
        "ACTIVE": 44.63587440473886,
        "INACTIVE": 55.36585365853659,
        "INVALID": 0,
        "MALICIOUS": 0,
        "SANE": 0,
        "VALID": 0,
        "total": 100.00172806327544
    }
}