{
    "counter": {
        "ACTIVE": 2154,
        "INACTIVE": 2808,
        "INVALID": 0,
        "MALICIOUS": 0,
        "SANE": 0,
        "VALID": 0,
        "total": 4962
    },
    "percentage": {
        "ACTIVE": 43.42741935483871,
        "INACTIVE": 56.590084643288996,
        "INVALID": 0,
        "MALICIOUS": 0,
        "SANE": 0,
        "VALID": 0,
        "total": 100.01750399812771
    }
}