{
    "counter": {
        "ACTIVE": 11314,
        "INACTIVE": 14020,
        "INVALID": 0,
        "MALICIOUS": 0,
        "SANE": 0,
        "VALID": 0,
        "total": 25334
    },
    "percentage": {
        "ACTIVE": 44.67345810629393,
        "INACTIVE": 55.34064893029131,
        "INVALID": 0,
        "MALICIOUS": 0,
        "SANE": 0,
        "VALID": 0,
        "total": 100.01410703658524
    }
}