{
    "counter": {
        "ACTIVE": 22870,
        "INACTIVE": 27957,
        "INVALID": 0,
        "MALICIOUS": 0,
        "SANE": 0,
        "VALID": 0,
        "total": 50827
    },
    "percentage": {
        "ACTIVE": 44.9957699647825,
        "INACTIVE": 55.0042300352175,
        "INVALID": 0.0,
        "MALICIOUS": 0.0,
        "SANE": 0.0,
        "VALID": 0.0,
        "total": 100.0
    }
}