{
    "counter": {
        "ACTIVE": 44154,
        "INACTIVE": 59238,
        "INVALID": 0,
        "MALICIOUS": 0,
        "SANE": 0,
        "VALID": 0,
        "total": 103392
    },
    "percentage": {
        "ACTIVE": 42.70543175487465,
        "INACTIVE": 57.29456824512535,
        "INVALID": 0.0,
        "MALICIOUS": 0.0,
        "SANE": 0.0,
        "VALID": 0.0,
        "total": 100.0
    }
}