{
    "counter": {
        "ACTIVE": 36712,
        "INACTIVE": 45936,
        "INVALID": 0,
        "MALICIOUS": 0,
        "SANE": 0,
        "VALID": 0,
        "total": 82648
    },
    "percentage": {
        "ACTIVE": 44.41970767592682,
        "INACTIVE": 55.58029232407318,
        "INVALID": 0.0,
        "MALICIOUS": 0.0,
        "SANE": 0.0,
        "VALID": 0.0,
        "total": 100.0
    }
}