{
    "counter": {
        "ACTIVE": 21031,
        "INACTIVE": 25952,
        "INVALID": 0,
        "MALICIOUS": 0,
        "SANE": 0,
        "VALID": 0,
        "total": 46983
    },
    "percentage": {
        "ACTIVE": 44.76299938275547,
        "INACTIVE": 55.23935207849982,
        "INVALID": 0,
        "MALICIOUS": 0,
        "SANE": 0,
        "VALID": 0,
        "total": 100.00235146125529
    }
}