{
    "counter": {
        "ACTIVE": 3583,
        "INACTIVE": 4360,
        "INVALID": 0,
        "MALICIOUS": 0,
        "SANE": 0,
        "VALID": 0,
        "total": 7943
    },
    "percentage": {
        "ACTIVE": 45.10890091904822,
        "INACTIVE": 54.89801057668094,
        "INVALID": 0,
        "MALICIOUS": 0,
        "SANE": 0,
        "VALID": 0,
        "total": 100.00691149572916
    }
}