{
    "counter": {
        "ACTIVE": 28322,
        "INACTIVE": 36210,
        "INVALID": 0,
        "MALICIOUS": 0,
        "SANE": 0,
        "VALID": 0,
        "total": 64532
    },
    "percentage": {
        "ACTIVE": 43.89306470360325,
        "INACTIVE": 56.11169652265543,
        "INVALID": 0.0,
        "MALICIOUS": 0.0,
        "SANE": 0.0,
        "VALID": 0.0,
        "total": 100.00476122625868
    }
}