{
    "counter": {
        "ACTIVE": 1662,
        "INACTIVE": 1829,
        "INVALID": 0,
        "MALICIOUS": 0,
        "SANE": 0,
        "VALID": 0,
        "total": 3491
    },
    "percentage": {
        "ACTIVE": 47.621776504298,
        "INACTIVE": 52.39186479518762,
        "INVALID": 0,
        "MALICIOUS": 0,
        "SANE": 0,
        "VALID": 0,
        "total": 100.01364129948561
    }
}