{
    "counter": {
        "ACTIVE": 38801,
        "INACTIVE": 47889,
        "INVALID": 0,
        "MALICIOUS": 0,
        "SANE": 0,
        "VALID": 0,
        "total": 86690
    },
    "percentage": {
        "ACTIVE": 44.758334294612986,
        "INACTIVE": 55.241665705387014,
        "INVALID": 0.0,
        "MALICIOUS": 0.0,
        "SANE": 0.0,
        "VALID": 0.0,
        "total": 100.0
    }
}