{
    "counter": {
        "ACTIVE": 33689,
        "INACTIVE": 42536,
        "INVALID": 0,
        "MALICIOUS": 0,
        "SANE": 0,
        "VALID": 0,
        "total": 76225
    },
    "percentage": {
        "ACTIVE": 44.19678583142014,
        "INACTIVE": 55.80321416857986,
        "INVALID": 0.0,
        "MALICIOUS": 0.0,
        "SANE": 0.0,
        "VALID": 0.0,
        "total": 100.0
    }
}