{
    "counter": {
        "ACTIVE": 40148,
        "INACTIVE": 51372,
        "INVALID": 0,
        "MALICIOUS": 0,
        "SANE": 0,
        "VALID": 0,
        "total": 91520
    },
    "percentage": {
        "ACTIVE": 43.86800699300699,
        "INACTIVE": 56.13199300699301,
        "INVALID": 0.0,
        "MALICIOUS": 0.0,
        "SANE": 0.0,
        "VALID": 0.0,
        "total": 100.0
    }
}