{
    "counter": {
        "ACTIVE": 1763,
        "INACTIVE": 1962,
        "INVALID": 0,
        "MALICIOUS": 0,
        "SANE": 0,
        "VALID": 0,
        "total": 3725
    },
    "percentage": {
        "ACTIVE": 47.328859060402685,
        "INACTIVE": 52.68528464017186,
        "INVALID": 0,
        "MALICIOUS": 0,
        "SANE": 0,
        "VALID": 0,
        "total": 100.01414370057455
    }
}