{
    "counter": {
        "ACTIVE": 71,
        "INACTIVE": 139,
        "INVALID": 0,
        "MALICIOUS": 0,
        "SANE": 0,
        "VALID": 0,
        "total": 210
    },
    "percentage": {
        "ACTIVE": 33.97129186602871,
        "INACTIVE": 66.19047619047619,
        "INVALID": 0,
        "MALICIOUS": 0,
        "SANE": 0,
        "VALID": 0,
        "total": 100.1617680565049
    }
}