{
    "counter": {
        "ACTIVE": 40785,
        "INACTIVE": 54533,
        "INVALID": 0,
        "MALICIOUS": 0,
        "SANE": 0,
        "VALID": 0,
        "total": 95318
    },
    "percentage": {
        "ACTIVE": 42.78835057386853,
        "INACTIVE": 57.21164942613147,
        "INVALID": 0.0,
        "MALICIOUS": 0.0,
        "SANE": 0.0,
        "VALID": 0.0,
        "total": 100.0
    }
}