{
    "counter": {
        "ACTIVE": 21886,
        "INACTIVE": 26858,
        "INVALID": 0,
        "MALICIOUS": 0,
        "SANE": 0,
        "VALID": 0,
        "total": 48744
    },
    "percentage": {
        "ACTIVE": 44.89988511406532,
        "INACTIVE": 55.10011488593468,
        "INVALID": 0.0,
        "MALICIOUS": 0.0,
        "SANE": 0.0,
        "VALID": 0.0,
        "total": 100.0
    }
}