{
    "counter": {
        "ACTIVE": 27444,
        "INACTIVE": 35188,
        "INVALID": 0,
        "MALICIOUS": 0,
        "SANE": 0,
        "VALID": 0,
        "total": 62632
    },
    "percentage": {
        "ACTIVE": 43.817856686677736,
        "INACTIVE": 56.182143313322264,
        "INVALID": 0.0,
        "MALICIOUS": 0.0,
        "SANE": 0.0,
        "VALID": 0.0,
        "total": 100.0
    }
}