{
    "counter": {
        "ACTIVE": 38457,
        "INACTIVE": 47512,
        "INVALID": 0,
        "MALICIOUS": 0,
        "SANE": 0,
        "VALID": 0,
        "total": 85969
    },
    "percentage": {
        "ACTIVE": 44.73356675080552,
        "INACTIVE": 55.26643324919448,
        "INVALID": 0.0,
        "MALICIOUS": 0.0,
        "SANE": 0.0,
        "VALID": 0.0,
        "total": 100.0
    }
}