{
    "counter": {
        "ACTIVE": 25139,
        "INACTIVE": 31263,
        "INVALID": 0,
        "MALICIOUS": 0,
        "SANE": 0,
        "VALID": 0,
        "total": 56402
    },
    "percentage": {
        "ACTIVE": 44.57111449948584,
        "INACTIVE": 55.42888550051416,
        "INVALID": 0.0,
        "MALICIOUS": 0.0,
        "SANE": 0.0,
        "VALID": 0.0,
        "total": 100.0
    }
}