{
    "counter": {
        "ACTIVE": 7606,
        "INACTIVE": 10048,
        "INVALID": 0,
        "MALICIOUS": 0,
        "SANE": 0,
        "VALID": 0,
        "total": 17654
    },
    "percentage": {
        "ACTIVE": 43.083720403308035,
        "INACTIVE": 56.9227283027419,
        "INVALID": 0,
        "MALICIOUS": 0,
        "SANE": 0,
        "VALID": 0,
        "total": 100.00644870604994
    }
}