{
    "counter": {
        "ACTIVE": 28825,
        "INACTIVE": 36780,
        "INVALID": 0,
        "MALICIOUS": 0,
        "SANE": 0,
        "VALID": 0,
        "total": 65605
    },
    "percentage": {
        "ACTIVE": 43.94456810074092,
        "INACTIVE": 56.062800091456445,
        "INVALID": 0.0,
        "MALICIOUS": 0.0,
        "SANE": 0.0,
        "VALID": 0.0,
        "total": 100.00736819219736
    }
}