{
    "counter": {
        "ACTIVE": 34597,
        "INACTIVE": 43200,
        "INVALID": 0,
        "MALICIOUS": 0,
        "SANE": 0,
        "VALID": 0,
        "total": 77797
    },
    "percentage": {
        "ACTIVE": 44.47086648585421,
        "INACTIVE": 55.52913351414579,
        "INVALID": 0.0,
        "MALICIOUS": 0.0,
        "SANE": 0.0,
        "VALID": 0.0,
        "total": 100.0
    }
}