{
    "counter": {
        "ACTIVE": 33992,
        "INACTIVE": 42747,
        "INVALID": 0,
        "MALICIOUS": 0,
        "SANE": 0,
        "VALID": 0,
        "total": 76739
    },
    "percentage": {
        "ACTIVE": 44.29559936929071,
        "INACTIVE": 55.70440063070929,
        "INVALID": 0.0,
        "MALICIOUS": 0.0,
        "SANE": 0.0,
        "VALID": 0.0,
        "total": 100.0
    }
}