{
    "counter": {
        "ACTIVE": 24237,
        "INACTIVE": 30131,
        "INVALID": 0,
        "MALICIOUS": 0,
        "SANE": 0,
        "VALID": 0,
        "total": 54368
    },
    "percentage": {
        "ACTIVE": 44.57953207769276,
        "INACTIVE": 55.42046792230724,
        "INVALID": 0.0,
        "MALICIOUS": 0.0,
        "SANE": 0.0,
        "VALID": 0.0,
        "total": 100.0
    }
}