{
    "counter": {
        "ACTIVE": 7615,
        "INACTIVE": 10058,
        "INVALID": 0,
        "MALICIOUS": 0,
        "SANE": 0,
        "VALID": 0,
        "total": 17673
    },
    "percentage": {
        "ACTIVE": 43.088326826232105,
        "INACTIVE": 56.91489361702128,
        "INVALID": 0,
        "MALICIOUS": 0,
        "SANE": 0,
        "VALID": 0,
        "total": 100.00322044325338
    }
}