{
    "counter": {
        "ACTIVE": 17700,
        "INACTIVE": 22849,
        "INVALID": 0,
        "MALICIOUS": 0,
        "SANE": 0,
        "VALID": 0,
        "total": 40549
    },
    "percentage": {
        "ACTIVE": 43.65089151397075,
        "INACTIVE": 56.350498175002464,
        "INVALID": 0,
        "MALICIOUS": 0,
        "SANE": 0,
        "VALID": 0,
        "total": 100.0013896889732
    }
}