{
    "counter": {
        "ACTIVE": 37840,
        "INACTIVE": 46827,
        "INVALID": 0,
        "MALICIOUS": 0,
        "SANE": 0,
        "VALID": 0,
        "total": 84667
    },
    "percentage": {
        "ACTIVE": 44.6927374301676,
        "INACTIVE": 55.3072625698324,
        "INVALID": 0.0,
        "MALICIOUS": 0.0,
        "SANE": 0.0,
        "VALID": 0.0,
        "total": 100.0
    }
}