{
    "counter": {
        "ACTIVE": 28101,
        "INACTIVE": 35860,
        "INVALID": 0,
        "MALICIOUS": 0,
        "SANE": 0,
        "VALID": 0,
        "total": 63961
    },
    "percentage": {
        "ACTIVE": 43.94214229867084,
        "INACTIVE": 56.06541486218164,
        "INVALID": 0.0,
        "MALICIOUS": 0.0,
        "SANE": 0.0,
        "VALID": 0.0,
        "total": 100.00755716085249
    }
}