{
    "counter": {
        "ACTIVE": 12078,
        "INACTIVE": 14851,
        "INVALID": 0,
        "MALICIOUS": 0,
        "SANE": 0,
        "VALID": 0,
        "total": 26929
    },
    "percentage": {
        "ACTIVE": 44.851275576516024,
        "INACTIVE": 55.1507724301842,
        "INVALID": 0,
        "MALICIOUS": 0,
        "SANE": 0,
        "VALID": 0,
        "total": 100.00204800670022
    }
}