{
    "counter": {
        "ACTIVE": 15307,
        "INACTIVE": 20456,
        "INVALID": 0,
        "MALICIOUS": 0,
        "SANE": 0,
        "VALID": 0,
        "total": 35763
    },
    "percentage": {
        "ACTIVE": 42.806006879387006,
        "INACTIVE": 57.198780862903,
        "INVALID": 0,
        "MALICIOUS": 0,
        "SANE": 0,
        "VALID": 0,
        "total": 100.00478774229
    }
}