{
    "counter": {
        "ACTIVE": 19702,
        "INACTIVE": 24816,
        "INVALID": 0,
        "MALICIOUS": 0,
        "SANE": 0,
        "VALID": 0,
        "total": 44518
    },
    "percentage": {
        "ACTIVE": 44.256255896491304,
        "INACTIVE": 55.74624853985084,
        "INVALID": 0,
        "MALICIOUS": 0,
        "SANE": 0,
        "VALID": 0,
        "total": 100.00250443634215
    }
}