{
    "counter": {
        "ACTIVE": 43154,
        "INACTIVE": 57558,
        "INVALID": 0,
        "MALICIOUS": 0,
        "SANE": 0,
        "VALID": 0,
        "total": 100712
    },
    "percentage": {
        "ACTIVE": 42.84891572007308,
        "INACTIVE": 57.15108427992692,
        "INVALID": 0.0,
        "MALICIOUS": 0.0,
        "SANE": 0.0,
        "VALID": 0.0,
        "total": 100.0
    }
}