{
    "counter": {
        "ACTIVE": 25323,
        "INACTIVE": 31910,
        "INVALID": 0,
        "MALICIOUS": 0,
        "SANE": 0,
        "VALID": 0,
        "total": 57233
    },
    "percentage": {
        "ACTIVE": 44.24545279821082,
        "INACTIVE": 55.75454720178918,
        "INVALID": 0.0,
        "MALICIOUS": 0.0,
        "SANE": 0.0,
        "VALID": 0.0,
        "total": 100.0
    }
}