{
    "counter": {
        "ACTIVE": 41055,
        "INACTIVE": 54767,
        "INVALID": 0,
        "MALICIOUS": 0,
        "SANE": 0,
        "VALID": 0,
        "total": 95822
    },
    "percentage": {
        "ACTIVE": 42.845066894867564,
        "INACTIVE": 57.154933105132436,
        "INVALID": 0.0,
        "MALICIOUS": 0.0,
        "SANE": 0.0,
        "VALID": 0.0,
        "total": 100.0
    }
}