{
    "counter": {
        "ACTIVE": 26579,
        "INACTIVE": 34000,
        "INVALID": 0,
        "MALICIOUS": 0,
        "SANE": 0,
        "VALID": 0,
        "total": 60579
    },
    "percentage": {
        "ACTIVE": 43.87494016078179,
        "INACTIVE": 56.12505983921821,
        "INVALID": 0.0,
        "MALICIOUS": 0.0,
        "SANE": 0.0,
        "VALID": 0.0,
        "total": 100.0
    }
}