{
    "counter": {
        "ACTIVE": 41107,
        "INACTIVE": 54849,
        "INVALID": 0,
        "MALICIOUS": 0,
        "SANE": 0,
        "VALID": 0,
        "total": 95956
    },
    "percentage": {
        "ACTIVE": 42.83942640376839,
        "INACTIVE": 57.16057359623161,
        "INVALID": 0.0,
        "MALICIOUS": 0.0,
        "SANE": 0.0,
        "VALID": 0.0,
        "total": 100.0
    }
}