{
    "counter": {
        "ACTIVE": 8402,
        "INACTIVE": 11262,
        "INVALID": 0,
        "MALICIOUS": 0,
        "SANE": 0,
        "VALID": 0,
        "total": 19664
    },
    "percentage": {
        "ACTIVE": 42.73652085452696,
        "INACTIVE": 57.272172497965826,
        "INVALID": 0,
        "MALICIOUS": 0,
        "SANE": 0,
        "VALID": 0,
        "total": 100.00869335249278
    }
}