{
    "counter": {
        "ACTIVE": 39359,
        "INACTIVE": 48899,
        "INVALID": 0,
        "MALICIOUS": 0,
        "SANE": 0,
        "VALID": 0,
        "total": 88258
    },
    "percentage": {
        "ACTIVE": 44.595390786104375,
        "INACTIVE": 55.404609213895625,
        "INVALID": 0.0,
        "MALICIOUS": 0.0,
        "SANE": 0.0,
        "VALID": 0.0,
        "total": 100.0
    }
}