{
    "counter": {
        "ACTIVE": 31664,
        "INACTIVE": 39679,
        "INVALID": 0,
        "MALICIOUS": 0,
        "SANE": 0,
        "VALID": 0,
        "total": 71343
    },
    "percentage": {
        "ACTIVE": 44.38277055912984,
        "INACTIVE": 55.618009026940655,
        "INVALID": 0.0,
        "MALICIOUS": 0.0,
        "SANE": 0.0,
        "VALID": 0.0,
        "total": 100.0007795860705
    }
}