{
    "counter": {
        "ACTIVE": 19442,
        "INACTIVE": 24326,
        "INVALID": 0,
        "MALICIOUS": 0,
        "SANE": 0,
        "VALID": 0,
        "total": 43768
    },
    "percentage": {
        "ACTIVE": 44.42058124657284,
        "INACTIVE": 55.58068864669728,
        "INVALID": 0,
        "MALICIOUS": 0,
        "SANE": 0,
        "VALID": 0,
        "total": 100.00126989327012
    }
}