{
    "counter": {
        "ACTIVE": 18946,
        "INACTIVE": 23878,
        "INVALID": 0,
        "MALICIOUS": 0,
        "SANE": 0,
        "VALID": 0,
        "total": 42824
    },
    "percentage": {
        "ACTIVE": 44.241546796189056,
        "INACTIVE": 55.75975527169979,
        "INVALID": 0,
        "MALICIOUS": 0,
        "SANE": 0,
        "VALID": 0,
        "total": 100.00130206788884
    }
}