{
    "counter": {
        "ACTIVE": 17482,
        "INACTIVE": 22576,
        "INVALID": 0,
        "MALICIOUS": 0,
        "SANE": 0,
        "VALID": 0,
        "total": 40058
    },
    "percentage": {
        "ACTIVE": 43.64280899717902,
        "INACTIVE": 56.35828049328474,
        "INVALID": 0,
        "MALICIOUS": 0,
        "SANE": 0,
        "VALID": 0,
        "total": 100.00108949046376
    }
}