{
    "counter": {
        "ACTIVE": 8191,
        "INACTIVE": 10883,
        "INVALID": 0,
        "MALICIOUS": 0,
        "SANE": 0,
        "VALID": 0,
        "total": 19074
    },
    "percentage": {
        "ACTIVE": 42.94327356611094,
        "INACTIVE": 57.05971792586379,
        "INVALID": 0,
        "MALICIOUS": 0,
        "SANE": 0,
        "VALID": 0,
        "total": 100.00299149197473
    }
}