{
    "counter": {
        "ACTIVE": 40414,
        "INACTIVE": 53295,
        "INVALID": 0,
        "MALICIOUS": 0,
        "SANE": 0,
        "VALID": 0,
        "total": 93709
    },
    "percentage": {
        "ACTIVE": 43.12712759713581,
        "INACTIVE": 56.87287240286419,
        "INVALID": 0.0,
        "MALICIOUS": 0.0,
        "SANE": 0.0,
        "VALID": 0.0,
        "total": 100.0
    }
}