{
    "counter": {
        "ACTIVE": 35329,
        "INACTIVE": 44235,
        "INVALID": 0,
        "MALICIOUS": 0,
        "SANE": 0,
        "VALID": 0,
        "total": 79564
    },
    "percentage": {
        "ACTIVE": 44.40324769996481,
        "INACTIVE": 55.59675230003519,
        "INVALID": 0.0,
        "MALICIOUS": 0.0,
        "SANE": 0.0,
        "VALID": 0.0,
        "total": 100.0
    }
}