{
    "counter": {
        "ACTIVE": 35175,
        "INACTIVE": 44028,
        "INVALID": 0,
        "MALICIOUS": 0,
        "SANE": 0,
        "VALID": 0,
        "total": 79203
    },
    "percentage": {
        "ACTIVE": 44.4111965455854,
        "INACTIVE": 55.5888034544146,
        "INVALID": 0.0,
        "MALICIOUS": 0.0,
        "SANE": 0.0,
        "VALID": 0.0,
        "total": 100.0
    }
}