{
    "counter": {
        "ACTIVE": 15124,
        "INACTIVE": 20216,
        "INVALID": 0,
        "MALICIOUS": 0,
        "SANE": 0,
        "VALID": 0,
        "total": 35340
    },
    "percentage": {
        "ACTIVE": 42.795698924731184,
        "INACTIVE": 57.205919805314245,
        "INVALID": 0,
        "MALICIOUS": 0,
        "SANE": 0,
        "VALID": 0,
        "total": 100.00161873004544
    }
}