{
    "counter": {
        "ACTIVE": 3798,
        "INACTIVE": 4677,
        "INVALID": 0,
        "MALICIOUS": 0,
        "SANE": 0,
        "VALID": 0,
        "total": 8475
    },
    "percentage": {
        "ACTIVE": 44.84061393152302,
        "INACTIVE": 55.1858407079646,
        "INVALID": 0,
        "MALICIOUS": 0,
        "SANE": 0,
        "VALID": 0,
        "total": 100.02645463948762
    }
}