{
    "counter": {
        "ACTIVE": 8430,
        "INACTIVE": 11294,
        "INVALID": 0,
        "MALICIOUS": 0,
        "SANE": 0,
        "VALID": 0,
        "total": 19724
    },
    "percentage": {
        "ACTIVE": 42.74414359598418,
        "INACTIVE": 57.26019063070371,
        "INVALID": 0,
        "MALICIOUS": 0,
        "SANE": 0,
        "VALID": 0,
        "total": 100.00433422668789
    }
}