{
    "counter": {
        "ACTIVE": 40165,
        "INACTIVE": 51612,
        "INVALID": 0,
        "MALICIOUS": 0,
        "SANE": 0,
        "VALID": 0,
        "total": 91777
    },
    "percentage": {
        "ACTIVE": 43.76368806999575,
        "INACTIVE": 56.23631193000425,
        "INVALID": 0.0,
        "MALICIOUS": 0.0,
        "SANE": 0.0,
        "VALID": 0.0,
        "total": 100.0
    }
}