{
    "counter": {
        "ACTIVE": 40074,
        "INACTIVE": 50615,
        "INVALID": 0,
        "MALICIOUS": 0,
        "SANE": 0,
        "VALID": 0,
        "total": 90689
    },
    "percentage": {
        "ACTIVE": 44.18838006814498,
        "INACTIVE": 55.81161993185502,
        "INVALID": 0.0,
        "MALICIOUS": 0.0,
        "SANE": 0.0,
        "VALID": 0.0,
        "total": 100.0
    }
}