{
    "counter": {
        "ACTIVE": 10867,
        "INACTIVE": 13678,
        "INVALID": 0,
        "MALICIOUS": 0,
        "SANE": 0,
        "VALID": 0,
        "total": 24545
    },
    "percentage": {
        "ACTIVE": 44.27378284783052,
        "INACTIVE": 55.728487614080834,
        "INVALID": 0,
        "MALICIOUS": 0,
        "SANE": 0,
        "VALID": 0,
        "total": 100.00227046191135
    }
}