{
    "counter": {
        "ACTIVE": 14022,
        "INACTIVE": 18561,
        "INVALID": 0,
        "MALICIOUS": 0,
        "SANE": 0,
        "VALID": 0,
        "total": 32583
    },
    "percentage": {
        "ACTIVE": 43.037353058531046,
        "INACTIVE": 56.965288647454194,
        "INVALID": 0,
        "MALICIOUS": 0,
        "SANE": 0,
        "VALID": 0,
        "total": 100.00264170598524
    }
}