{
    "counter": {
        "ACTIVE": 18247,
        "INACTIVE": 23374,
        "INVALID": 0,
        "MALICIOUS": 0,
        "SANE": 0,
        "VALID": 0,
        "total": 41621
    },
    "percentage": {
        "ACTIVE": 43.84084957112996,
        "INACTIVE": 56.1604997597309,
        "INVALID": 0,
        "MALICIOUS": 0,
        "SANE": 0,
        "VALID": 0,
        "total": 100.00134933086085
    }
}