{
    "counter": {
        "ACTIVE": 4557,
        "INACTIVE": 5777,
        "INVALID": 0,
        "MALICIOUS": 0,
        "SANE": 0,
        "VALID": 0,
        "total": 10334
    },
    "percentage": {
        "ACTIVE": 44.09715502225663,
        "INACTIVE": 55.91366627951994,
        "INVALID": 0,
        "MALICIOUS": 0,
        "SANE": 0,
        "VALID": 0,
        "total": 100.01082130177656
    }
}