{
    "counter": {
        "ACTIVE": 16929,
        "INACTIVE": 21967,
        "INVALID": 0,
        "MALICIOUS": 0,
        "SANE": 0,
        "VALID": 0,
        "total": 38896
    },
    "percentage": {
        "ACTIVE": 43.5259937265388,
        "INACTIVE": 56.4762443438914,
        "INVALID": 0,
        "MALICIOUS": 0,
        "SANE": 0,
        "VALID": 0,
        "total": 100.0022380704302
    }
}