{
    "counter": {
        "ACTIVE": 24139,
        "INACTIVE": 29892,
        "INVALID": 0,
        "MALICIOUS": 0,
        "SANE": 0,
        "VALID": 0,
        "total": 54031
    },
    "percentage": {
        "ACTIVE": 44.6762044011771,
        "INACTIVE": 55.3237955988229,
        "INVALID": 0.0,
        "MALICIOUS": 0.0,
        "SANE": 0.0,
        "VALID": 0.0,
        "total": 100.0
    }
}