{
    "counter": {
        "ACTIVE": 34714,
        "INACTIVE": 43301,
        "INVALID": 0,
        "MALICIOUS": 0,
        "SANE": 0,
        "VALID": 0,
        "total": 78015
    },
    "percentage": {
        "ACTIVE": 44.49657117221047,
        "INACTIVE": 55.50342882778953,
        "INVALID": 0.0,
        "MALICIOUS": 0.0,
        "SANE": 0.0,
        "VALID": 0.0,
        "total": 100.0
    }
}