{
    "counter": {
        "ACTIVE": 2452,
        "INACTIVE": 3183,
        "INVALID": 0,
        "MALICIOUS": 0,
        "SANE": 0,
        "VALID": 0,
        "total": 5635
    },
    "percentage": {
        "ACTIVE": 43.51375332741792,
        "INACTIVE": 56.51633522727273,
        "INVALID": 0,
        "MALICIOUS": 0,
        "SANE": 0,
        "VALID": 0,
        "total": 100.03008855469065
    }
}