{
    "counter": {
        "ACTIVE": 25196,
        "INACTIVE": 31536,
        "INVALID": 0,
        "MALICIOUS": 0,
        "SANE": 0,
        "VALID": 0,
        "total": 56732
    },
    "percentage": {
        "ACTIVE": 44.41232461397448,
        "INACTIVE": 55.58767538602552,
        "INVALID": 0.0,
        "MALICIOUS": 0.0,
        "SANE": 0.0,
        "VALID": 0.0,
        "total": 100.0
    }
}