{
    "counter": {
        "ACTIVE": 14473,
        "INACTIVE": 19295,
        "INVALID": 0,
        "MALICIOUS": 0,
        "SANE": 0,
        "VALID": 0,
        "total": 33768
    },
    "percentage": {
        "ACTIVE": 42.86137353036989,
        "INACTIVE": 57.139895759298746,
        "INVALID": 0,
        "MALICIOUS": 0,
        "SANE": 0,
        "VALID": 0,
        "total": 100.00126928966864
    }
}