{
    "counter": {
        "ACTIVE": 42597,
        "INACTIVE": 56739,
        "INVALID": 0,
        "MALICIOUS": 0,
        "SANE": 0,
        "VALID": 0,
        "total": 99336
    },
    "percentage": {
        "ACTIVE": 42.88173471853105,
        "INACTIVE": 57.11826528146895,
        "INVALID": 0.0,
        "MALICIOUS": 0.0,
        "SANE": 0.0,
        "VALID": 0.0,
        "total": 100.0
    }
}