{
    "counter": {
        "ACTIVE": 32217,
        "INACTIVE": 40405,
        "INVALID": 0,
        "MALICIOUS": 0,
        "SANE": 0,
        "VALID": 0,
        "total": 72622
    },
    "percentage": {
        "ACTIVE": 44.362589848806145,
        "INACTIVE": 55.637410151193855,
        "INVALID": 0.0,
        "MALICIOUS": 0.0,
        "SANE": 0.0,
        "VALID": 0.0,
        "total": 100.0
    }
}