{
    "counter": {
        "ACTIVE": 15245,
        "INACTIVE": 20362,
        "INVALID": 0,
        "MALICIOUS": 0,
        "SANE": 0,
        "VALID": 0,
        "total": 35607
    },
    "percentage": {
        "ACTIVE": 42.8158175588384,
        "INACTIVE": 57.18538489622827,
        "INVALID": 0,
        "MALICIOUS": 0,
        "SANE": 0,
        "VALID": 0,
        "total": 100.00120245506668
    }
}