{
    "counter": {
        "ACTIVE": 18877,
        "INACTIVE": 23842,
        "INVALID": 0,
        "MALICIOUS": 0,
        "SANE": 0,
        "VALID": 0,
        "total": 42719
    },
    "percentage": {
        "ACTIVE": 44.188768463681264,
        "INACTIVE": 55.8164579187639,
        "INVALID": 0,
        "MALICIOUS": 0,
        "SANE": 0,
        "VALID": 0,
        "total": 100.00522638244516
    }
}