{
    "counter": {
        "ACTIVE": 35167,
        "INACTIVE": 44019,
        "INVALID": 0,
        "MALICIOUS": 0,
        "SANE": 0,
        "VALID": 0,
        "total": 79186
    },
    "percentage": {
        "ACTIVE": 44.410628141338115,
        "INACTIVE": 55.589371858661885,
        "INVALID": 0.0,
        "MALICIOUS": 0.0,
        "SANE": 0.0,
        "VALID": 0.0,
        "total": 100.0
    }
}