{
    "counter": {
        "ACTIVE": 22282,
        "INACTIVE": 27399,
        "INVALID": 0,
        "MALICIOUS": 0,
        "SANE": 0,
        "VALID": 0,
        "total": 49681
    },
    "percentage": {
        "ACTIVE": 44.85014391819811,
        "INACTIVE": 55.14985608180189,
        "INVALID": 0.0,
        "MALICIOUS": 0.0,
        "SANE": 0.0,
        "VALID": 0.0,
        "total": 100.0
    }
}