{
    "counter": {
        "ACTIVE": 16875,
        "INACTIVE": 21921,
        "INVALID": 0,
        "MALICIOUS": 0,
        "SANE": 0,
        "VALID": 0,
        "total": 38796
    },
    "percentage": {
        "ACTIVE": 43.49675224249923,
        "INACTIVE": 56.504704214460624,
        "INVALID": 0,
        "MALICIOUS": 0,
        "SANE": 0,
        "VALID": 0,
        "total": 100.00145645695986
    }
}