{
    "counter": {
        "ACTIVE": 39465,
        "INACTIVE": 49156,
        "INVALID": 0,
        "MALICIOUS": 0,
        "SANE": 0,
        "VALID": 0,
        "total": 88621
    },
    "percentage": {
        "ACTIVE": 44.53233432256463,
        "INACTIVE": 55.46766567743537,
        "INVALID": 0.0,
        "MALICIOUS": 0.0,
        "SANE": 0.0,
        "VALID": 0.0,
        "total": 100.0
    }
}