{
    "counter": {
        "ACTIVE": 12851,
        "INACTIVE": 16226,
        "INVALID": 0,
        "MALICIOUS": 0,
        "SANE": 0,
        "VALID": 0,
        "total": 29077
    },
    "percentage": {
        "ACTIVE": 44.20404512933407,
        "INACTIVE": 55.80355607524848,
        "INVALID": 0,
        "MALICIOUS": 0,
        "SANE": 0,
        "VALID": 0,
        "total": 100.00760120458256
    }
}