{
    "counter": {
        "ACTIVE": 34946,
        "INACTIVE": 43573,
        "INVALID": 0,
        "MALICIOUS": 0,
        "SANE": 0,
        "VALID": 0,
        "total": 78519
    },
    "percentage": {
        "ACTIVE": 44.506425196449264,
        "INACTIVE": 55.493574803550736,
        "INVALID": 0.0,
        "MALICIOUS": 0.0,
        "SANE": 0.0,
        "VALID": 0.0,
        "total": 100.0
    }
}