{
    "counter": {
        "ACTIVE": 734,
        "INACTIVE": 954,
        "INVALID": 0,
        "MALICIOUS": 0,
        "SANE": 0,
        "VALID": 0,
        "total": 1688
    },
    "percentage": {
        "ACTIVE": 43.560830860534125,
        "INACTIVE": 56.51658767772512,
        "INVALID": 0,
        "MALICIOUS": 0,
        "SANE": 0,
        "VALID": 0,
        "total": 100.07741853825925
    }
}