{
    "counter": {
        "ACTIVE": 31526,
        "INACTIVE": 39496,
        "INVALID": 0,
        "MALICIOUS": 0,
        "SANE": 0,
        "VALID": 0,
        "total": 71022
    },
    "percentage": {
        "ACTIVE": 44.38906254400045,
        "INACTIVE": 55.613286585279994,
        "INVALID": 0.0,
        "MALICIOUS": 0.0,
        "SANE": 0.0,
        "VALID": 0.0,
        "total": 100.00234912928045
    }
}