{
    "counter": {
        "ACTIVE": 1594,
        "INACTIVE": 1678,
        "INVALID": 0,
        "MALICIOUS": 0,
        "SANE": 0,
        "VALID": 0,
        "total": 3272
    },
    "percentage": {
        "ACTIVE": 48.71638141809291,
        "INACTIVE": 51.29929685111587,
        "INVALID": 0,
        "MALICIOUS": 0,
        "SANE": 0,
        "VALID": 0,
        "total": 100.01567826920878
    }
}