{
    "counter": {
        "ACTIVE": 19755,
        "INACTIVE": 24872,
        "INVALID": 0,
        "MALICIOUS": 0,
        "SANE": 0,
        "VALID": 0,
        "total": 44627
    },
    "percentage": {
        "ACTIVE": 44.26692361126672,
        "INACTIVE": 55.74306909612497,
        "INVALID": 0,
        "MALICIOUS": 0,
        "SANE": 0,
        "VALID": 0,
        "total": 100.00999270739169
    }
}