{
    "counter": {
        "ACTIVE": 7807,
        "INACTIVE": 10226,
        "INVALID": 0,
        "MALICIOUS": 0,
        "SANE": 0,
        "VALID": 0,
        "total": 18033
    },
    "percentage": {
        "ACTIVE": 43.292851993567346,
        "INACTIVE": 56.71029281277728,
        "INVALID": 0,
        "MALICIOUS": 0,
        "SANE": 0,
        "VALID": 0,
        "total": 100.00314480634464
    }
}