{
    "counter": {
        "ACTIVE": 7883,
        "INACTIVE": 10326,
        "INVALID": 0,
        "MALICIOUS": 0,
        "SANE": 0,
        "VALID": 0,
        "total": 18209
    },
    "percentage": {
        "ACTIVE": 43.291778790707895,
        "INACTIVE": 56.71133567662566,
        "INVALID": 0,
        "MALICIOUS": 0,
        "SANE": 0,
        "VALID": 0,
        "total": 100.00311446733355
    }
}