{
    "counter": {
        "ACTIVE": 41609,
        "INACTIVE": 55359,
        "INVALID": 0,
        "MALICIOUS": 0,
        "SANE": 0,
        "VALID": 0,
        "total": 96968
    },
    "percentage": {
        "ACTIVE": 42.910032175563074,
        "INACTIVE": 57.089967824436926,
        "INVALID": 0.0,
        "MALICIOUS": 0.0,
        "SANE": 0.0,
        "VALID": 0.0,
        "total": 100.0
    }
}