{
    "counter": {
        "ACTIVE": 16546,
        "INACTIVE": 21628,
        "INVALID": 0,
        "MALICIOUS": 0,
        "SANE": 0,
        "VALID": 0,
        "total": 38174
    },
    "percentage": {
        "ACTIVE": 43.348179198323294,
        "INACTIVE": 56.65636296956043,
        "INVALID": 0,
        "MALICIOUS": 0,
        "SANE": 0,
        "VALID": 0,
        "total": 100.00454216788373
    }
}