{
    "counter": {
        "ACTIVE": 3171,
        "INACTIVE": 3919,
        "INVALID": 0,
        "MALICIOUS": 0,
        "SANE": 0,
        "VALID": 0,
        "total": 7090
    },
    "percentage": {
        "ACTIVE": 44.7502116850127,
        "INACTIVE": 55.27503526093089,
        "INVALID": 0,
        "MALICIOUS": 0,
        "SANE": 0,
        "VALID": 0,
        "total": 100.02524694594359
    }
}