{
    "counter": {
        "ACTIVE": 24239,
        "INACTIVE": 30152,
        "INVALID": 0,
        "MALICIOUS": 0,
        "SANE": 0,
        "VALID": 0,
        "total": 54391
    },
    "percentage": {
        "ACTIVE": 44.56435807394606,
        "INACTIVE": 55.43564192605394,
        "INVALID": 0.0,
        "MALICIOUS": 0.0,
        "SANE": 0.0,
        "VALID": 0.0,
        "total": 100.0
    }
}