{
    "counter": {
        "ACTIVE": 5721,
        "INACTIVE": 7137,
        "INVALID": 0,
        "MALICIOUS": 0,
        "SANE": 0,
        "VALID": 0,
        "total": 12858
    },
    "percentage": {
        "ACTIVE": 44.493700419972,
        "INACTIVE": 55.53221288515406,
        "INVALID": 0,
        "MALICIOUS": 0,
        "SANE": 0,
        "VALID": 0,
        "total": 100.02591330512607
    }
}