{
    "counter": {
        "ACTIVE": 40024,
        "INACTIVE": 50391,
        "INVALID": 0,
        "MALICIOUS": 0,
        "SANE": 0,
        "VALID": 0,
        "total": 90415
    },
    "percentage": {
        "ACTIVE": 44.26699109661008,
        "INACTIVE": 55.73300890338992,
        "INVALID": 0.0,
        "MALICIOUS": 0.0,
        "SANE": 0.0,
        "VALID": 0.0,
        "total": 100.0
    }
}