{
    "counter": {
        "ACTIVE": 22515,
        "INACTIVE": 27660,
        "INVALID": 0,
        "MALICIOUS": 0,
        "SANE": 0,
        "VALID": 0,
        "total": 50175
    },
    "percentage": {
        "ACTIVE": 44.8729446935725,
        "INACTIVE": 55.1270553064275,
        "INVALID": 0.0,
        "MALICIOUS": 0.0,
        "SANE": 0.0,
        "VALID": 0.0,
        "total": 100.0
    }
}