{
    "counter": {
        "ACTIVE": 21098,
        "INACTIVE": 26045,
        "INVALID": 0,
        "MALICIOUS": 0,
        "SANE": 0,
        "VALID": 0,
        "total": 47143
    },
    "percentage": {
        "ACTIVE": 44.756045820958846,
        "INACTIVE": 55.24680228241733,
        "INVALID": 0,
        "MALICIOUS": 0,
        "SANE": 0,
        "VALID": 0,
        "total": 100.00284810337618
    }
}