{
    "counter": {
        "ACTIVE": 24117,
        "INACTIVE": 29827,
        "INVALID": 0,
        "MALICIOUS": 0,
        "SANE": 0,
        "VALID": 0,
        "total": 53944
    },
    "percentage": {
        "ACTIVE": 44.707474417914874,
        "INACTIVE": 55.292525582085126,
        "INVALID": 0.0,
        "MALICIOUS": 0.0,
        "SANE": 0.0,
        "VALID": 0.0,
        "total": 100.0
    }
}