{
    "counter": {
        "ACTIVE": 3741,
        "INACTIVE": 4582,
        "INVALID": 0,
        "MALICIOUS": 0,
        "SANE": 0,
        "VALID": 0,
        "total": 8323
    },
    "percentage": {
        "ACTIVE": 44.953136265320836,
        "INACTIVE": 55.05226480836237,
        "INVALID": 0,
        "MALICIOUS": 0,
        "SANE": 0,
        "VALID": 0,
        "total": 100.0054010736832
    }
}