{
    "counter": {
        "ACTIVE": 26681,
        "INACTIVE": 34106,
        "INVALID": 0,
        "MALICIOUS": 0,
        "SANE": 0,
        "VALID": 0,
        "total": 60787
    },
    "percentage": {
        "ACTIVE": 43.89260861697402,
        "INACTIVE": 56.10739138302598,
        "INVALID": 0.0,
        "MALICIOUS": 0.0,
        "SANE": 0.0,
        "VALID": 0.0,
        "total": 100.0
    }
}