{
    "counter": {
        "ACTIVE": 36065,
        "INACTIVE": 45132,
        "INVALID": 0,
        "MALICIOUS": 0,
        "SANE": 0,
        "VALID": 0,
        "total": 81197
    },
    "percentage": {
        "ACTIVE": 44.41666564035617,
        "INACTIVE": 55.58333435964383,
        "INVALID": 0.0,
        "MALICIOUS": 0.0,
        "SANE": 0.0,
        "VALID": 0.0,
        "total": 100.0
    }
}