{
    "counter": {
        "ACTIVE": 17345,
        "INACTIVE": 22433,
        "INVALID": 0,
        "MALICIOUS": 0,
        "SANE": 0,
        "VALID": 0,
        "total": 39778
    },
    "percentage": {
        "ACTIVE": 43.60560122683963,
        "INACTIVE": 56.39549499723465,
        "INVALID": 0,
        "MALICIOUS": 0,
        "SANE": 0,
        "VALID": 0,
        "total": 100.00109622407427
    }
}