{
    "counter": {
        "ACTIVE": 27609,
        "INACTIVE": 35266,
        "INVALID": 0,
        "MALICIOUS": 0,
        "SANE": 0,
        "VALID": 0,
        "total": 62875
    },
    "percentage": {
        "ACTIVE": 43.91093439363817,
        "INACTIVE": 56.08906560636183,
        "INVALID": 0.0,
        "MALICIOUS": 0.0,
        "SANE": 0.0,
        "VALID": 0.0,
        "total": 100.0
    }
}