{
    "counter": {
        "ACTIVE": 15894,
        "INACTIVE": 21090,
        "INVALID": 0,
        "MALICIOUS": 0,
        "SANE": 0,
        "VALID": 0,
        "total": 36984
    },
    "percentage": {
        "ACTIVE": 42.97650271746478,
        "INACTIVE": 57.02465931213498,
        "INVALID": 0,
        "MALICIOUS": 0,
        "SANE": 0,
        "VALID": 0,
        "total": 100.00116202959975
    }
}