{
    "counter": {
        "ACTIVE": 3027,
        "INACTIVE": 3753,
        "INVALID": 0,
        "MALICIOUS": 0,
        "SANE": 0,
        "VALID": 0,
        "total": 6780
    },
    "percentage": {
        "ACTIVE": 44.65260362885381,
        "INACTIVE": 55.35398230088496,
        "INVALID": 0,
        "MALICIOUS": 0,
        "SANE": 0,
        "VALID": 0,
        "total": 100.00658592973878
    }
}