{
    "counter": {
        "ACTIVE": 39849,
        "INACTIVE": 50013,
        "INVALID": 0,
        "MALICIOUS": 0,
        "SANE": 0,
        "VALID": 0,
        "total": 89862
    },
    "percentage": {
        "ACTIVE": 44.34466181478267,
        "INACTIVE": 55.65533818521733,
        "INVALID": 0.0,
        "MALICIOUS": 0.0,
        "SANE": 0.0,
        "VALID": 0.0,
        "total": 100.0
    }
}