{
    "counter": {
        "ACTIVE": 43269,
        "INACTIVE": 57739,
        "INVALID": 0,
        "MALICIOUS": 0,
        "SANE": 0,
        "VALID": 0,
        "total": 101008
    },
    "percentage": {
        "ACTIVE": 42.83720101378108,
        "INACTIVE": 57.16279898621892,
        "INVALID": 0.0,
        "MALICIOUS": 0.0,
        "SANE": 0.0,
        "VALID": 0.0,
        "total": 100.0
    }
}