{
    "counter": {
        "ACTIVE": 36553,
        "INACTIVE": 45718,
        "INVALID": 0,
        "MALICIOUS": 0,
        "SANE": 0,
        "VALID": 0,
        "total": 82271
    },
    "percentage": {
        "ACTIVE": 44.429993557875804,
        "INACTIVE": 55.570006442124196,
        "INVALID": 0.0,
        "MALICIOUS": 0.0,
        "SANE": 0.0,
        "VALID": 0.0,
        "total": 100.0
    }
}