{
    "counter": {
        "ACTIVE": 29613,
        "INACTIVE": 37439,
        "INVALID": 0,
        "MALICIOUS": 0,
        "SANE": 0,
        "VALID": 0,
        "total": 67052
    },
    "percentage": {
        "ACTIVE": 44.164230746286464,
        "INACTIVE": 55.83660198953036,
        "INVALID": 0.0,
        "MALICIOUS": 0.0,
        "SANE": 0.0,
        "VALID": 0.0,
        "total": 100.00083273581683
    }
}