{
    "counter": {
        "ACTIVE": 7054,
        "INACTIVE": 9345,
        "INVALID": 0,
        "MALICIOUS": 0,
        "SANE": 0,
        "VALID": 0,
        "total": 16399
    },
    "percentage": {
        "ACTIVE": 43.043690505247746,
        "INACTIVE": 56.9851820232941,
        "INVALID": 0,
        "MALICIOUS": 0,
        "SANE": 0,
        "VALID": 0,
        "total": 100.02887252854185
    }
}