{
    "counter": {
        "ACTIVE": 16601,
        "INACTIVE": 21689,
        "INVALID": 0,
        "MALICIOUS": 0,
        "SANE": 0,
        "VALID": 0,
        "total": 38290
    },
    "percentage": {
        "ACTIVE": 43.360497309721566,
        "INACTIVE": 56.64403238443458,
        "INVALID": 0,
        "MALICIOUS": 0,
        "SANE": 0,
        "VALID": 0,
        "total": 100.00452969415615
    }
}