{
    "counter": {
        "ACTIVE": 3631,
        "INACTIVE": 4442,
        "INVALID": 0,
        "MALICIOUS": 0,
        "SANE": 0,
        "VALID": 0,
        "total": 8073
    },
    "percentage": {
        "ACTIVE": 44.97708410751889,
        "INACTIVE": 55.029732408325074,
        "INVALID": 0,
        "MALICIOUS": 0,
        "SANE": 0,
        "VALID": 0,
        "total": 100.00681651584397
    }
}