{
    "counter": {
        "ACTIVE": 30823,
        "INACTIVE": 38633,
        "INVALID": 0,
        "MALICIOUS": 0,
        "SANE": 0,
        "VALID": 0,
        "total": 69456
    },
    "percentage": {
        "ACTIVE": 44.37773554480535,
        "INACTIVE": 55.62546794908714,
        "INVALID": 0.0,
        "MALICIOUS": 0.0,
        "SANE": 0.0,
        "VALID": 0.0,
        "total": 100.00320349389249
    }
}