{
    "counter": {
        "ACTIVE": 4411,
        "INACTIVE": 5587,
        "INVALID": 0,
        "MALICIOUS": 0,
        "SANE": 0,
        "VALID": 0,
        "total": 9998
    },
    "percentage": {
        "ACTIVE": 44.12765106042417,
        "INACTIVE": 55.88117623524705,
        "INVALID": 0,
        "MALICIOUS": 0,
        "SANE": 0,
        "VALID": 0,
        "total": 100.00882729567121
    }
}