{
    "counter": {
        "ACTIVE": 2813,
        "INACTIVE": 3468,
        "INVALID": 0,
        "MALICIOUS": 0,
        "SANE": 0,
        "VALID": 0,
        "total": 6281
    },
    "percentage": {
        "ACTIVE": 44.78586212386563,
        "INACTIVE": 55.22292993630573,
        "INVALID": 0,
        "MALICIOUS": 0,
        "SANE": 0,
        "VALID": 0,
        "total": 100.00879206017136
    }
}