{
    "counter": {
        "ACTIVE": 17565,
        "INACTIVE": 22681,
        "INVALID": 0,
        "MALICIOUS": 0,
        "SANE": 0,
        "VALID": 0,
        "total": 40246
    },
    "percentage": {
        "ACTIVE": 43.64734239495068,
        "INACTIVE": 56.35591114644934,
        "INVALID": 0,
        "MALICIOUS": 0,
        "SANE": 0,
        "VALID": 0,
        "total": 100.00325354140001
    }
}