{
    "counter": {
        "ACTIVE": 33784,
        "INACTIVE": 42611,
        "INVALID": 0,
        "MALICIOUS": 0,
        "SANE": 0,
        "VALID": 0,
        "total": 76395
    },
    "percentage": {
        "ACTIVE": 44.22278944957131,
        "INACTIVE": 55.77721055042869,
        "INVALID": 0.0,
        "MALICIOUS": 0.0,
        "SANE": 0.0,
        "VALID": 0.0,
        "total": 100.0
    }
}