{
    "counter": {
        "ACTIVE": 26037,
        "INACTIVE": 33343,
        "INVALID": 0,
        "MALICIOUS": 0,
        "SANE": 0,
        "VALID": 0,
        "total": 59380
    },
    "percentage": {
        "ACTIVE": 43.8480970023577,
        "INACTIVE": 56.1519029976423,
        "INVALID": 0.0,
        "MALICIOUS": 0.0,
        "SANE": 0.0,
        "VALID": 0.0,
        "total": 100.0
    }
}