{
    "counter": {
        "ACTIVE": 7422,
        "INACTIVE": 9813,
        "INVALID": 0,
        "MALICIOUS": 0,
        "SANE": 0,
        "VALID": 0,
        "total": 17235
    },
    "percentage": {
        "ACTIVE": 43.063533507397736,
        "INACTIVE": 56.93977022165487,
        "INVALID": 0,
        "MALICIOUS": 0,
        "SANE": 0,
        "VALID": 0,
        "total": 100.0033037290526
    }
}