{
    "counter": {
        "ACTIVE": 5254,
        "INACTIVE": 6572,
        "INVALID": 0,
        "MALICIOUS": 0,
        "SANE": 0,
        "VALID": 0,
        "total": 11826
    },
    "percentage": {
        "ACTIVE": 44.43128964059196,
        "INACTIVE": 55.572467444613565,
        "INVALID": 0,
        "MALICIOUS": 0,
        "SANE": 0,
        "VALID": 0,
        "total": 100.00375708520554
    }
}