{
    "counter": {
        "ACTIVE": 12476,
        "INACTIVE": 15455,
        "INVALID": 0,
        "MALICIOUS": 0,
        "SANE": 0,
        "VALID": 0,
        "total": 27931
    },
    "percentage": {
        "ACTIVE": 44.668814894378805,
        "INACTIVE": 55.332784361462174,
        "INVALID": 0,
        "MALICIOUS": 0,
        "SANE": 0,
        "VALID": 0,
        "total": 100.00159925584097
    }
}