{
    "counter": {
        "ACTIVE": 43416,
        "INACTIVE": 58098,
        "INVALID": 0,
        "MALICIOUS": 0,
        "SANE": 0,
        "VALID": 0,
        "total": 101514
    },
    "percentage": {
        "ACTIVE": 42.768485135055265,
        "INACTIVE": 57.231514864944735,
        "INVALID": 0.0,
        "MALICIOUS": 0.0,
        "SANE": 0.0,
        "VALID": 0.0,
        "total": 100.0
    }
}