{
    "counter": {
        "ACTIVE": 22803,
        "INACTIVE": 27916,
        "INVALID": 0,
        "MALICIOUS": 0,
        "SANE": 0,
        "VALID": 0,
        "total": 50719
    },
    "percentage": {
        "ACTIVE": 44.95948263964195,
        "INACTIVE": 55.04051736035805,
        "INVALID": 0.0,
        "MALICIOUS": 0.0,
        "SANE": 0.0,
        "VALID": 0.0,
        "total": 100.0
    }
}