{
    "counter": {
        "ACTIVE": 40474,
        "INACTIVE": 53533,
        "INVALID": 0,
        "MALICIOUS": 0,
        "SANE": 0,
        "VALID": 0,
        "total": 94007
    },
    "percentage": {
        "ACTIVE": 43.054240641654346,
        "INACTIVE": 56.945759358345654,
        "INVALID": 0.0,
        "MALICIOUS": 0.0,
        "SANE": 0.0,
        "VALID": 0.0,
        "total": 100.0
    }
}