{
    "counter": {
        "ACTIVE": 31711,
        "INACTIVE": 39717,
        "INVALID": 0,
        "MALICIOUS": 0,
        "SANE": 0,
        "VALID": 0,
        "total": 71428
    },
    "percentage": {
        "ACTIVE": 44.395755166041326,
        "INACTIVE": 55.60658032901645,
        "INVALID": 0.0,
        "MALICIOUS": 0.0,
        "SANE": 0.0,
        "VALID": 0.0,
        "total": 100.00233549505778
    }
}