{
    "counter": {
        "ACTIVE": 39113,
        "INACTIVE": 48380,
        "INVALID": 0,
        "MALICIOUS": 0,
        "SANE": 0,
        "VALID": 0,
        "total": 87493
    },
    "percentage": {
        "ACTIVE": 44.70414776039226,
        "INACTIVE": 55.29585223960774,
        "INVALID": 0.0,
        "MALICIOUS": 0.0,
        "SANE": 0.0,
        "VALID": 0.0,
        "total": 100.0
    }
}