{
    "counter": {
        "ACTIVE": 14272,
        "INACTIVE": 19113,
        "INVALID": 0,
        "MALICIOUS": 0,
        "SANE": 0,
        "VALID": 0,
        "total": 33385
    },
    "percentage": {
        "ACTIVE": 42.75101845195303,
        "INACTIVE": 57.25026209375468,
        "INVALID": 0,
        "MALICIOUS": 0,
        "SANE": 0,
        "VALID": 0,
        "total": 100.00128054570771
    }
}