{
    "counter": {
        "ACTIVE": 33047,
        "INACTIVE": 41652,
        "INVALID": 0,
        "MALICIOUS": 0,
        "SANE": 0,
        "VALID": 0,
        "total": 74699
    },
    "percentage": {
        "ACTIVE": 44.2402174058555,
        "INACTIVE": 55.7597825941445,
        "INVALID": 0.0,
        "MALICIOUS": 0.0,
        "SANE": 0.0,
        "VALID": 0.0,
        "total": 100.0
    }
}