{
    "counter": {
        "ACTIVE": 30658,
        "INACTIVE": 38439,
        "INVALID": 0,
        "MALICIOUS": 0,
        "SANE": 0,
        "VALID": 0,
        "total": 69097
    },
    "percentage": {
        "ACTIVE": 44.3695095300809,
        "INACTIVE": 55.63371108505927,
        "INVALID": 0.0,
        "MALICIOUS": 0.0,
        "SANE": 0.0,
        "VALID": 0.0,
        "total": 100.00322061514017
    }
}