{
    "counter": {
        "ACTIVE": 5127,
        "INACTIVE": 6454,
        "INVALID": 0,
        "MALICIOUS": 0,
        "SANE": 0,
        "VALID": 0,
        "total": 11581
    },
    "percentage": {
        "ACTIVE": 44.27078836024523,
        "INACTIVE": 55.734024179620036,
        "INVALID": 0,
        "MALICIOUS": 0,
        "SANE": 0,
        "VALID": 0,
        "total": 100.00481253986527
    }
}