{
    "counter": {
        "ACTIVE": 11366,
        "INACTIVE": 14098,
        "INVALID": 0,
        "MALICIOUS": 0,
        "SANE": 0,
        "VALID": 0,
        "total": 25464
    },
    "percentage": {
        "ACTIVE": 44.642576590730556,
        "INACTIVE": 55.36443606660383,
        "INVALID": 0,
        "MALICIOUS": 0,
        "SANE": 0,
        "VALID": 0,
        "total": 100.00701265733439
    }
}