{
    "counter": {
        "ACTIVE": 32965,
        "INACTIVE": 41555,
        "INVALID": 0,
        "MALICIOUS": 0,
        "SANE": 0,
        "VALID": 0,
        "total": 74520
    },
    "percentage": {
        "ACTIVE": 44.236446591519055,
        "INACTIVE": 55.763553408480945,
        "INVALID": 0.0,
        "MALICIOUS": 0.0,
        "SANE": 0.0,
        "VALID": 0.0,
        "total": 100.0
    }
}