{
    "counter": {
        "ACTIVE": 12111,
        "INACTIVE": 14897,
        "INVALID": 0,
        "MALICIOUS": 0,
        "SANE": 0,
        "VALID": 0,
        "total": 27008
    },
    "percentage": {
        "ACTIVE": 44.84226895734597,
        "INACTIVE": 55.16181589276457,
        "INVALID": 0,
        "MALICIOUS": 0,
        "SANE": 0,
        "VALID": 0,
        "total": 100.00408485011054
    }
}