{
    "counter": {
        "ACTIVE": 471,
        "INACTIVE": 650,
        "INVALID": 0,
        "MALICIOUS": 0,
        "SANE": 0,
        "VALID": 0,
        "total": 1121
    },
    "percentage": {
        "ACTIVE": 42.016057091882246,
        "INACTIVE": 58.13953488372093,
        "INVALID": 0,
        "MALICIOUS": 0,
        "SANE": 0,
        "VALID": 0,
        "total": 100.15559197560317
    }
}