{
    "counter": {
        "ACTIVE": 42322,
        "INACTIVE": 56291,
        "INVALID": 0,
        "MALICIOUS": 0,
        "SANE": 0,
        "VALID": 0,
        "total": 98613
    },
    "percentage": {
        "ACTIVE": 42.91726242990275,
        "INACTIVE": 57.08273757009725,
        "INVALID": 0.0,
        "MALICIOUS": 0.0,
        "SANE": 0.0,
        "VALID": 0.0,
        "total": 100.0
    }
}