{
    "counter": {
        "ACTIVE": 33525,
        "INACTIVE": 42342,
        "INVALID": 0,
        "MALICIOUS": 0,
        "SANE": 0,
        "VALID": 0,
        "total": 75867
    },
    "percentage": {
        "ACTIVE": 44.18917315829017,
        "INACTIVE": 55.81082684170983,
        "INVALID": 0.0,
        "MALICIOUS": 0.0,
        "SANE": 0.0,
        "VALID": 0.0,
        "total": 100.0
    }
}