{
    "counter": {
        "ACTIVE": 23433,
        "INACTIVE": 28788,
        "INVALID": 0,
        "MALICIOUS": 0,
        "SANE": 0,
        "VALID": 0,
        "total": 52221
    },
    "percentage": {
        "ACTIVE": 44.87275234101224,
        "INACTIVE": 55.12724765898776,
        "INVALID": 0.0,
        "MALICIOUS": 0.0,
        "SANE": 0.0,
        "VALID": 0.0,
        "total": 100.0
    }
}