{
    "counter": {
        "ACTIVE": 17193,
        "INACTIVE": 22260,
        "INVALID": 0,
        "MALICIOUS": 0,
        "SANE": 0,
        "VALID": 0,
        "total": 39453
    },
    "percentage": {
        "ACTIVE": 43.58064434361613,
        "INACTIVE": 56.4215649000076,
        "INVALID": 0,
        "MALICIOUS": 0,
        "SANE": 0,
        "VALID": 0,
        "total": 100.00220924362372
    }
}