{
    "counter": {
        "ACTIVE": 31896,
        "INACTIVE": 39929,
        "INVALID": 0,
        "MALICIOUS": 0,
        "SANE": 0,
        "VALID": 0,
        "total": 71825
    },
    "percentage": {
        "ACTIVE": 44.407935955447265,
        "INACTIVE": 55.593612074126675,
        "INVALID": 0.0,
        "MALICIOUS": 0.0,
        "SANE": 0.0,
        "VALID": 0.0,
        "total": 100.00154802957394
    }
}