{
    "counter": {
        "ACTIVE": 20935,
        "INACTIVE": 25890,
        "INVALID": 0,
        "MALICIOUS": 0,
        "SANE": 0,
        "VALID": 0,
        "total": 46825
    },
    "percentage": {
        "ACTIVE": 44.70997778916795,
        "INACTIVE": 55.290977042178326,
        "INVALID": 0,
        "MALICIOUS": 0,
        "SANE": 0,
        "VALID": 0,
        "total": 100.00095483134628
    }
}