{
    "counter": {
        "ACTIVE": 6902,
        "INACTIVE": 9148,
        "INVALID": 0,
        "MALICIOUS": 0,
        "SANE": 0,
        "VALID": 0,
        "total": 16050
    },
    "percentage": {
        "ACTIVE": 43.013835223731775,
        "INACTIVE": 56.99688473520249,
        "INVALID": 0,
        "MALICIOUS": 0,
        "SANE": 0,
        "VALID": 0,
        "total": 100.01071995893426
    }
}