{
    "counter": {
        "ACTIVE": 12607,
        "INACTIVE": 15776,
        "INVALID": 0,
        "MALICIOUS": 0,
        "SANE": 0,
        "VALID": 0,
        "total": 28383
    },
    "percentage": {
        "ACTIVE": 44.41743297044005,
        "INACTIVE": 55.584525403424706,
        "INVALID": 0,
        "MALICIOUS": 0,
        "SANE": 0,
        "VALID": 0,
        "total": 100.00195837386477
    }
}