{
    "counter": {
        "ACTIVE": 31433,
        "INACTIVE": 39394,
        "INVALID": 0,
        "MALICIOUS": 0,
        "SANE": 0,
        "VALID": 0,
        "total": 70827
    },
    "percentage": {
        "ACTIVE": 44.38122132015531,
        "INACTIVE": 55.62003190873537,
        "INVALID": 0.0,
        "MALICIOUS": 0.0,
        "SANE": 0.0,
        "VALID": 0.0,
        "total": 100.00125322889068
    }
}