{
    "counter": {
        "ACTIVE": 28111,
        "INACTIVE": 35931,
        "INVALID": 0,
        "MALICIOUS": 0,
        "SANE": 0,
        "VALID": 0,
        "total": 64042
    },
    "percentage": {
        "ACTIVE": 43.894631647981015,
        "INACTIVE": 56.107120549656464,
        "INVALID": 0.0,
        "MALICIOUS": 0.0,
        "SANE": 0.0,
        "VALID": 0.0,
        "total": 100.00175219763747
    }
}