{
    "counter": {
        "ACTIVE": 36597,
        "INACTIVE": 45796,
        "INVALID": 0,
        "MALICIOUS": 0,
        "SANE": 0,
        "VALID": 0,
        "total": 82393
    },
    "percentage": {
        "ACTIVE": 44.41760829196655,
        "INACTIVE": 55.58239170803345,
        "INVALID": 0.0,
        "MALICIOUS": 0.0,
        "SANE": 0.0,
        "VALID": 0.0,
        "total": 100.0
    }
}