{
    "counter": {
        "ACTIVE": 36999,
        "INACTIVE": 46027,
        "INVALID": 0,
        "MALICIOUS": 0,
        "SANE": 0,
        "VALID": 0,
        "total": 83026
    },
    "percentage": {
        "ACTIVE": 44.56314889311782,
        "INACTIVE": 55.43685110688218,
        "INVALID": 0.0,
        "MALICIOUS": 0.0,
        "SANE": 0.0,
        "VALID": 0.0,
        "total": 100.0
    }
}