{
    "counter": {
        "ACTIVE": 23987,
        "INACTIVE": 29334,
        "INVALID": 0,
        "MALICIOUS": 0,
        "SANE": 0,
        "VALID": 0,
        "total": 53321
    },
    "percentage": {
        "ACTIVE": 44.98602801897939,
        "INACTIVE": 55.01397198102061,
        "INVALID": 0.0,
        "MALICIOUS": 0.0,
        "SANE": 0.0,
        "VALID": 0.0,
        "total": 100.0
    }
}