{
    "counter": {
        "ACTIVE": 1596,
        "INACTIVE": 1679,
        "INVALID": 0,
        "MALICIOUS": 0,
        "SANE": 0,
        "VALID": 0,
        "total": 3275
    },
    "percentage": {
        "ACTIVE": 48.732824427480914,
        "INACTIVE": 51.28283445326817,
        "INVALID": 0,
        "MALICIOUS": 0,
        "SANE": 0,
        "VALID": 0,
        "total": 100.01565888074909
    }
}