{
    "counter": {
        "ACTIVE": 1577,
        "INACTIVE": 1657,
        "INVALID": 0,
        "MALICIOUS": 0,
        "SANE": 0,
        "VALID": 0,
        "total": 3234
    },
    "percentage": {
        "ACTIVE": 48.79331683168317,
        "INACTIVE": 51.23685837971552,
        "INVALID": 0,
        "MALICIOUS": 0,
        "SANE": 0,
        "VALID": 0,
        "total": 100.0301752113987
    }
}