{
    "counter": {
        "ACTIVE": 44060,
        "INACTIVE": 59125,
        "INVALID": 0,
        "MALICIOUS": 0,
        "SANE": 0,
        "VALID": 0,
        "total": 103185
    },
    "percentage": {
        "ACTIVE": 42.70000484566555,
        "INACTIVE": 57.29999515433445,
        "INVALID": 0.0,
        "MALICIOUS": 0.0,
        "SANE": 0.0,
        "VALID": 0.0,
        "total": 100.0
    }
}