{
    "counter": {
        "ACTIVE": 14201,
        "INACTIVE": 18978,
        "INVALID": 0,
        "MALICIOUS": 0,
        "SANE": 0,
        "VALID": 0,
        "total": 33179
    },
    "percentage": {
        "ACTIVE": 42.80633006782215,
        "INACTIVE": 57.19883058561138,
        "INVALID": 0,
        "MALICIOUS": 0,
        "SANE": 0,
        "VALID": 0,
        "total": 100.00516065343353
    }
}