{
    "counter": {
        "ACTIVE": 29722,
        "INACTIVE": 37585,
        "INVALID": 0,
        "MALICIOUS": 0,
        "SANE": 0,
        "VALID": 0,
        "total": 67307
    },
    "percentage": {
        "ACTIVE": 44.15951029625888,
        "INACTIVE": 55.84114579464246,
        "INVALID": 0.0,
        "MALICIOUS": 0.0,
        "SANE": 0.0,
        "VALID": 0.0,
        "total": 100.00065609090134
    }
}