{
    "counter": {
        "ACTIVE": 16225,
        "INACTIVE": 21318,
        "INVALID": 0,
        "MALICIOUS": 0,
        "SANE": 0,
        "VALID": 0,
        "total": 37543
    },
    "percentage": {
        "ACTIVE": 43.21711104600059,
        "INACTIVE": 56.785914067286434,
        "INVALID": 0,
        "MALICIOUS": 0,
        "SANE": 0,
        "VALID": 0,
        "total": 100.00302511328702
    }
}