{
    "counter": {
        "ACTIVE": 26813,
        "INACTIVE": 34291,
        "INVALID": 0,
        "MALICIOUS": 0,
        "SANE": 0,
        "VALID": 0,
        "total": 61104
    },
    "percentage": {
        "ACTIVE": 43.88092432573972,
        "INACTIVE": 56.11907567426028,
        "INVALID": 0.0,
        "MALICIOUS": 0.0,
        "SANE": 0.0,
        "VALID": 0.0,
        "total": 100.0
    }
}