{
    "counter": {
        "ACTIVE": 525,
        "INACTIVE": 727,
        "INVALID": 0,
        "MALICIOUS": 0,
        "SANE": 0,
        "VALID": 0,
        "total": 1252
    },
    "percentage": {
        "ACTIVE": 41.932907348242814,
        "INACTIVE": 58.113509192645886,
        "INVALID": 0,
        "MALICIOUS": 0,
        "SANE": 0,
        "VALID": 0,
        "total": 100.0464165408887
    }
}