{
    "counter": {
        "ACTIVE": 9288,
        "INACTIVE": 12359,
        "INVALID": 0,
        "MALICIOUS": 0,
        "SANE": 0,
        "VALID": 0,
        "total": 21647
    },
    "percentage": {
        "ACTIVE": 42.91060291060291,
        "INACTIVE": 57.09336166674366,
        "INVALID": 0,
        "MALICIOUS": 0,
        "SANE": 0,
        "VALID": 0,
        "total": 100.00396457734658
    }
}