{
    "counter": {
        "ACTIVE": 25593,
        "INACTIVE": 32504,
        "INVALID": 0,
        "MALICIOUS": 0,
        "SANE": 0,
        "VALID": 0,
        "total": 58097
    },
    "percentage": {
        "ACTIVE": 44.05218858116598,
        "INACTIVE": 55.94781141883402,
        "INVALID": 0.0,
        "MALICIOUS": 0.0,
        "SANE": 0.0,
        "VALID": 0.0,
        "total": 100.0
    }
}