{
    "counter": {
        "ACTIVE": 27747,
        "INACTIVE": 35406,
        "INVALID": 0,
        "MALICIOUS": 0,
        "SANE": 0,
        "VALID": 0,
        "total": 63153
    },
    "percentage": {
        "ACTIVE": 43.93615505201653,
        "INACTIVE": 56.066508313539195,
        "INVALID": 0.0,
        "MALICIOUS": 0.0,
        "SANE": 0.0,
        "VALID": 0.0,
        "total": 100.00266336555572
    }
}