{
    "counter": {
        "ACTIVE": 44146,
        "INACTIVE": 59230,
        "INVALID": 0,
        "MALICIOUS": 0,
        "SANE": 0,
        "VALID": 0,
        "total": 103376
    },
    "percentage": {
        "ACTIVE": 42.704302739514006,
        "INACTIVE": 57.295697260485994,
        "INVALID": 0.0,
        "MALICIOUS": 0.0,
        "SANE": 0.0,
        "VALID": 0.0,
        "total": 100.0
    }
}