{
    "counter": {
        "ACTIVE": 31546,
        "INACTIVE": 39532,
        "INVALID": 0,
        "MALICIOUS": 0,
        "SANE": 0,
        "VALID": 0,
        "total": 71078
    },
    "percentage": {
        "ACTIVE": 44.382227974900815,
        "INACTIVE": 55.61933704766729,
        "INVALID": 0.0,
        "MALICIOUS": 0.0,
        "SANE": 0.0,
        "VALID": 0.0,
        "total": 100.0015650225681
    }
}