{
    "counter": {
        "ACTIVE": 20240,
        "INACTIVE": 25322,
        "INVALID": 0,
        "MALICIOUS": 0,
        "SANE": 0,
        "VALID": 0,
        "total": 45562
    },
    "percentage": {
        "ACTIVE": 44.423959087816336,
        "INACTIVE": 55.57701593433124,
        "INVALID": 0,
        "MALICIOUS": 0,
        "SANE": 0,
        "VALID": 0,
        "total": 100.00097502214757
    }
}