{
    "counter": {
        "ACTIVE": 13780,
        "INACTIVE": 18079,
        "INVALID": 0,
        "MALICIOUS": 0,
        "SANE": 0,
        "VALID": 0,
        "total": 31859
    },
    "percentage": {
        "ACTIVE": 43.25987317134426,
        "INACTIVE": 56.74691609906149,
        "INVALID": 0,
        "MALICIOUS": 0,
        "SANE": 0,
        "VALID": 0,
        "total": 100.00678927040575
    }
}