{
    "counter": {
        "ACTIVE": 26722,
        "INACTIVE": 34147,
        "INVALID": 0,
        "MALICIOUS": 0,
        "SANE": 0,
        "VALID": 0,
        "total": 60869
    },
    "percentage": {
        "ACTIVE": 43.900836222050636,
        "INACTIVE": 56.099163777949364,
        "INVALID": 0.0,
        "MALICIOUS": 0.0,
        "SANE": 0.0,
        "VALID": 0.0,
        "total": 100.0
    }
}