{
    "counter": {
        "ACTIVE": 37877,
        "INACTIVE": 46867,
        "INVALID": 0,
        "MALICIOUS": 0,
        "SANE": 0,
        "VALID": 0,
        "total": 84744
    },
    "percentage": {
        "ACTIVE": 44.695789672425185,
        "INACTIVE": 55.304210327574815,
        "INVALID": 0.0,
        "MALICIOUS": 0.0,
        "SANE": 0.0,
        "VALID": 0.0,
        "total": 100.0
    }
}