{
    "counter": {
        "ACTIVE": 8069,
        "INACTIVE": 10661,
        "INVALID": 0,
        "MALICIOUS": 0,
        "SANE": 0,
        "VALID": 0,
        "total": 18730
    },
    "percentage": {
        "ACTIVE": 43.080619327282434,
        "INACTIVE": 56.925459205467746,
        "INVALID": 0,
        "MALICIOUS": 0,
        "SANE": 0,
        "VALID": 0,
        "total": 100.00607853275018
    }
}