{
    "counter": {
        "ACTIVE": 7824,
        "INACTIVE": 10248,
        "INVALID": 0,
        "MALICIOUS": 0,
        "SANE": 0,
        "VALID": 0,
        "total": 18072
    },
    "percentage": {
        "ACTIVE": 43.29349269588313,
        "INACTIVE": 56.71278361925844,
        "INVALID": 0,
        "MALICIOUS": 0,
        "SANE": 0,
        "VALID": 0,
        "total": 100.00627631514158
    }
}