{
    "counter": {
        "ACTIVE": 8477,
        "INACTIVE": 11341,
        "INVALID": 0,
        "MALICIOUS": 0,
        "SANE": 0,
        "VALID": 0,
        "total": 19818
    },
    "percentage": {
        "ACTIVE": 42.774245635281055,
        "INACTIVE": 57.228642074986126,
        "INVALID": 0,
        "MALICIOUS": 0,
        "SANE": 0,
        "VALID": 0,
        "total": 100.00288771026717
    }
}