{
    "counter": {
        "ACTIVE": 10746,
        "INACTIVE": 13627,
        "INVALID": 0,
        "MALICIOUS": 0,
        "SANE": 0,
        "VALID": 0,
        "total": 24373
    },
    "percentage": {
        "ACTIVE": 44.10424789657295,
        "INACTIVE": 55.910228531571825,
        "INVALID": 0,
        "MALICIOUS": 0,
        "SANE": 0,
        "VALID": 0,
        "total": 100.01447642814477
    }
}