{
    "counter": {
        "ACTIVE": 15384,
        "INACTIVE": 20651,
        "INVALID": 0,
        "MALICIOUS": 0,
        "SANE": 0,
        "VALID": 0,
        "total": 36035
    },
    "percentage": {
        "ACTIVE": 42.697751873438804,
        "INACTIVE": 57.30817260996254,
        "INVALID": 0,
        "MALICIOUS": 0,
        "SANE": 0,
        "VALID": 0,
        "total": 100.00592448340134
    }
}