{
    "counter": {
        "ACTIVE": 531,
        "INACTIVE": 742,
        "INVALID": 0,
        "MALICIOUS": 0,
        "SANE": 0,
        "VALID": 0,
        "total": 1273
    },
    "percentage": {
        "ACTIVE": 41.74528301886792,
        "INACTIVE": 58.28750981932443,
        "INVALID": 0,
        "MALICIOUS": 0,
        "SANE": 0,
        "VALID": 0,
        "total": 100.03279283819235
    }
}