{
    "counter": {
        "ACTIVE": 8947,
        "INACTIVE": 11997,
        "INVALID": 0,
        "MALICIOUS": 0,
        "SANE": 0,
        "VALID": 0,
        "total": 20944
    },
    "percentage": {
        "ACTIVE": 42.72071813971255,
        "INACTIVE": 57.28132161955691,
        "INVALID": 0,
        "MALICIOUS": 0,
        "SANE": 0,
        "VALID": 0,
        "total": 100.00203975926946
    }
}