{
    "counter": {
        "ACTIVE": 36127,
        "INACTIVE": 45209,
        "INVALID": 0,
        "MALICIOUS": 0,
        "SANE": 0,
        "VALID": 0,
        "total": 81336
    },
    "percentage": {
        "ACTIVE": 44.4169863283171,
        "INACTIVE": 55.5830136716829,
        "INVALID": 0.0,
        "MALICIOUS": 0.0,
        "SANE": 0.0,
        "VALID": 0.0,
        "total": 100.0
    }
}