{
    "counter": {
        "ACTIVE": 25142,
        "INACTIVE": 31269,
        "INVALID": 0,
        "MALICIOUS": 0,
        "SANE": 0,
        "VALID": 0,
        "total": 56411
    },
    "percentage": {
        "ACTIVE": 44.56932158621545,
        "INACTIVE": 55.43067841378455,
        "INVALID": 0.0,
        "MALICIOUS": 0.0,
        "SANE": 0.0,
        "VALID": 0.0,
        "total": 100.0
    }
}