{
    "counter": {
        "ACTIVE": 33705,
        "INACTIVE": 42558,
        "INVALID": 0,
        "MALICIOUS": 0,
        "SANE": 0,
        "VALID": 0,
        "total": 76263
    },
    "percentage": {
        "ACTIVE": 44.19574367648794,
        "INACTIVE": 55.80425632351206,
        "INVALID": 0.0,
        "MALICIOUS": 0.0,
        "SANE": 0.0,
        "VALID": 0.0,
        "total": 100.0
    }
}