{
    "counter": {
        "ACTIVE": 33253,
        "INACTIVE": 41920,
        "INVALID": 0,
        "MALICIOUS": 0,
        "SANE": 0,
        "VALID": 0,
        "total": 75173
    },
    "percentage": {
        "ACTIVE": 44.23529724768201,
        "INACTIVE": 55.76470275231799,
        "INVALID": 0.0,
        "MALICIOUS": 0.0,
        "SANE": 0.0,
        "VALID": 0.0,
        "total": 100.0
    }
}