{
    "counter": {
        "ACTIVE": 38203,
        "INACTIVE": 47242,
        "INVALID": 0,
        "MALICIOUS": 0,
        "SANE": 0,
        "VALID": 0,
        "total": 85445
    },
    "percentage": {
        "ACTIVE": 44.71063257065949,
        "INACTIVE": 55.28936742934051,
        "INVALID": 0.0,
        "MALICIOUS": 0.0,
        "SANE": 0.0,
        "VALID": 0.0,
        "total": 100.0
    }
}