{
    "counter": {
        "ACTIVE": 23138,
        "INACTIVE": 28359,
        "INVALID": 0,
        "MALICIOUS": 0,
        "SANE": 0,
        "VALID": 0,
        "total": 51497
    },
    "percentage": {
        "ACTIVE": 44.93077266636892,
        "INACTIVE": 55.06922733363108,
        "INVALID": 0.0,
        "MALICIOUS": 0.0,
        "SANE": 0.0,
        "VALID": 0.0,
        "total": 100.0
    }
}