{
    "counter": {
        "ACTIVE": 11453,
        "INACTIVE": 14219,
        "INVALID": 0,
        "MALICIOUS": 0,
        "SANE": 0,
        "VALID": 0,
        "total": 25672
    },
    "percentage": {
        "ACTIVE": 44.61280772826426,
        "INACTIVE": 55.393665510927576,
        "INVALID": 0,
        "MALICIOUS": 0,
        "SANE": 0,
        "VALID": 0,
        "total": 100.00647323919183
    }
}