{
    "counter": {
        "ACTIVE": 39389,
        "INACTIVE": 48959,
        "INVALID": 0,
        "MALICIOUS": 0,
        "SANE": 0,
        "VALID": 0,
        "total": 88348
    },
    "percentage": {
        "ACTIVE": 44.58391814189342,
        "INACTIVE": 55.41608185810658,
        "INVALID": 0.0,
        "MALICIOUS": 0.0,
        "SANE": 0.0,
        "VALID": 0.0,
        "total": 100.0
    }
}