{
    "counter": {
        "ACTIVE": 28901,
        "INACTIVE": 36872,
        "INVALID": 0,
        "MALICIOUS": 0,
        "SANE": 0,
        "VALID": 0,
        "total": 65773
    },
    "percentage": {
        "ACTIVE": 43.9405227068858,
        "INACTIVE": 56.06544415047289,
        "INVALID": 0.0,
        "MALICIOUS": 0.0,
        "SANE": 0.0,
        "VALID": 0.0,
        "total": 100.00596685735869
    }
}