{
    "counter": {
        "ACTIVE": 16725,
        "INACTIVE": 21792,
        "INVALID": 0,
        "MALICIOUS": 0,
        "SANE": 0,
        "VALID": 0,
        "total": 38517
    },
    "percentage": {
        "ACTIVE": 43.422384920944,
        "INACTIVE": 56.58055303128651,
        "INVALID": 0,
        "MALICIOUS": 0,
        "SANE": 0,
        "VALID": 0,
        "total": 100.00293795223051
    }
}