{
    "counter": {
        "ACTIVE": 25226,
        "INACTIVE": 31733,
        "INVALID": 0,
        "MALICIOUS": 0,
        "SANE": 0,
        "VALID": 0,
        "total": 56959
    },
    "percentage": {
        "ACTIVE": 44.28799662915431,
        "INACTIVE": 55.71200337084569,
        "INVALID": 0.0,
        "MALICIOUS": 0.0,
        "SANE": 0.0,
        "VALID": 0.0,
        "total": 100.0
    }
}