{
    "counter": {
        "ACTIVE": 12616,
        "INACTIVE": 15796,
        "INVALID": 0,
        "MALICIOUS": 0,
        "SANE": 0,
        "VALID": 0,
        "total": 28412
    },
    "percentage": {
        "ACTIVE": 44.403773053639306,
        "INACTIVE": 55.600140795494546,
        "INVALID": 0,
        "MALICIOUS": 0,
        "SANE": 0,
        "VALID": 0,
        "total": 100.00391384913385
    }
}