{
    "counter": {
        "ACTIVE": 4374,
        "INACTIVE": 5505,
        "INVALID": 0,
        "MALICIOUS": 0,
        "SANE": 0,
        "VALID": 0,
        "total": 9879
    },
    "percentage": {
        "ACTIVE": 44.27573641056787,
        "INACTIVE": 55.729904839036244,
        "INVALID": 0,
        "MALICIOUS": 0,
        "SANE": 0,
        "VALID": 0,
        "total": 100.00564124960411
    }
}