{
    "counter": {
        "ACTIVE": 17402,
        "INACTIVE": 22498,
        "INVALID": 0,
        "MALICIOUS": 0,
        "SANE": 0,
        "VALID": 0,
        "total": 39900
    },
    "percentage": {
        "ACTIVE": 43.61731458505652,
        "INACTIVE": 56.3859649122807,
        "INVALID": 0,
        "MALICIOUS": 0,
        "SANE": 0,
        "VALID": 0,
        "total": 100.00327949733722
    }
}