{
    "counter": {
        "ACTIVE": 33007,
        "INACTIVE": 41606,
        "INVALID": 0,
        "MALICIOUS": 0,
        "SANE": 0,
        "VALID": 0,
        "total": 74613
    },
    "percentage": {
        "ACTIVE": 44.23759934595848,
        "INACTIVE": 55.76240065404152,
        "INVALID": 0.0,
        "MALICIOUS": 0.0,
        "SANE": 0.0,
        "VALID": 0.0,
        "total": 100.0
    }
}