{
    "counter": {
        "ACTIVE": 13941,
        "INACTIVE": 18369,
        "INVALID": 0,
        "MALICIOUS": 0,
        "SANE": 0,
        "VALID": 0,
        "total": 32310
    },
    "percentage": {
        "ACTIVE": 43.15163896369208,
        "INACTIVE": 56.852367688022284,
        "INVALID": 0,
        "MALICIOUS": 0,
        "SANE": 0,
        "VALID": 0,
        "total": 100.00400665171436
    }
}