{
    "counter": {
        "ACTIVE": 1364,
        "INACTIVE": 1503,
        "INVALID": 0,
        "MALICIOUS": 0,
        "SANE": 0,
        "VALID": 0,
        "total": 2867
    },
    "percentage": {
        "ACTIVE": 47.57586327171259,
        "INACTIVE": 52.442428471737614,
        "INVALID": 0,
        "MALICIOUS": 0,
        "SANE": 0,
        "VALID": 0,
        "total": 100.0182917434502
    }
}