{
    "counter": {
        "ACTIVE": 42259,
        "INACTIVE": 56182,
        "INVALID": 0,
        "MALICIOUS": 0,
        "SANE": 0,
        "VALID": 0,
        "total": 98441
    },
    "percentage": {
        "ACTIVE": 42.9282514399488,
        "INACTIVE": 57.0717485600512,
        "INVALID": 0.0,
        "MALICIOUS": 0.0,
        "SANE": 0.0,
        "VALID": 0.0,
        "total": 100.0
    }
}