{
    "counter": {
        "ACTIVE": 18911,
        "INACTIVE": 23855,
        "INVALID": 0,
        "MALICIOUS": 0,
        "SANE": 0,
        "VALID": 0,
        "total": 42766
    },
    "percentage": {
        "ACTIVE": 44.22384359945746,
        "INACTIVE": 55.780292755927604,
        "INVALID": 0,
        "MALICIOUS": 0,
        "SANE": 0,
        "VALID": 0,
        "total": 100.00413635538507
    }
}