{
    "counter": {
        "ACTIVE": 37790,
        "INACTIVE": 46771,
        "INVALID": 0,
        "MALICIOUS": 0,
        "SANE": 0,
        "VALID": 0,
        "total": 84561
    },
    "percentage": {
        "ACTIVE": 44.68963233641986,
        "INACTIVE": 55.31036766358014,
        "INVALID": 0.0,
        "MALICIOUS": 0.0,
        "SANE": 0.0,
        "VALID": 0.0,
        "total": 100.0
    }
}