{
    "counter": {
        "ACTIVE": 28388,
        "INACTIVE": 36290,
        "INVALID": 0,
        "MALICIOUS": 0,
        "SANE": 0,
        "VALID": 0,
        "total": 64678
    },
    "percentage": {
        "ACTIVE": 43.89331271743332,
        "INACTIVE": 56.10872321345744,
        "INVALID": 0.0,
        "MALICIOUS": 0.0,
        "SANE": 0.0,
        "VALID": 0.0,
        "total": 100.00203593089076
    }
}