{
    "counter": {
        "ACTIVE": 11415,
        "INACTIVE": 14170,
        "INVALID": 0,
        "MALICIOUS": 0,
        "SANE": 0,
        "VALID": 0,
        "total": 25585
    },
    "percentage": {
        "ACTIVE": 44.617729831144466,
        "INACTIVE": 55.38401407074458,
        "INVALID": 0,
        "MALICIOUS": 0,
        "SANE": 0,
        "VALID": 0,
        "total": 100.00174390188904
    }
}