{
    "counter": {
        "ACTIVE": 10279,
        "INACTIVE": 13212,
        "INVALID": 0,
        "MALICIOUS": 0,
        "SANE": 0,
        "VALID": 0,
        "total": 23491
    },
    "percentage": {
        "ACTIVE": 43.7646357559501,
        "INACTIVE": 56.24281639776936,
        "INVALID": 0,
        "MALICIOUS": 0,
        "SANE": 0,
        "VALID": 0,
        "total": 100.00745215371947
    }
}