{
    "counter": {
        "ACTIVE": 15607,
        "INACTIVE": 20976,
        "INVALID": 0,
        "MALICIOUS": 0,
        "SANE": 0,
        "VALID": 0,
        "total": 36583
    },
    "percentage": {
        "ACTIVE": 42.66189213569144,
        "INACTIVE": 57.341242721631446,
        "INVALID": 0,
        "MALICIOUS": 0,
        "SANE": 0,
        "VALID": 0,
        "total": 100.00313485732289
    }
}