{
    "counter": {
        "ACTIVE": 17800,
        "INACTIVE": 22946,
        "INVALID": 0,
        "MALICIOUS": 0,
        "SANE": 0,
        "VALID": 0,
        "total": 40746
    },
    "percentage": {
        "ACTIVE": 43.686341882439564,
        "INACTIVE": 56.31473028027291,
        "INVALID": 0,
        "MALICIOUS": 0,
        "SANE": 0,
        "VALID": 0,
        "total": 100.00107216271248
    }
}