{
    "counter": {
        "ACTIVE": 9958,
        "INACTIVE": 12929,
        "INVALID": 0,
        "MALICIOUS": 0,
        "SANE": 0,
        "VALID": 0,
        "total": 22887
    },
    "percentage": {
        "ACTIVE": 43.51131696233505,
        "INACTIVE": 56.49058417442216,
        "INVALID": 0,
        "MALICIOUS": 0,
        "SANE": 0,
        "VALID": 0,
        "total": 100.00190113675721
    }
}