{
    "counter": {
        "ACTIVE": 19796,
        "INACTIVE": 24918,
        "INVALID": 0,
        "MALICIOUS": 0,
        "SANE": 0,
        "VALID": 0,
        "total": 44714
    },
    "percentage": {
        "ACTIVE": 44.27248736413651,
        "INACTIVE": 55.728758973900206,
        "INVALID": 0,
        "MALICIOUS": 0,
        "SANE": 0,
        "VALID": 0,
        "total": 100.00124633803671
    }
}