{
    "counter": {
        "ACTIVE": 24980,
        "INACTIVE": 30942,
        "INVALID": 0,
        "MALICIOUS": 0,
        "SANE": 0,
        "VALID": 0,
        "total": 55922
    },
    "percentage": {
        "ACTIVE": 44.66936089553307,
        "INACTIVE": 55.33063910446693,
        "INVALID": 0.0,
        "MALICIOUS": 0.0,
        "SANE": 0.0,
        "VALID": 0.0,
        "total": 100.0
    }
}