{
    "counter": {
        "ACTIVE": 23191,
        "INACTIVE": 28455,
        "INVALID": 0,
        "MALICIOUS": 0,
        "SANE": 0,
        "VALID": 0,
        "total": 51646
    },
    "percentage": {
        "ACTIVE": 44.90376795879642,
        "INACTIVE": 55.09623204120358,
        "INVALID": 0.0,
        "MALICIOUS": 0.0,
        "SANE": 0.0,
        "VALID": 0.0,
        "total": 100.0
    }
}