{
    "counter": {
        "ACTIVE": 30567,
        "INACTIVE": 38323,
        "INVALID": 0,
        "MALICIOUS": 0,
        "SANE": 0,
        "VALID": 0,
        "total": 68890
    },
    "percentage": {
        "ACTIVE": 44.37073595587168,
        "INACTIVE": 55.63168667527981,
        "INVALID": 0.0,
        "MALICIOUS": 0.0,
        "SANE": 0.0,
        "VALID": 0.0,
        "total": 100.00242263115149
    }
}