{
    "counter": {
        "ACTIVE": 32621,
        "INACTIVE": 41011,
        "INVALID": 0,
        "MALICIOUS": 0,
        "SANE": 0,
        "VALID": 0,
        "total": 73632
    },
    "percentage": {
        "ACTIVE": 44.30274880486745,
        "INACTIVE": 55.69725119513255,
        "INVALID": 0.0,
        "MALICIOUS": 0.0,
        "SANE": 0.0,
        "VALID": 0.0,
        "total": 100.0
    }
}