{
    "counter": {
        "ACTIVE": 34267,
        "INACTIVE": 42963,
        "INVALID": 0,
        "MALICIOUS": 0,
        "SANE": 0,
        "VALID": 0,
        "total": 77230
    },
    "percentage": {
        "ACTIVE": 44.37006344684708,
        "INACTIVE": 55.62993655315292,
        "INVALID": 0.0,
        "MALICIOUS": 0.0,
        "SANE": 0.0,
        "VALID": 0.0,
        "total": 100.0
    }
}