{
    "counter": {
        "ACTIVE": 3056,
        "INACTIVE": 3782,
        "INVALID": 0,
        "MALICIOUS": 0,
        "SANE": 0,
        "VALID": 0,
        "total": 6838
    },
    "percentage": {
        "ACTIVE": 44.70450555880632,
        "INACTIVE": 55.308569757238956,
        "INVALID": 0,
        "MALICIOUS": 0,
        "SANE": 0,
        "VALID": 0,
        "total": 100.01307531604527
    }
}