{
    "counter": {
        "ACTIVE": 35701,
        "INACTIVE": 44739,
        "INVALID": 0,
        "MALICIOUS": 0,
        "SANE": 0,
        "VALID": 0,
        "total": 80440
    },
    "percentage": {
        "ACTIVE": 44.3821481849826,
        "INACTIVE": 55.6178518150174,
        "INVALID": 0.0,
        "MALICIOUS": 0.0,
        "SANE": 0.0,
        "VALID": 0.0,
        "total": 100.0
    }
}