{
    "counter": {
        "ACTIVE": 6222,
        "INACTIVE": 7838,
        "INVALID": 0,
        "MALICIOUS": 0,
        "SANE": 0,
        "VALID": 0,
        "total": 14060
    },
    "percentage": {
        "ACTIVE": 44.27839453458582,
        "INACTIVE": 55.746799431009954,
        "INVALID": 0,
        "MALICIOUS": 0,
        "SANE": 0,
        "VALID": 0,
        "total": 100.02519396559578
    }
}