{
    "counter": {
        "ACTIVE": 33561,
        "INACTIVE": 42389,
        "INVALID": 0,
        "MALICIOUS": 0,
        "SANE": 0,
        "VALID": 0,
        "total": 75950
    },
    "percentage": {
        "ACTIVE": 44.18828176431863,
        "INACTIVE": 55.81171823568137,
        "INVALID": 0.0,
        "MALICIOUS": 0.0,
        "SANE": 0.0,
        "VALID": 0.0,
        "total": 100.0
    }
}