{
    "counter": {
        "ACTIVE": 1484,
        "INACTIVE": 1568,
        "INVALID": 0,
        "MALICIOUS": 0,
        "SANE": 0,
        "VALID": 0,
        "total": 3052
    },
    "percentage": {
        "ACTIVE": 48.62385321100918,
        "INACTIVE": 51.39298590626024,
        "INVALID": 0,
        "MALICIOUS": 0,
        "SANE": 0,
        "VALID": 0,
        "total": 100.01683911726943
    }
}