{
    "counter": {
        "ACTIVE": 39349,
        "INACTIVE": 48877,
        "INVALID": 0,
        "MALICIOUS": 0,
        "SANE": 0,
        "VALID": 0,
        "total": 88226
    },
    "percentage": {
        "ACTIVE": 44.60023122435563,
        "INACTIVE": 55.39976877564437,
        "INVALID": 0.0,
        "MALICIOUS": 0.0,
        "SANE": 0.0,
        "VALID": 0.0,
        "total": 100.0
    }
}