{
    "counter": {
        "ACTIVE": 32738,
        "INACTIVE": 41184,
        "INVALID": 0,
        "MALICIOUS": 0,
        "SANE": 0,
        "VALID": 0,
        "total": 73922
    },
    "percentage": {
        "ACTIVE": 44.28722166608046,
        "INACTIVE": 55.71277833391954,
        "INVALID": 0.0,
        "MALICIOUS": 0.0,
        "SANE": 0.0,
        "VALID": 0.0,
        "total": 100.0
    }
}