{
    "counter": {
        "ACTIVE": 32388,
        "INACTIVE": 40599,
        "INVALID": 0,
        "MALICIOUS": 0,
        "SANE": 0,
        "VALID": 0,
        "total": 72987
    },
    "percentage": {
        "ACTIVE": 44.37502568950635,
        "INACTIVE": 55.62497431049365,
        "INVALID": 0.0,
        "MALICIOUS": 0.0,
        "SANE": 0.0,
        "VALID": 0.0,
        "total": 100.0
    }
}