{
    "counter": {
        "ACTIVE": 23988,
        "INACTIVE": 29337,
        "INVALID": 0,
        "MALICIOUS": 0,
        "SANE": 0,
        "VALID": 0,
        "total": 53325
    },
    "percentage": {
        "ACTIVE": 44.9845288326301,
        "INACTIVE": 55.0154711673699,
        "INVALID": 0.0,
        "MALICIOUS": 0.0,
        "SANE": 0.0,
        "VALID": 0.0,
        "total": 100.0
    }
}