{
    "counter": {
        "ACTIVE": 41495,
        "INACTIVE": 55249,
        "INVALID": 0,
        "MALICIOUS": 0,
        "SANE": 0,
        "VALID": 0,
        "total": 96744
    },
    "percentage": {
        "ACTIVE": 42.891548829901595,
        "INACTIVE": 57.108451170098405,
        "INVALID": 0.0,
        "MALICIOUS": 0.0,
        "SANE": 0.0,
        "VALID": 0.0,
        "total": 100.0
    }
}