{
    "counter": {
        "ACTIVE": 13842,
        "INACTIVE": 18182,
        "INVALID": 0,
        "MALICIOUS": 0,
        "SANE": 0,
        "VALID": 0,
        "total": 32024
    },
    "percentage": {
        "ACTIVE": 43.2265317594154,
        "INACTIVE": 56.776167874094426,
        "INVALID": 0,
        "MALICIOUS": 0,
        "SANE": 0,
        "VALID": 0,
        "total": 100.00269963350982
    }
}