{
    "counter": {
        "ACTIVE": 43275,
        "INACTIVE": 57756,
        "INVALID": 0,
        "MALICIOUS": 0,
        "SANE": 0,
        "VALID": 0,
        "total": 101031
    },
    "percentage": {
        "ACTIVE": 42.83338777206996,
        "INACTIVE": 57.16661222793004,
        "INVALID": 0.0,
        "MALICIOUS": 0.0,
        "SANE": 0.0,
        "VALID": 0.0,
        "total": 100.0
    }
}