{
    "counter": {
        "ACTIVE": 19242,
        "INACTIVE": 24141,
        "INVALID": 0,
        "MALICIOUS": 0,
        "SANE": 0,
        "VALID": 0,
        "total": 43383
    },
    "percentage": {
        "ACTIVE": 44.35582397823932,
        "INACTIVE": 55.646220869926005,
        "INVALID": 0,
        "MALICIOUS": 0,
        "SANE": 0,
        "VALID": 0,
        "total": 100.00204484816533
    }
}