{
    "counter": {
        "ACTIVE": 18578,
        "INACTIVE": 23644,
        "INVALID": 0,
        "MALICIOUS": 0,
        "SANE": 0,
        "VALID": 0,
        "total": 42222
    },
    "percentage": {
        "ACTIVE": 44.00075789872578,
        "INACTIVE": 56.001894836570344,
        "INVALID": 0,
        "MALICIOUS": 0,
        "SANE": 0,
        "VALID": 0,
        "total": 100.00265273529612
    }
}