{
    "counter": {
        "ACTIVE": 727,
        "INACTIVE": 949,
        "INVALID": 0,
        "MALICIOUS": 0,
        "SANE": 0,
        "VALID": 0,
        "total": 1676
    },
    "percentage": {
        "ACTIVE": 43.48086124401914,
        "INACTIVE": 56.62291169451074,
        "INVALID": 0,
        "MALICIOUS": 0,
        "SANE": 0,
        "VALID": 0,
        "total": 100.10377293852989
    }
}