{
    "counter": {
        "ACTIVE": 25649,
        "INACTIVE": 32601,
        "INVALID": 0,
        "MALICIOUS": 0,
        "SANE": 0,
        "VALID": 0,
        "total": 58250
    },
    "percentage": {
        "ACTIVE": 44.03261802575107,
        "INACTIVE": 55.96738197424893,
        "INVALID": 0.0,
        "MALICIOUS": 0.0,
        "SANE": 0.0,
        "VALID": 0.0,
        "total": 100.0
    }
}