{
    "counter": {
        "ACTIVE": 41055,
        "INACTIVE": 54766,
        "INVALID": 0,
        "MALICIOUS": 0,
        "SANE": 0,
        "VALID": 0,
        "total": 95821
    },
    "percentage": {
        "ACTIVE": 42.845514031370996,
        "INACTIVE": 57.154485968629004,
        "INVALID": 0.0,
        "MALICIOUS": 0.0,
        "SANE": 0.0,
        "VALID": 0.0,
        "total": 100.0
    }
}