{
    "counter": {
        "ACTIVE": 32306,
        "INACTIVE": 40497,
        "INVALID": 0,
        "MALICIOUS": 0,
        "SANE": 0,
        "VALID": 0,
        "total": 72803
    },
    "percentage": {
        "ACTIVE": 44.37454500501353,
        "INACTIVE": 55.62545499498647,
        "INVALID": 0.0,
        "MALICIOUS": 0.0,
        "SANE": 0.0,
        "VALID": 0.0,
        "total": 100.0
    }
}