{
    "counter": {
        "ACTIVE": 40578,
        "INACTIVE": 53874,
        "INVALID": 0,
        "MALICIOUS": 0,
        "SANE": 0,
        "VALID": 0,
        "total": 94452
    },
    "percentage": {
        "ACTIVE": 42.9615042561301,
        "INACTIVE": 57.0384957438699,
        "INVALID": 0.0,
        "MALICIOUS": 0.0,
        "SANE": 0.0,
        "VALID": 0.0,
        "total": 100.0
    }
}