{
    "counter": {
        "ACTIVE": 39229,
        "INACTIVE": 48567,
        "INVALID": 0,
        "MALICIOUS": 0,
        "SANE": 0,
        "VALID": 0,
        "total": 87796
    },
    "percentage": {
        "ACTIVE": 44.68199006788464,
        "INACTIVE": 55.31800993211536,
        "INVALID": 0.0,
        "MALICIOUS": 0.0,
        "SANE": 0.0,
        "VALID": 0.0,
        "total": 100.0
    }
}