{
    "counter": {
        "ACTIVE": 6122,
        "INACTIVE": 7699,
        "INVALID": 0,
        "MALICIOUS": 0,
        "SANE": 0,
        "VALID": 0,
        "total": 13821
    },
    "percentage": {
        "ACTIVE": 44.31094383323683,
        "INACTIVE": 55.70508646262933,
        "INVALID": 0,
        "MALICIOUS": 0,
        "SANE": 0,
        "VALID": 0,
        "total": 100.01603029586616
    }
}