{
    "counter": {
        "ACTIVE": 39263,
        "INACTIVE": 48646,
        "INVALID": 0,
        "MALICIOUS": 0,
        "SANE": 0,
        "VALID": 0,
        "total": 87909
    },
    "percentage": {
        "ACTIVE": 44.663231295999275,
        "INACTIVE": 55.336768704000725,
        "INVALID": 0.0,
        "MALICIOUS": 0.0,
        "SANE": 0.0,
        "VALID": 0.0,
        "total": 100.0
    }
}