{
    "counter": {
        "ACTIVE": 35027,
        "INACTIVE": 43772,
        "INVALID": 0,
        "MALICIOUS": 0,
        "SANE": 0,
        "VALID": 0,
        "total": 78799
    },
    "percentage": {
        "ACTIVE": 44.451071714108046,
        "INACTIVE": 55.548928285891954,
        "INVALID": 0.0,
        "MALICIOUS": 0.0,
        "SANE": 0.0,
        "VALID": 0.0,
        "total": 100.0
    }
}