{
    "counter": {
        "ACTIVE": 23980,
        "INACTIVE": 29327,
        "INVALID": 0,
        "MALICIOUS": 0,
        "SANE": 0,
        "VALID": 0,
        "total": 53307
    },
    "percentage": {
        "ACTIVE": 44.98471120115557,
        "INACTIVE": 55.01528879884443,
        "INVALID": 0.0,
        "MALICIOUS": 0.0,
        "SANE": 0.0,
        "VALID": 0.0,
        "total": 100.0
    }
}