{
    "counter": {
        "ACTIVE": 40989,
        "INACTIVE": 54667,
        "INVALID": 0,
        "MALICIOUS": 0,
        "SANE": 0,
        "VALID": 0,
        "total": 95656
    },
    "percentage": {
        "ACTIVE": 42.85042234674249,
        "INACTIVE": 57.14957765325751,
        "INVALID": 0.0,
        "MALICIOUS": 0.0,
        "SANE": 0.0,
        "VALID": 0.0,
        "total": 100.0
    }
}