{
    "counter": {
        "ACTIVE": 8662,
        "INACTIVE": 11624,
        "INVALID": 0,
        "MALICIOUS": 0,
        "SANE": 0,
        "VALID": 0,
        "total": 20286
    },
    "percentage": {
        "ACTIVE": 42.70150357406951,
        "INACTIVE": 57.30060139998028,
        "INVALID": 0,
        "MALICIOUS": 0,
        "SANE": 0,
        "VALID": 0,
        "total": 100.00210497404979
    }
}