{
    "counter": {
        "ACTIVE": 3252,
        "INACTIVE": 4050,
        "INVALID": 0,
        "MALICIOUS": 0,
        "SANE": 0,
        "VALID": 0,
        "total": 7302
    },
    "percentage": {
        "ACTIVE": 44.53574363188168,
        "INACTIVE": 55.487053020961774,
        "INVALID": 0,
        "MALICIOUS": 0,
        "SANE": 0,
        "VALID": 0,
        "total": 100.02279665284345
    }
}