{
    "counter": {
        "ACTIVE": 42666,
        "INACTIVE": 56817,
        "INVALID": 0,
        "MALICIOUS": 0,
        "SANE": 0,
        "VALID": 0,
        "total": 99483
    },
    "percentage": {
        "ACTIVE": 42.88772956183468,
        "INACTIVE": 57.11227043816532,
        "INVALID": 0.0,
        "MALICIOUS": 0.0,
        "SANE": 0.0,
        "VALID": 0.0,
        "total": 100.0
    }
}