{
    "counter": {
        "ACTIVE": 41529,
        "INACTIVE": 55285,
        "INVALID": 0,
        "MALICIOUS": 0,
        "SANE": 0,
        "VALID": 0,
        "total": 96814
    },
    "percentage": {
        "ACTIVE": 42.89565558700188,
        "INACTIVE": 57.10434441299812,
        "INVALID": 0.0,
        "MALICIOUS": 0.0,
        "SANE": 0.0,
        "VALID": 0.0,
        "total": 100.0
    }
}