{
    "counter": {
        "ACTIVE": 546,
        "INACTIVE": 763,
        "INVALID": 0,
        "MALICIOUS": 0,
        "SANE": 0,
        "VALID": 0,
        "total": 1309
    },
    "percentage": {
        "ACTIVE": 41.77505738332058,
        "INACTIVE": 58.288770053475936,
        "INVALID": 0,
        "MALICIOUS": 0,
        "SANE": 0,
        "VALID": 0,
        "total": 100.06382743679652
    }
}