{
    "counter": {
        "ACTIVE": 30577,
        "INACTIVE": 38336,
        "INVALID": 0,
        "MALICIOUS": 0,
        "SANE": 0,
        "VALID": 0,
        "total": 68913
    },
    "percentage": {
        "ACTIVE": 44.37108195960065,
        "INACTIVE": 55.62956191139553,
        "INVALID": 0.0,
        "MALICIOUS": 0.0,
        "SANE": 0.0,
        "VALID": 0.0,
        "total": 100.00064387099619
    }
}