{
    "counter": {
        "ACTIVE": 3573,
        "INACTIVE": 4353,
        "INVALID": 0,
        "MALICIOUS": 0,
        "SANE": 0,
        "VALID": 0,
        "total": 7926
    },
    "percentage": {
        "ACTIVE": 45.096554335478984,
        "INACTIVE": 54.92051476154428,
        "INVALID": 0,
        "MALICIOUS": 0,
        "SANE": 0,
        "VALID": 0,
        "total": 100.01706909702327
    }
}