{
    "counter": {
        "ACTIVE": 40506,
        "INACTIVE": 53619,
        "INVALID": 0,
        "MALICIOUS": 0,
        "SANE": 0,
        "VALID": 0,
        "total": 94125
    },
    "percentage": {
        "ACTIVE": 43.03426294820717,
        "INACTIVE": 56.96573705179283,
        "INVALID": 0.0,
        "MALICIOUS": 0.0,
        "SANE": 0.0,
        "VALID": 0.0,
        "total": 100.0
    }
}