{
    "counter": {
        "ACTIVE": 39575,
        "INACTIVE": 49347,
        "INVALID": 0,
        "MALICIOUS": 0,
        "SANE": 0,
        "VALID": 0,
        "total": 88922
    },
    "percentage": {
        "ACTIVE": 44.50529677695059,
        "INACTIVE": 55.49470322304941,
        "INVALID": 0.0,
        "MALICIOUS": 0.0,
        "SANE": 0.0,
        "VALID": 0.0,
        "total": 100.0
    }
}