{
    "counter": {
        "ACTIVE": 3813,
        "INACTIVE": 4705,
        "INVALID": 0,
        "MALICIOUS": 0,
        "SANE": 0,
        "VALID": 0,
        "total": 8518
    },
    "percentage": {
        "ACTIVE": 44.76928495949278,
        "INACTIVE": 55.235970885184315,
        "INVALID": 0,
        "MALICIOUS": 0,
        "SANE": 0,
        "VALID": 0,
        "total": 100.0052558446771
    }
}