{
    "counter": {
        "ACTIVE": 7394,
        "INACTIVE": 9781,
        "INVALID": 0,
        "MALICIOUS": 0,
        "SANE": 0,
        "VALID": 0,
        "total": 17175
    },
    "percentage": {
        "ACTIVE": 43.0509461426492,
        "INACTIVE": 56.95568625167414,
        "INVALID": 0,
        "MALICIOUS": 0,
        "SANE": 0,
        "VALID": 0,
        "total": 100.00663239432333
    }
}