{
    "counter": {
        "ACTIVE": 39250,
        "INACTIVE": 48608,
        "INVALID": 0,
        "MALICIOUS": 0,
        "SANE": 0,
        "VALID": 0,
        "total": 87858
    },
    "percentage": {
        "ACTIVE": 44.67436090054406,
        "INACTIVE": 55.32563909945594,
        "INVALID": 0.0,
        "MALICIOUS": 0.0,
        "SANE": 0.0,
        "VALID": 0.0,
        "total": 100.0
    }
}