{
    "counter": {
        "ACTIVE": 14240,
        "INACTIVE": 19047,
        "INVALID": 0,
        "MALICIOUS": 0,
        "SANE": 0,
        "VALID": 0,
        "total": 33287
    },
    "percentage": {
        "ACTIVE": 42.78846153846154,
        "INACTIVE": 57.22053654579866,
        "INVALID": 0,
        "MALICIOUS": 0,
        "SANE": 0,
        "VALID": 0,
        "total": 100.0089980842602
    }
}