{
    "counter": {
        "ACTIVE": 28607,
        "INACTIVE": 36485,
        "INVALID": 0,
        "MALICIOUS": 0,
        "SANE": 0,
        "VALID": 0,
        "total": 65092
    },
    "percentage": {
        "ACTIVE": 43.94856510784736,
        "INACTIVE": 56.054018344113445,
        "INVALID": 0.0,
        "MALICIOUS": 0.0,
        "SANE": 0.0,
        "VALID": 0.0,
        "total": 100.0025834519608
    }
}