{
    "counter": {
        "ACTIVE": 35687,
        "INACTIVE": 44697,
        "INVALID": 0,
        "MALICIOUS": 0,
        "SANE": 0,
        "VALID": 0,
        "total": 80384
    },
    "percentage": {
        "ACTIVE": 44.39565087579618,
        "INACTIVE": 55.60434912420382,
        "INVALID": 0.0,
        "MALICIOUS": 0.0,
        "SANE": 0.0,
        "VALID": 0.0,
        "total": 100.0
    }
}