{
    "counter": {
        "ACTIVE": 40031,
        "INACTIVE": 50398,
        "INVALID": 0,
        "MALICIOUS": 0,
        "SANE": 0,
        "VALID": 0,
        "total": 90429
    },
    "percentage": {
        "ACTIVE": 44.2678786672417,
        "INACTIVE": 55.7321213327583,
        "INVALID": 0.0,
        "MALICIOUS": 0.0,
        "SANE": 0.0,
        "VALID": 0.0,
        "total": 100.0
    }
}