{
    "counter": {
        "ACTIVE": 9980,
        "INACTIVE": 12951,
        "INVALID": 0,
        "MALICIOUS": 0,
        "SANE": 0,
        "VALID": 0,
        "total": 22931
    },
    "percentage": {
        "ACTIVE": 43.52566618692485,
        "INACTIVE": 56.47813004230082,
        "INVALID": 0,
        "MALICIOUS": 0,
        "SANE": 0,
        "VALID": 0,
        "total": 100.00379622922567
    }
}