{
    "counter": {
        "ACTIVE": 18535,
        "INACTIVE": 23604,
        "INVALID": 0,
        "MALICIOUS": 0,
        "SANE": 0,
        "VALID": 0,
        "total": 42139
    },
    "percentage": {
        "ACTIVE": 43.986425554131664,
        "INACTIVE": 56.01461828709746,
        "INVALID": 0,
        "MALICIOUS": 0,
        "SANE": 0,
        "VALID": 0,
        "total": 100.00104384122912
    }
}