{
    "counter": {
        "ACTIVE": 31075,
        "INACTIVE": 38835,
        "INVALID": 0,
        "MALICIOUS": 0,
        "SANE": 0,
        "VALID": 0,
        "total": 69910
    },
    "percentage": {
        "ACTIVE": 44.45000715205264,
        "INACTIVE": 55.550787452259364,
        "INVALID": 0.0,
        "MALICIOUS": 0.0,
        "SANE": 0.0,
        "VALID": 0.0,
        "total": 100.000794604312
    }
}