{
    "counter": {
        "ACTIVE": 40280,
        "INACTIVE": 52264,
        "INVALID": 0,
        "MALICIOUS": 0,
        "SANE": 0,
        "VALID": 0,
        "total": 92544
    },
    "percentage": {
        "ACTIVE": 43.52524204702628,
        "INACTIVE": 56.47475795297372,
        "INVALID": 0.0,
        "MALICIOUS": 0.0,
        "SANE": 0.0,
        "VALID": 0.0,
        "total": 100.0
    }
}