{
    "counter": {
        "ACTIVE": 30902,
        "INACTIVE": 38705,
        "INVALID": 0,
        "MALICIOUS": 0,
        "SANE": 0,
        "VALID": 0,
        "total": 69607
    },
    "percentage": {
        "ACTIVE": 44.396235902593205,
        "INACTIVE": 55.60503972301636,
        "INVALID": 0.0,
        "MALICIOUS": 0.0,
        "SANE": 0.0,
        "VALID": 0.0,
        "total": 100.00127562560957
    }
}