{
    "counter": {
        "ACTIVE": 41726,
        "INACTIVE": 55458,
        "INVALID": 0,
        "MALICIOUS": 0,
        "SANE": 0,
        "VALID": 0,
        "total": 97184
    },
    "percentage": {
        "ACTIVE": 42.93505103720777,
        "INACTIVE": 57.06494896279223,
        "INVALID": 0.0,
        "MALICIOUS": 0.0,
        "SANE": 0.0,
        "VALID": 0.0,
        "total": 100.0
    }
}