{
    "counter": {
        "ACTIVE": 3020,
        "INACTIVE": 3736,
        "INVALID": 0,
        "MALICIOUS": 0,
        "SANE": 0,
        "VALID": 0,
        "total": 6756
    },
    "percentage": {
        "ACTIVE": 44.7341134646719,
        "INACTIVE": 55.29899348727057,
        "INVALID": 0,
        "MALICIOUS": 0,
        "SANE": 0,
        "VALID": 0,
        "total": 100.03310695194247
    }
}