{
    "counter": {
        "ACTIVE": 13389,
        "INACTIVE": 17371,
        "INVALID": 0,
        "MALICIOUS": 0,
        "SANE": 0,
        "VALID": 0,
        "total": 30760
    },
    "percentage": {
        "ACTIVE": 43.544295563939116,
        "INACTIVE": 56.47269180754226,
        "INVALID": 0,
        "MALICIOUS": 0,
        "SANE": 0,
        "VALID": 0,
        "total": 100.01698737148138
    }
}