{
    "counter": {
        "ACTIVE": 33320,
        "INACTIVE": 42034,
        "INVALID": 0,
        "MALICIOUS": 0,
        "SANE": 0,
        "VALID": 0,
        "total": 75354
    },
    "percentage": {
        "ACTIVE": 44.2179579053534,
        "INACTIVE": 55.7820420946466,
        "INVALID": 0.0,
        "MALICIOUS": 0.0,
        "SANE": 0.0,
        "VALID": 0.0,
        "total": 100.0
    }
}