{
    "counter": {
        "ACTIVE": 6618,
        "INACTIVE": 8703,
        "INVALID": 0,
        "MALICIOUS": 0,
        "SANE": 0,
        "VALID": 0,
        "total": 15321
    },
    "percentage": {
        "ACTIVE": 43.19561386332485,
        "INACTIVE": 56.80809399477807,
        "INVALID": 0,
        "MALICIOUS": 0,
        "SANE": 0,
        "VALID": 0,
        "total": 100.00370785810293
    }
}