{
    "counter": {
        "ACTIVE": 31723,
        "INACTIVE": 39727,
        "INVALID": 0,
        "MALICIOUS": 0,
        "SANE": 0,
        "VALID": 0,
        "total": 71450
    },
    "percentage": {
        "ACTIVE": 44.40074460789116,
        "INACTIVE": 55.60111966410077,
        "INVALID": 0.0,
        "MALICIOUS": 0.0,
        "SANE": 0.0,
        "VALID": 0.0,
        "total": 100.00186427199193
    }
}