{
    "counter": {
        "ACTIVE": 26211,
        "INACTIVE": 33599,
        "INVALID": 0,
        "MALICIOUS": 0,
        "SANE": 0,
        "VALID": 0,
        "total": 59810
    },
    "percentage": {
        "ACTIVE": 43.82377528841331,
        "INACTIVE": 56.17622471158669,
        "INVALID": 0.0,
        "MALICIOUS": 0.0,
        "SANE": 0.0,
        "VALID": 0.0,
        "total": 100.0
    }
}