{
    "counter": {
        "ACTIVE": 22526,
        "INACTIVE": 27667,
        "INVALID": 0,
        "MALICIOUS": 0,
        "SANE": 0,
        "VALID": 0,
        "total": 50193
    },
    "percentage": {
        "ACTIVE": 44.87876795569103,
        "INACTIVE": 55.12123204430897,
        "INVALID": 0.0,
        "MALICIOUS": 0.0,
        "SANE": 0.0,
        "VALID": 0.0,
        "total": 100.0
    }
}