{
    "counter": {
        "ACTIVE": 13712,
        "INACTIVE": 17964,
        "INVALID": 0,
        "MALICIOUS": 0,
        "SANE": 0,
        "VALID": 0,
        "total": 31676
    },
    "percentage": {
        "ACTIVE": 43.288293976512186,
        "INACTIVE": 56.71707763710416,
        "INVALID": 0,
        "MALICIOUS": 0,
        "SANE": 0,
        "VALID": 0,
        "total": 100.00537161361635
    }
}