{
    "counter": {
        "ACTIVE": 20630,
        "INACTIVE": 25631,
        "INVALID": 0,
        "MALICIOUS": 0,
        "SANE": 0,
        "VALID": 0,
        "total": 46261
    },
    "percentage": {
        "ACTIVE": 44.596727123370584,
        "INACTIVE": 55.40520092518536,
        "INVALID": 0,
        "MALICIOUS": 0,
        "SANE": 0,
        "VALID": 0,
        "total": 100.00192804855595
    }
}