{
    "counter": {
        "ACTIVE": 30572,
        "INACTIVE": 38332,
        "INVALID": 0,
        "MALICIOUS": 0,
        "SANE": 0,
        "VALID": 0,
        "total": 68904
    },
    "percentage": {
        "ACTIVE": 44.37155297532656,
        "INACTIVE": 55.631022872402184,
        "INVALID": 0.0,
        "MALICIOUS": 0.0,
        "SANE": 0.0,
        "VALID": 0.0,
        "total": 100.00257584772874
    }
}