{
    "counter": {
        "ACTIVE": 8615,
        "INACTIVE": 11570,
        "INVALID": 0,
        "MALICIOUS": 0,
        "SANE": 0,
        "VALID": 0,
        "total": 20185
    },
    "percentage": {
        "ACTIVE": 42.68020807530344,
        "INACTIVE": 57.32831235754633,
        "INVALID": 0,
        "MALICIOUS": 0,
        "SANE": 0,
        "VALID": 0,
        "total": 100.00852043284976
    }
}