{
    "counter": {
        "ACTIVE": 14512,
        "INACTIVE": 19344,
        "INVALID": 0,
        "MALICIOUS": 0,
        "SANE": 0,
        "VALID": 0,
        "total": 33856
    },
    "percentage": {
        "ACTIVE": 42.87022539954506,
        "INACTIVE": 57.136105860113425,
        "INVALID": 0,
        "MALICIOUS": 0,
        "SANE": 0,
        "VALID": 0,
        "total": 100.00633125965848
    }
}