{
    "counter": {
        "ACTIVE": 19863,
        "INACTIVE": 25013,
        "INVALID": 0,
        "MALICIOUS": 0,
        "SANE": 0,
        "VALID": 0,
        "total": 44876
    },
    "percentage": {
        "ACTIVE": 44.26393902928199,
        "INACTIVE": 55.7380336928425,
        "INVALID": 0,
        "MALICIOUS": 0,
        "SANE": 0,
        "VALID": 0,
        "total": 100.00197272212449
    }
}