{
    "counter": {
        "ACTIVE": 42127,
        "INACTIVE": 56026,
        "INVALID": 0,
        "MALICIOUS": 0,
        "SANE": 0,
        "VALID": 0,
        "total": 98153
    },
    "percentage": {
        "ACTIVE": 42.91972736442085,
        "INACTIVE": 57.08027263557915,
        "INVALID": 0.0,
        "MALICIOUS": 0.0,
        "SANE": 0.0,
        "VALID": 0.0,
        "total": 100.0
    }
}