{
    "counter": {
        "ACTIVE": 42354,
        "INACTIVE": 56361,
        "INVALID": 0,
        "MALICIOUS": 0,
        "SANE": 0,
        "VALID": 0,
        "total": 98715
    },
    "percentage": {
        "ACTIVE": 42.90533353593679,
        "INACTIVE": 57.09466646406321,
        "INVALID": 0.0,
        "MALICIOUS": 0.0,
        "SANE": 0.0,
        "VALID": 0.0,
        "total": 100.0
    }
}