{
    "counter": {
        "ACTIVE": 31723,
        "INACTIVE": 39728,
        "INVALID": 0,
        "MALICIOUS": 0,
        "SANE": 0,
        "VALID": 0,
        "total": 71451
    },
    "percentage": {
        "ACTIVE": 44.40074460789116,
        "INACTIVE": 55.60174105330926,
        "INVALID": 0.0,
        "MALICIOUS": 0.0,
        "SANE": 0.0,
        "VALID": 0.0,
        "total": 100.00248566120042
    }
}