{
    "counter": {
        "ACTIVE": 40573,
        "INACTIVE": 53808,
        "INVALID": 0,
        "MALICIOUS": 0,
        "SANE": 0,
        "VALID": 0,
        "total": 94381
    },
    "percentage": {
        "ACTIVE": 42.98852523283288,
        "INACTIVE": 57.01147476716712,
        "INVALID": 0.0,
        "MALICIOUS": 0.0,
        "SANE": 0.0,
        "VALID": 0.0,
        "total": 100.0
    }
}