{
    "counter": {
        "ACTIVE": 11868,
        "INACTIVE": 14624,
        "INVALID": 0,
        "MALICIOUS": 0,
        "SANE": 0,
        "VALID": 0,
        "total": 26492
    },
    "percentage": {
        "ACTIVE": 44.798429714630835,
        "INACTIVE": 55.20573801434504,
        "INVALID": 0,
        "MALICIOUS": 0,
        "SANE": 0,
        "VALID": 0,
        "total": 100.00416772897587
    }
}