{
    "counter": {
        "ACTIVE": 43103,
        "INACTIVE": 57519,
        "INVALID": 0,
        "MALICIOUS": 0,
        "SANE": 0,
        "VALID": 0,
        "total": 100622
    },
    "percentage": {
        "ACTIVE": 42.836556617837054,
        "INACTIVE": 57.163443382162946,
        "INVALID": 0.0,
        "MALICIOUS": 0.0,
        "SANE": 0.0,
        "VALID": 0.0,
        "total": 100.0
    }
}