{
    "counter": {
        "ACTIVE": 36138,
        "INACTIVE": 45215,
        "INVALID": 0,
        "MALICIOUS": 0,
        "SANE": 0,
        "VALID": 0,
        "total": 81353
    },
    "percentage": {
        "ACTIVE": 44.421226015020956,
        "INACTIVE": 55.578773984979044,
        "INVALID": 0.0,
        "MALICIOUS": 0.0,
        "SANE": 0.0,
        "VALID": 0.0,
        "total": 100.0
    }
}