{
    "counter": {
        "ACTIVE": 19792,
        "INACTIVE": 24915,
        "INVALID": 0,
        "MALICIOUS": 0,
        "SANE": 0,
        "VALID": 0,
        "total": 44707
    },
    "percentage": {
        "ACTIVE": 44.27047218556378,
        "INACTIVE": 55.73202102673079,
        "INVALID": 0,
        "MALICIOUS": 0,
        "SANE": 0,
        "VALID": 0,
        "total": 100.00249321229458
    }
}