{
    "counter": {
        "ACTIVE": 42199,
        "INACTIVE": 56100,
        "INVALID": 0,
        "MALICIOUS": 0,
        "SANE": 0,
        "VALID": 0,
        "total": 98299
    },
    "percentage": {
        "ACTIVE": 42.92922613658328,
        "INACTIVE": 57.07077386341672,
        "INVALID": 0.0,
        "MALICIOUS": 0.0,
        "SANE": 0.0,
        "VALID": 0.0,
        "total": 100.0
    }
}