{
    "counter": {
        "ACTIVE": 20049,
        "INACTIVE": 25144,
        "INVALID": 0,
        "MALICIOUS": 0,
        "SANE": 0,
        "VALID": 0,
        "total": 45193
    },
    "percentage": {
        "ACTIVE": 44.36502843486535,
        "INACTIVE": 55.63693492355011,
        "INVALID": 0,
        "MALICIOUS": 0,
        "SANE": 0,
        "VALID": 0,
        "total": 100.00196335841545
    }
}