{
    "counter": {
        "ACTIVE": 36220,
        "INACTIVE": 45311,
        "INVALID": 0,
        "MALICIOUS": 0,
        "SANE": 0,
        "VALID": 0,
        "total": 81531
    },
    "percentage": {
        "ACTIVE": 44.42482000711386,
        "INACTIVE": 55.57517999288614,
        "INVALID": 0.0,
        "MALICIOUS": 0.0,
        "SANE": 0.0,
        "VALID": 0.0,
        "total": 100.0
    }
}