{
    "counter": {
        "ACTIVE": 39006,
        "INACTIVE": 48206,
        "INVALID": 0,
        "MALICIOUS": 0,
        "SANE": 0,
        "VALID": 0,
        "total": 87212
    },
    "percentage": {
        "ACTIVE": 44.72549649130853,
        "INACTIVE": 55.27450350869147,
        "INVALID": 0.0,
        "MALICIOUS": 0.0,
        "SANE": 0.0,
        "VALID": 0.0,
        "total": 100.0
    }
}