{
    "counter": {
        "ACTIVE": 36585,
        "INACTIVE": 45786,
        "INVALID": 0,
        "MALICIOUS": 0,
        "SANE": 0,
        "VALID": 0,
        "total": 82371
    },
    "percentage": {
        "ACTIVE": 44.41490330334705,
        "INACTIVE": 55.58509669665295,
        "INVALID": 0.0,
        "MALICIOUS": 0.0,
        "SANE": 0.0,
        "VALID": 0.0,
        "total": 100.0
    }
}