{
    "counter": {
        "ACTIVE": 42233,
        "INACTIVE": 56151,
        "INVALID": 0,
        "MALICIOUS": 0,
        "SANE": 0,
        "VALID": 0,
        "total": 98384
    },
    "percentage": {
        "ACTIVE": 42.92669539762563,
        "INACTIVE": 57.07330460237437,
        "INVALID": 0.0,
        "MALICIOUS": 0.0,
        "SANE": 0.0,
        "VALID": 0.0,
        "total": 100.0
    }
}