{
    "counter": {
        "ACTIVE": 16546,
        "INACTIVE": 21627,
        "INVALID": 0,
        "MALICIOUS": 0,
        "SANE": 0,
        "VALID": 0,
        "total": 38173
    },
    "percentage": {
        "ACTIVE": 43.348179198323294,
        "INACTIVE": 56.65522751683127,
        "INVALID": 0,
        "MALICIOUS": 0,
        "SANE": 0,
        "VALID": 0,
        "total": 100.00340671515457
    }
}