{
    "counter": {
        "ACTIVE": 7301,
        "INACTIVE": 9627,
        "INVALID": 0,
        "MALICIOUS": 0,
        "SANE": 0,
        "VALID": 0,
        "total": 16928
    },
    "percentage": {
        "ACTIVE": 43.12972589792061,
        "INACTIVE": 56.876993973768165,
        "INVALID": 0,
        "MALICIOUS": 0,
        "SANE": 0,
        "VALID": 0,
        "total": 100.00671987168877
    }
}