{
    "counter": {
        "ACTIVE": 26081,
        "INACTIVE": 33402,
        "INVALID": 0,
        "MALICIOUS": 0,
        "SANE": 0,
        "VALID": 0,
        "total": 59483
    },
    "percentage": {
        "ACTIVE": 43.846140914210785,
        "INACTIVE": 56.153859085789215,
        "INVALID": 0.0,
        "MALICIOUS": 0.0,
        "SANE": 0.0,
        "VALID": 0.0,
        "total": 100.0
    }
}