{
    "counter": {
        "ACTIVE": 1291,
        "INACTIVE": 1473,
        "INVALID": 0,
        "MALICIOUS": 0,
        "SANE": 0,
        "VALID": 0,
        "total": 2764
    },
    "percentage": {
        "ACTIVE": 46.70767004341534,
        "INACTIVE": 53.31161780673181,
        "INVALID": 0,
        "MALICIOUS": 0,
        "SANE": 0,
        "VALID": 0,
        "total": 100.01928785014715
    }
}