{
    "counter": {
        "ACTIVE": 1787,
        "INACTIVE": 2047,
        "INVALID": 0,
        "MALICIOUS": 0,
        "SANE": 0,
        "VALID": 0,
        "total": 3834
    },
    "percentage": {
        "ACTIVE": 46.60928534167971,
        "INACTIVE": 53.404643882076705,
        "INVALID": 0,
        "MALICIOUS": 0,
        "SANE": 0,
        "VALID": 0,
        "total": 100.0139292237564
    }
}