{
    "counter": {
        "ACTIVE": 42302,
        "INACTIVE": 56234,
        "INVALID": 0,
        "MALICIOUS": 0,
        "SANE": 0,
        "VALID": 0,
        "total": 98536
    },
    "percentage": {
        "ACTIVE": 42.93050255744094,
        "INACTIVE": 57.06949744255906,
        "INVALID": 0.0,
        "MALICIOUS": 0.0,
        "SANE": 0.0,
        "VALID": 0.0,
        "total": 100.0
    }
}