{
    "counter": {
        "ACTIVE": 11737,
        "INACTIVE": 14529,
        "INVALID": 0,
        "MALICIOUS": 0,
        "SANE": 0,
        "VALID": 0,
        "total": 26266
    },
    "percentage": {
        "ACTIVE": 44.68684561203122,
        "INACTIVE": 55.31485570699764,
        "INVALID": 0,
        "MALICIOUS": 0,
        "SANE": 0,
        "VALID": 0,
        "total": 100.00170131902885
    }
}