{
    "counter": {
        "ACTIVE": 40076,
        "INACTIVE": 50648,
        "INVALID": 0,
        "MALICIOUS": 0,
        "SANE": 0,
        "VALID": 0,
        "total": 90724
    },
    "percentage": {
        "ACTIVE": 44.17353732198757,
        "INACTIVE": 55.82646267801243,
        "INVALID": 0.0,
        "MALICIOUS": 0.0,
        "SANE": 0.0,
        "VALID": 0.0,
        "total": 100.0
    }
}