{
    "counter": {
        "ACTIVE": 5569,
        "INACTIVE": 6971,
        "INVALID": 0,
        "MALICIOUS": 0,
        "SANE": 0,
        "VALID": 0,
        "total": 12540
    },
    "percentage": {
        "ACTIVE": 44.409888357256776,
        "INACTIVE": 55.59454501953904,
        "INVALID": 0,
        "MALICIOUS": 0,
        "SANE": 0,
        "VALID": 0,
        "total": 100.00443337679582
    }
}