{
    "counter": {
        "ACTIVE": 19821,
        "INACTIVE": 24955,
        "INVALID": 0,
        "MALICIOUS": 0,
        "SANE": 0,
        "VALID": 0,
        "total": 44776
    },
    "percentage": {
        "ACTIVE": 44.26998414222857,
        "INACTIVE": 55.732981954618545,
        "INVALID": 0,
        "MALICIOUS": 0,
        "SANE": 0,
        "VALID": 0,
        "total": 100.00296609684712
    }
}