{
    "counter": {
        "ACTIVE": 13879,
        "INACTIVE": 18223,
        "INVALID": 0,
        "MALICIOUS": 0,
        "SANE": 0,
        "VALID": 0,
        "total": 32102
    },
    "percentage": {
        "ACTIVE": 43.23676012461059,
        "INACTIVE": 56.76593358669242,
        "INVALID": 0,
        "MALICIOUS": 0,
        "SANE": 0,
        "VALID": 0,
        "total": 100.00269371130301
    }
}