{
    "counter": {
        "ACTIVE": 26507,
        "INACTIVE": 33910,
        "INVALID": 0,
        "MALICIOUS": 0,
        "SANE": 0,
        "VALID": 0,
        "total": 60417
    },
    "percentage": {
        "ACTIVE": 43.87341311220352,
        "INACTIVE": 56.12658688779648,
        "INVALID": 0.0,
        "MALICIOUS": 0.0,
        "SANE": 0.0,
        "VALID": 0.0,
        "total": 100.0
    }
}