{
    "counter": {
        "ACTIVE": 21730,
        "INACTIVE": 26694,
        "INVALID": 0,
        "MALICIOUS": 0,
        "SANE": 0,
        "VALID": 0,
        "total": 48424
    },
    "percentage": {
        "ACTIVE": 44.87444242524368,
        "INACTIVE": 55.12555757475632,
        "INVALID": 0.0,
        "MALICIOUS": 0.0,
        "SANE": 0.0,
        "VALID": 0.0,
        "total": 100.0
    }
}