{
    "counter": {
        "ACTIVE": 18029,
        "INACTIVE": 23158,
        "INVALID": 0,
        "MALICIOUS": 0,
        "SANE": 0,
        "VALID": 0,
        "total": 41187
    },
    "percentage": {
        "ACTIVE": 43.7735207711171,
        "INACTIVE": 56.23330581321937,
        "INVALID": 0,
        "MALICIOUS": 0,
        "SANE": 0,
        "VALID": 0,
        "total": 100.00682658433647
    }
}