{
    "counter": {
        "ACTIVE": 32687,
        "INACTIVE": 41098,
        "INVALID": 0,
        "MALICIOUS": 0,
        "SANE": 0,
        "VALID": 0,
        "total": 73785
    },
    "percentage": {
        "ACTIVE": 44.300332045808766,
        "INACTIVE": 55.699667954191234,
        "INVALID": 0.0,
        "MALICIOUS": 0.0,
        "SANE": 0.0,
        "VALID": 0.0,
        "total": 100.0
    }
}