{
    "counter": {
        "ACTIVE": 26259,
        "INACTIVE": 33652,
        "INVALID": 0,
        "MALICIOUS": 0,
        "SANE": 0,
        "VALID": 0,
        "total": 59911
    },
    "percentage": {
        "ACTIVE": 43.830014521540285,
        "INACTIVE": 56.169985478459715,
        "INVALID": 0.0,
        "MALICIOUS": 0.0,
        "SANE": 0.0,
        "VALID": 0.0,
        "total": 100.0
    }
}