{
    "counter": {
        "ACTIVE": 4886,
        "INACTIVE": 6217,
        "INVALID": 0,
        "MALICIOUS": 0,
        "SANE": 0,
        "VALID": 0,
        "total": 11103
    },
    "percentage": {
        "ACTIVE": 44.010088272383356,
        "INACTIVE": 55.99387552913627,
        "INVALID": 0,
        "MALICIOUS": 0,
        "SANE": 0,
        "VALID": 0,
        "total": 100.00396380151963
    }
}