{
    "counter": {
        "ACTIVE": 34541,
        "INACTIVE": 43179,
        "INVALID": 0,
        "MALICIOUS": 0,
        "SANE": 0,
        "VALID": 0,
        "total": 77720
    },
    "percentage": {
        "ACTIVE": 44.44287184765826,
        "INACTIVE": 55.55712815234174,
        "INVALID": 0.0,
        "MALICIOUS": 0.0,
        "SANE": 0.0,
        "VALID": 0.0,
        "total": 100.0
    }
}