{
    "counter": {
        "ACTIVE": 9312,
        "INACTIVE": 12405,
        "INVALID": 0,
        "MALICIOUS": 0,
        "SANE": 0,
        "VALID": 0,
        "total": 21717
    },
    "percentage": {
        "ACTIVE": 42.87885066998204,
        "INACTIVE": 57.12377970160251,
        "INVALID": 0,
        "MALICIOUS": 0,
        "SANE": 0,
        "VALID": 0,
        "total": 100.00263037158456
    }
}