{
    "counter": {
        "ACTIVE": 38089,
        "INACTIVE": 47112,
        "INVALID": 0,
        "MALICIOUS": 0,
        "SANE": 0,
        "VALID": 0,
        "total": 85201
    },
    "percentage": {
        "ACTIVE": 44.70487435593479,
        "INACTIVE": 55.29512564406521,
        "INVALID": 0.0,
        "MALICIOUS": 0.0,
        "SANE": 0.0,
        "VALID": 0.0,
        "total": 100.0
    }
}