{
    "counter": {
        "ACTIVE": 42157,
        "INACTIVE": 56059,
        "INVALID": 0,
        "MALICIOUS": 0,
        "SANE": 0,
        "VALID": 0,
        "total": 98216
    },
    "percentage": {
        "ACTIVE": 42.92274171214466,
        "INACTIVE": 57.07725828785534,
        "INVALID": 0.0,
        "MALICIOUS": 0.0,
        "SANE": 0.0,
        "VALID": 0.0,
        "total": 100.0
    }
}