{
    "counter": {
        "ACTIVE": 20548,
        "INACTIVE": 25577,
        "INVALID": 0,
        "MALICIOUS": 0,
        "SANE": 0,
        "VALID": 0,
        "total": 46125
    },
    "percentage": {
        "ACTIVE": 44.548509485094854,
        "INACTIVE": 55.452692741306045,
        "INVALID": 0,
        "MALICIOUS": 0,
        "SANE": 0,
        "VALID": 0,
        "total": 100.00120222640089
    }
}