{
    "counter": {
        "ACTIVE": 35402,
        "INACTIVE": 44354,
        "INVALID": 0,
        "MALICIOUS": 0,
        "SANE": 0,
        "VALID": 0,
        "total": 79756
    },
    "percentage": {
        "ACTIVE": 44.38788304328201,
        "INACTIVE": 55.61211695671799,
        "INVALID": 0.0,
        "MALICIOUS": 0.0,
        "SANE": 0.0,
        "VALID": 0.0,
        "total": 100.0
    }
}