{
    "counter": {
        "ACTIVE": 30233,
        "INACTIVE": 37987,
        "INVALID": 0,
        "MALICIOUS": 0,
        "SANE": 0,
        "VALID": 0,
        "total": 68220
    },
    "percentage": {
        "ACTIVE": 44.31691586045148,
        "INACTIVE": 55.68471664370107,
        "INVALID": 0.0,
        "MALICIOUS": 0.0,
        "SANE": 0.0,
        "VALID": 0.0,
        "total": 100.00163250415255
    }
}