{
    "counter": {
        "ACTIVE": 33963,
        "INACTIVE": 42731,
        "INVALID": 0,
        "MALICIOUS": 0,
        "SANE": 0,
        "VALID": 0,
        "total": 76694
    },
    "percentage": {
        "ACTIVE": 44.28377708816856,
        "INACTIVE": 55.71622291183144,
        "INVALID": 0.0,
        "MALICIOUS": 0.0,
        "SANE": 0.0,
        "VALID": 0.0,
        "total": 100.0
    }
}