{
    "counter": {
        "ACTIVE": 37325,
        "INACTIVE": 46181,
        "INVALID": 0,
        "MALICIOUS": 0,
        "SANE": 0,
        "VALID": 0,
        "total": 83506
    },
    "percentage": {
        "ACTIVE": 44.69738701410677,
        "INACTIVE": 55.30261298589323,
        "INVALID": 0.0,
        "MALICIOUS": 0.0,
        "SANE": 0.0,
        "VALID": 0.0,
        "total": 100.0
    }
}