{
    "counter": {
        "ACTIVE": 5300,
        "INACTIVE": 6603,
        "INVALID": 0,
        "MALICIOUS": 0,
        "SANE": 0,
        "VALID": 0,
        "total": 11903
    },
    "percentage": {
        "ACTIVE": 44.526589935310426,
        "INACTIVE": 55.47807091245169,
        "INVALID": 0,
        "MALICIOUS": 0,
        "SANE": 0,
        "VALID": 0,
        "total": 100.00466084776212
    }
}