{
    "counter": {
        "ACTIVE": 35191,
        "INACTIVE": 44089,
        "INVALID": 0,
        "MALICIOUS": 0,
        "SANE": 0,
        "VALID": 0,
        "total": 79280
    },
    "percentage": {
        "ACTIVE": 44.38824419778002,
        "INACTIVE": 55.61175580221998,
        "INVALID": 0.0,
        "MALICIOUS": 0.0,
        "SANE": 0.0,
        "VALID": 0.0,
        "total": 100.0
    }
}