{
    "counter": {
        "ACTIVE": 26893,
        "INACTIVE": 34408,
        "INVALID": 0,
        "MALICIOUS": 0,
        "SANE": 0,
        "VALID": 0,
        "total": 61301
    },
    "percentage": {
        "ACTIVE": 43.870409944372845,
        "INACTIVE": 56.129590055627155,
        "INVALID": 0.0,
        "MALICIOUS": 0.0,
        "SANE": 0.0,
        "VALID": 0.0,
        "total": 100.0
    }
}