{
    "counter": {
        "ACTIVE": 36414,
        "INACTIVE": 45530,
        "INVALID": 0,
        "MALICIOUS": 0,
        "SANE": 0,
        "VALID": 0,
        "total": 81944
    },
    "percentage": {
        "ACTIVE": 44.43766474665625,
        "INACTIVE": 55.56233525334375,
        "INVALID": 0.0,
        "MALICIOUS": 0.0,
        "SANE": 0.0,
        "VALID": 0.0,
        "total": 100.0
    }
}