{
    "counter": {
        "ACTIVE": 35026,
        "INACTIVE": 43764,
        "INVALID": 0,
        "MALICIOUS": 0,
        "SANE": 0,
        "VALID": 0,
        "total": 78790
    },
    "percentage": {
        "ACTIVE": 44.45488006092144,
        "INACTIVE": 55.54511993907856,
        "INVALID": 0.0,
        "MALICIOUS": 0.0,
        "SANE": 0.0,
        "VALID": 0.0,
        "total": 100.0
    }
}