{
    "counter": {
        "ACTIVE": 20361,
        "INACTIVE": 25418,
        "INVALID": 0,
        "MALICIOUS": 0,
        "SANE": 0,
        "VALID": 0,
        "total": 45779
    },
    "percentage": {
        "ACTIVE": 44.47672513597938,
        "INACTIVE": 55.52448774520512,
        "INVALID": 0,
        "MALICIOUS": 0,
        "SANE": 0,
        "VALID": 0,
        "total": 100.0012128811845
    }
}