{
    "counter": {
        "ACTIVE": 19828,
        "INACTIVE": 24962,
        "INVALID": 0,
        "MALICIOUS": 0,
        "SANE": 0,
        "VALID": 0,
        "total": 44790
    },
    "percentage": {
        "ACTIVE": 44.271775291937395,
        "INACTIVE": 55.73118999776736,
        "INVALID": 0,
        "MALICIOUS": 0,
        "SANE": 0,
        "VALID": 0,
        "total": 100.00296528970475
    }
}