{
    "counter": {
        "ACTIVE": 11588,
        "INACTIVE": 14376,
        "INVALID": 0,
        "MALICIOUS": 0,
        "SANE": 0,
        "VALID": 0,
        "total": 25964
    },
    "percentage": {
        "ACTIVE": 44.632746600932094,
        "INACTIVE": 55.368972423355416,
        "INVALID": 0,
        "MALICIOUS": 0,
        "SANE": 0,
        "VALID": 0,
        "total": 100.00171902428751
    }
}