{
    "counter": {
        "ACTIVE": 29822,
        "INACTIVE": 37691,
        "INVALID": 0,
        "MALICIOUS": 0,
        "SANE": 0,
        "VALID": 0,
        "total": 67513
    },
    "percentage": {
        "ACTIVE": 44.174196415345875,
        "INACTIVE": 55.82776650422881,
        "INVALID": 0.0,
        "MALICIOUS": 0.0,
        "SANE": 0.0,
        "VALID": 0.0,
        "total": 100.00196291957468
    }
}