{
    "counter": {
        "ACTIVE": 16776,
        "INACTIVE": 21835,
        "INVALID": 0,
        "MALICIOUS": 0,
        "SANE": 0,
        "VALID": 0,
        "total": 38611
    },
    "percentage": {
        "ACTIVE": 43.44988344988345,
        "INACTIVE": 56.551241874077334,
        "INVALID": 0,
        "MALICIOUS": 0,
        "SANE": 0,
        "VALID": 0,
        "total": 100.00112532396079
    }
}