{
    "counter": {
        "ACTIVE": 40113,
        "INACTIVE": 50950,
        "INVALID": 0,
        "MALICIOUS": 0,
        "SANE": 0,
        "VALID": 0,
        "total": 91063
    },
    "percentage": {
        "ACTIVE": 44.04972381757684,
        "INACTIVE": 55.95027618242316,
        "INVALID": 0.0,
        "MALICIOUS": 0.0,
        "SANE": 0.0,
        "VALID": 0.0,
        "total": 100.0
    }
}