{
    "counter": {
        "ACTIVE": 31903,
        "INACTIVE": 39936,
        "INVALID": 0,
        "MALICIOUS": 0,
        "SANE": 0,
        "VALID": 0,
        "total": 71839
    },
    "percentage": {
        "ACTIVE": 44.409025738108824,
        "INACTIVE": 55.59406974316141,
        "INVALID": 0.0,
        "MALICIOUS": 0.0,
        "SANE": 0.0,
        "VALID": 0.0,
        "total": 100.00309548127024
    }
}