{
    "counter": {
        "ACTIVE": 21054,
        "INACTIVE": 25976,
        "INVALID": 0,
        "MALICIOUS": 0,
        "SANE": 0,
        "VALID": 0,
        "total": 47030
    },
    "percentage": {
        "ACTIVE": 44.76812179718897,
        "INACTIVE": 55.23283010844142,
        "INVALID": 0,
        "MALICIOUS": 0,
        "SANE": 0,
        "VALID": 0,
        "total": 100.00095190563039
    }
}