{
    "counter": {
        "ACTIVE": 26943,
        "INACTIVE": 34498,
        "INVALID": 0,
        "MALICIOUS": 0,
        "SANE": 0,
        "VALID": 0,
        "total": 61441
    },
    "percentage": {
        "ACTIVE": 43.851825328363795,
        "INACTIVE": 56.148174671636205,
        "INVALID": 0.0,
        "MALICIOUS": 0.0,
        "SANE": 0.0,
        "VALID": 0.0,
        "total": 100.0
    }
}