{
    "counter": {
        "ACTIVE": 9870,
        "INACTIVE": 12854,
        "INVALID": 0,
        "MALICIOUS": 0,
        "SANE": 0,
        "VALID": 0,
        "total": 22724
    },
    "percentage": {
        "ACTIVE": 43.438077634011094,
        "INACTIVE": 56.5657454673473,
        "INVALID": 0,
        "MALICIOUS": 0,
        "SANE": 0,
        "VALID": 0,
        "total": 100.00382310135839
    }
}