{
    "counter": {
        "ACTIVE": 8023,
        "INACTIVE": 10571,
        "INVALID": 0,
        "MALICIOUS": 0,
        "SANE": 0,
        "VALID": 0,
        "total": 18594
    },
    "percentage": {
        "ACTIVE": 43.155290194179976,
        "INACTIVE": 56.85167258255351,
        "INVALID": 0,
        "MALICIOUS": 0,
        "SANE": 0,
        "VALID": 0,
        "total": 100.00696277673349
    }
}