{
    "counter": {
        "ACTIVE": 28292,
        "INACTIVE": 36184,
        "INVALID": 0,
        "MALICIOUS": 0,
        "SANE": 0,
        "VALID": 0,
        "total": 64476
    },
    "percentage": {
        "ACTIVE": 43.87989329362864,
        "INACTIVE": 56.122718037007736,
        "INVALID": 0.0,
        "MALICIOUS": 0.0,
        "SANE": 0.0,
        "VALID": 0.0,
        "total": 100.00261133063637
    }
}