{
    "counter": {
        "ACTIVE": 37569,
        "INACTIVE": 46348,
        "INVALID": 0,
        "MALICIOUS": 0,
        "SANE": 0,
        "VALID": 0,
        "total": 83917
    },
    "percentage": {
        "ACTIVE": 44.769236269170726,
        "INACTIVE": 55.230763730829274,
        "INVALID": 0.0,
        "MALICIOUS": 0.0,
        "SANE": 0.0,
        "VALID": 0.0,
        "total": 100.0
    }
}