{
    "counter": {
        "ACTIVE": 13058,
        "INACTIVE": 16595,
        "INVALID": 0,
        "MALICIOUS": 0,
        "SANE": 0,
        "VALID": 0,
        "total": 29653
    },
    "percentage": {
        "ACTIVE": 44.04938604776683,
        "INACTIVE": 55.96398340808687,
        "INVALID": 0,
        "MALICIOUS": 0,
        "SANE": 0,
        "VALID": 0,
        "total": 100.0133694558537
    }
}