{
    "counter": {
        "ACTIVE": 32363,
        "INACTIVE": 40579,
        "INVALID": 0,
        "MALICIOUS": 0,
        "SANE": 0,
        "VALID": 0,
        "total": 72942
    },
    "percentage": {
        "ACTIVE": 44.3681281017795,
        "INACTIVE": 55.6318718982205,
        "INVALID": 0.0,
        "MALICIOUS": 0.0,
        "SANE": 0.0,
        "VALID": 0.0,
        "total": 100.0
    }
}