{
    "counter": {
        "ACTIVE": 37591,
        "INACTIVE": 46384,
        "INVALID": 0,
        "MALICIOUS": 0,
        "SANE": 0,
        "VALID": 0,
        "total": 83975
    },
    "percentage": {
        "ACTIVE": 44.76451324799047,
        "INACTIVE": 55.23548675200953,
        "INVALID": 0.0,
        "MALICIOUS": 0.0,
        "SANE": 0.0,
        "VALID": 0.0,
        "total": 100.0
    }
}