{
    "counter": {
        "ACTIVE": 43555,
        "INACTIVE": 58406,
        "INVALID": 0,
        "MALICIOUS": 0,
        "SANE": 0,
        "VALID": 0,
        "total": 101961
    },
    "percentage": {
        "ACTIVE": 42.717313482606095,
        "INACTIVE": 57.282686517393905,
        "INVALID": 0.0,
        "MALICIOUS": 0.0,
        "SANE": 0.0,
        "VALID": 0.0,
        "total": 100.0
    }
}