{
    "counter": {
        "ACTIVE": 33804,
        "INACTIVE": 42624,
        "INVALID": 0,
        "MALICIOUS": 0,
        "SANE": 0,
        "VALID": 0,
        "total": 76428
    },
    "percentage": {
        "ACTIVE": 44.229863400847854,
        "INACTIVE": 55.770136599152146,
        "INVALID": 0.0,
        "MALICIOUS": 0.0,
        "SANE": 0.0,
        "VALID": 0.0,
        "total": 100.0
    }
}