{
    "counter": {
        "ACTIVE": 25407,
        "INACTIVE": 32079,
        "INVALID": 0,
        "MALICIOUS": 0,
        "SANE": 0,
        "VALID": 0,
        "total": 57486
    },
    "percentage": {
        "ACTIVE": 44.19684792819121,
        "INACTIVE": 55.80315207180879,
        "INVALID": 0.0,
        "MALICIOUS": 0.0,
        "SANE": 0.0,
        "VALID": 0.0,
        "total": 100.0
    }
}