{
    "counter": {
        "ACTIVE": 30256,
        "INACTIVE": 38010,
        "INVALID": 0,
        "MALICIOUS": 0,
        "SANE": 0,
        "VALID": 0,
        "total": 68266
    },
    "percentage": {
        "ACTIVE": 44.32074531977851,
        "INACTIVE": 55.680885972108285,
        "INVALID": 0.0,
        "MALICIOUS": 0.0,
        "SANE": 0.0,
        "VALID": 0.0,
        "total": 100.0016312918868
    }
}