{
    "counter": {
        "ACTIVE": 39338,
        "INACTIVE": 48842,
        "INVALID": 0,
        "MALICIOUS": 0,
        "SANE": 0,
        "VALID": 0,
        "total": 88180
    },
    "percentage": {
        "ACTIVE": 44.61102290768882,
        "INACTIVE": 55.38897709231118,
        "INVALID": 0.0,
        "MALICIOUS": 0.0,
        "SANE": 0.0,
        "VALID": 0.0,
        "total": 100.0
    }
}