{
    "counter": {
        "ACTIVE": 13585,
        "INACTIVE": 17757,
        "INVALID": 0,
        "MALICIOUS": 0,
        "SANE": 0,
        "VALID": 0,
        "total": 31342
    },
    "percentage": {
        "ACTIVE": 43.34439410375853,
        "INACTIVE": 56.65741361156313,
        "INVALID": 0,
        "MALICIOUS": 0,
        "SANE": 0,
        "VALID": 0,
        "total": 100.00180771532166
    }
}