{
    "counter": {
        "ACTIVE": 40589,
        "INACTIVE": 53900,
        "INVALID": 0,
        "MALICIOUS": 0,
        "SANE": 0,
        "VALID": 0,
        "total": 94489
    },
    "percentage": {
        "ACTIVE": 42.95632295822794,
        "INACTIVE": 57.04367704177206,
        "INVALID": 0.0,
        "MALICIOUS": 0.0,
        "SANE": 0.0,
        "VALID": 0.0,
        "total": 100.0
    }
}