{
    "counter": {
        "ACTIVE": 40114,
        "INACTIVE": 50956,
        "INVALID": 0,
        "MALICIOUS": 0,
        "SANE": 0,
        "VALID": 0,
        "total": 91070
    },
    "percentage": {
        "ACTIVE": 44.04743603821236,
        "INACTIVE": 55.95256396178764,
        "INVALID": 0.0,
        "MALICIOUS": 0.0,
        "SANE": 0.0,
        "VALID": 0.0,
        "total": 100.0
    }
}