{
    "counter": {
        "ACTIVE": 16123,
        "INACTIVE": 21264,
        "INVALID": 0,
        "MALICIOUS": 0,
        "SANE": 0,
        "VALID": 0,
        "total": 37387
    },
    "percentage": {
        "ACTIVE": 43.126922562525074,
        "INACTIVE": 56.8753844919357,
        "INVALID": 0,
        "MALICIOUS": 0,
        "SANE": 0,
        "VALID": 0,
        "total": 100.00230705446077
    }
}