{
    "counter": {
        "ACTIVE": 11965,
        "INACTIVE": 14699,
        "INVALID": 0,
        "MALICIOUS": 0,
        "SANE": 0,
        "VALID": 0,
        "total": 26664
    },
    "percentage": {
        "ACTIVE": 44.873237323732376,
        "INACTIVE": 55.143307322929175,
        "INVALID": 0,
        "MALICIOUS": 0,
        "SANE": 0,
        "VALID": 0,
        "total": 100.01654464666154
    }
}