{
    "counter": {
        "ACTIVE": 44495,
        "INACTIVE": 59631,
        "INVALID": 0,
        "MALICIOUS": 0,
        "SANE": 0,
        "VALID": 0,
        "total": 104126
    },
    "percentage": {
        "ACTIVE": 42.73188252693852,
        "INACTIVE": 57.26811747306148,
        "INVALID": 0.0,
        "MALICIOUS": 0.0,
        "SANE": 0.0,
        "VALID": 0.0,
        "total": 100.0
    }
}