{
    "counter": {
        "ACTIVE": 9076,
        "INACTIVE": 12167,
        "INVALID": 0,
        "MALICIOUS": 0,
        "SANE": 0,
        "VALID": 0,
        "total": 21243
    },
    "percentage": {
        "ACTIVE": 42.72466224167961,
        "INACTIVE": 57.27803408341964,
        "INVALID": 0,
        "MALICIOUS": 0,
        "SANE": 0,
        "VALID": 0,
        "total": 100.00269632509925
    }
}