{
    "counter": {
        "ACTIVE": 36193,
        "INACTIVE": 45293,
        "INVALID": 0,
        "MALICIOUS": 0,
        "SANE": 0,
        "VALID": 0,
        "total": 81486
    },
    "percentage": {
        "ACTIVE": 44.41621873696095,
        "INACTIVE": 55.58378126303905,
        "INVALID": 0.0,
        "MALICIOUS": 0.0,
        "SANE": 0.0,
        "VALID": 0.0,
        "total": 100.0
    }
}