{
    "counter": {
        "ACTIVE": 39979,
        "INACTIVE": 50315,
        "INVALID": 0,
        "MALICIOUS": 0,
        "SANE": 0,
        "VALID": 0,
        "total": 90294
    },
    "percentage": {
        "ACTIVE": 44.276474627328504,
        "INACTIVE": 55.723525372671496,
        "INVALID": 0.0,
        "MALICIOUS": 0.0,
        "SANE": 0.0,
        "VALID": 0.0,
        "total": 100.0
    }
}