{
    "counter": {
        "ACTIVE": 34205,
        "INACTIVE": 42897,
        "INVALID": 0,
        "MALICIOUS": 0,
        "SANE": 0,
        "VALID": 0,
        "total": 77102
    },
    "percentage": {
        "ACTIVE": 44.363310938756456,
        "INACTIVE": 55.636689061243544,
        "INVALID": 0.0,
        "MALICIOUS": 0.0,
        "SANE": 0.0,
        "VALID": 0.0,
        "total": 100.0
    }
}