{
    "counter": {
        "ACTIVE": 32549,
        "INACTIVE": 40844,
        "INVALID": 0,
        "MALICIOUS": 0,
        "SANE": 0,
        "VALID": 0,
        "total": 73393
    },
    "percentage": {
        "ACTIVE": 44.34891610916572,
        "INACTIVE": 55.65108389083428,
        "INVALID": 0.0,
        "MALICIOUS": 0.0,
        "SANE": 0.0,
        "VALID": 0.0,
        "total": 100.0
    }
}