{
    "counter": {
        "ACTIVE": 20931,
        "INACTIVE": 25874,
        "INVALID": 0,
        "MALICIOUS": 0,
        "SANE": 0,
        "VALID": 0,
        "total": 46805
    },
    "percentage": {
        "ACTIVE": 44.71958124132037,
        "INACTIVE": 55.28278101831079,
        "INVALID": 0,
        "MALICIOUS": 0,
        "SANE": 0,
        "VALID": 0,
        "total": 100.00236225963116
    }
}