{
    "counter": {
        "ACTIVE": 32839,
        "INACTIVE": 41355,
        "INVALID": 0,
        "MALICIOUS": 0,
        "SANE": 0,
        "VALID": 0,
        "total": 74194
    },
    "percentage": {
        "ACTIVE": 44.260991454834624,
        "INACTIVE": 55.739008545165376,
        "INVALID": 0.0,
        "MALICIOUS": 0.0,
        "SANE": 0.0,
        "VALID": 0.0,
        "total": 100.0
    }
}