{
    "counter": {
        "ACTIVE": 43073,
        "INACTIVE": 57469,
        "INVALID": 0,
        "MALICIOUS": 0,
        "SANE": 0,
        "VALID": 0,
        "total": 100542
    },
    "percentage": {
        "ACTIVE": 42.8408028485608,
        "INACTIVE": 57.1591971514392,
        "INVALID": 0.0,
        "MALICIOUS": 0.0,
        "SANE": 0.0,
        "VALID": 0.0,
        "total": 100.0
    }
}