{
    "counter": {
        "ACTIVE": 31527,
        "INACTIVE": 39498,
        "INVALID": 0,
        "MALICIOUS": 0,
        "SANE": 0,
        "VALID": 0,
        "total": 71025
    },
    "percentage": {
        "ACTIVE": 44.38859556494192,
        "INACTIVE": 55.61218742960126,
        "INVALID": 0.0,
        "MALICIOUS": 0.0,
        "SANE": 0.0,
        "VALID": 0.0,
        "total": 100.00078299454319
    }
}