{
    "counter": {
        "ACTIVE": 9297,
        "INACTIVE": 12379,
        "INVALID": 0,
        "MALICIOUS": 0,
        "SANE": 0,
        "VALID": 0,
        "total": 21676
    },
    "percentage": {
        "ACTIVE": 42.89273356401384,
        "INACTIVE": 57.10924524820077,
        "INVALID": 0,
        "MALICIOUS": 0,
        "SANE": 0,
        "VALID": 0,
        "total": 100.00197881221462
    }
}