{
    "counter": {
        "ACTIVE": 23003,
        "INACTIVE": 28157,
        "INVALID": 0,
        "MALICIOUS": 0,
        "SANE": 0,
        "VALID": 0,
        "total": 51160
    },
    "percentage": {
        "ACTIVE": 44.962861610633304,
        "INACTIVE": 55.037138389366696,
        "INVALID": 0.0,
        "MALICIOUS": 0.0,
        "SANE": 0.0,
        "VALID": 0.0,
        "total": 100.0
    }
}