{
    "counter": {
        "ACTIVE": 3208,
        "INACTIVE": 3994,
        "INVALID": 0,
        "MALICIOUS": 0,
        "SANE": 0,
        "VALID": 0,
        "total": 7202
    },
    "percentage": {
        "ACTIVE": 44.56174468676205,
        "INACTIVE": 55.45681755068037,
        "INVALID": 0,
        "MALICIOUS": 0,
        "SANE": 0,
        "VALID": 0,
        "total": 100.01856223744241
    }
}