{
    "counter": {
        "ACTIVE": 4405,
        "INACTIVE": 5573,
        "INVALID": 0,
        "MALICIOUS": 0,
        "SANE": 0,
        "VALID": 0,
        "total": 9978
    },
    "percentage": {
        "ACTIVE": 44.15154856169189,
        "INACTIVE": 55.85287632792143,
        "INVALID": 0,
        "MALICIOUS": 0,
        "SANE": 0,
        "VALID": 0,
        "total": 100.00442488961332
    }
}