{
    "counter": {
        "ACTIVE": 37757,
        "INACTIVE": 46707,
        "INVALID": 0,
        "MALICIOUS": 0,
        "SANE": 0,
        "VALID": 0,
        "total": 84464
    },
    "percentage": {
        "ACTIVE": 44.701884826671716,
        "INACTIVE": 55.298115173328284,
        "INVALID": 0.0,
        "MALICIOUS": 0.0,
        "SANE": 0.0,
        "VALID": 0.0,
        "total": 100.0
    }
}