{
    "counter": {
        "ACTIVE": 14894,
        "INACTIVE": 20002,
        "INVALID": 0,
        "MALICIOUS": 0,
        "SANE": 0,
        "VALID": 0,
        "total": 34896
    },
    "percentage": {
        "ACTIVE": 42.68355591219121,
        "INACTIVE": 57.3188904172398,
        "INVALID": 0,
        "MALICIOUS": 0,
        "SANE": 0,
        "VALID": 0,
        "total": 100.00244632943101
    }
}