{
    "counter": {
        "ACTIVE": 33679,
        "INACTIVE": 42535,
        "INVALID": 0,
        "MALICIOUS": 0,
        "SANE": 0,
        "VALID": 0,
        "total": 76214
    },
    "percentage": {
        "ACTIVE": 44.19004382396935,
        "INACTIVE": 55.80995617603065,
        "INVALID": 0.0,
        "MALICIOUS": 0.0,
        "SANE": 0.0,
        "VALID": 0.0,
        "total": 100.0
    }
}