{
    "counter": {
        "ACTIVE": 16764,
        "INACTIVE": 21824,
        "INVALID": 0,
        "MALICIOUS": 0,
        "SANE": 0,
        "VALID": 0,
        "total": 38588
    },
    "percentage": {
        "ACTIVE": 43.443557582668184,
        "INACTIVE": 56.56377160925796,
        "INVALID": 0,
        "MALICIOUS": 0,
        "SANE": 0,
        "VALID": 0,
        "total": 100.00732919192615
    }
}