{
    "counter": {
        "ACTIVE": 41182,
        "INACTIVE": 54910,
        "INVALID": 0,
        "MALICIOUS": 0,
        "SANE": 0,
        "VALID": 0,
        "total": 96092
    },
    "percentage": {
        "ACTIVE": 42.85684552304042,
        "INACTIVE": 57.14315447695958,
        "INVALID": 0.0,
        "MALICIOUS": 0.0,
        "SANE": 0.0,
        "VALID": 0.0,
        "total": 100.0
    }
}