{
    "counter": {
        "ACTIVE": 13067,
        "INACTIVE": 16693,
        "INVALID": 0,
        "MALICIOUS": 0,
        "SANE": 0,
        "VALID": 0,
        "total": 29760
    },
    "percentage": {
        "ACTIVE": 43.92416551816868,
        "INACTIVE": 56.09206989247312,
        "INVALID": 0,
        "MALICIOUS": 0,
        "SANE": 0,
        "VALID": 0,
        "total": 100.0162354106418
    }
}