{
    "counter": {
        "ACTIVE": 1616,
        "INACTIVE": 1724,
        "INVALID": 0,
        "MALICIOUS": 0,
        "SANE": 0,
        "VALID": 0,
        "total": 3340
    },
    "percentage": {
        "ACTIVE": 48.383233532934135,
        "INACTIVE": 51.69415292353823,
        "INVALID": 0,
        "MALICIOUS": 0,
        "SANE": 0,
        "VALID": 0,
        "total": 100.07738645647237
    }
}