{
    "counter": {
        "ACTIVE": 14987,
        "INACTIVE": 20096,
        "INVALID": 0,
        "MALICIOUS": 0,
        "SANE": 0,
        "VALID": 0,
        "total": 35083
    },
    "percentage": {
        "ACTIVE": 42.71869566456689,
        "INACTIVE": 57.282937118750354,
        "INVALID": 0,
        "MALICIOUS": 0,
        "SANE": 0,
        "VALID": 0,
        "total": 100.00163278331723
    }
}