{
    "counter": {
        "ACTIVE": 21199,
        "INACTIVE": 26138,
        "INVALID": 0,
        "MALICIOUS": 0,
        "SANE": 0,
        "VALID": 0,
        "total": 47337
    },
    "percentage": {
        "ACTIVE": 44.78315060100978,
        "INACTIVE": 55.22151564447637,
        "INVALID": 0,
        "MALICIOUS": 0,
        "SANE": 0,
        "VALID": 0,
        "total": 100.00466624548615
    }
}