{
    "counter": {
        "ACTIVE": 19727,
        "INACTIVE": 24842,
        "INVALID": 0,
        "MALICIOUS": 0,
        "SANE": 0,
        "VALID": 0,
        "total": 44569
    },
    "percentage": {
        "ACTIVE": 44.261706567345016,
        "INACTIVE": 55.73954406749237,
        "INVALID": 0,
        "MALICIOUS": 0,
        "SANE": 0,
        "VALID": 0,
        "total": 100.00125063483739
    }
}