{
    "counter": {
        "ACTIVE": 38603,
        "INACTIVE": 47650,
        "INVALID": 0,
        "MALICIOUS": 0,
        "SANE": 0,
        "VALID": 0,
        "total": 86253
    },
    "percentage": {
        "ACTIVE": 44.755544734675894,
        "INACTIVE": 55.244455265324106,
        "INVALID": 0.0,
        "MALICIOUS": 0.0,
        "SANE": 0.0,
        "VALID": 0.0,
        "total": 100.0
    }
}