{
    "counter": {
        "ACTIVE": 41602,
        "INACTIVE": 55353,
        "INVALID": 0,
        "MALICIOUS": 0,
        "SANE": 0,
        "VALID": 0,
        "total": 96955
    },
    "percentage": {
        "ACTIVE": 42.90856582950853,
        "INACTIVE": 57.09143417049147,
        "INVALID": 0.0,
        "MALICIOUS": 0.0,
        "SANE": 0.0,
        "VALID": 0.0,
        "total": 100.0
    }
}