{
    "counter": {
        "ACTIVE": 35179,
        "INACTIVE": 44057,
        "INVALID": 0,
        "MALICIOUS": 0,
        "SANE": 0,
        "VALID": 0,
        "total": 79236
    },
    "percentage": {
        "ACTIVE": 44.397748498157405,
        "INACTIVE": 55.602251501842595,
        "INVALID": 0.0,
        "MALICIOUS": 0.0,
        "SANE": 0.0,
        "VALID": 0.0,
        "total": 100.0
    }
}