{
    "counter": {
        "ACTIVE": 39582,
        "INACTIVE": 49371,
        "INVALID": 0,
        "MALICIOUS": 0,
        "SANE": 0,
        "VALID": 0,
        "total": 88953
    },
    "percentage": {
        "ACTIVE": 44.497656065562715,
        "INACTIVE": 55.502343934437285,
        "INVALID": 0.0,
        "MALICIOUS": 0.0,
        "SANE": 0.0,
        "VALID": 0.0,
        "total": 100.0
    }
}