{
    "counter": {
        "ACTIVE": 29792,
        "INACTIVE": 37667,
        "INVALID": 0,
        "MALICIOUS": 0,
        "SANE": 0,
        "VALID": 0,
        "total": 67459
    },
    "percentage": {
        "ACTIVE": 44.163775979127756,
        "INACTIVE": 55.836878696689844,
        "INVALID": 0.0,
        "MALICIOUS": 0.0,
        "SANE": 0.0,
        "VALID": 0.0,
        "total": 100.0006546758176
    }
}