{
    "counter": {
        "ACTIVE": 18694,
        "INACTIVE": 23745,
        "INVALID": 0,
        "MALICIOUS": 0,
        "SANE": 0,
        "VALID": 0,
        "total": 42439
    },
    "percentage": {
        "ACTIVE": 44.053257923883585,
        "INACTIVE": 55.950894224651854,
        "INVALID": 0,
        "MALICIOUS": 0,
        "SANE": 0,
        "VALID": 0,
        "total": 100.00415214853544
    }
}