{
    "counter": {
        "ACTIVE": 16372,
        "INACTIVE": 21458,
        "INVALID": 0,
        "MALICIOUS": 0,
        "SANE": 0,
        "VALID": 0,
        "total": 37830
    },
    "percentage": {
        "ACTIVE": 43.278965872743136,
        "INACTIVE": 56.72217816547713,
        "INVALID": 0,
        "MALICIOUS": 0,
        "SANE": 0,
        "VALID": 0,
        "total": 100.00114403822027
    }
}