{
    "counter": {
        "ACTIVE": 2975,
        "INACTIVE": 3606,
        "INVALID": 0,
        "MALICIOUS": 0,
        "SANE": 0,
        "VALID": 0,
        "total": 6581
    },
    "percentage": {
        "ACTIVE": 45.212765957446805,
        "INACTIVE": 54.794104239477285,
        "INVALID": 0,
        "MALICIOUS": 0,
        "SANE": 0,
        "VALID": 0,
        "total": 100.0068701969241
    }
}