{
    "counter": {
        "ACTIVE": 3617,
        "INACTIVE": 4416,
        "INVALID": 0,
        "MALICIOUS": 0,
        "SANE": 0,
        "VALID": 0,
        "total": 8033
    },
    "percentage": {
        "ACTIVE": 45.02676459604133,
        "INACTIVE": 54.99377334993773,
        "INVALID": 0,
        "MALICIOUS": 0,
        "SANE": 0,
        "VALID": 0,
        "total": 100.02053794597907
    }
}