{
    "counter": {
        "ACTIVE": 11342,
        "INACTIVE": 14060,
        "INVALID": 0,
        "MALICIOUS": 0,
        "SANE": 0,
        "VALID": 0,
        "total": 25402
    },
    "percentage": {
        "ACTIVE": 44.65178536278099,
        "INACTIVE": 55.349972443114716,
        "INVALID": 0,
        "MALICIOUS": 0,
        "SANE": 0,
        "VALID": 0,
        "total": 100.0017578058957
    }
}