{
    "counter": {
        "ACTIVE": 15293,
        "INACTIVE": 20434,
        "INVALID": 0,
        "MALICIOUS": 0,
        "SANE": 0,
        "VALID": 0,
        "total": 35727
    },
    "percentage": {
        "ACTIVE": 42.80635951407938,
        "INACTIVE": 57.194838637445066,
        "INVALID": 0,
        "MALICIOUS": 0,
        "SANE": 0,
        "VALID": 0,
        "total": 100.00119815152445
    }
}