{
    "counter": {
        "ACTIVE": 43808,
        "INACTIVE": 58762,
        "INVALID": 0,
        "MALICIOUS": 0,
        "SANE": 0,
        "VALID": 0,
        "total": 102570
    },
    "percentage": {
        "ACTIVE": 42.710344155211075,
        "INACTIVE": 57.289655844788925,
        "INVALID": 0.0,
        "MALICIOUS": 0.0,
        "SANE": 0.0,
        "VALID": 0.0,
        "total": 100.0
    }
}