{
    "counter": {
        "ACTIVE": 14258,
        "INACTIVE": 19084,
        "INVALID": 0,
        "MALICIOUS": 0,
        "SANE": 0,
        "VALID": 0,
        "total": 33342
    },
    "percentage": {
        "ACTIVE": 42.7628816507708,
        "INACTIVE": 57.238835067934374,
        "INVALID": 0,
        "MALICIOUS": 0,
        "SANE": 0,
        "VALID": 0,
        "total": 100.00171671870518
    }
}