{
    "counter": {
        "ACTIVE": 23042,
        "INACTIVE": 28210,
        "INVALID": 0,
        "MALICIOUS": 0,
        "SANE": 0,
        "VALID": 0,
        "total": 51252
    },
    "percentage": {
        "ACTIVE": 44.95824553188168,
        "INACTIVE": 55.04175446811832,
        "INVALID": 0.0,
        "MALICIOUS": 0.0,
        "SANE": 0.0,
        "VALID": 0.0,
        "total": 100.0
    }
}