{
    "counter": {
        "ACTIVE": 25575,
        "INACTIVE": 32450,
        "INVALID": 0,
        "MALICIOUS": 0,
        "SANE": 0,
        "VALID": 0,
        "total": 58025
    },
    "percentage": {
        "ACTIVE": 44.07582938388626,
        "INACTIVE": 55.92417061611374,
        "INVALID": 0.0,
        "MALICIOUS": 0.0,
        "SANE": 0.0,
        "VALID": 0.0,
        "total": 100.0
    }
}