{
    "counter": {
        "ACTIVE": 24644,
        "INACTIVE": 30498,
        "INVALID": 0,
        "MALICIOUS": 0,
        "SANE": 0,
        "VALID": 0,
        "total": 55142
    },
    "percentage": {
        "ACTIVE": 44.69188640237931,
        "INACTIVE": 55.30811359762069,
        "INVALID": 0.0,
        "MALICIOUS": 0.0,
        "SANE": 0.0,
        "VALID": 0.0,
        "total": 100.0
    }
}