{
    "counter": {
        "ACTIVE": 7688,
        "INACTIVE": 10143,
        "INVALID": 0,
        "MALICIOUS": 0,
        "SANE": 0,
        "VALID": 0,
        "total": 17831
    },
    "percentage": {
        "ACTIVE": 43.1207583151046,
        "INACTIVE": 56.88407829061747,
        "INVALID": 0,
        "MALICIOUS": 0,
        "SANE": 0,
        "VALID": 0,
        "total": 100.00483660572206
    }
}