{
    "counter": {
        "ACTIVE": 24204,
        "INACTIVE": 30037,
        "INVALID": 0,
        "MALICIOUS": 0,
        "SANE": 0,
        "VALID": 0,
        "total": 54241
    },
    "percentage": {
        "ACTIVE": 44.623071108571004,
        "INACTIVE": 55.376928891428996,
        "INVALID": 0.0,
        "MALICIOUS": 0.0,
        "SANE": 0.0,
        "VALID": 0.0,
        "total": 100.0
    }
}