{
    "counter": {
        "ACTIVE": 28498,
        "INACTIVE": 36371,
        "INVALID": 0,
        "MALICIOUS": 0,
        "SANE": 0,
        "VALID": 0,
        "total": 64869
    },
    "percentage": {
        "ACTIVE": 43.931616026145,
        "INACTIVE": 56.06924831966455,
        "INVALID": 0.0,
        "MALICIOUS": 0.0,
        "SANE": 0.0,
        "VALID": 0.0,
        "total": 100.00086434580956
    }
}