{
    "counter": {
        "ACTIVE": 5506,
        "INACTIVE": 6874,
        "INVALID": 0,
        "MALICIOUS": 0,
        "SANE": 0,
        "VALID": 0,
        "total": 12380
    },
    "percentage": {
        "ACTIVE": 44.474959612277864,
        "INACTIVE": 55.52952580983924,
        "INVALID": 0,
        "MALICIOUS": 0,
        "SANE": 0,
        "VALID": 0,
        "total": 100.00448542211711
    }
}