{
    "counter": {
        "ACTIVE": 18259,
        "INACTIVE": 23389,
        "INVALID": 0,
        "MALICIOUS": 0,
        "SANE": 0,
        "VALID": 0,
        "total": 41648
    },
    "percentage": {
        "ACTIVE": 43.84124087591241,
        "INACTIVE": 56.160107570773405,
        "INVALID": 0,
        "MALICIOUS": 0,
        "SANE": 0,
        "VALID": 0,
        "total": 100.00134844668582
    }
}