{
    "counter": {
        "ACTIVE": 28505,
        "INACTIVE": 36383,
        "INVALID": 0,
        "MALICIOUS": 0,
        "SANE": 0,
        "VALID": 0,
        "total": 64888
    },
    "percentage": {
        "ACTIVE": 43.929540130686725,
        "INACTIVE": 56.071323994020375,
        "INVALID": 0.0,
        "MALICIOUS": 0.0,
        "SANE": 0.0,
        "VALID": 0.0,
        "total": 100.0008641247071
    }
}