{
    "counter": {
        "ACTIVE": 31993,
        "INACTIVE": 40077,
        "INVALID": 0,
        "MALICIOUS": 0,
        "SANE": 0,
        "VALID": 0,
        "total": 72070
    },
    "percentage": {
        "ACTIVE": 44.39156375745803,
        "INACTIVE": 55.60920784248429,
        "INVALID": 0.0,
        "MALICIOUS": 0.0,
        "SANE": 0.0,
        "VALID": 0.0,
        "total": 100.00077159994231
    }
}