{
    "counter": {
        "ACTIVE": 19562,
        "INACTIVE": 24615,
        "INVALID": 0,
        "MALICIOUS": 0,
        "SANE": 0,
        "VALID": 0,
        "total": 44177
    },
    "percentage": {
        "ACTIVE": 44.28296547821166,
        "INACTIVE": 55.7190393191027,
        "INVALID": 0,
        "MALICIOUS": 0,
        "SANE": 0,
        "VALID": 0,
        "total": 100.00200479731436
    }
}