{
    "counter": {
        "ACTIVE": 12385,
        "INACTIVE": 15281,
        "INVALID": 0,
        "MALICIOUS": 0,
        "SANE": 0,
        "VALID": 0,
        "total": 27666
    },
    "percentage": {
        "ACTIVE": 44.76937536148063,
        "INACTIVE": 55.233861056892934,
        "INVALID": 0,
        "MALICIOUS": 0,
        "SANE": 0,
        "VALID": 0,
        "total": 100.00323641837356
    }
}