{
    "counter": {
        "ACTIVE": 18584,
        "INACTIVE": 23656,
        "INVALID": 0,
        "MALICIOUS": 0,
        "SANE": 0,
        "VALID": 0,
        "total": 42240
    },
    "percentage": {
        "ACTIVE": 44.00037882375225,
        "INACTIVE": 56.003787878787875,
        "INVALID": 0,
        "MALICIOUS": 0,
        "SANE": 0,
        "VALID": 0,
        "total": 100.00416670254012
    }
}