{
    "counter": {
        "ACTIVE": 1963,
        "INACTIVE": 2521,
        "INVALID": 0,
        "MALICIOUS": 0,
        "SANE": 0,
        "VALID": 0,
        "total": 4484
    },
    "percentage": {
        "ACTIVE": 43.7778768956289,
        "INACTIVE": 56.23466428730761,
        "INVALID": 0,
        "MALICIOUS": 0,
        "SANE": 0,
        "VALID": 0,
        "total": 100.0125411829365
    }
}