{
    "counter": {
        "ACTIVE": 12856,
        "INACTIVE": 16229,
        "INVALID": 0,
        "MALICIOUS": 0,
        "SANE": 0,
        "VALID": 0,
        "total": 29085
    },
    "percentage": {
        "ACTIVE": 44.20147842530514,
        "INACTIVE": 55.808115543328746,
        "INVALID": 0,
        "MALICIOUS": 0,
        "SANE": 0,
        "VALID": 0,
        "total": 100.00959396863388
    }
}