{
    "counter": {
        "ACTIVE": 13865,
        "INACTIVE": 18203,
        "INVALID": 0,
        "MALICIOUS": 0,
        "SANE": 0,
        "VALID": 0,
        "total": 32068
    },
    "percentage": {
        "ACTIVE": 43.24029315452986,
        "INACTIVE": 56.76375202694275,
        "INVALID": 0,
        "MALICIOUS": 0,
        "SANE": 0,
        "VALID": 0,
        "total": 100.0040451814726
    }
}