{
    "counter": {
        "ACTIVE": 30852,
        "INACTIVE": 38667,
        "INVALID": 0,
        "MALICIOUS": 0,
        "SANE": 0,
        "VALID": 0,
        "total": 69519
    },
    "percentage": {
        "ACTIVE": 44.379234453890305,
        "INACTIVE": 55.622365752262034,
        "INVALID": 0.0,
        "MALICIOUS": 0.0,
        "SANE": 0.0,
        "VALID": 0.0,
        "total": 100.00160020615235
    }
}