{
    "counter": {
        "ACTIVE": 39367,
        "INACTIVE": 48924,
        "INVALID": 0,
        "MALICIOUS": 0,
        "SANE": 0,
        "VALID": 0,
        "total": 88291
    },
    "percentage": {
        "ACTIVE": 44.58778357930027,
        "INACTIVE": 55.41221642069973,
        "INVALID": 0.0,
        "MALICIOUS": 0.0,
        "SANE": 0.0,
        "VALID": 0.0,
        "total": 100.0
    }
}