{
    "counter": {
        "ACTIVE": 8152,
        "INACTIVE": 10757,
        "INVALID": 0,
        "MALICIOUS": 0,
        "SANE": 0,
        "VALID": 0,
        "total": 18909
    },
    "percentage": {
        "ACTIVE": 43.1140258091813,
        "INACTIVE": 56.888254270453224,
        "INVALID": 0,
        "MALICIOUS": 0,
        "SANE": 0,
        "VALID": 0,
        "total": 100.00228007963452
    }
}