{
    "counter": {
        "ACTIVE": 7504,
        "INACTIVE": 9925,
        "INVALID": 0,
        "MALICIOUS": 0,
        "SANE": 0,
        "VALID": 0,
        "total": 17429
    },
    "percentage": {
        "ACTIVE": 43.05467898330369,
        "INACTIVE": 56.94858847831076,
        "INVALID": 0,
        "MALICIOUS": 0,
        "SANE": 0,
        "VALID": 0,
        "total": 100.00326746161446
    }
}