{
    "counter": {
        "ACTIVE": 23158,
        "INACTIVE": 28393,
        "INVALID": 0,
        "MALICIOUS": 0,
        "SANE": 0,
        "VALID": 0,
        "total": 51551
    },
    "percentage": {
        "ACTIVE": 44.92250392814882,
        "INACTIVE": 55.07749607185118,
        "INVALID": 0.0,
        "MALICIOUS": 0.0,
        "SANE": 0.0,
        "VALID": 0.0,
        "total": 100.0
    }
}