{
    "counter": {
        "ACTIVE": 32334,
        "INACTIVE": 40548,
        "INVALID": 0,
        "MALICIOUS": 0,
        "SANE": 0,
        "VALID": 0,
        "total": 72882
    },
    "percentage": {
        "ACTIVE": 44.36486375236684,
        "INACTIVE": 55.63513624763316,
        "INVALID": 0.0,
        "MALICIOUS": 0.0,
        "SANE": 0.0,
        "VALID": 0.0,
        "total": 100.0
    }
}