{
    "counter": {
        "ACTIVE": 32688,
        "INACTIVE": 41099,
        "INVALID": 0,
        "MALICIOUS": 0,
        "SANE": 0,
        "VALID": 0,
        "total": 73787
    },
    "percentage": {
        "ACTIVE": 44.300486535568595,
        "INACTIVE": 55.699513464431405,
        "INVALID": 0.0,
        "MALICIOUS": 0.0,
        "SANE": 0.0,
        "VALID": 0.0,
        "total": 100.0
    }
}