{
    "counter": {
        "ACTIVE": 24734,
        "INACTIVE": 30648,
        "INVALID": 0,
        "MALICIOUS": 0,
        "SANE": 0,
        "VALID": 0,
        "total": 55382
    },
    "percentage": {
        "ACTIVE": 44.66072008955978,
        "INACTIVE": 55.33927991044022,
        "INVALID": 0.0,
        "MALICIOUS": 0.0,
        "SANE": 0.0,
        "VALID": 0.0,
        "total": 100.0
    }
}