{
    "counter": {
        "ACTIVE": 14128,
        "INACTIVE": 18840,
        "INVALID": 0,
        "MALICIOUS": 0,
        "SANE": 0,
        "VALID": 0,
        "total": 32968
    },
    "percentage": {
        "ACTIVE": 42.85497618830952,
        "INACTIVE": 57.1463237078379,
        "INVALID": 0,
        "MALICIOUS": 0,
        "SANE": 0,
        "VALID": 0,
        "total": 100.00129989614743
    }
}