{
    "counter": {
        "ACTIVE": 30083,
        "INACTIVE": 37862,
        "INVALID": 0,
        "MALICIOUS": 0,
        "SANE": 0,
        "VALID": 0,
        "total": 67945
    },
    "percentage": {
        "ACTIVE": 44.27551696224888,
        "INACTIVE": 55.72612336811739,
        "INVALID": 0.0,
        "MALICIOUS": 0.0,
        "SANE": 0.0,
        "VALID": 0.0,
        "total": 100.00164033036627
    }
}