{
    "counter": {
        "ACTIVE": 28398,
        "INACTIVE": 36299,
        "INVALID": 0,
        "MALICIOUS": 0,
        "SANE": 0,
        "VALID": 0,
        "total": 64697
    },
    "percentage": {
        "ACTIVE": 43.89520055645722,
        "INACTIVE": 56.106156390559065,
        "INVALID": 0.0,
        "MALICIOUS": 0.0,
        "SANE": 0.0,
        "VALID": 0.0,
        "total": 100.00135694701629
    }
}