{
    "counter": {
        "ACTIVE": 15431,
        "INACTIVE": 20799,
        "INVALID": 0,
        "MALICIOUS": 0,
        "SANE": 0,
        "VALID": 0,
        "total": 36230
    },
    "percentage": {
        "ACTIVE": 42.59177477228816,
        "INACTIVE": 57.40980982086174,
        "INVALID": 0,
        "MALICIOUS": 0,
        "SANE": 0,
        "VALID": 0,
        "total": 100.0015845931499
    }
}