{
    "counter": {
        "ACTIVE": 26455,
        "INACTIVE": 33863,
        "INVALID": 0,
        "MALICIOUS": 0,
        "SANE": 0,
        "VALID": 0,
        "total": 60318
    },
    "percentage": {
        "ACTIVE": 43.85921283862197,
        "INACTIVE": 56.14078716137803,
        "INVALID": 0.0,
        "MALICIOUS": 0.0,
        "SANE": 0.0,
        "VALID": 0.0,
        "total": 100.0
    }
}