{
    "counter": {
        "ACTIVE": 36143,
        "INACTIVE": 45220,
        "INVALID": 0,
        "MALICIOUS": 0,
        "SANE": 0,
        "VALID": 0,
        "total": 81363
    },
    "percentage": {
        "ACTIVE": 44.42191167975616,
        "INACTIVE": 55.57808832024384,
        "INVALID": 0.0,
        "MALICIOUS": 0.0,
        "SANE": 0.0,
        "VALID": 0.0,
        "total": 100.0
    }
}