{
    "counter": {
        "ACTIVE": 43156,
        "INACTIVE": 57565,
        "INVALID": 0,
        "MALICIOUS": 0,
        "SANE": 0,
        "VALID": 0,
        "total": 100721
    },
    "percentage": {
        "ACTIVE": 42.84707260650708,
        "INACTIVE": 57.15292739349292,
        "INVALID": 0.0,
        "MALICIOUS": 0.0,
        "SANE": 0.0,
        "VALID": 0.0,
        "total": 100.0
    }
}