{
    "counter": {
        "ACTIVE": 39750,
        "INACTIVE": 49771,
        "INVALID": 0,
        "MALICIOUS": 0,
        "SANE": 0,
        "VALID": 0,
        "total": 89521
    },
    "percentage": {
        "ACTIVE": 44.40298924274751,
        "INACTIVE": 55.59701075725249,
        "INVALID": 0.0,
        "MALICIOUS": 0.0,
        "SANE": 0.0,
        "VALID": 0.0,
        "total": 100.0
    }
}