{
    "counter": {
        "ACTIVE": 40643,
        "INACTIVE": 54251,
        "INVALID": 0,
        "MALICIOUS": 0,
        "SANE": 0,
        "VALID": 0,
        "total": 94894
    },
    "percentage": {
        "ACTIVE": 42.8298944084979,
        "INACTIVE": 57.1701055915021,
        "INVALID": 0.0,
        "MALICIOUS": 0.0,
        "SANE": 0.0,
        "VALID": 0.0,
        "total": 100.0
    }
}