{
    "counter": {
        "ACTIVE": 40195,
        "INACTIVE": 51801,
        "INVALID": 0,
        "MALICIOUS": 0,
        "SANE": 0,
        "VALID": 0,
        "total": 91996
    },
    "percentage": {
        "ACTIVE": 43.692117048567326,
        "INACTIVE": 56.307882951432674,
        "INVALID": 0.0,
        "MALICIOUS": 0.0,
        "SANE": 0.0,
        "VALID": 0.0,
        "total": 100.0
    }
}