{
    "counter": {
        "ACTIVE": 25320,
        "INACTIVE": 31905,
        "INVALID": 0,
        "MALICIOUS": 0,
        "SANE": 0,
        "VALID": 0,
        "total": 57225
    },
    "percentage": {
        "ACTIVE": 44.246395806028836,
        "INACTIVE": 55.753604193971164,
        "INVALID": 0.0,
        "MALICIOUS": 0.0,
        "SANE": 0.0,
        "VALID": 0.0,
        "total": 100.0
    }
}