{
    "counter": {
        "ACTIVE": 30327,
        "INACTIVE": 38083,
        "INVALID": 0,
        "MALICIOUS": 0,
        "SANE": 0,
        "VALID": 0,
        "total": 68410
    },
    "percentage": {
        "ACTIVE": 44.33188615533044,
        "INACTIVE": 55.66876187691858,
        "INVALID": 0.0,
        "MALICIOUS": 0.0,
        "SANE": 0.0,
        "VALID": 0.0,
        "total": 100.00064803224902
    }
}