{
    "counter": {
        "ACTIVE": 16879,
        "INACTIVE": 21925,
        "INVALID": 0,
        "MALICIOUS": 0,
        "SANE": 0,
        "VALID": 0,
        "total": 38804
    },
    "percentage": {
        "ACTIVE": 43.499213978300645,
        "INACTIVE": 56.50190701989486,
        "INVALID": 0,
        "MALICIOUS": 0,
        "SANE": 0,
        "VALID": 0,
        "total": 100.0011209981955
    }
}