{
    "counter": {
        "ACTIVE": 4764,
        "INACTIVE": 6104,
        "INVALID": 0,
        "MALICIOUS": 0,
        "SANE": 0,
        "VALID": 0,
        "total": 10868
    },
    "percentage": {
        "ACTIVE": 43.83511225616489,
        "INACTIVE": 56.190739206480714,
        "INVALID": 0,
        "MALICIOUS": 0,
        "SANE": 0,
        "VALID": 0,
        "total": 100.0258514626456
    }
}