{
    "counter": {
        "ACTIVE": 37541,
        "INACTIVE": 46290,
        "INVALID": 0,
        "MALICIOUS": 0,
        "SANE": 0,
        "VALID": 0,
        "total": 83831
    },
    "percentage": {
        "ACTIVE": 44.781763309515576,
        "INACTIVE": 55.218236690484424,
        "INVALID": 0.0,
        "MALICIOUS": 0.0,
        "SANE": 0.0,
        "VALID": 0.0,
        "total": 100.0
    }
}