{
    "counter": {
        "ACTIVE": 34912,
        "INACTIVE": 43503,
        "INVALID": 0,
        "MALICIOUS": 0,
        "SANE": 0,
        "VALID": 0,
        "total": 78415
    },
    "percentage": {
        "ACTIVE": 44.52209398711981,
        "INACTIVE": 55.47790601288019,
        "INVALID": 0.0,
        "MALICIOUS": 0.0,
        "SANE": 0.0,
        "VALID": 0.0,
        "total": 100.0
    }
}