{
    "counter": {
        "ACTIVE": 17916,
        "INACTIVE": 23034,
        "INVALID": 0,
        "MALICIOUS": 0,
        "SANE": 0,
        "VALID": 0,
        "total": 40950
    },
    "percentage": {
        "ACTIVE": 43.75198417543774,
        "INACTIVE": 56.24908424908425,
        "INVALID": 0,
        "MALICIOUS": 0,
        "SANE": 0,
        "VALID": 0,
        "total": 100.00106842452199
    }
}