{
    "counter": {
        "ACTIVE": 40410,
        "INACTIVE": 53260,
        "INVALID": 0,
        "MALICIOUS": 0,
        "SANE": 0,
        "VALID": 0,
        "total": 93670
    },
    "percentage": {
        "ACTIVE": 43.1408134941817,
        "INACTIVE": 56.8591865058183,
        "INVALID": 0.0,
        "MALICIOUS": 0.0,
        "SANE": 0.0,
        "VALID": 0.0,
        "total": 100.0
    }
}