{
    "counter": {
        "ACTIVE": 40353,
        "INACTIVE": 52946,
        "INVALID": 0,
        "MALICIOUS": 0,
        "SANE": 0,
        "VALID": 0,
        "total": 93299
    },
    "percentage": {
        "ACTIVE": 43.251267430519086,
        "INACTIVE": 56.748732569480914,
        "INVALID": 0.0,
        "MALICIOUS": 0.0,
        "SANE": 0.0,
        "VALID": 0.0,
        "total": 100.0
    }
}