{
    "counter": {
        "ACTIVE": 17960,
        "INACTIVE": 23090,
        "INVALID": 0,
        "MALICIOUS": 0,
        "SANE": 0,
        "VALID": 0,
        "total": 41050
    },
    "percentage": {
        "ACTIVE": 43.752588369996836,
        "INACTIVE": 56.24847746650426,
        "INVALID": 0,
        "MALICIOUS": 0,
        "SANE": 0,
        "VALID": 0,
        "total": 100.0010658365011
    }
}