{
    "counter": {
        "ACTIVE": 30774,
        "INACTIVE": 38597,
        "INVALID": 0,
        "MALICIOUS": 0,
        "SANE": 0,
        "VALID": 0,
        "total": 69371
    },
    "percentage": {
        "ACTIVE": 44.36275569779008,
        "INACTIVE": 55.63852330224445,
        "INVALID": 0.0,
        "MALICIOUS": 0.0,
        "SANE": 0.0,
        "VALID": 0.0,
        "total": 100.00127900003453
    }
}