{
    "counter": {
        "ACTIVE": 29061,
        "INACTIVE": 36982,
        "INVALID": 0,
        "MALICIOUS": 0,
        "SANE": 0,
        "VALID": 0,
        "total": 66043
    },
    "percentage": {
        "ACTIVE": 44.0031494632285,
        "INACTIVE": 55.99769843432967,
        "INVALID": 0.0,
        "MALICIOUS": 0.0,
        "SANE": 0.0,
        "VALID": 0.0,
        "total": 100.00084789755817
    }
}