{
    "counter": {
        "ACTIVE": 38386,
        "INACTIVE": 47419,
        "INVALID": 0,
        "MALICIOUS": 0,
        "SANE": 0,
        "VALID": 0,
        "total": 85805
    },
    "percentage": {
        "ACTIVE": 44.73632072723035,
        "INACTIVE": 55.26367927276965,
        "INVALID": 0.0,
        "MALICIOUS": 0.0,
        "SANE": 0.0,
        "VALID": 0.0,
        "total": 100.0
    }
}