{
    "counter": {
        "ACTIVE": 35659,
        "INACTIVE": 44643,
        "INVALID": 0,
        "MALICIOUS": 0,
        "SANE": 0,
        "VALID": 0,
        "total": 80302
    },
    "percentage": {
        "ACTIVE": 44.40611690866977,
        "INACTIVE": 55.59388309133023,
        "INVALID": 0.0,
        "MALICIOUS": 0.0,
        "SANE": 0.0,
        "VALID": 0.0,
        "total": 100.0
    }
}