{
    "counter": {
        "ACTIVE": 15177,
        "INACTIVE": 20281,
        "INVALID": 0,
        "MALICIOUS": 0,
        "SANE": 0,
        "VALID": 0,
        "total": 35458
    },
    "percentage": {
        "ACTIVE": 42.80275255231542,
        "INACTIVE": 57.198860591702626,
        "INVALID": 0,
        "MALICIOUS": 0,
        "SANE": 0,
        "VALID": 0,
        "total": 100.00161314401805
    }
}