{
    "counter": {
        "ACTIVE": 22128,
        "INACTIVE": 27133,
        "INVALID": 0,
        "MALICIOUS": 0,
        "SANE": 0,
        "VALID": 0,
        "total": 49261
    },
    "percentage": {
        "ACTIVE": 44.919916363857816,
        "INACTIVE": 55.080083636142184,
        "INVALID": 0.0,
        "MALICIOUS": 0.0,
        "SANE": 0.0,
        "VALID": 0.0,
        "total": 100.0
    }
}