{
    "counter": {
        "ACTIVE": 31856,
        "INACTIVE": 39870,
        "INVALID": 0,
        "MALICIOUS": 0,
        "SANE": 0,
        "VALID": 0,
        "total": 71726
    },
    "percentage": {
        "ACTIVE": 44.41532005075081,
        "INACTIVE": 55.586537657195436,
        "INVALID": 0.0,
        "MALICIOUS": 0.0,
        "SANE": 0.0,
        "VALID": 0.0,
        "total": 100.00185770794624
    }
}