{
    "counter": {
        "ACTIVE": 22277,
        "INACTIVE": 27393,
        "INVALID": 0,
        "MALICIOUS": 0,
        "SANE": 0,
        "VALID": 0,
        "total": 49670
    },
    "percentage": {
        "ACTIVE": 44.85001006643849,
        "INACTIVE": 55.14998993356151,
        "INVALID": 0.0,
        "MALICIOUS": 0.0,
        "SANE": 0.0,
        "VALID": 0.0,
        "total": 100.0
    }
}