{
    "counter": {
        "ACTIVE": 4826,
        "INACTIVE": 6171,
        "INVALID": 0,
        "MALICIOUS": 0,
        "SANE": 0,
        "VALID": 0,
        "total": 10997
    },
    "percentage": {
        "ACTIVE": 43.89267849022283,
        "INACTIVE": 56.1153041738656,
        "INVALID": 0,
        "MALICIOUS": 0,
        "SANE": 0,
        "VALID": 0,
        "total": 100.00798266408843
    }
}