{
    "counter": {
        "ACTIVE": 42435,
        "INACTIVE": 56468,
        "INVALID": 0,
        "MALICIOUS": 0,
        "SANE": 0,
        "VALID": 0,
        "total": 98903
    },
    "percentage": {
        "ACTIVE": 42.9056752575756,
        "INACTIVE": 57.0943247424244,
        "INVALID": 0.0,
        "MALICIOUS": 0.0,
        "SANE": 0.0,
        "VALID": 0.0,
        "total": 100.0
    }
}