{
    "counter": {
        "ACTIVE": 19340,
        "INACTIVE": 24216,
        "INVALID": 0,
        "MALICIOUS": 0,
        "SANE": 0,
        "VALID": 0,
        "total": 43556
    },
    "percentage": {
        "ACTIVE": 44.402608136651665,
        "INACTIVE": 55.60122150024109,
        "INVALID": 0,
        "MALICIOUS": 0,
        "SANE": 0,
        "VALID": 0,
        "total": 100.00382963689276
    }
}