{
    "counter": {
        "ACTIVE": 39470,
        "INACTIVE": 49178,
        "INVALID": 0,
        "MALICIOUS": 0,
        "SANE": 0,
        "VALID": 0,
        "total": 88648
    },
    "percentage": {
        "ACTIVE": 44.524411154227955,
        "INACTIVE": 55.475588845772045,
        "INVALID": 0.0,
        "MALICIOUS": 0.0,
        "SANE": 0.0,
        "VALID": 0.0,
        "total": 100.0
    }
}