{
    "counter": {
        "ACTIVE": 43926,
        "INACTIVE": 58937,
        "INVALID": 0,
        "MALICIOUS": 0,
        "SANE": 0,
        "VALID": 0,
        "total": 102863
    },
    "percentage": {
        "ACTIVE": 42.703401611852655,
        "INACTIVE": 57.296598388147345,
        "INVALID": 0.0,
        "MALICIOUS": 0.0,
        "SANE": 0.0,
        "VALID": 0.0,
        "total": 100.0
    }
}