{
    "counter": {
        "ACTIVE": 6370,
        "INACTIVE": 8143,
        "INVALID": 0,
        "MALICIOUS": 0,
        "SANE": 0,
        "VALID": 0,
        "total": 14513
    },
    "percentage": {
        "ACTIVE": 43.89168331840419,
        "INACTIVE": 56.11218302094818,
        "INVALID": 0,
        "MALICIOUS": 0,
        "SANE": 0,
        "VALID": 0,
        "total": 100.00386633935237
    }
}