{
    "counter": {
        "ACTIVE": 860,
        "INACTIVE": 1149,
        "INVALID": 0,
        "MALICIOUS": 0,
        "SANE": 0,
        "VALID": 0,
        "total": 2009
    },
    "percentage": {
        "ACTIVE": 42.8073668491787,
        "INACTIVE": 57.24962630792227,
        "INVALID": 0,
        "MALICIOUS": 0,
        "SANE": 0,
        "VALID": 0,
        "total": 100.05699315710098
    }
}