{
    "counter": {
        "ACTIVE": 37024,
        "INACTIVE": 46036,
        "INVALID": 0,
        "MALICIOUS": 0,
        "SANE": 0,
        "VALID": 0,
        "total": 83060
    },
    "percentage": {
        "ACTIVE": 44.57500601974476,
        "INACTIVE": 55.42499398025524,
        "INVALID": 0.0,
        "MALICIOUS": 0.0,
        "SANE": 0.0,
        "VALID": 0.0,
        "total": 100.0
    }
}