{
    "counter": {
        "ACTIVE": 43112,
        "INACTIVE": 57524,
        "INVALID": 0,
        "MALICIOUS": 0,
        "SANE": 0,
        "VALID": 0,
        "total": 100636
    },
    "percentage": {
        "ACTIVE": 42.83954052227831,
        "INACTIVE": 57.16045947772169,
        "INVALID": 0.0,
        "MALICIOUS": 0.0,
        "SANE": 0.0,
        "VALID": 0.0,
        "total": 100.0
    }
}