{
    "counter": {
        "ACTIVE": 23826,
        "INACTIVE": 29184,
        "INVALID": 0,
        "MALICIOUS": 0,
        "SANE": 0,
        "VALID": 0,
        "total": 53010
    },
    "percentage": {
        "ACTIVE": 44.946236559139784,
        "INACTIVE": 55.053763440860216,
        "INVALID": 0.0,
        "MALICIOUS": 0.0,
        "SANE": 0.0,
        "VALID": 0.0,
        "total": 100.0
    }
}