{
    "counter": {
        "ACTIVE": 40189,
        "INACTIVE": 51785,
        "INVALID": 0,
        "MALICIOUS": 0,
        "SANE": 0,
        "VALID": 0,
        "total": 91974
    },
    "percentage": {
        "ACTIVE": 43.69604453432492,
        "INACTIVE": 56.30395546567508,
        "INVALID": 0.0,
        "MALICIOUS": 0.0,
        "SANE": 0.0,
        "VALID": 0.0,
        "total": 100.0
    }
}