{
    "counter": {
        "ACTIVE": 30146,
        "INACTIVE": 37926,
        "INVALID": 0,
        "MALICIOUS": 0,
        "SANE": 0,
        "VALID": 0,
        "total": 68072
    },
    "percentage": {
        "ACTIVE": 44.285462451521916,
        "INACTIVE": 55.71781160016454,
        "INVALID": 0.0,
        "MALICIOUS": 0.0,
        "SANE": 0.0,
        "VALID": 0.0,
        "total": 100.00327405168645
    }
}