{
    "counter": {
        "ACTIVE": 37867,
        "INACTIVE": 46860,
        "INVALID": 0,
        "MALICIOUS": 0,
        "SANE": 0,
        "VALID": 0,
        "total": 84727
    },
    "percentage": {
        "ACTIVE": 44.692955020241484,
        "INACTIVE": 55.307044979758516,
        "INVALID": 0.0,
        "MALICIOUS": 0.0,
        "SANE": 0.0,
        "VALID": 0.0,
        "total": 100.0
    }
}