{
    "counter": {
        "ACTIVE": 33000,
        "INACTIVE": 41595,
        "INVALID": 0,
        "MALICIOUS": 0,
        "SANE": 0,
        "VALID": 0,
        "total": 74595
    },
    "percentage": {
        "ACTIVE": 44.23889000603258,
        "INACTIVE": 55.76110999396742,
        "INVALID": 0.0,
        "MALICIOUS": 0.0,
        "SANE": 0.0,
        "VALID": 0.0,
        "total": 100.0
    }
}