{
    "counter": {
        "ACTIVE": 23674,
        "INACTIVE": 28990,
        "INVALID": 0,
        "MALICIOUS": 0,
        "SANE": 0,
        "VALID": 0,
        "total": 52664
    },
    "percentage": {
        "ACTIVE": 44.95290900805104,
        "INACTIVE": 55.04709099194896,
        "INVALID": 0.0,
        "MALICIOUS": 0.0,
        "SANE": 0.0,
        "VALID": 0.0,
        "total": 100.0
    }
}