{
    "counter": {
        "ACTIVE": 5507,
        "INACTIVE": 6884,
        "INVALID": 0,
        "MALICIOUS": 0,
        "SANE": 0,
        "VALID": 0,
        "total": 12391
    },
    "percentage": {
        "ACTIVE": 44.472260356940964,
        "INACTIVE": 55.556452263739814,
        "INVALID": 0,
        "MALICIOUS": 0,
        "SANE": 0,
        "VALID": 0,
        "total": 100.02871262068078
    }
}