{
    "counter": {
        "ACTIVE": 43694,
        "INACTIVE": 58647,
        "INVALID": 0,
        "MALICIOUS": 0,
        "SANE": 0,
        "VALID": 0,
        "total": 102341
    },
    "percentage": {
        "ACTIVE": 42.69452125736508,
        "INACTIVE": 57.30547874263492,
        "INVALID": 0.0,
        "MALICIOUS": 0.0,
        "SANE": 0.0,
        "VALID": 0.0,
        "total": 100.0
    }
}