{
    "counter": {
        "ACTIVE": 39459,
        "INACTIVE": 49142,
        "INVALID": 0,
        "MALICIOUS": 0,
        "SANE": 0,
        "VALID": 0,
        "total": 88601
    },
    "percentage": {
        "ACTIVE": 44.535614722181464,
        "INACTIVE": 55.464385277818536,
        "INVALID": 0.0,
        "MALICIOUS": 0.0,
        "SANE": 0.0,
        "VALID": 0.0,
        "total": 100.0
    }
}