{
    "counter": {
        "ACTIVE": 26888,
        "INACTIVE": 34400,
        "INVALID": 0,
        "MALICIOUS": 0,
        "SANE": 0,
        "VALID": 0,
        "total": 61288
    },
    "percentage": {
        "ACTIVE": 43.87155723795849,
        "INACTIVE": 56.12844276204151,
        "INVALID": 0.0,
        "MALICIOUS": 0.0,
        "SANE": 0.0,
        "VALID": 0.0,
        "total": 100.0
    }
}