{
    "counter": {
        "ACTIVE": 39263,
        "INACTIVE": 48645,
        "INVALID": 0,
        "MALICIOUS": 0,
        "SANE": 0,
        "VALID": 0,
        "total": 87908
    },
    "percentage": {
        "ACTIVE": 44.66373936388042,
        "INACTIVE": 55.33626063611958,
        "INVALID": 0.0,
        "MALICIOUS": 0.0,
        "SANE": 0.0,
        "VALID": 0.0,
        "total": 100.0
    }
}