{
    "counter": {
        "ACTIVE": 2415,
        "INACTIVE": 3148,
        "INVALID": 0,
        "MALICIOUS": 0,
        "SANE": 0,
        "VALID": 0,
        "total": 5563
    },
    "percentage": {
        "ACTIVE": 43.41963322545847,
        "INACTIVE": 56.58817184972138,
        "INVALID": 0,
        "MALICIOUS": 0,
        "SANE": 0,
        "VALID": 0,
        "total": 100.00780507517985
    }
}