{
    "counter": {
        "ACTIVE": 13329,
        "INACTIVE": 17223,
        "INVALID": 0,
        "MALICIOUS": 0,
        "SANE": 0,
        "VALID": 0,
        "total": 30552
    },
    "percentage": {
        "ACTIVE": 43.63868517548455,
        "INACTIVE": 56.37274155538099,
        "INVALID": 0,
        "MALICIOUS": 0,
        "SANE": 0,
        "VALID": 0,
        "total": 100.01142673086554
    }
}