{
    "counter": {
        "ACTIVE": 28117,
        "INACTIVE": 35941,
        "INVALID": 0,
        "MALICIOUS": 0,
        "SANE": 0,
        "VALID": 0,
        "total": 64058
    },
    "percentage": {
        "ACTIVE": 43.893719655931434,
        "INACTIVE": 56.106965562459024,
        "INVALID": 0.0,
        "MALICIOUS": 0.0,
        "SANE": 0.0,
        "VALID": 0.0,
        "total": 100.00068521839046
    }
}