{
    "counter": {
        "ACTIVE": 22195,
        "INACTIVE": 27247,
        "INVALID": 0,
        "MALICIOUS": 0,
        "SANE": 0,
        "VALID": 0,
        "total": 49442
    },
    "percentage": {
        "ACTIVE": 44.89098337445896,
        "INACTIVE": 55.10901662554104,
        "INVALID": 0.0,
        "MALICIOUS": 0.0,
        "SANE": 0.0,
        "VALID": 0.0,
        "total": 100.0
    }
}