{
    "counter": {
        "ACTIVE": 2141,
        "INACTIVE": 2795,
        "INVALID": 0,
        "MALICIOUS": 0,
        "SANE": 0,
        "VALID": 0,
        "total": 4936
    },
    "percentage": {
        "ACTIVE": 43.37520259319287,
        "INACTIVE": 56.63627152988855,
        "INVALID": 0,
        "MALICIOUS": 0,
        "SANE": 0,
        "VALID": 0,
        "total": 100.01147412308143
    }
}