{
    "counter": {
        "ACTIVE": 22232,
        "INACTIVE": 27343,
        "INVALID": 0,
        "MALICIOUS": 0,
        "SANE": 0,
        "VALID": 0,
        "total": 49575
    },
    "percentage": {
        "ACTIVE": 44.84518406454866,
        "INACTIVE": 55.15481593545134,
        "INVALID": 0.0,
        "MALICIOUS": 0.0,
        "SANE": 0.0,
        "VALID": 0.0,
        "total": 100.0
    }
}