{
    "counter": {
        "ACTIVE": 25969,
        "INACTIVE": 33213,
        "INVALID": 0,
        "MALICIOUS": 0,
        "SANE": 0,
        "VALID": 0,
        "total": 59182
    },
    "percentage": {
        "ACTIVE": 43.87989591429827,
        "INACTIVE": 56.12010408570173,
        "INVALID": 0.0,
        "MALICIOUS": 0.0,
        "SANE": 0.0,
        "VALID": 0.0,
        "total": 100.0
    }
}