{
    "counter": {
        "ACTIVE": 43771,
        "INACTIVE": 58734,
        "INVALID": 0,
        "MALICIOUS": 0,
        "SANE": 0,
        "VALID": 0,
        "total": 102505
    },
    "percentage": {
        "ACTIVE": 42.70133164235891,
        "INACTIVE": 57.29866835764109,
        "INVALID": 0.0,
        "MALICIOUS": 0.0,
        "SANE": 0.0,
        "VALID": 0.0,
        "total": 100.0
    }
}