{
    "counter": {
        "ACTIVE": 8654,
        "INACTIVE": 11616,
        "INVALID": 0,
        "MALICIOUS": 0,
        "SANE": 0,
        "VALID": 0,
        "total": 20270
    },
    "percentage": {
        "ACTIVE": 42.69784882573515,
        "INACTIVE": 57.306364084854465,
        "INVALID": 0,
        "MALICIOUS": 0,
        "SANE": 0,
        "VALID": 0,
        "total": 100.00421291058962
    }
}