{
    "counter": {
        "ACTIVE": 33243,
        "INACTIVE": 41910,
        "INVALID": 0,
        "MALICIOUS": 0,
        "SANE": 0,
        "VALID": 0,
        "total": 75153
    },
    "percentage": {
        "ACTIVE": 44.23376312322861,
        "INACTIVE": 55.76623687677139,
        "INVALID": 0.0,
        "MALICIOUS": 0.0,
        "SANE": 0.0,
        "VALID": 0.0,
        "total": 100.0
    }
}