{
    "counter": {
        "ACTIVE": 37780,
        "INACTIVE": 46756,
        "INVALID": 0,
        "MALICIOUS": 0,
        "SANE": 0,
        "VALID": 0,
        "total": 84536
    },
    "percentage": {
        "ACTIVE": 44.69101921075045,
        "INACTIVE": 55.30898078924955,
        "INVALID": 0.0,
        "MALICIOUS": 0.0,
        "SANE": 0.0,
        "VALID": 0.0,
        "total": 100.0
    }
}