{
    "counter": {
        "ACTIVE": 31249,
        "INACTIVE": 39099,
        "INVALID": 0,
        "MALICIOUS": 0,
        "SANE": 0,
        "VALID": 0,
        "total": 70348
    },
    "percentage": {
        "ACTIVE": 44.42059475749133,
        "INACTIVE": 55.58019531749755,
        "INVALID": 0.0,
        "MALICIOUS": 0.0,
        "SANE": 0.0,
        "VALID": 0.0,
        "total": 100.00079007498888
    }
}