{
    "counter": {
        "ACTIVE": 26609,
        "INACTIVE": 34044,
        "INVALID": 0,
        "MALICIOUS": 0,
        "SANE": 0,
        "VALID": 0,
        "total": 60653
    },
    "percentage": {
        "ACTIVE": 43.87087200962854,
        "INACTIVE": 56.12912799037146,
        "INVALID": 0.0,
        "MALICIOUS": 0.0,
        "SANE": 0.0,
        "VALID": 0.0,
        "total": 100.0
    }
}