{
    "counter": {
        "ACTIVE": 31394,
        "INACTIVE": 39306,
        "INVALID": 0,
        "MALICIOUS": 0,
        "SANE": 0,
        "VALID": 0,
        "total": 70700
    },
    "percentage": {
        "ACTIVE": 44.406410455889215,
        "INACTIVE": 55.59547383309759,
        "INVALID": 0.0,
        "MALICIOUS": 0.0,
        "SANE": 0.0,
        "VALID": 0.0,
        "total": 100.00188428898682
    }
}