{
    "counter": {
        "ACTIVE": 37158,
        "INACTIVE": 46101,
        "INVALID": 0,
        "MALICIOUS": 0,
        "SANE": 0,
        "VALID": 0,
        "total": 83259
    },
    "percentage": {
        "ACTIVE": 44.62940943321443,
        "INACTIVE": 55.37059056678557,
        "INVALID": 0.0,
        "MALICIOUS": 0.0,
        "SANE": 0.0,
        "VALID": 0.0,
        "total": 100.0
    }
}