{
    "counter": {
        "ACTIVE": 40932,
        "INACTIVE": 54616,
        "INVALID": 0,
        "MALICIOUS": 0,
        "SANE": 0,
        "VALID": 0,
        "total": 95548
    },
    "percentage": {
        "ACTIVE": 42.83920123916775,
        "INACTIVE": 57.16079876083225,
        "INVALID": 0.0,
        "MALICIOUS": 0.0,
        "SANE": 0.0,
        "VALID": 0.0,
        "total": 100.0
    }
}