{
    "counter": {
        "ACTIVE": 9855,
        "INACTIVE": 12840,
        "INVALID": 0,
        "MALICIOUS": 0,
        "SANE": 0,
        "VALID": 0,
        "total": 22695
    },
    "percentage": {
        "ACTIVE": 43.42366159947125,
        "INACTIVE": 56.578831409183046,
        "INVALID": 0,
        "MALICIOUS": 0,
        "SANE": 0,
        "VALID": 0,
        "total": 100.0024930086543
    }
}