{
    "counter": {
        "ACTIVE": 33173,
        "INACTIVE": 41823,
        "INVALID": 0,
        "MALICIOUS": 0,
        "SANE": 0,
        "VALID": 0,
        "total": 74996
    },
    "percentage": {
        "ACTIVE": 44.23302576137394,
        "INACTIVE": 55.76697423862606,
        "INVALID": 0.0,
        "MALICIOUS": 0.0,
        "SANE": 0.0,
        "VALID": 0.0,
        "total": 100.0
    }
}