{
    "counter": {
        "ACTIVE": 10376,
        "INACTIVE": 13277,
        "INVALID": 0,
        "MALICIOUS": 0,
        "SANE": 0,
        "VALID": 0,
        "total": 23653
    },
    "percentage": {
        "ACTIVE": 43.867585507123835,
        "INACTIVE": 56.14903154867631,
        "INVALID": 0,
        "MALICIOUS": 0,
        "SANE": 0,
        "VALID": 0,
        "total": 100.01661705580014
    }
}