{
    "counter": {
        "ACTIVE": 11752,
        "INACTIVE": 14542,
        "INVALID": 0,
        "MALICIOUS": 0,
        "SANE": 0,
        "VALID": 0,
        "total": 26294
    },
    "percentage": {
        "ACTIVE": 44.69460713470754,
        "INACTIVE": 55.30959987828997,
        "INVALID": 0,
        "MALICIOUS": 0,
        "SANE": 0,
        "VALID": 0,
        "total": 100.00420701299751
    }
}