{
    "counter": {
        "ACTIVE": 5172,
        "INACTIVE": 6508,
        "INVALID": 0,
        "MALICIOUS": 0,
        "SANE": 0,
        "VALID": 0,
        "total": 11680
    },
    "percentage": {
        "ACTIVE": 44.29219833861437,
        "INACTIVE": 55.71917808219178,
        "INVALID": 0,
        "MALICIOUS": 0,
        "SANE": 0,
        "VALID": 0,
        "total": 100.01137642080616
    }
}