{
    "counter": {
        "ACTIVE": 13745,
        "INACTIVE": 18030,
        "INVALID": 0,
        "MALICIOUS": 0,
        "SANE": 0,
        "VALID": 0,
        "total": 31775
    },
    "percentage": {
        "ACTIVE": 43.26000062946527,
        "INACTIVE": 56.742722265932336,
        "INVALID": 0,
        "MALICIOUS": 0,
        "SANE": 0,
        "VALID": 0,
        "total": 100.0027228953976
    }
}