{
    "counter": {
        "ACTIVE": 25903,
        "INACTIVE": 33052,
        "INVALID": 0,
        "MALICIOUS": 0,
        "SANE": 0,
        "VALID": 0,
        "total": 58955
    },
    "percentage": {
        "ACTIVE": 43.93690102620643,
        "INACTIVE": 56.06309897379357,
        "INVALID": 0.0,
        "MALICIOUS": 0.0,
        "SANE": 0.0,
        "VALID": 0.0,
        "total": 100.0
    }
}