{
    "counter": {
        "ACTIVE": 29763,
        "INACTIVE": 37629,
        "INVALID": 0,
        "MALICIOUS": 0,
        "SANE": 0,
        "VALID": 0,
        "total": 67392
    },
    "percentage": {
        "ACTIVE": 44.16399572649573,
        "INACTIVE": 55.83766137409111,
        "INVALID": 0.0,
        "MALICIOUS": 0.0,
        "SANE": 0.0,
        "VALID": 0.0,
        "total": 100.00165710058684
    }
}