{
    "counter": {
        "ACTIVE": 21765,
        "INACTIVE": 26732,
        "INVALID": 0,
        "MALICIOUS": 0,
        "SANE": 0,
        "VALID": 0,
        "total": 48497
    },
    "percentage": {
        "ACTIVE": 44.87906468441347,
        "INACTIVE": 55.12093531558653,
        "INVALID": 0.0,
        "MALICIOUS": 0.0,
        "SANE": 0.0,
        "VALID": 0.0,
        "total": 100.0
    }
}