{
    "counter": {
        "ACTIVE": 12564,
        "INACTIVE": 15676,
        "INVALID": 0,
        "MALICIOUS": 0,
        "SANE": 0,
        "VALID": 0,
        "total": 28240
    },
    "percentage": {
        "ACTIVE": 44.49008498583569,
        "INACTIVE": 55.517778722198614,
        "INVALID": 0,
        "MALICIOUS": 0,
        "SANE": 0,
        "VALID": 0,
        "total": 100.00786370803431
    }
}