{
    "counter": {
        "ACTIVE": 13906,
        "INACTIVE": 18292,
        "INVALID": 0,
        "MALICIOUS": 0,
        "SANE": 0,
        "VALID": 0,
        "total": 32198
    },
    "percentage": {
        "ACTIVE": 43.19304239788787,
        "INACTIVE": 56.810982048574445,
        "INVALID": 0,
        "MALICIOUS": 0,
        "SANE": 0,
        "VALID": 0,
        "total": 100.00402444646232
    }
}