{
    "counter": {
        "ACTIVE": 40175,
        "INACTIVE": 51702,
        "INVALID": 0,
        "MALICIOUS": 0,
        "SANE": 0,
        "VALID": 0,
        "total": 91877
    },
    "percentage": {
        "ACTIVE": 43.72693927751233,
        "INACTIVE": 56.27306072248767,
        "INVALID": 0.0,
        "MALICIOUS": 0.0,
        "SANE": 0.0,
        "VALID": 0.0,
        "total": 100.0
    }
}