{
    "counter": {
        "ACTIVE": 22080,
        "INACTIVE": 27055,
        "INVALID": 0,
        "MALICIOUS": 0,
        "SANE": 0,
        "VALID": 0,
        "total": 49135
    },
    "percentage": {
        "ACTIVE": 44.93741731962959,
        "INACTIVE": 55.06258268037041,
        "INVALID": 0.0,
        "MALICIOUS": 0.0,
        "SANE": 0.0,
        "VALID": 0.0,
        "total": 100.0
    }
}