{
    "counter": {
        "ACTIVE": 35498,
        "INACTIVE": 44451,
        "INVALID": 0,
        "MALICIOUS": 0,
        "SANE": 0,
        "VALID": 0,
        "total": 79949
    },
    "percentage": {
        "ACTIVE": 44.40080551351487,
        "INACTIVE": 55.59919448648513,
        "INVALID": 0.0,
        "MALICIOUS": 0.0,
        "SANE": 0.0,
        "VALID": 0.0,
        "total": 100.0
    }
}