{
    "counter": {
        "ACTIVE": 9807,
        "INACTIVE": 12817,
        "INVALID": 0,
        "MALICIOUS": 0,
        "SANE": 0,
        "VALID": 0,
        "total": 22624
    },
    "percentage": {
        "ACTIVE": 43.347772277227726,
        "INACTIVE": 56.674773380499666,
        "INVALID": 0,
        "MALICIOUS": 0,
        "SANE": 0,
        "VALID": 0,
        "total": 100.02254565772739
    }
}