{
    "counter": {
        "ACTIVE": 5013,
        "INACTIVE": 6309,
        "INVALID": 0,
        "MALICIOUS": 0,
        "SANE": 0,
        "VALID": 0,
        "total": 11322
    },
    "percentage": {
        "ACTIVE": 44.28054058828725,
        "INACTIVE": 55.72337042925278,
        "INVALID": 0,
        "MALICIOUS": 0,
        "SANE": 0,
        "VALID": 0,
        "total": 100.00391101754003
    }
}