{
    "counter": {
        "ACTIVE": 39597,
        "INACTIVE": 49392,
        "INVALID": 0,
        "MALICIOUS": 0,
        "SANE": 0,
        "VALID": 0,
        "total": 88989
    },
    "percentage": {
        "ACTIVE": 44.4965108047062,
        "INACTIVE": 55.5034891952938,
        "INVALID": 0.0,
        "MALICIOUS": 0.0,
        "SANE": 0.0,
        "VALID": 0.0,
        "total": 100.0
    }
}