{
    "counter": {
        "ACTIVE": 33803,
        "INACTIVE": 42623,
        "INVALID": 0,
        "MALICIOUS": 0,
        "SANE": 0,
        "VALID": 0,
        "total": 76426
    },
    "percentage": {
        "ACTIVE": 44.22971240153874,
        "INACTIVE": 55.77028759846126,
        "INVALID": 0.0,
        "MALICIOUS": 0.0,
        "SANE": 0.0,
        "VALID": 0.0,
        "total": 100.0
    }
}