{
    "counter": {
        "ACTIVE": 36687,
        "INACTIVE": 45917,
        "INVALID": 0,
        "MALICIOUS": 0,
        "SANE": 0,
        "VALID": 0,
        "total": 82604
    },
    "percentage": {
        "ACTIVE": 44.41310348167159,
        "INACTIVE": 55.58689651832841,
        "INVALID": 0.0,
        "MALICIOUS": 0.0,
        "SANE": 0.0,
        "VALID": 0.0,
        "total": 100.0
    }
}