{
    "counter": {
        "ACTIVE": 12493,
        "INACTIVE": 15481,
        "INVALID": 0,
        "MALICIOUS": 0,
        "SANE": 0,
        "VALID": 0,
        "total": 27974
    },
    "percentage": {
        "ACTIVE": 44.659326517480515,
        "INACTIVE": 55.34265184284846,
        "INVALID": 0,
        "MALICIOUS": 0,
        "SANE": 0,
        "VALID": 0,
        "total": 100.00197836032898
    }
}