{
    "counter": {
        "ACTIVE": 13960,
        "INACTIVE": 18422,
        "INVALID": 0,
        "MALICIOUS": 0,
        "SANE": 0,
        "VALID": 0,
        "total": 32382
    },
    "percentage": {
        "ACTIVE": 43.111701306321606,
        "INACTIVE": 56.88963004138101,
        "INVALID": 0,
        "MALICIOUS": 0,
        "SANE": 0,
        "VALID": 0,
        "total": 100.00133134770262
    }
}