{
    "counter": {
        "ACTIVE": 11893,
        "INACTIVE": 14648,
        "INVALID": 0,
        "MALICIOUS": 0,
        "SANE": 0,
        "VALID": 0,
        "total": 26541
    },
    "percentage": {
        "ACTIVE": 44.811605124340616,
        "INACTIVE": 55.19008326739761,
        "INVALID": 0,
        "MALICIOUS": 0,
        "SANE": 0,
        "VALID": 0,
        "total": 100.00168839173823
    }
}