{
    "counter": {
        "ACTIVE": 42337,
        "INACTIVE": 56340,
        "INVALID": 0,
        "MALICIOUS": 0,
        "SANE": 0,
        "VALID": 0,
        "total": 98677
    },
    "percentage": {
        "ACTIVE": 42.904628231502784,
        "INACTIVE": 57.095371768497216,
        "INVALID": 0.0,
        "MALICIOUS": 0.0,
        "SANE": 0.0,
        "VALID": 0.0,
        "total": 100.0
    }
}