{
    "counter": {
        "ACTIVE": 43167,
        "INACTIVE": 57584,
        "INVALID": 0,
        "MALICIOUS": 0,
        "SANE": 0,
        "VALID": 0,
        "total": 100751
    },
    "percentage": {
        "ACTIVE": 42.845232305386546,
        "INACTIVE": 57.154767694613454,
        "INVALID": 0.0,
        "MALICIOUS": 0.0,
        "SANE": 0.0,
        "VALID": 0.0,
        "total": 100.0
    }
}