{
    "counter": {
        "ACTIVE": 15575,
        "INACTIVE": 20960,
        "INVALID": 0,
        "MALICIOUS": 0,
        "SANE": 0,
        "VALID": 0,
        "total": 36535
    },
    "percentage": {
        "ACTIVE": 42.630354454632545,
        "INACTIVE": 57.391637687905586,
        "INVALID": 0,
        "MALICIOUS": 0,
        "SANE": 0,
        "VALID": 0,
        "total": 100.02199214253812
    }
}