{
    "counter": {
        "ACTIVE": 40848,
        "INACTIVE": 54566,
        "INVALID": 0,
        "MALICIOUS": 0,
        "SANE": 0,
        "VALID": 0,
        "total": 95414
    },
    "percentage": {
        "ACTIVE": 42.81132747814786,
        "INACTIVE": 57.18867252185214,
        "INVALID": 0.0,
        "MALICIOUS": 0.0,
        "SANE": 0.0,
        "VALID": 0.0,
        "total": 100.0
    }
}