{
    "counter": {
        "ACTIVE": 9827,
        "INACTIVE": 12828,
        "INVALID": 0,
        "MALICIOUS": 0,
        "SANE": 0,
        "VALID": 0,
        "total": 22655
    },
    "percentage": {
        "ACTIVE": 43.37673802692562,
        "INACTIVE": 56.6257614549307,
        "INVALID": 0,
        "MALICIOUS": 0,
        "SANE": 0,
        "VALID": 0,
        "total": 100.00249948185632
    }
}