{
    "counter": {
        "ACTIVE": 40227,
        "INACTIVE": 52105,
        "INVALID": 0,
        "MALICIOUS": 0,
        "SANE": 0,
        "VALID": 0,
        "total": 92332
    },
    "percentage": {
        "ACTIVE": 43.56777715201664,
        "INACTIVE": 56.43222284798336,
        "INVALID": 0.0,
        "MALICIOUS": 0.0,
        "SANE": 0.0,
        "VALID": 0.0,
        "total": 100.0
    }
}