{
    "counter": {
        "ACTIVE": 11866,
        "INACTIVE": 14624,
        "INVALID": 0,
        "MALICIOUS": 0,
        "SANE": 0,
        "VALID": 0,
        "total": 26490
    },
    "percentage": {
        "ACTIVE": 44.79764421624887,
        "INACTIVE": 55.20573801434504,
        "INVALID": 0,
        "MALICIOUS": 0,
        "SANE": 0,
        "VALID": 0,
        "total": 100.0033822305939
    }
}