{
    "counter": {
        "ACTIVE": 5802,
        "INACTIVE": 7259,
        "INVALID": 0,
        "MALICIOUS": 0,
        "SANE": 0,
        "VALID": 0,
        "total": 13061
    },
    "percentage": {
        "ACTIVE": 44.42232600872828,
        "INACTIVE": 55.586185772264336,
        "INVALID": 0,
        "MALICIOUS": 0,
        "SANE": 0,
        "VALID": 0,
        "total": 100.00851178099262
    }
}