{
    "counter": {
        "ACTIVE": 822,
        "INACTIVE": 1097,
        "INVALID": 0,
        "MALICIOUS": 0,
        "SANE": 0,
        "VALID": 0,
        "total": 1919
    },
    "percentage": {
        "ACTIVE": 42.83480979676915,
        "INACTIVE": 57.19499478623566,
        "INVALID": 0,
        "MALICIOUS": 0,
        "SANE": 0,
        "VALID": 0,
        "total": 100.02980458300482
    }
}