{
    "counter": {
        "ACTIVE": 30817,
        "INACTIVE": 38630,
        "INVALID": 0,
        "MALICIOUS": 0,
        "SANE": 0,
        "VALID": 0,
        "total": 69447
    },
    "percentage": {
        "ACTIVE": 44.378042107082166,
        "INACTIVE": 55.625152994369806,
        "INVALID": 0.0,
        "MALICIOUS": 0.0,
        "SANE": 0.0,
        "VALID": 0.0,
        "total": 100.00319510145198
    }
}