{
    "counter": {
        "ACTIVE": 13503,
        "INACTIVE": 17650,
        "INVALID": 0,
        "MALICIOUS": 0,
        "SANE": 0,
        "VALID": 0,
        "total": 31153
    },
    "percentage": {
        "ACTIVE": 43.346923052229464,
        "INACTIVE": 56.65585978878439,
        "INVALID": 0,
        "MALICIOUS": 0,
        "SANE": 0,
        "VALID": 0,
        "total": 100.00278284101385
    }
}