{
    "counter": {
        "ACTIVE": 24585,
        "INACTIVE": 30431,
        "INVALID": 0,
        "MALICIOUS": 0,
        "SANE": 0,
        "VALID": 0,
        "total": 55016
    },
    "percentage": {
        "ACTIVE": 44.68700014541224,
        "INACTIVE": 55.31299985458776,
        "INVALID": 0.0,
        "MALICIOUS": 0.0,
        "SANE": 0.0,
        "VALID": 0.0,
        "total": 100.0
    }
}