{
    "counter": {
        "ACTIVE": 3534,
        "INACTIVE": 4327,
        "INVALID": 0,
        "MALICIOUS": 0,
        "SANE": 0,
        "VALID": 0,
        "total": 7861
    },
    "percentage": {
        "ACTIVE": 44.961832061068705,
        "INACTIVE": 55.04388754611372,
        "INVALID": 0,
        "MALICIOUS": 0,
        "SANE": 0,
        "VALID": 0,
        "total": 100.00571960718243
    }
}