{
    "counter": {
        "ACTIVE": 25562,
        "INACTIVE": 32417,
        "INVALID": 0,
        "MALICIOUS": 0,
        "SANE": 0,
        "VALID": 0,
        "total": 57979
    },
    "percentage": {
        "ACTIVE": 44.08837682609221,
        "INACTIVE": 55.91162317390779,
        "INVALID": 0.0,
        "MALICIOUS": 0.0,
        "SANE": 0.0,
        "VALID": 0.0,
        "total": 100.0
    }
}