{
    "counter": {
        "ACTIVE": 27851,
        "INACTIVE": 35514,
        "INVALID": 0,
        "MALICIOUS": 0,
        "SANE": 0,
        "VALID": 0,
        "total": 63365
    },
    "percentage": {
        "ACTIVE": 43.95328651463742,
        "INACTIVE": 56.04848255290943,
        "INVALID": 0.0,
        "MALICIOUS": 0.0,
        "SANE": 0.0,
        "VALID": 0.0,
        "total": 100.00176906754685
    }
}