{
    "counter": {
        "ACTIVE": 34036,
        "INACTIVE": 42764,
        "INVALID": 0,
        "MALICIOUS": 0,
        "SANE": 0,
        "VALID": 0,
        "total": 76800
    },
    "percentage": {
        "ACTIVE": 44.317708333333336,
        "INACTIVE": 55.682291666666664,
        "INVALID": 0.0,
        "MALICIOUS": 0.0,
        "SANE": 0.0,
        "VALID": 0.0,
        "total": 100.0
    }
}