{
    "counter": {
        "ACTIVE": 10510,
        "INACTIVE": 13429,
        "INVALID": 0,
        "MALICIOUS": 0,
        "SANE": 0,
        "VALID": 0,
        "total": 23939
    },
    "percentage": {
        "ACTIVE": 43.90508814437296,
        "INACTIVE": 56.096745895818536,
        "INVALID": 0,
        "MALICIOUS": 0,
        "SANE": 0,
        "VALID": 0,
        "total": 100.0018340401915
    }
}