{
    "counter": {
        "ACTIVE": 39894,
        "INACTIVE": 50079,
        "INVALID": 0,
        "MALICIOUS": 0,
        "SANE": 0,
        "VALID": 0,
        "total": 89973
    },
    "percentage": {
        "ACTIVE": 44.339968657263846,
        "INACTIVE": 55.660031342736154,
        "INVALID": 0.0,
        "MALICIOUS": 0.0,
        "SANE": 0.0,
        "VALID": 0.0,
        "total": 100.0
    }
}