{
    "counter": {
        "ACTIVE": 40105,
        "INACTIVE": 50857,
        "INVALID": 0,
        "MALICIOUS": 0,
        "SANE": 0,
        "VALID": 0,
        "total": 90962
    },
    "percentage": {
        "ACTIVE": 44.089839713286864,
        "INACTIVE": 55.910160286713136,
        "INVALID": 0.0,
        "MALICIOUS": 0.0,
        "SANE": 0.0,
        "VALID": 0.0,
        "total": 100.0
    }
}