{
    "counter": {
        "ACTIVE": 2171,
        "INACTIVE": 2828,
        "INVALID": 0,
        "MALICIOUS": 0,
        "SANE": 0,
        "VALID": 0,
        "total": 4999
    },
    "percentage": {
        "ACTIVE": 43.44606764058435,
        "INACTIVE": 56.57131426285257,
        "INVALID": 0,
        "MALICIOUS": 0,
        "SANE": 0,
        "VALID": 0,
        "total": 100.01738190343693
    }
}