{
    "counter": {
        "ACTIVE": 37306,
        "INACTIVE": 46172,
        "INVALID": 0,
        "MALICIOUS": 0,
        "SANE": 0,
        "VALID": 0,
        "total": 83478
    },
    "percentage": {
        "ACTIVE": 44.68961882172548,
        "INACTIVE": 55.31038117827452,
        "INVALID": 0.0,
        "MALICIOUS": 0.0,
        "SANE": 0.0,
        "VALID": 0.0,
        "total": 100.0
    }
}