{
    "counter": {
        "ACTIVE": 21614,
        "INACTIVE": 26559,
        "INVALID": 0,
        "MALICIOUS": 0,
        "SANE": 0,
        "VALID": 0,
        "total": 48173
    },
    "percentage": {
        "ACTIVE": 44.867456874182636,
        "INACTIVE": 55.132543125817364,
        "INVALID": 0.0,
        "MALICIOUS": 0.0,
        "SANE": 0.0,
        "VALID": 0.0,
        "total": 100.0
    }
}