{
    "counter": {
        "ACTIVE": 135,
        "INACTIVE": 226,
        "INVALID": 0,
        "MALICIOUS": 0,
        "SANE": 0,
        "VALID": 0,
        "total": 361
    },
    "percentage": {
        "ACTIVE": 37.81512605042017,
        "INACTIVE": 62.60387811634349,
        "INVALID": 0,
        "MALICIOUS": 0,
        "SANE": 0,
        "VALID": 0,
        "total": 100.41900416676366
    }
}