{
    "counter": {
        "ACTIVE": 51,
        "INACTIVE": 96,
        "INVALID": 0,
        "MALICIOUS": 0,
        "SANE": 0,
        "VALID": 0,
        "total": 147
    },
    "percentage": {
        "ACTIVE": 34.69387755102041,
        "INACTIVE": 66.20689655172414,
        "INVALID": 0,
        "MALICIOUS": 0,
        "SANE": 0,
        "VALID": 0,
        "total": 100.90077410274455
    }
}