{
    "counter": {
        "ACTIVE": 2008,
        "INACTIVE": 2593,
        "INVALID": 0,
        "MALICIOUS": 0,
        "SANE": 0,
        "VALID": 0,
        "total": 4601
    },
    "percentage": {
        "ACTIVE": 43.64268637252771,
        "INACTIVE": 56.394084384515004,
        "INVALID": 0,
        "MALICIOUS": 0,
        "SANE": 0,
        "VALID": 0,
        "total": 100.03677075704272
    }
}