{
    "counter": {
        "ACTIVE": 34077,
        "INACTIVE": 42782,
        "INVALID": 0,
        "MALICIOUS": 0,
        "SANE": 0,
        "VALID": 0,
        "total": 76859
    },
    "percentage": {
        "ACTIVE": 44.33703274827932,
        "INACTIVE": 55.66296725172068,
        "INVALID": 0.0,
        "MALICIOUS": 0.0,
        "SANE": 0.0,
        "VALID": 0.0,
        "total": 100.0
    }
}