{
    "counter": {
        "ACTIVE": 38099,
        "INACTIVE": 47123,
        "INVALID": 0,
        "MALICIOUS": 0,
        "SANE": 0,
        "VALID": 0,
        "total": 85222
    },
    "percentage": {
        "ACTIVE": 44.70559245265307,
        "INACTIVE": 55.29440754734693,
        "INVALID": 0.0,
        "MALICIOUS": 0.0,
        "SANE": 0.0,
        "VALID": 0.0,
        "total": 100.0
    }
}