{
    "counter": {
        "ACTIVE": 25568,
        "INACTIVE": 32435,
        "INVALID": 0,
        "MALICIOUS": 0,
        "SANE": 0,
        "VALID": 0,
        "total": 58003
    },
    "percentage": {
        "ACTIVE": 44.08047859593469,
        "INACTIVE": 55.91952140406531,
        "INVALID": 0.0,
        "MALICIOUS": 0.0,
        "SANE": 0.0,
        "VALID": 0.0,
        "total": 100.0
    }
}