{
    "counter": {
        "ACTIVE": 12870,
        "INACTIVE": 16247,
        "INVALID": 0,
        "MALICIOUS": 0,
        "SANE": 0,
        "VALID": 0,
        "total": 29117
    },
    "percentage": {
        "ACTIVE": 44.20098224404987,
        "INACTIVE": 55.80285076421089,
        "INVALID": 0,
        "MALICIOUS": 0,
        "SANE": 0,
        "VALID": 0,
        "total": 100.00383300826076
    }
}