{
    "counter": {
        "ACTIVE": 16640,
        "INACTIVE": 21741,
        "INVALID": 0,
        "MALICIOUS": 0,
        "SANE": 0,
        "VALID": 0,
        "total": 38381
    },
    "percentage": {
        "ACTIVE": 43.354784919621686,
        "INACTIVE": 56.6481669663097,
        "INVALID": 0,
        "MALICIOUS": 0,
        "SANE": 0,
        "VALID": 0,
        "total": 100.0029518859314
    }
}