{
    "counter": {
        "ACTIVE": 44245,
        "INACTIVE": 59337,
        "INVALID": 0,
        "MALICIOUS": 0,
        "SANE": 0,
        "VALID": 0,
        "total": 103582
    },
    "percentage": {
        "ACTIVE": 42.71495047402058,
        "INACTIVE": 57.28504952597942,
        "INVALID": 0.0,
        "MALICIOUS": 0.0,
        "SANE": 0.0,
        "VALID": 0.0,
        "total": 100.0
    }
}