{
    "counter": {
        "ACTIVE": 32477,
        "INACTIVE": 40753,
        "INVALID": 0,
        "MALICIOUS": 0,
        "SANE": 0,
        "VALID": 0,
        "total": 73230
    },
    "percentage": {
        "ACTIVE": 44.34931039191588,
        "INACTIVE": 55.65068960808412,
        "INVALID": 0.0,
        "MALICIOUS": 0.0,
        "SANE": 0.0,
        "VALID": 0.0,
        "total": 100.0
    }
}