{
    "counter": {
        "ACTIVE": 15494,
        "INACTIVE": 20888,
        "INVALID": 0,
        "MALICIOUS": 0,
        "SANE": 0,
        "VALID": 0,
        "total": 36382
    },
    "percentage": {
        "ACTIVE": 42.590505511421426,
        "INACTIVE": 57.41300643175197,
        "INVALID": 0,
        "MALICIOUS": 0,
        "SANE": 0,
        "VALID": 0,
        "total": 100.0035119431734
    }
}