{
    "counter": {
        "ACTIVE": 24149,
        "INACTIVE": 29921,
        "INVALID": 0,
        "MALICIOUS": 0,
        "SANE": 0,
        "VALID": 0,
        "total": 54070
    },
    "percentage": {
        "ACTIVE": 44.66247457000185,
        "INACTIVE": 55.33752542999815,
        "INVALID": 0.0,
        "MALICIOUS": 0.0,
        "SANE": 0.0,
        "VALID": 0.0,
        "total": 100.0
    }
}