{
    "counter": {
        "ACTIVE": 24441,
        "INACTIVE": 30341,
        "INVALID": 0,
        "MALICIOUS": 0,
        "SANE": 0,
        "VALID": 0,
        "total": 54782
    },
    "percentage": {
        "ACTIVE": 44.61501953196306,
        "INACTIVE": 55.38498046803694,
        "INVALID": 0.0,
        "MALICIOUS": 0.0,
        "SANE": 0.0,
        "VALID": 0.0,
        "total": 100.0
    }
}