{
    "counter": {
        "ACTIVE": 19799,
        "INACTIVE": 24922,
        "INVALID": 0,
        "MALICIOUS": 0,
        "SANE": 0,
        "VALID": 0,
        "total": 44721
    },
    "percentage": {
        "ACTIVE": 44.272265825898344,
        "INACTIVE": 55.72898032200358,
        "INVALID": 0,
        "MALICIOUS": 0,
        "SANE": 0,
        "VALID": 0,
        "total": 100.00124614790192
    }
}