{
    "counter": {
        "ACTIVE": 26918,
        "INACTIVE": 34444,
        "INVALID": 0,
        "MALICIOUS": 0,
        "SANE": 0,
        "VALID": 0,
        "total": 61362
    },
    "percentage": {
        "ACTIVE": 43.86754017144161,
        "INACTIVE": 56.13245982855839,
        "INVALID": 0.0,
        "MALICIOUS": 0.0,
        "SANE": 0.0,
        "VALID": 0.0,
        "total": 100.0
    }
}