{
    "counter": {
        "ACTIVE": 18631,
        "INACTIVE": 23697,
        "INVALID": 0,
        "MALICIOUS": 0,
        "SANE": 0,
        "VALID": 0,
        "total": 42328
    },
    "percentage": {
        "ACTIVE": 44.01578151578152,
        "INACTIVE": 55.98818665091554,
        "INVALID": 0,
        "MALICIOUS": 0,
        "SANE": 0,
        "VALID": 0,
        "total": 100.00396816669706
    }
}