{
    "counter": {
        "ACTIVE": 28284,
        "INACTIVE": 36175,
        "INVALID": 0,
        "MALICIOUS": 0,
        "SANE": 0,
        "VALID": 0,
        "total": 64459
    },
    "percentage": {
        "ACTIVE": 43.87905490311671,
        "INACTIVE": 56.12181575599615,
        "INVALID": 0.0,
        "MALICIOUS": 0.0,
        "SANE": 0.0,
        "VALID": 0.0,
        "total": 100.00087065911286
    }
}