{
    "counter": {
        "ACTIVE": 37683,
        "INACTIVE": 46482,
        "INVALID": 0,
        "MALICIOUS": 0,
        "SANE": 0,
        "VALID": 0,
        "total": 84165
    },
    "percentage": {
        "ACTIVE": 44.77276777757975,
        "INACTIVE": 55.22723222242025,
        "INVALID": 0.0,
        "MALICIOUS": 0.0,
        "SANE": 0.0,
        "VALID": 0.0,
        "total": 100.0
    }
}