{
    "counter": {
        "ACTIVE": 6141,
        "INACTIVE": 7725,
        "INVALID": 0,
        "MALICIOUS": 0,
        "SANE": 0,
        "VALID": 0,
        "total": 13866
    },
    "percentage": {
        "ACTIVE": 44.29138117562207,
        "INACTIVE": 55.71181306793596,
        "INVALID": 0,
        "MALICIOUS": 0,
        "SANE": 0,
        "VALID": 0,
        "total": 100.00319424355803
    }
}