{
    "counter": {
        "ACTIVE": 25840,
        "INACTIVE": 32939,
        "INVALID": 0,
        "MALICIOUS": 0,
        "SANE": 0,
        "VALID": 0,
        "total": 58779
    },
    "percentage": {
        "ACTIVE": 43.96127868796679,
        "INACTIVE": 56.03872131203321,
        "INVALID": 0.0,
        "MALICIOUS": 0.0,
        "SANE": 0.0,
        "VALID": 0.0,
        "total": 100.0
    }
}