{
    "counter": {
        "ACTIVE": 38686,
        "INACTIVE": 47743,
        "INVALID": 0,
        "MALICIOUS": 0,
        "SANE": 0,
        "VALID": 0,
        "total": 86429
    },
    "percentage": {
        "ACTIVE": 44.760439204433695,
        "INACTIVE": 55.239560795566305,
        "INVALID": 0.0,
        "MALICIOUS": 0.0,
        "SANE": 0.0,
        "VALID": 0.0,
        "total": 100.0
    }
}