{
    "counter": {
        "ACTIVE": 39429,
        "INACTIVE": 49079,
        "INVALID": 0,
        "MALICIOUS": 0,
        "SANE": 0,
        "VALID": 0,
        "total": 88508
    },
    "percentage": {
        "ACTIVE": 44.54851538843946,
        "INACTIVE": 55.45148461156054,
        "INVALID": 0.0,
        "MALICIOUS": 0.0,
        "SANE": 0.0,
        "VALID": 0.0,
        "total": 100.0
    }
}