{
    "counter": {
        "ACTIVE": 39216,
        "INACTIVE": 48547,
        "INVALID": 0,
        "MALICIOUS": 0,
        "SANE": 0,
        "VALID": 0,
        "total": 87763
    },
    "percentage": {
        "ACTIVE": 44.683978441940226,
        "INACTIVE": 55.316021558059774,
        "INVALID": 0.0,
        "MALICIOUS": 0.0,
        "SANE": 0.0,
        "VALID": 0.0,
        "total": 100.0
    }
}