{
    "counter": {
        "ACTIVE": 32553,
        "INACTIVE": 40854,
        "INVALID": 0,
        "MALICIOUS": 0,
        "SANE": 0,
        "VALID": 0,
        "total": 73407
    },
    "percentage": {
        "ACTIVE": 44.34590706608362,
        "INACTIVE": 55.65409293391638,
        "INVALID": 0.0,
        "MALICIOUS": 0.0,
        "SANE": 0.0,
        "VALID": 0.0,
        "total": 100.0
    }
}