{
    "counter": {
        "ACTIVE": 9326,
        "INACTIVE": 12438,
        "INVALID": 0,
        "MALICIOUS": 0,
        "SANE": 0,
        "VALID": 0,
        "total": 21764
    },
    "percentage": {
        "ACTIVE": 42.850578937695275,
        "INACTIVE": 57.15467328370554,
        "INVALID": 0,
        "MALICIOUS": 0,
        "SANE": 0,
        "VALID": 0,
        "total": 100.00525222140081
    }
}