{
    "counter": {
        "ACTIVE": 8592,
        "INACTIVE": 11541,
        "INVALID": 0,
        "MALICIOUS": 0,
        "SANE": 0,
        "VALID": 0,
        "total": 20133
    },
    "percentage": {
        "ACTIVE": 42.67620324839815,
        "INACTIVE": 57.335188037160314,
        "INVALID": 0,
        "MALICIOUS": 0,
        "SANE": 0,
        "VALID": 0,
        "total": 100.01139128555846
    }
}