{
    "counter": {
        "ACTIVE": 12544,
        "INACTIVE": 15616,
        "INVALID": 0,
        "MALICIOUS": 0,
        "SANE": 0,
        "VALID": 0,
        "total": 28160
    },
    "percentage": {
        "ACTIVE": 44.55494778717056,
        "INACTIVE": 55.45454545454545,
        "INVALID": 0,
        "MALICIOUS": 0,
        "SANE": 0,
        "VALID": 0,
        "total": 100.00949324171602
    }
}