{
    "counter": {
        "ACTIVE": 39088,
        "INACTIVE": 48342,
        "INVALID": 0,
        "MALICIOUS": 0,
        "SANE": 0,
        "VALID": 0,
        "total": 87430
    },
    "percentage": {
        "ACTIVE": 44.70776621297038,
        "INACTIVE": 55.29223378702962,
        "INVALID": 0.0,
        "MALICIOUS": 0.0,
        "SANE": 0.0,
        "VALID": 0.0,
        "total": 100.0
    }
}