{
    "counter": {
        "ACTIVE": 28640,
        "INACTIVE": 36517,
        "INVALID": 0,
        "MALICIOUS": 0,
        "SANE": 0,
        "VALID": 0,
        "total": 65157
    },
    "percentage": {
        "ACTIVE": 43.95536933867428,
        "INACTIVE": 56.04549082202713,
        "INVALID": 0.0,
        "MALICIOUS": 0.0,
        "SANE": 0.0,
        "VALID": 0.0,
        "total": 100.00086016070142
    }
}