{
    "counter": {
        "ACTIVE": 30339,
        "INACTIVE": 38096,
        "INVALID": 0,
        "MALICIOUS": 0,
        "SANE": 0,
        "VALID": 0,
        "total": 68435
    },
    "percentage": {
        "ACTIVE": 44.33257835902681,
        "INACTIVE": 55.66823508782184,
        "INVALID": 0.0,
        "MALICIOUS": 0.0,
        "SANE": 0.0,
        "VALID": 0.0,
        "total": 100.00081344684865
    }
}