{
    "counter": {
        "ACTIVE": 8393,
        "INACTIVE": 11240,
        "INVALID": 0,
        "MALICIOUS": 0,
        "SANE": 0,
        "VALID": 0,
        "total": 19633
    },
    "percentage": {
        "ACTIVE": 42.74945245250344,
        "INACTIVE": 57.25346373268134,
        "INVALID": 0,
        "MALICIOUS": 0,
        "SANE": 0,
        "VALID": 0,
        "total": 100.00291618518477
    }
}