{
    "counter": {
        "ACTIVE": 31455,
        "INACTIVE": 39420,
        "INVALID": 0,
        "MALICIOUS": 0,
        "SANE": 0,
        "VALID": 0,
        "total": 70875
    },
    "percentage": {
        "ACTIVE": 44.38095238095238,
        "INACTIVE": 55.62218679008339,
        "INVALID": 0.0,
        "MALICIOUS": 0.0,
        "SANE": 0.0,
        "VALID": 0.0,
        "total": 100.00313917103577
    }
}