{
    "counter": {
        "ACTIVE": 12172,
        "INACTIVE": 15035,
        "INVALID": 0,
        "MALICIOUS": 0,
        "SANE": 0,
        "VALID": 0,
        "total": 27207
    },
    "percentage": {
        "ACTIVE": 44.7401308534882,
        "INACTIVE": 55.261513581063696,
        "INVALID": 0,
        "MALICIOUS": 0,
        "SANE": 0,
        "VALID": 0,
        "total": 100.0016444345519
    }
}