{
    "counter": {
        "ACTIVE": 26491,
        "INACTIVE": 33901,
        "INVALID": 0,
        "MALICIOUS": 0,
        "SANE": 0,
        "VALID": 0,
        "total": 60392
    },
    "percentage": {
        "ACTIVE": 43.86508146774407,
        "INACTIVE": 56.13491853225593,
        "INVALID": 0.0,
        "MALICIOUS": 0.0,
        "SANE": 0.0,
        "VALID": 0.0,
        "total": 100.0
    }
}