{
    "counter": {
        "ACTIVE": 24106,
        "INACTIVE": 29754,
        "INVALID": 0,
        "MALICIOUS": 0,
        "SANE": 0,
        "VALID": 0,
        "total": 53860
    },
    "percentage": {
        "ACTIVE": 44.75677682881545,
        "INACTIVE": 55.24322317118455,
        "INVALID": 0.0,
        "MALICIOUS": 0.0,
        "SANE": 0.0,
        "VALID": 0.0,
        "total": 100.0
    }
}