{
    "counter": {
        "ACTIVE": 8507,
        "INACTIVE": 11410,
        "INVALID": 0,
        "MALICIOUS": 0,
        "SANE": 0,
        "VALID": 0,
        "total": 19917
    },
    "percentage": {
        "ACTIVE": 42.725126814323744,
        "INACTIVE": 57.28774413817342,
        "INVALID": 0,
        "MALICIOUS": 0,
        "SANE": 0,
        "VALID": 0,
        "total": 100.01287095249717
    }
}