{
    "counter": {
        "ACTIVE": 3547,
        "INACTIVE": 4333,
        "INVALID": 0,
        "MALICIOUS": 0,
        "SANE": 0,
        "VALID": 0,
        "total": 7880
    },
    "percentage": {
        "ACTIVE": 45.01269035532995,
        "INACTIVE": 54.99428861530651,
        "INVALID": 0,
        "MALICIOUS": 0,
        "SANE": 0,
        "VALID": 0,
        "total": 100.00697897063645
    }
}