{
    "counter": {
        "ACTIVE": 35534,
        "INACTIVE": 44507,
        "INVALID": 0,
        "MALICIOUS": 0,
        "SANE": 0,
        "VALID": 0,
        "total": 80041
    },
    "percentage": {
        "ACTIVE": 44.39474769180795,
        "INACTIVE": 55.60525230819205,
        "INVALID": 0.0,
        "MALICIOUS": 0.0,
        "SANE": 0.0,
        "VALID": 0.0,
        "total": 100.0
    }
}