{
    "counter": {
        "ACTIVE": 5713,
        "INACTIVE": 7134,
        "INVALID": 0,
        "MALICIOUS": 0,
        "SANE": 0,
        "VALID": 0,
        "total": 12847
    },
    "percentage": {
        "ACTIVE": 44.46952595936794,
        "INACTIVE": 55.53479682391406,
        "INVALID": 0,
        "MALICIOUS": 0,
        "SANE": 0,
        "VALID": 0,
        "total": 100.00432278328199
    }
}