{
    "counter": {
        "ACTIVE": 21763,
        "INACTIVE": 26731,
        "INVALID": 0,
        "MALICIOUS": 0,
        "SANE": 0,
        "VALID": 0,
        "total": 48494
    },
    "percentage": {
        "ACTIVE": 44.87771683094816,
        "INACTIVE": 55.12228316905184,
        "INVALID": 0.0,
        "MALICIOUS": 0.0,
        "SANE": 0.0,
        "VALID": 0.0,
        "total": 100.0
    }
}