{
    "counter": {
        "ACTIVE": 17121,
        "INACTIVE": 22192,
        "INVALID": 0,
        "MALICIOUS": 0,
        "SANE": 0,
        "VALID": 0,
        "total": 39313
    },
    "percentage": {
        "ACTIVE": 43.551587301587304,
        "INACTIVE": 56.44952051484242,
        "INVALID": 0,
        "MALICIOUS": 0,
        "SANE": 0,
        "VALID": 0,
        "total": 100.00110781642972
    }
}