{
    "counter": {
        "ACTIVE": 25285,
        "INACTIVE": 31841,
        "INVALID": 0,
        "MALICIOUS": 0,
        "SANE": 0,
        "VALID": 0,
        "total": 57126
    },
    "percentage": {
        "ACTIVE": 44.26180723313377,
        "INACTIVE": 55.73819276686623,
        "INVALID": 0.0,
        "MALICIOUS": 0.0,
        "SANE": 0.0,
        "VALID": 0.0,
        "total": 100.0
    }
}