{
    "counter": {
        "ACTIVE": 23167,
        "INACTIVE": 28428,
        "INVALID": 0,
        "MALICIOUS": 0,
        "SANE": 0,
        "VALID": 0,
        "total": 51595
    },
    "percentage": {
        "ACTIVE": 44.901637755596475,
        "INACTIVE": 55.098362244403525,
        "INVALID": 0.0,
        "MALICIOUS": 0.0,
        "SANE": 0.0,
        "VALID": 0.0,
        "total": 100.0
    }
}