{
    "counter": {
        "ACTIVE": 21860,
        "INACTIVE": 26831,
        "INVALID": 0,
        "MALICIOUS": 0,
        "SANE": 0,
        "VALID": 0,
        "total": 48691
    },
    "percentage": {
        "ACTIVE": 44.895360538908626,
        "INACTIVE": 55.104639461091374,
        "INVALID": 0.0,
        "MALICIOUS": 0.0,
        "SANE": 0.0,
        "VALID": 0.0,
        "total": 100.0
    }
}