{
    "counter": {
        "ACTIVE": 37571,
        "INACTIVE": 46357,
        "INVALID": 0,
        "MALICIOUS": 0,
        "SANE": 0,
        "VALID": 0,
        "total": 83928
    },
    "percentage": {
        "ACTIVE": 44.76575159660661,
        "INACTIVE": 55.23424840339339,
        "INVALID": 0.0,
        "MALICIOUS": 0.0,
        "SANE": 0.0,
        "VALID": 0.0,
        "total": 100.0
    }
}