{
    "counter": {
        "ACTIVE": 13492,
        "INACTIVE": 17644,
        "INVALID": 0,
        "MALICIOUS": 0,
        "SANE": 0,
        "VALID": 0,
        "total": 31136
    },
    "percentage": {
        "ACTIVE": 43.33247687564234,
        "INACTIVE": 56.67116335838633,
        "INVALID": 0,
        "MALICIOUS": 0,
        "SANE": 0,
        "VALID": 0,
        "total": 100.00364023402867
    }
}