{
    "counter": {
        "ACTIVE": 41599,
        "INACTIVE": 55347,
        "INVALID": 0,
        "MALICIOUS": 0,
        "SANE": 0,
        "VALID": 0,
        "total": 96946
    },
    "percentage": {
        "ACTIVE": 42.909454748004045,
        "INACTIVE": 57.090545251995955,
        "INVALID": 0.0,
        "MALICIOUS": 0.0,
        "SANE": 0.0,
        "VALID": 0.0,
        "total": 100.0
    }
}