{
    "counter": {
        "ACTIVE": 41010,
        "INACTIVE": 54697,
        "INVALID": 0,
        "MALICIOUS": 0,
        "SANE": 0,
        "VALID": 0,
        "total": 95707
    },
    "percentage": {
        "ACTIVE": 42.84953033738389,
        "INACTIVE": 57.15046966261611,
        "INVALID": 0.0,
        "MALICIOUS": 0.0,
        "SANE": 0.0,
        "VALID": 0.0,
        "total": 100.0
    }
}