{
    "counter": {
        "ACTIVE": 25377,
        "INACTIVE": 32026,
        "INVALID": 0,
        "MALICIOUS": 0,
        "SANE": 0,
        "VALID": 0,
        "total": 57403
    },
    "percentage": {
        "ACTIVE": 44.2084908454262,
        "INACTIVE": 55.7915091545738,
        "INVALID": 0.0,
        "MALICIOUS": 0.0,
        "SANE": 0.0,
        "VALID": 0.0,
        "total": 100.0
    }
}