{
    "counter": {
        "ACTIVE": 1741,
        "INACTIVE": 1912,
        "INVALID": 0,
        "MALICIOUS": 0,
        "SANE": 0,
        "VALID": 0,
        "total": 3653
    },
    "percentage": {
        "ACTIVE": 47.67250821467689,
        "INACTIVE": 52.340542020257324,
        "INVALID": 0,
        "MALICIOUS": 0,
        "SANE": 0,
        "VALID": 0,
        "total": 100.01305023493421
    }
}