{
    "counter": {
        "ACTIVE": 20415,
        "INACTIVE": 25462,
        "INVALID": 0,
        "MALICIOUS": 0,
        "SANE": 0,
        "VALID": 0,
        "total": 45877
    },
    "percentage": {
        "ACTIVE": 44.500392362019355,
        "INACTIVE": 55.5005776314929,
        "INVALID": 0,
        "MALICIOUS": 0,
        "SANE": 0,
        "VALID": 0,
        "total": 100.00096999351226
    }
}