{
    "counter": {
        "ACTIVE": 24619,
        "INACTIVE": 30472,
        "INVALID": 0,
        "MALICIOUS": 0,
        "SANE": 0,
        "VALID": 0,
        "total": 55091
    },
    "percentage": {
        "ACTIVE": 44.68788005300321,
        "INACTIVE": 55.31211994699679,
        "INVALID": 0.0,
        "MALICIOUS": 0.0,
        "SANE": 0.0,
        "VALID": 0.0,
        "total": 100.0
    }
}