{
    "counter": {
        "ACTIVE": 9393,
        "INACTIVE": 12557,
        "INVALID": 0,
        "MALICIOUS": 0,
        "SANE": 0,
        "VALID": 0,
        "total": 21950
    },
    "percentage": {
        "ACTIVE": 42.79661016949152,
        "INACTIVE": 57.207289293849655,
        "INVALID": 0,
        "MALICIOUS": 0,
        "SANE": 0,
        "VALID": 0,
        "total": 100.00389946334118
    }
}