{
    "counter": {
        "ACTIVE": 18487,
        "INACTIVE": 23563,
        "INVALID": 0,
        "MALICIOUS": 0,
        "SANE": 0,
        "VALID": 0,
        "total": 42050
    },
    "percentage": {
        "ACTIVE": 43.96432818073722,
        "INACTIVE": 56.039669893214736,
        "INVALID": 0,
        "MALICIOUS": 0,
        "SANE": 0,
        "VALID": 0,
        "total": 100.00399807395195
    }
}