{
    "counter": {
        "ACTIVE": 14183,
        "INACTIVE": 18931,
        "INVALID": 0,
        "MALICIOUS": 0,
        "SANE": 0,
        "VALID": 0,
        "total": 33114
    },
    "percentage": {
        "ACTIVE": 42.837294995318494,
        "INACTIVE": 57.16917315938878,
        "INVALID": 0,
        "MALICIOUS": 0,
        "SANE": 0,
        "VALID": 0,
        "total": 100.00646815470728
    }
}