{
    "counter": {
        "ACTIVE": 33235,
        "INACTIVE": 41903,
        "INVALID": 0,
        "MALICIOUS": 0,
        "SANE": 0,
        "VALID": 0,
        "total": 75138
    },
    "percentage": {
        "ACTIVE": 44.23194655167825,
        "INACTIVE": 55.76805344832175,
        "INVALID": 0.0,
        "MALICIOUS": 0.0,
        "SANE": 0.0,
        "VALID": 0.0,
        "total": 100.0
    }
}