{
    "counter": {
        "ACTIVE": 41958,
        "INACTIVE": 55797,
        "INVALID": 0,
        "MALICIOUS": 0,
        "SANE": 0,
        "VALID": 0,
        "total": 97755
    },
    "percentage": {
        "ACTIVE": 42.921589688506984,
        "INACTIVE": 57.078410311493016,
        "INVALID": 0.0,
        "MALICIOUS": 0.0,
        "SANE": 0.0,
        "VALID": 0.0,
        "total": 100.0
    }
}