{
    "counter": {
        "ACTIVE": 40487,
        "INACTIVE": 53576,
        "INVALID": 0,
        "MALICIOUS": 0,
        "SANE": 0,
        "VALID": 0,
        "total": 94063
    },
    "percentage": {
        "ACTIVE": 43.04242901034413,
        "INACTIVE": 56.95757098965587,
        "INVALID": 0.0,
        "MALICIOUS": 0.0,
        "SANE": 0.0,
        "VALID": 0.0,
        "total": 100.0
    }
}