{
    "counter": {
        "ACTIVE": 38176,
        "INACTIVE": 47218,
        "INVALID": 0,
        "MALICIOUS": 0,
        "SANE": 0,
        "VALID": 0,
        "total": 85394
    },
    "percentage": {
        "ACTIVE": 44.705717029299485,
        "INACTIVE": 55.294282970700515,
        "INVALID": 0.0,
        "MALICIOUS": 0.0,
        "SANE": 0.0,
        "VALID": 0.0,
        "total": 100.0
    }
}