{
    "counter": {
        "ACTIVE": 14544,
        "INACTIVE": 19388,
        "INVALID": 0,
        "MALICIOUS": 0,
        "SANE": 0,
        "VALID": 0,
        "total": 33932
    },
    "percentage": {
        "ACTIVE": 42.863458194571336,
        "INACTIVE": 57.137805021808326,
        "INVALID": 0,
        "MALICIOUS": 0,
        "SANE": 0,
        "VALID": 0,
        "total": 100.00126321637967
    }
}