{
    "counter": {
        "ACTIVE": 4794,
        "INACTIVE": 6142,
        "INVALID": 0,
        "MALICIOUS": 0,
        "SANE": 0,
        "VALID": 0,
        "total": 10936
    },
    "percentage": {
        "ACTIVE": 43.83686905632773,
        "INACTIVE": 56.16826703246456,
        "INVALID": 0,
        "MALICIOUS": 0,
        "SANE": 0,
        "VALID": 0,
        "total": 100.00513608879228
    }
}