{
    "counter": {
        "ACTIVE": 2097,
        "INACTIVE": 2756,
        "INVALID": 0,
        "MALICIOUS": 0,
        "SANE": 0,
        "VALID": 0,
        "total": 4853
    },
    "percentage": {
        "ACTIVE": 43.23711340206186,
        "INACTIVE": 56.78961467133732,
        "INVALID": 0,
        "MALICIOUS": 0,
        "SANE": 0,
        "VALID": 0,
        "total": 100.02672807339917
    }
}