{
    "counter": {
        "ACTIVE": 11659,
        "INACTIVE": 14441,
        "INVALID": 0,
        "MALICIOUS": 0,
        "SANE": 0,
        "VALID": 0,
        "total": 26100
    },
    "percentage": {
        "ACTIVE": 44.67049808429119,
        "INACTIVE": 55.33162190122227,
        "INVALID": 0,
        "MALICIOUS": 0,
        "SANE": 0,
        "VALID": 0,
        "total": 100.00211998551346
    }
}