{
    "counter": {
        "ACTIVE": 22016,
        "INACTIVE": 26990,
        "INVALID": 0,
        "MALICIOUS": 0,
        "SANE": 0,
        "VALID": 0,
        "total": 49006
    },
    "percentage": {
        "ACTIVE": 44.92511121087214,
        "INACTIVE": 55.07488878912786,
        "INVALID": 0.0,
        "MALICIOUS": 0.0,
        "SANE": 0.0,
        "VALID": 0.0,
        "total": 100.0
    }
}