{
    "counter": {
        "ACTIVE": 24547,
        "INACTIVE": 30401,
        "INVALID": 0,
        "MALICIOUS": 0,
        "SANE": 0,
        "VALID": 0,
        "total": 54948
    },
    "percentage": {
        "ACTIVE": 44.67314551940016,
        "INACTIVE": 55.32685448059984,
        "INVALID": 0.0,
        "MALICIOUS": 0.0,
        "SANE": 0.0,
        "VALID": 0.0,
        "total": 100.0
    }
}