{
    "counter": {
        "ACTIVE": 13389,
        "INACTIVE": 17368,
        "INVALID": 0,
        "MALICIOUS": 0,
        "SANE": 0,
        "VALID": 0,
        "total": 30757
    },
    "percentage": {
        "ACTIVE": 43.544295563939116,
        "INACTIVE": 56.46844620736743,
        "INVALID": 0,
        "MALICIOUS": 0,
        "SANE": 0,
        "VALID": 0,
        "total": 100.01274177130654
    }
}