{
    "counter": {
        "ACTIVE": 6050,
        "INACTIVE": 7601,
        "INVALID": 0,
        "MALICIOUS": 0,
        "SANE": 0,
        "VALID": 0,
        "total": 13651
    },
    "percentage": {
        "ACTIVE": 44.3385855624771,
        "INACTIVE": 55.68090249798549,
        "INVALID": 0,
        "MALICIOUS": 0,
        "SANE": 0,
        "VALID": 0,
        "total": 100.01948806046259
    }
}