{
    "counter": {
        "ACTIVE": 3035,
        "INACTIVE": 3760,
        "INVALID": 0,
        "MALICIOUS": 0,
        "SANE": 0,
        "VALID": 0,
        "total": 6795
    },
    "percentage": {
        "ACTIVE": 44.66519499632082,
        "INACTIVE": 55.342949661466,
        "INVALID": 0,
        "MALICIOUS": 0,
        "SANE": 0,
        "VALID": 0,
        "total": 100.00814465778683
    }
}