{
    "counter": {
        "ACTIVE": 30727,
        "INACTIVE": 38524,
        "INVALID": 0,
        "MALICIOUS": 0,
        "SANE": 0,
        "VALID": 0,
        "total": 69251
    },
    "percentage": {
        "ACTIVE": 44.370478404643976,
        "INACTIVE": 55.63193160813309,
        "INVALID": 0.0,
        "MALICIOUS": 0.0,
        "SANE": 0.0,
        "VALID": 0.0,
        "total": 100.00241001277706
    }
}