{
    "counter": {
        "ACTIVE": 12060,
        "INACTIVE": 14842,
        "INVALID": 0,
        "MALICIOUS": 0,
        "SANE": 0,
        "VALID": 0,
        "total": 26902
    },
    "percentage": {
        "ACTIVE": 44.829380715188464,
        "INACTIVE": 55.17267016096056,
        "INVALID": 0,
        "MALICIOUS": 0,
        "SANE": 0,
        "VALID": 0,
        "total": 100.00205087614901
    }
}