{
    "counter": {
        "ACTIVE": 39994,
        "INACTIVE": 50336,
        "INVALID": 0,
        "MALICIOUS": 0,
        "SANE": 0,
        "VALID": 0,
        "total": 90330
    },
    "percentage": {
        "ACTIVE": 44.275434517878885,
        "INACTIVE": 55.724565482121115,
        "INVALID": 0.0,
        "MALICIOUS": 0.0,
        "SANE": 0.0,
        "VALID": 0.0,
        "total": 100.0
    }
}