{
    "counter": {
        "ACTIVE": 26072,
        "INACTIVE": 33393,
        "INVALID": 0,
        "MALICIOUS": 0,
        "SANE": 0,
        "VALID": 0,
        "total": 59465
    },
    "percentage": {
        "ACTIVE": 43.844278146809046,
        "INACTIVE": 56.155721853190954,
        "INVALID": 0.0,
        "MALICIOUS": 0.0,
        "SANE": 0.0,
        "VALID": 0.0,
        "total": 100.0
    }
}