{
    "counter": {
        "ACTIVE": 22771,
        "INACTIVE": 27895,
        "INVALID": 0,
        "MALICIOUS": 0,
        "SANE": 0,
        "VALID": 0,
        "total": 50666
    },
    "percentage": {
        "ACTIVE": 44.943354517822605,
        "INACTIVE": 55.056645482177395,
        "INVALID": 0.0,
        "MALICIOUS": 0.0,
        "SANE": 0.0,
        "VALID": 0.0,
        "total": 100.0
    }
}