{
    "counter": {
        "ACTIVE": 31427,
        "INACTIVE": 39384,
        "INVALID": 0,
        "MALICIOUS": 0,
        "SANE": 0,
        "VALID": 0,
        "total": 70811
    },
    "percentage": {
        "ACTIVE": 44.38152264478683,
        "INACTIVE": 55.62004829894505,
        "INVALID": 0.0,
        "MALICIOUS": 0.0,
        "SANE": 0.0,
        "VALID": 0.0,
        "total": 100.00157094373188
    }
}