{
    "counter": {
        "ACTIVE": 857,
        "INACTIVE": 1146,
        "INVALID": 0,
        "MALICIOUS": 0,
        "SANE": 0,
        "VALID": 0,
        "total": 2003
    },
    "percentage": {
        "ACTIVE": 42.785821268097855,
        "INACTIVE": 57.24275724275724,
        "INVALID": 0,
        "MALICIOUS": 0,
        "SANE": 0,
        "VALID": 0,
        "total": 100.0285785108551
    }
}