{
    "counter": {
        "ACTIVE": 31244,
        "INACTIVE": 39089,
        "INVALID": 0,
        "MALICIOUS": 0,
        "SANE": 0,
        "VALID": 0,
        "total": 70333
    },
    "percentage": {
        "ACTIVE": 44.42295935051825,
        "INACTIVE": 55.57783085935279,
        "INVALID": 0.0,
        "MALICIOUS": 0.0,
        "SANE": 0.0,
        "VALID": 0.0,
        "total": 100.00079020987104
    }
}