{
    "counter": {
        "ACTIVE": 15428,
        "INACTIVE": 20784,
        "INVALID": 0,
        "MALICIOUS": 0,
        "SANE": 0,
        "VALID": 0,
        "total": 36212
    },
    "percentage": {
        "ACTIVE": 42.60936809544852,
        "INACTIVE": 57.39533856180272,
        "INVALID": 0,
        "MALICIOUS": 0,
        "SANE": 0,
        "VALID": 0,
        "total": 100.00470665725123
    }
}