{
    "counter": {
        "ACTIVE": 29034,
        "INACTIVE": 36953,
        "INVALID": 0,
        "MALICIOUS": 0,
        "SANE": 0,
        "VALID": 0,
        "total": 65987
    },
    "percentage": {
        "ACTIVE": 43.9995756739964,
        "INACTIVE": 56.00127299730246,
        "INVALID": 0.0,
        "MALICIOUS": 0.0,
        "SANE": 0.0,
        "VALID": 0.0,
        "total": 100.00084867129885
    }
}