{
    "counter": {
        "ACTIVE": 40119,
        "INACTIVE": 50992,
        "INVALID": 0,
        "MALICIOUS": 0,
        "SANE": 0,
        "VALID": 0,
        "total": 91111
    },
    "percentage": {
        "ACTIVE": 44.033102479393264,
        "INACTIVE": 55.966897520606736,
        "INVALID": 0.0,
        "MALICIOUS": 0.0,
        "SANE": 0.0,
        "VALID": 0.0,
        "total": 100.0
    }
}