{
    "counter": {
        "ACTIVE": 36015,
        "INACTIVE": 45069,
        "INVALID": 0,
        "MALICIOUS": 0,
        "SANE": 0,
        "VALID": 0,
        "total": 81084
    },
    "percentage": {
        "ACTIVE": 44.416900991564304,
        "INACTIVE": 55.583099008435696,
        "INVALID": 0.0,
        "MALICIOUS": 0.0,
        "SANE": 0.0,
        "VALID": 0.0,
        "total": 100.0
    }
}