{
    "counter": {
        "ACTIVE": 17576,
        "INACTIVE": 22697,
        "INVALID": 0,
        "MALICIOUS": 0,
        "SANE": 0,
        "VALID": 0,
        "total": 40273
    },
    "percentage": {
        "ACTIVE": 43.64430980109756,
        "INACTIVE": 56.35785762173168,
        "INVALID": 0,
        "MALICIOUS": 0,
        "SANE": 0,
        "VALID": 0,
        "total": 100.00216742282925
    }
}