{
    "counter": {
        "ACTIVE": 36440,
        "INACTIVE": 45567,
        "INVALID": 0,
        "MALICIOUS": 0,
        "SANE": 0,
        "VALID": 0,
        "total": 82007
    },
    "percentage": {
        "ACTIVE": 44.43523113880522,
        "INACTIVE": 55.56476886119478,
        "INVALID": 0.0,
        "MALICIOUS": 0.0,
        "SANE": 0.0,
        "VALID": 0.0,
        "total": 100.0
    }
}