{
    "counter": {
        "ACTIVE": 37048,
        "INACTIVE": 46073,
        "INVALID": 0,
        "MALICIOUS": 0,
        "SANE": 0,
        "VALID": 0,
        "total": 83121
    },
    "percentage": {
        "ACTIVE": 44.57116733436797,
        "INACTIVE": 55.42883266563203,
        "INVALID": 0.0,
        "MALICIOUS": 0.0,
        "SANE": 0.0,
        "VALID": 0.0,
        "total": 100.0
    }
}