{
    "counter": {
        "ACTIVE": 41133,
        "INACTIVE": 54865,
        "INVALID": 0,
        "MALICIOUS": 0,
        "SANE": 0,
        "VALID": 0,
        "total": 95998
    },
    "percentage": {
        "ACTIVE": 42.84776766182629,
        "INACTIVE": 57.15223233817371,
        "INVALID": 0.0,
        "MALICIOUS": 0.0,
        "SANE": 0.0,
        "VALID": 0.0,
        "total": 100.0
    }
}