{
    "counter": {
        "ACTIVE": 31596,
        "INACTIVE": 39593,
        "INVALID": 0,
        "MALICIOUS": 0,
        "SANE": 0,
        "VALID": 0,
        "total": 71189
    },
    "percentage": {
        "ACTIVE": 44.383884924425466,
        "INACTIVE": 55.61673854106674,
        "INVALID": 0.0,
        "MALICIOUS": 0.0,
        "SANE": 0.0,
        "VALID": 0.0,
        "total": 100.0006234654922
    }
}