{
    "counter": {
        "ACTIVE": 44498,
        "INACTIVE": 59639,
        "INVALID": 0,
        "MALICIOUS": 0,
        "SANE": 0,
        "VALID": 0,
        "total": 104137
    },
    "percentage": {
        "ACTIVE": 42.730249575078986,
        "INACTIVE": 57.269750424921014,
        "INVALID": 0.0,
        "MALICIOUS": 0.0,
        "SANE": 0.0,
        "VALID": 0.0,
        "total": 100.0
    }
}