{
    "counter": {
        "ACTIVE": 35631,
        "INACTIVE": 44618,
        "INVALID": 0,
        "MALICIOUS": 0,
        "SANE": 0,
        "VALID": 0,
        "total": 80249
    },
    "percentage": {
        "ACTIVE": 44.40055327792247,
        "INACTIVE": 55.59944672207753,
        "INVALID": 0.0,
        "MALICIOUS": 0.0,
        "SANE": 0.0,
        "VALID": 0.0,
        "total": 100.0
    }
}