{
    "counter": {
        "ACTIVE": 30136,
        "INACTIVE": 37920,
        "INVALID": 0,
        "MALICIOUS": 0,
        "SANE": 0,
        "VALID": 0,
        "total": 68056
    },
    "percentage": {
        "ACTIVE": 44.28118020453744,
        "INACTIVE": 55.72045728392159,
        "INVALID": 0.0,
        "MALICIOUS": 0.0,
        "SANE": 0.0,
        "VALID": 0.0,
        "total": 100.00163748845904
    }
}