{
    "counter": {
        "ACTIVE": 8477,
        "INACTIVE": 11345,
        "INVALID": 0,
        "MALICIOUS": 0,
        "SANE": 0,
        "VALID": 0,
        "total": 19822
    },
    "percentage": {
        "ACTIVE": 42.774245635281055,
        "INACTIVE": 57.23438603571789,
        "INVALID": 0,
        "MALICIOUS": 0,
        "SANE": 0,
        "VALID": 0,
        "total": 100.00863167099894
    }
}