{
    "counter": {
        "ACTIVE": 30111,
        "INACTIVE": 37890,
        "INVALID": 0,
        "MALICIOUS": 0,
        "SANE": 0,
        "VALID": 0,
        "total": 68001
    },
    "percentage": {
        "ACTIVE": 44.28023117307099,
        "INACTIVE": 55.72140766775982,
        "INVALID": 0.0,
        "MALICIOUS": 0.0,
        "SANE": 0.0,
        "VALID": 0.0,
        "total": 100.00163884083081
    }
}