{
    "counter": {
        "ACTIVE": 35621,
        "INACTIVE": 44613,
        "INVALID": 0,
        "MALICIOUS": 0,
        "SANE": 0,
        "VALID": 0,
        "total": 80234
    },
    "percentage": {
        "ACTIVE": 44.396390557618965,
        "INACTIVE": 55.603609442381035,
        "INVALID": 0.0,
        "MALICIOUS": 0.0,
        "SANE": 0.0,
        "VALID": 0.0,
        "total": 100.0
    }
}