{
    "counter": {
        "ACTIVE": 37780,
        "INACTIVE": 46755,
        "INVALID": 0,
        "MALICIOUS": 0,
        "SANE": 0,
        "VALID": 0,
        "total": 84535
    },
    "percentage": {
        "ACTIVE": 44.691547879576504,
        "INACTIVE": 55.308452120423496,
        "INVALID": 0.0,
        "MALICIOUS": 0.0,
        "SANE": 0.0,
        "VALID": 0.0,
        "total": 100.0
    }
}