{
    "counter": {
        "ACTIVE": 25468,
        "INACTIVE": 32177,
        "INVALID": 0,
        "MALICIOUS": 0,
        "SANE": 0,
        "VALID": 0,
        "total": 57645
    },
    "percentage": {
        "ACTIVE": 44.18076155781074,
        "INACTIVE": 55.81923844218926,
        "INVALID": 0.0,
        "MALICIOUS": 0.0,
        "SANE": 0.0,
        "VALID": 0.0,
        "total": 100.0
    }
}