{
    "counter": {
        "ACTIVE": 39871,
        "INACTIVE": 50049,
        "INVALID": 0,
        "MALICIOUS": 0,
        "SANE": 0,
        "VALID": 0,
        "total": 89920
    },
    "percentage": {
        "ACTIVE": 44.34052491103203,
        "INACTIVE": 55.65947508896797,
        "INVALID": 0.0,
        "MALICIOUS": 0.0,
        "SANE": 0.0,
        "VALID": 0.0,
        "total": 100.0
    }
}