{
    "counter": {
        "ACTIVE": 41595,
        "INACTIVE": 55344,
        "INVALID": 0,
        "MALICIOUS": 0,
        "SANE": 0,
        "VALID": 0,
        "total": 96939
    },
    "percentage": {
        "ACTIVE": 42.90842694890601,
        "INACTIVE": 57.09157305109399,
        "INVALID": 0.0,
        "MALICIOUS": 0.0,
        "SANE": 0.0,
        "VALID": 0.0,
        "total": 100.0
    }
}