{
    "counter": {
        "ACTIVE": 16060,
        "INACTIVE": 21212,
        "INVALID": 0,
        "MALICIOUS": 0,
        "SANE": 0,
        "VALID": 0,
        "total": 37272
    },
    "percentage": {
        "ACTIVE": 43.09327036599764,
        "INACTIVE": 56.911354367890105,
        "INVALID": 0,
        "MALICIOUS": 0,
        "SANE": 0,
        "VALID": 0,
        "total": 100.00462473388774
    }
}