{
    "counter": {
        "ACTIVE": 3603,
        "INACTIVE": 4378,
        "INVALID": 0,
        "MALICIOUS": 0,
        "SANE": 0,
        "VALID": 0,
        "total": 7981
    },
    "percentage": {
        "ACTIVE": 45.144718706928955,
        "INACTIVE": 54.86215538847118,
        "INVALID": 0,
        "MALICIOUS": 0,
        "SANE": 0,
        "VALID": 0,
        "total": 100.00687409540014
    }
}