{
    "counter": {
        "ACTIVE": 25203,
        "INACTIVE": 31680,
        "INVALID": 0,
        "MALICIOUS": 0,
        "SANE": 0,
        "VALID": 0,
        "total": 56883
    },
    "percentage": {
        "ACTIVE": 44.30673487685249,
        "INACTIVE": 55.69326512314751,
        "INVALID": 0.0,
        "MALICIOUS": 0.0,
        "SANE": 0.0,
        "VALID": 0.0,
        "total": 100.0
    }
}