{
    "counter": {
        "ACTIVE": 31759,
        "INACTIVE": 39763,
        "INVALID": 0,
        "MALICIOUS": 0,
        "SANE": 0,
        "VALID": 0,
        "total": 71522
    },
    "percentage": {
        "ACTIVE": 44.4045188892928,
        "INACTIVE": 55.59703579418345,
        "INVALID": 0.0,
        "MALICIOUS": 0.0,
        "SANE": 0.0,
        "VALID": 0.0,
        "total": 100.00155468347626
    }
}