{
    "counter": {
        "ACTIVE": 6845,
        "INACTIVE": 9062,
        "INVALID": 0,
        "MALICIOUS": 0,
        "SANE": 0,
        "VALID": 0,
        "total": 15907
    },
    "percentage": {
        "ACTIVE": 43.036780886513675,
        "INACTIVE": 56.9686301628214,
        "INVALID": 0,
        "MALICIOUS": 0,
        "SANE": 0,
        "VALID": 0,
        "total": 100.00541104933507
    }
}