{
    "counter": {
        "ACTIVE": 14662,
        "INACTIVE": 19624,
        "INVALID": 0,
        "MALICIOUS": 0,
        "SANE": 0,
        "VALID": 0,
        "total": 34286
    },
    "percentage": {
        "ACTIVE": 42.76630498191576,
        "INACTIVE": 57.23618969841918,
        "INVALID": 0,
        "MALICIOUS": 0,
        "SANE": 0,
        "VALID": 0,
        "total": 100.00249468033493
    }
}