{
    "counter": {
        "ACTIVE": 40218,
        "INACTIVE": 52061,
        "INVALID": 0,
        "MALICIOUS": 0,
        "SANE": 0,
        "VALID": 0,
        "total": 92279
    },
    "percentage": {
        "ACTIVE": 43.58304706379566,
        "INACTIVE": 56.41695293620434,
        "INVALID": 0.0,
        "MALICIOUS": 0.0,
        "SANE": 0.0,
        "VALID": 0.0,
        "total": 100.0
    }
}