{
    "counter": {
        "ACTIVE": 15692,
        "INACTIVE": 20986,
        "INVALID": 0,
        "MALICIOUS": 0,
        "SANE": 0,
        "VALID": 0,
        "total": 36678
    },
    "percentage": {
        "ACTIVE": 42.784306240968455,
        "INACTIVE": 57.21686024319756,
        "INVALID": 0,
        "MALICIOUS": 0,
        "SANE": 0,
        "VALID": 0,
        "total": 100.00116648416602
    }
}