{
    "counter": {
        "ACTIVE": 7264,
        "INACTIVE": 9602,
        "INVALID": 0,
        "MALICIOUS": 0,
        "SANE": 0,
        "VALID": 0,
        "total": 16866
    },
    "percentage": {
        "ACTIVE": 43.06889600379461,
        "INACTIVE": 56.93785578747628,
        "INVALID": 0,
        "MALICIOUS": 0,
        "SANE": 0,
        "VALID": 0,
        "total": 100.00675179127089
    }
}