{
    "counter": {
        "ACTIVE": 42160,
        "INACTIVE": 56069,
        "INVALID": 0,
        "MALICIOUS": 0,
        "SANE": 0,
        "VALID": 0,
        "total": 98229
    },
    "percentage": {
        "ACTIVE": 42.92011524091664,
        "INACTIVE": 57.07988475908336,
        "INVALID": 0.0,
        "MALICIOUS": 0.0,
        "SANE": 0.0,
        "VALID": 0.0,
        "total": 100.0
    }
}