{
    "counter": {
        "ACTIVE": 23836,
        "INACTIVE": 29196,
        "INVALID": 0,
        "MALICIOUS": 0,
        "SANE": 0,
        "VALID": 0,
        "total": 53032
    },
    "percentage": {
        "ACTIVE": 44.94644742796802,
        "INACTIVE": 55.05355257203198,
        "INVALID": 0.0,
        "MALICIOUS": 0.0,
        "SANE": 0.0,
        "VALID": 0.0,
        "total": 100.0
    }
}