{
    "counter": {
        "ACTIVE": 16078,
        "INACTIVE": 21234,
        "INVALID": 0,
        "MALICIOUS": 0,
        "SANE": 0,
        "VALID": 0,
        "total": 37312
    },
    "percentage": {
        "ACTIVE": 43.09069468267582,
        "INACTIVE": 56.91693247915941,
        "INVALID": 0,
        "MALICIOUS": 0,
        "SANE": 0,
        "VALID": 0,
        "total": 100.00762716183522
    }
}