{
    "counter": {
        "ACTIVE": 36942,
        "INACTIVE": 46009,
        "INVALID": 0,
        "MALICIOUS": 0,
        "SANE": 0,
        "VALID": 0,
        "total": 82951
    },
    "percentage": {
        "ACTIVE": 44.53472531976709,
        "INACTIVE": 55.46527468023291,
        "INVALID": 0.0,
        "MALICIOUS": 0.0,
        "SANE": 0.0,
        "VALID": 0.0,
        "total": 100.0
    }
}