{
    "counter": {
        "ACTIVE": 35685,
        "INACTIVE": 44696,
        "INVALID": 0,
        "MALICIOUS": 0,
        "SANE": 0,
        "VALID": 0,
        "total": 80381
    },
    "percentage": {
        "ACTIVE": 44.39481967131536,
        "INACTIVE": 55.60518032868464,
        "INVALID": 0.0,
        "MALICIOUS": 0.0,
        "SANE": 0.0,
        "VALID": 0.0,
        "total": 100.0
    }
}