{
    "counter": {
        "ACTIVE": 26596,
        "INACTIVE": 34027,
        "INVALID": 0,
        "MALICIOUS": 0,
        "SANE": 0,
        "VALID": 0,
        "total": 60623
    },
    "percentage": {
        "ACTIVE": 43.87113801692427,
        "INACTIVE": 56.12886198307573,
        "INVALID": 0.0,
        "MALICIOUS": 0.0,
        "SANE": 0.0,
        "VALID": 0.0,
        "total": 100.0
    }
}