{
    "counter": {
        "ACTIVE": 4015,
        "INACTIVE": 5059,
        "INVALID": 0,
        "MALICIOUS": 0,
        "SANE": 0,
        "VALID": 0,
        "total": 9074
    },
    "percentage": {
        "ACTIVE": 44.25705467372134,
        "INACTIVE": 55.752700022041,
        "INVALID": 0,
        "MALICIOUS": 0,
        "SANE": 0,
        "VALID": 0,
        "total": 100.00975469576234
    }
}