{
    "counter": {
        "ACTIVE": 2382,
        "INACTIVE": 3117,
        "INVALID": 0,
        "MALICIOUS": 0,
        "SANE": 0,
        "VALID": 0,
        "total": 5499
    },
    "percentage": {
        "ACTIVE": 43.31696672122204,
        "INACTIVE": 56.713973799126634,
        "INVALID": 0,
        "MALICIOUS": 0,
        "SANE": 0,
        "VALID": 0,
        "total": 100.03094052034868
    }
}