{
    "counter": {
        "ACTIVE": 40201,
        "INACTIVE": 51974,
        "INVALID": 0,
        "MALICIOUS": 0,
        "SANE": 0,
        "VALID": 0,
        "total": 92175
    },
    "percentage": {
        "ACTIVE": 43.61377813940874,
        "INACTIVE": 56.38622186059126,
        "INVALID": 0.0,
        "MALICIOUS": 0.0,
        "SANE": 0.0,
        "VALID": 0.0,
        "total": 100.0
    }
}