{
    "counter": {
        "ACTIVE": 29462,
        "INACTIVE": 37293,
        "INVALID": 0,
        "MALICIOUS": 0,
        "SANE": 0,
        "VALID": 0,
        "total": 66755
    },
    "percentage": {
        "ACTIVE": 44.13452175866976,
        "INACTIVE": 55.86631512718339,
        "INVALID": 0.0,
        "MALICIOUS": 0.0,
        "SANE": 0.0,
        "VALID": 0.0,
        "total": 100.00083688585315
    }
}