{
    "counter": {
        "ACTIVE": 32627,
        "INACTIVE": 41019,
        "INVALID": 0,
        "MALICIOUS": 0,
        "SANE": 0,
        "VALID": 0,
        "total": 73646
    },
    "percentage": {
        "ACTIVE": 44.302473997229995,
        "INACTIVE": 55.697526002770005,
        "INVALID": 0.0,
        "MALICIOUS": 0.0,
        "SANE": 0.0,
        "VALID": 0.0,
        "total": 100.0
    }
}