{
    "counter": {
        "ACTIVE": 35188,
        "INACTIVE": 44082,
        "INVALID": 0,
        "MALICIOUS": 0,
        "SANE": 0,
        "VALID": 0,
        "total": 79270
    },
    "percentage": {
        "ACTIVE": 44.39005929103065,
        "INACTIVE": 55.60994070896935,
        "INVALID": 0.0,
        "MALICIOUS": 0.0,
        "SANE": 0.0,
        "VALID": 0.0,
        "total": 100.0
    }
}