{
    "counter": {
        "ACTIVE": 18916,
        "INACTIVE": 23861,
        "INVALID": 0,
        "MALICIOUS": 0,
        "SANE": 0,
        "VALID": 0,
        "total": 42777
    },
    "percentage": {
        "ACTIVE": 44.22002477967132,
        "INACTIVE": 55.78127922199364,
        "INVALID": 0,
        "MALICIOUS": 0,
        "SANE": 0,
        "VALID": 0,
        "total": 100.00130400166496
    }
}