{
    "counter": {
        "ACTIVE": 14259,
        "INACTIVE": 19100,
        "INVALID": 0,
        "MALICIOUS": 0,
        "SANE": 0,
        "VALID": 0,
        "total": 33359
    },
    "percentage": {
        "ACTIVE": 42.760750914652434,
        "INACTIVE": 57.25591294703079,
        "INVALID": 0,
        "MALICIOUS": 0,
        "SANE": 0,
        "VALID": 0,
        "total": 100.01666386168321
    }
}