{
    "counter": {
        "ACTIVE": 38458,
        "INACTIVE": 47514,
        "INVALID": 0,
        "MALICIOUS": 0,
        "SANE": 0,
        "VALID": 0,
        "total": 85972
    },
    "percentage": {
        "ACTIVE": 44.73316893872423,
        "INACTIVE": 55.26683106127577,
        "INVALID": 0.0,
        "MALICIOUS": 0.0,
        "SANE": 0.0,
        "VALID": 0.0,
        "total": 100.0
    }
}