{
    "counter": {
        "ACTIVE": 5700,
        "INACTIVE": 7113,
        "INVALID": 0,
        "MALICIOUS": 0,
        "SANE": 0,
        "VALID": 0,
        "total": 12813
    },
    "percentage": {
        "ACTIVE": 44.48606883633809,
        "INACTIVE": 55.522597767543516,
        "INVALID": 0,
        "MALICIOUS": 0,
        "SANE": 0,
        "VALID": 0,
        "total": 100.00866660388161
    }
}