{
    "counter": {
        "ACTIVE": 6842,
        "INACTIVE": 9057,
        "INVALID": 0,
        "MALICIOUS": 0,
        "SANE": 0,
        "VALID": 0,
        "total": 15899
    },
    "percentage": {
        "ACTIVE": 43.05039954697036,
        "INACTIVE": 56.9658469086106,
        "INVALID": 0,
        "MALICIOUS": 0,
        "SANE": 0,
        "VALID": 0,
        "total": 100.01624645558095
    }
}