{
    "counter": {
        "ACTIVE": 11458,
        "INACTIVE": 14225,
        "INVALID": 0,
        "MALICIOUS": 0,
        "SANE": 0,
        "VALID": 0,
        "total": 25683
    },
    "percentage": {
        "ACTIVE": 44.61316824358525,
        "INACTIVE": 55.39330218068536,
        "INVALID": 0,
        "MALICIOUS": 0,
        "SANE": 0,
        "VALID": 0,
        "total": 100.00647042427062
    }
}