{
    "counter": {
        "ACTIVE": 15478,
        "INACTIVE": 20857,
        "INVALID": 0,
        "MALICIOUS": 0,
        "SANE": 0,
        "VALID": 0,
        "total": 36335
    },
    "percentage": {
        "ACTIVE": 42.598045961194444,
        "INACTIVE": 57.40511380838356,
        "INVALID": 0,
        "MALICIOUS": 0,
        "SANE": 0,
        "VALID": 0,
        "total": 100.003159769578
    }
}