{
    "counter": {
        "ACTIVE": 4533,
        "INACTIVE": 5744,
        "INVALID": 0,
        "MALICIOUS": 0,
        "SANE": 0,
        "VALID": 0,
        "total": 10277
    },
    "percentage": {
        "ACTIVE": 44.1082027829133,
        "INACTIVE": 55.897236278707666,
        "INVALID": 0,
        "MALICIOUS": 0,
        "SANE": 0,
        "VALID": 0,
        "total": 100.00543906162096
    }
}