{
    "counter": {
        "ACTIVE": 15187,
        "INACTIVE": 20299,
        "INVALID": 0,
        "MALICIOUS": 0,
        "SANE": 0,
        "VALID": 0,
        "total": 35486
    },
    "percentage": {
        "ACTIVE": 42.79836550655207,
        "INACTIVE": 57.20284055683932,
        "INVALID": 0,
        "MALICIOUS": 0,
        "SANE": 0,
        "VALID": 0,
        "total": 100.00120606339138
    }
}