{
    "counter": {
        "ACTIVE": 32938,
        "INACTIVE": 41529,
        "INVALID": 0,
        "MALICIOUS": 0,
        "SANE": 0,
        "VALID": 0,
        "total": 74467
    },
    "percentage": {
        "ACTIVE": 44.2316730900936,
        "INACTIVE": 55.7683269099064,
        "INVALID": 0.0,
        "MALICIOUS": 0.0,
        "SANE": 0.0,
        "VALID": 0.0,
        "total": 100.0
    }
}