{
    "counter": {
        "ACTIVE": 36541,
        "INACTIVE": 45705,
        "INVALID": 0,
        "MALICIOUS": 0,
        "SANE": 0,
        "VALID": 0,
        "total": 82246
    },
    "percentage": {
        "ACTIVE": 44.42890839676094,
        "INACTIVE": 55.57109160323906,
        "INVALID": 0.0,
        "MALICIOUS": 0.0,
        "SANE": 0.0,
        "VALID": 0.0,
        "total": 100.0
    }
}