{
    "counter": {
        "ACTIVE": 11456,
        "INACTIVE": 14223,
        "INVALID": 0,
        "MALICIOUS": 0,
        "SANE": 0,
        "VALID": 0,
        "total": 25679
    },
    "percentage": {
        "ACTIVE": 44.61406651608381,
        "INACTIVE": 55.387670859457145,
        "INVALID": 0,
        "MALICIOUS": 0,
        "SANE": 0,
        "VALID": 0,
        "total": 100.00173737554096
    }
}