{
    "counter": {
        "ACTIVE": 24993,
        "INACTIVE": 30962,
        "INVALID": 0,
        "MALICIOUS": 0,
        "SANE": 0,
        "VALID": 0,
        "total": 55955
    },
    "percentage": {
        "ACTIVE": 44.6662496649093,
        "INACTIVE": 55.3337503350907,
        "INVALID": 0.0,
        "MALICIOUS": 0.0,
        "SANE": 0.0,
        "VALID": 0.0,
        "total": 100.0
    }
}