{
    "counter": {
        "ACTIVE": 15504,
        "INACTIVE": 20908,
        "INVALID": 0,
        "MALICIOUS": 0,
        "SANE": 0,
        "VALID": 0,
        "total": 36412
    },
    "percentage": {
        "ACTIVE": 42.5793694386466,
        "INACTIVE": 57.42220757463404,
        "INVALID": 0,
        "MALICIOUS": 0,
        "SANE": 0,
        "VALID": 0,
        "total": 100.00157701328064
    }
}