{
    "counter": {
        "ACTIVE": 20094,
        "INACTIVE": 25191,
        "INVALID": 0,
        "MALICIOUS": 0,
        "SANE": 0,
        "VALID": 0,
        "total": 45285
    },
    "percentage": {
        "ACTIVE": 44.37328857874746,
        "INACTIVE": 55.62769128850613,
        "INVALID": 0,
        "MALICIOUS": 0,
        "SANE": 0,
        "VALID": 0,
        "total": 100.00097986725359
    }
}