{
    "counter": {
        "ACTIVE": 23682,
        "INACTIVE": 29002,
        "INVALID": 0,
        "MALICIOUS": 0,
        "SANE": 0,
        "VALID": 0,
        "total": 52684
    },
    "percentage": {
        "ACTIVE": 44.951028775339765,
        "INACTIVE": 55.048971224660235,
        "INVALID": 0.0,
        "MALICIOUS": 0.0,
        "SANE": 0.0,
        "VALID": 0.0,
        "total": 100.0
    }
}