{
    "counter": {
        "ACTIVE": 19672,
        "INACTIVE": 24780,
        "INVALID": 0,
        "MALICIOUS": 0,
        "SANE": 0,
        "VALID": 0,
        "total": 44452
    },
    "percentage": {
        "ACTIVE": 44.25547231783312,
        "INACTIVE": 55.74552326104562,
        "INVALID": 0,
        "MALICIOUS": 0,
        "SANE": 0,
        "VALID": 0,
        "total": 100.00099557887873
    }
}