{
    "counter": {
        "ACTIVE": 7609,
        "INACTIVE": 10048,
        "INVALID": 0,
        "MALICIOUS": 0,
        "SANE": 0,
        "VALID": 0,
        "total": 17657
    },
    "percentage": {
        "ACTIVE": 43.093390723225916,
        "INACTIVE": 56.9227283027419,
        "INVALID": 0,
        "MALICIOUS": 0,
        "SANE": 0,
        "VALID": 0,
        "total": 100.01611902596781
    }
}