{
    "counter": {
        "ACTIVE": 12711,
        "INACTIVE": 15998,
        "INVALID": 0,
        "MALICIOUS": 0,
        "SANE": 0,
        "VALID": 0,
        "total": 28709
    },
    "percentage": {
        "ACTIVE": 44.27839899676037,
        "INACTIVE": 55.7246856386499,
        "INVALID": 0,
        "MALICIOUS": 0,
        "SANE": 0,
        "VALID": 0,
        "total": 100.00308463541027
    }
}