{
    "counter": {
        "ACTIVE": 39641,
        "INACTIVE": 49533,
        "INVALID": 0,
        "MALICIOUS": 0,
        "SANE": 0,
        "VALID": 0,
        "total": 89174
    },
    "percentage": {
        "ACTIVE": 44.453540269585304,
        "INACTIVE": 55.546459730414696,
        "INVALID": 0.0,
        "MALICIOUS": 0.0,
        "SANE": 0.0,
        "VALID": 0.0,
        "total": 100.0
    }
}