{
    "counter": {
        "ACTIVE": 27397,
        "INACTIVE": 35160,
        "INVALID": 0,
        "MALICIOUS": 0,
        "SANE": 0,
        "VALID": 0,
        "total": 62557
    },
    "percentage": {
        "ACTIVE": 43.79525872404367,
        "INACTIVE": 56.20474127595633,
        "INVALID": 0.0,
        "MALICIOUS": 0.0,
        "SANE": 0.0,
        "VALID": 0.0,
        "total": 100.0
    }
}