{
    "counter": {
        "ACTIVE": 14498,
        "INACTIVE": 19330,
        "INVALID": 0,
        "MALICIOUS": 0,
        "SANE": 0,
        "VALID": 0,
        "total": 33828
    },
    "percentage": {
        "ACTIVE": 42.86305581835383,
        "INACTIVE": 57.142012533995505,
        "INVALID": 0,
        "MALICIOUS": 0,
        "SANE": 0,
        "VALID": 0,
        "total": 100.00506835234933
    }
}