{
    "counter": {
        "ACTIVE": 36724,
        "INACTIVE": 45948,
        "INVALID": 0,
        "MALICIOUS": 0,
        "SANE": 0,
        "VALID": 0,
        "total": 82672
    },
    "percentage": {
        "ACTIVE": 44.42132765628024,
        "INACTIVE": 55.57867234371976,
        "INVALID": 0.0,
        "MALICIOUS": 0.0,
        "SANE": 0.0,
        "VALID": 0.0,
        "total": 100.0
    }
}