{
    "counter": {
        "ACTIVE": 23170,
        "INACTIVE": 28440,
        "INVALID": 0,
        "MALICIOUS": 0,
        "SANE": 0,
        "VALID": 0,
        "total": 51610
    },
    "percentage": {
        "ACTIVE": 44.89440031001744,
        "INACTIVE": 55.10559968998256,
        "INVALID": 0.0,
        "MALICIOUS": 0.0,
        "SANE": 0.0,
        "VALID": 0.0,
        "total": 100.0
    }
}