{
    "counter": {
        "ACTIVE": 28988,
        "INACTIVE": 36907,
        "INVALID": 0,
        "MALICIOUS": 0,
        "SANE": 0,
        "VALID": 0,
        "total": 65895
    },
    "percentage": {
        "ACTIVE": 43.99119811821838,
        "INACTIVE": 56.011351909184725,
        "INVALID": 0.0,
        "MALICIOUS": 0.0,
        "SANE": 0.0,
        "VALID": 0.0,
        "total": 100.0025500274031
    }
}