{
    "counter": {
        "ACTIVE": 34876,
        "INACTIVE": 43477,
        "INVALID": 0,
        "MALICIOUS": 0,
        "SANE": 0,
        "VALID": 0,
        "total": 78353
    },
    "percentage": {
        "ACTIVE": 44.511377994460965,
        "INACTIVE": 55.488622005539035,
        "INVALID": 0.0,
        "MALICIOUS": 0.0,
        "SANE": 0.0,
        "VALID": 0.0,
        "total": 100.0
    }
}