{
    "counter": {
        "ACTIVE": 16006,
        "INACTIVE": 21175,
        "INVALID": 0,
        "MALICIOUS": 0,
        "SANE": 0,
        "VALID": 0,
        "total": 37181
    },
    "percentage": {
        "ACTIVE": 43.048869046018126,
        "INACTIVE": 56.95266272189349,
        "INVALID": 0,
        "MALICIOUS": 0,
        "SANE": 0,
        "VALID": 0,
        "total": 100.00153176791162
    }
}