{
    "counter": {
        "ACTIVE": 13052,
        "INACTIVE": 16556,
        "INVALID": 0,
        "MALICIOUS": 0,
        "SANE": 0,
        "VALID": 0,
        "total": 29608
    },
    "percentage": {
        "ACTIVE": 44.08268035666036,
        "INACTIVE": 55.92109707491725,
        "INVALID": 0,
        "MALICIOUS": 0,
        "SANE": 0,
        "VALID": 0,
        "total": 100.00377743157762
    }
}