{
    "counter": {
        "ACTIVE": 10562,
        "INACTIVE": 13462,
        "INVALID": 0,
        "MALICIOUS": 0,
        "SANE": 0,
        "VALID": 0,
        "total": 24024
    },
    "percentage": {
        "ACTIVE": 43.964368964368965,
        "INACTIVE": 56.04029639497128,
        "INVALID": 0,
        "MALICIOUS": 0,
        "SANE": 0,
        "VALID": 0,
        "total": 100.00466535934024
    }
}