{
    "counter": {
        "ACTIVE": 21953,
        "INACTIVE": 26923,
        "INVALID": 0,
        "MALICIOUS": 0,
        "SANE": 0,
        "VALID": 0,
        "total": 48876
    },
    "percentage": {
        "ACTIVE": 44.91570504951305,
        "INACTIVE": 55.08429495048695,
        "INVALID": 0.0,
        "MALICIOUS": 0.0,
        "SANE": 0.0,
        "VALID": 0.0,
        "total": 100.0
    }
}