{
    "counter": {
        "ACTIVE": 11742,
        "INACTIVE": 14534,
        "INVALID": 0,
        "MALICIOUS": 0,
        "SANE": 0,
        "VALID": 0,
        "total": 26276
    },
    "percentage": {
        "ACTIVE": 44.6871669964987,
        "INACTIVE": 55.314938154138915,
        "INVALID": 0,
        "MALICIOUS": 0,
        "SANE": 0,
        "VALID": 0,
        "total": 100.00210515063762
    }
}