{
    "counter": {
        "ACTIVE": 20975,
        "INACTIVE": 25914,
        "INVALID": 0,
        "MALICIOUS": 0,
        "SANE": 0,
        "VALID": 0,
        "total": 46889
    },
    "percentage": {
        "ACTIVE": 44.73426036512541,
        "INACTIVE": 55.26669368082066,
        "INVALID": 0,
        "MALICIOUS": 0,
        "SANE": 0,
        "VALID": 0,
        "total": 100.00095404594606
    }
}