{
    "counter": {
        "ACTIVE": 19655,
        "INACTIVE": 24762,
        "INVALID": 0,
        "MALICIOUS": 0,
        "SANE": 0,
        "VALID": 0,
        "total": 44417
    },
    "percentage": {
        "ACTIVE": 44.25107503883648,
        "INACTIVE": 55.75018011527378,
        "INVALID": 0,
        "MALICIOUS": 0,
        "SANE": 0,
        "VALID": 0,
        "total": 100.00125515411025
    }
}