{
    "counter": {
        "ACTIVE": 38667,
        "INACTIVE": 47730,
        "INVALID": 0,
        "MALICIOUS": 0,
        "SANE": 0,
        "VALID": 0,
        "total": 86397
    },
    "percentage": {
        "ACTIVE": 44.755026216188064,
        "INACTIVE": 55.244973783811936,
        "INVALID": 0.0,
        "MALICIOUS": 0.0,
        "SANE": 0.0,
        "VALID": 0.0,
        "total": 100.0
    }
}