{
    "counter": {
        "ACTIVE": 5220,
        "INACTIVE": 6540,
        "INVALID": 0,
        "MALICIOUS": 0,
        "SANE": 0,
        "VALID": 0,
        "total": 11760
    },
    "percentage": {
        "ACTIVE": 44.38775510204081,
        "INACTIVE": 55.63116706362708,
        "INVALID": 0,
        "MALICIOUS": 0,
        "SANE": 0,
        "VALID": 0,
        "total": 100.0189221656679
    }
}