{
    "counter": {
        "ACTIVE": 28653,
        "INACTIVE": 36526,
        "INVALID": 0,
        "MALICIOUS": 0,
        "SANE": 0,
        "VALID": 0,
        "total": 65179
    },
    "percentage": {
        "ACTIVE": 43.960478068089415,
        "INACTIVE": 56.041241542261844,
        "INVALID": 0.0,
        "MALICIOUS": 0.0,
        "SANE": 0.0,
        "VALID": 0.0,
        "total": 100.00171961035126
    }
}