{
    "counter": {
        "ACTIVE": 7936,
        "INACTIVE": 10449,
        "INVALID": 0,
        "MALICIOUS": 0,
        "SANE": 0,
        "VALID": 0,
        "total": 18385
    },
    "percentage": {
        "ACTIVE": 43.17032040472176,
        "INACTIVE": 56.83437584987762,
        "INVALID": 0,
        "MALICIOUS": 0,
        "SANE": 0,
        "VALID": 0,
        "total": 100.00469625459937
    }
}