{
    "counter": {
        "ACTIVE": 35538,
        "INACTIVE": 44516,
        "INVALID": 0,
        "MALICIOUS": 0,
        "SANE": 0,
        "VALID": 0,
        "total": 80054
    },
    "percentage": {
        "ACTIVE": 44.39253503884878,
        "INACTIVE": 55.60746496115122,
        "INVALID": 0.0,
        "MALICIOUS": 0.0,
        "SANE": 0.0,
        "VALID": 0.0,
        "total": 100.0
    }
}