{
    "counter": {
        "ACTIVE": 20353,
        "INACTIVE": 25417,
        "INVALID": 0,
        "MALICIOUS": 0,
        "SANE": 0,
        "VALID": 0,
        "total": 45770
    },
    "percentage": {
        "ACTIVE": 44.46993532599196,
        "INACTIVE": 55.53200786541402,
        "INVALID": 0,
        "MALICIOUS": 0,
        "SANE": 0,
        "VALID": 0,
        "total": 100.00194319140599
    }
}