{
    "counter": {
        "ACTIVE": 13317,
        "INACTIVE": 17212,
        "INVALID": 0,
        "MALICIOUS": 0,
        "SANE": 0,
        "VALID": 0,
        "total": 30529
    },
    "percentage": {
        "ACTIVE": 43.62367740033413,
        "INACTIVE": 56.379180451374104,
        "INVALID": 0,
        "MALICIOUS": 0,
        "SANE": 0,
        "VALID": 0,
        "total": 100.00285785170823
    }
}