{
    "counter": {
        "ACTIVE": 12465,
        "INACTIVE": 15424,
        "INVALID": 0,
        "MALICIOUS": 0,
        "SANE": 0,
        "VALID": 0,
        "total": 27889
    },
    "percentage": {
        "ACTIVE": 44.69504105561332,
        "INACTIVE": 55.30694205393001,
        "INVALID": 0,
        "MALICIOUS": 0,
        "SANE": 0,
        "VALID": 0,
        "total": 100.00198310954333
    }
}