{
    "counter": {
        "ACTIVE": 1985,
        "INACTIVE": 2566,
        "INVALID": 0,
        "MALICIOUS": 0,
        "SANE": 0,
        "VALID": 0,
        "total": 4551
    },
    "percentage": {
        "ACTIVE": 43.67436743674367,
        "INACTIVE": 56.38321248077346,
        "INVALID": 0,
        "MALICIOUS": 0,
        "SANE": 0,
        "VALID": 0,
        "total": 100.05757991751713
    }
}