{
    "counter": {
        "ACTIVE": 2208,
        "INACTIVE": 2883,
        "INVALID": 0,
        "MALICIOUS": 0,
        "SANE": 0,
        "VALID": 0,
        "total": 5091
    },
    "percentage": {
        "ACTIVE": 43.370654095462584,
        "INACTIVE": 56.6627358490566,
        "INVALID": 0,
        "MALICIOUS": 0,
        "SANE": 0,
        "VALID": 0,
        "total": 100.03338994451919
    }
}