{
    "counter": {
        "ACTIVE": 38169,
        "INACTIVE": 47212,
        "INVALID": 0,
        "MALICIOUS": 0,
        "SANE": 0,
        "VALID": 0,
        "total": 85381
    },
    "percentage": {
        "ACTIVE": 44.704325318279245,
        "INACTIVE": 55.295674681720755,
        "INVALID": 0.0,
        "MALICIOUS": 0.0,
        "SANE": 0.0,
        "VALID": 0.0,
        "total": 100.0
    }
}