{
    "counter": {
        "ACTIVE": 37160,
        "INACTIVE": 46101,
        "INVALID": 0,
        "MALICIOUS": 0,
        "SANE": 0,
        "VALID": 0,
        "total": 83261
    },
    "percentage": {
        "ACTIVE": 44.630739481870265,
        "INACTIVE": 55.369260518129735,
        "INVALID": 0.0,
        "MALICIOUS": 0.0,
        "SANE": 0.0,
        "VALID": 0.0,
        "total": 100.0
    }
}