{
    "counter": {
        "ACTIVE": 40420,
        "INACTIVE": 53362,
        "INVALID": 0,
        "MALICIOUS": 0,
        "SANE": 0,
        "VALID": 0,
        "total": 93782
    },
    "percentage": {
        "ACTIVE": 43.09995521528651,
        "INACTIVE": 56.90004478471349,
        "INVALID": 0.0,
        "MALICIOUS": 0.0,
        "SANE": 0.0,
        "VALID": 0.0,
        "total": 100.0
    }
}