{
    "counter": {
        "ACTIVE": 1046,
        "INACTIVE": 1297,
        "INVALID": 0,
        "MALICIOUS": 0,
        "SANE": 0,
        "VALID": 0,
        "total": 2343
    },
    "percentage": {
        "ACTIVE": 44.64361929150662,
        "INACTIVE": 55.427350427350426,
        "INVALID": 0,
        "MALICIOUS": 0,
        "SANE": 0,
        "VALID": 0,
        "total": 100.07096971885704
    }
}