{
    "counter": {
        "ACTIVE": 35012,
        "INACTIVE": 43747,
        "INVALID": 0,
        "MALICIOUS": 0,
        "SANE": 0,
        "VALID": 0,
        "total": 78759
    },
    "percentage": {
        "ACTIVE": 44.45460201373811,
        "INACTIVE": 55.54539798626189,
        "INVALID": 0.0,
        "MALICIOUS": 0.0,
        "SANE": 0.0,
        "VALID": 0.0,
        "total": 100.0
    }
}