{
    "counter": {
        "ACTIVE": 40000,
        "INACTIVE": 50346,
        "INVALID": 0,
        "MALICIOUS": 0,
        "SANE": 0,
        "VALID": 0,
        "total": 90346
    },
    "percentage": {
        "ACTIVE": 44.27423460916919,
        "INACTIVE": 55.72576539083081,
        "INVALID": 0.0,
        "MALICIOUS": 0.0,
        "SANE": 0.0,
        "VALID": 0.0,
        "total": 100.0
    }
}