{
    "counter": {
        "ACTIVE": 32242,
        "INACTIVE": 40430,
        "INVALID": 0,
        "MALICIOUS": 0,
        "SANE": 0,
        "VALID": 0,
        "total": 72672
    },
    "percentage": {
        "ACTIVE": 44.36646851607222,
        "INACTIVE": 55.63353148392778,
        "INVALID": 0.0,
        "MALICIOUS": 0.0,
        "SANE": 0.0,
        "VALID": 0.0,
        "total": 100.0
    }
}