{
    "counter": {
        "ACTIVE": 37537,
        "INACTIVE": 46277,
        "INVALID": 0,
        "MALICIOUS": 0,
        "SANE": 0,
        "VALID": 0,
        "total": 83814
    },
    "percentage": {
        "ACTIVE": 44.78607392559716,
        "INACTIVE": 55.21392607440284,
        "INVALID": 0.0,
        "MALICIOUS": 0.0,
        "SANE": 0.0,
        "VALID": 0.0,
        "total": 100.0
    }
}