{
    "counter": {
        "ACTIVE": 7200,
        "INACTIVE": 9517,
        "INVALID": 0,
        "MALICIOUS": 0,
        "SANE": 0,
        "VALID": 0,
        "total": 16717
    },
    "percentage": {
        "ACTIVE": 43.0828147438966,
        "INACTIVE": 56.930071185021234,
        "INVALID": 0,
        "MALICIOUS": 0,
        "SANE": 0,
        "VALID": 0,
        "total": 100.01288592891783
    }
}