{
    "counter": {
        "ACTIVE": 18306,
        "INACTIVE": 23420,
        "INVALID": 0,
        "MALICIOUS": 0,
        "SANE": 0,
        "VALID": 0,
        "total": 41726
    },
    "percentage": {
        "ACTIVE": 43.87297783103655,
        "INACTIVE": 56.12807362316062,
        "INVALID": 0,
        "MALICIOUS": 0,
        "SANE": 0,
        "VALID": 0,
        "total": 100.00105145419717
    }
}