{
    "counter": {
        "ACTIVE": 33401,
        "INACTIVE": 42158,
        "INVALID": 0,
        "MALICIOUS": 0,
        "SANE": 0,
        "VALID": 0,
        "total": 75559
    },
    "percentage": {
        "ACTIVE": 44.20519064572056,
        "INACTIVE": 55.79480935427944,
        "INVALID": 0.0,
        "MALICIOUS": 0.0,
        "SANE": 0.0,
        "VALID": 0.0,
        "total": 100.0
    }
}