{
    "counter": {
        "ACTIVE": 14953,
        "INACTIVE": 20036,
        "INVALID": 0,
        "MALICIOUS": 0,
        "SANE": 0,
        "VALID": 0,
        "total": 34989
    },
    "percentage": {
        "ACTIVE": 42.73751000342975,
        "INACTIVE": 57.26371145217068,
        "INVALID": 0,
        "MALICIOUS": 0,
        "SANE": 0,
        "VALID": 0,
        "total": 100.00122145560043
    }
}