{
    "counter": {
        "ACTIVE": 33169,
        "INACTIVE": 41822,
        "INVALID": 0,
        "MALICIOUS": 0,
        "SANE": 0,
        "VALID": 0,
        "total": 74991
    },
    "percentage": {
        "ACTIVE": 44.230641010254566,
        "INACTIVE": 55.769358989745434,
        "INVALID": 0.0,
        "MALICIOUS": 0.0,
        "SANE": 0.0,
        "VALID": 0.0,
        "total": 100.0
    }
}