{
    "counter": {
        "ACTIVE": 38421,
        "INACTIVE": 47463,
        "INVALID": 0,
        "MALICIOUS": 0,
        "SANE": 0,
        "VALID": 0,
        "total": 85884
    },
    "percentage": {
        "ACTIVE": 44.73592287271203,
        "INACTIVE": 55.26407712728797,
        "INVALID": 0.0,
        "MALICIOUS": 0.0,
        "SANE": 0.0,
        "VALID": 0.0,
        "total": 100.0
    }
}