{
    "counter": {
        "ACTIVE": 14469,
        "INACTIVE": 19290,
        "INVALID": 0,
        "MALICIOUS": 0,
        "SANE": 0,
        "VALID": 0,
        "total": 33759
    },
    "percentage": {
        "ACTIVE": 42.859681862614416,
        "INACTIVE": 57.142010782629306,
        "INVALID": 0,
        "MALICIOUS": 0,
        "SANE": 0,
        "VALID": 0,
        "total": 100.00169264524372
    }
}