{
    "counter": {
        "ACTIVE": 24214,
        "INACTIVE": 30072,
        "INVALID": 0,
        "MALICIOUS": 0,
        "SANE": 0,
        "VALID": 0,
        "total": 54286
    },
    "percentage": {
        "ACTIVE": 44.60450208156799,
        "INACTIVE": 55.39549791843201,
        "INVALID": 0.0,
        "MALICIOUS": 0.0,
        "SANE": 0.0,
        "VALID": 0.0,
        "total": 100.0
    }
}