{
    "counter": {
        "ACTIVE": 21532,
        "INACTIVE": 26465,
        "INVALID": 0,
        "MALICIOUS": 0,
        "SANE": 0,
        "VALID": 0,
        "total": 47997
    },
    "percentage": {
        "ACTIVE": 44.86113715440548,
        "INACTIVE": 55.13886284559452,
        "INVALID": 0.0,
        "MALICIOUS": 0.0,
        "SANE": 0.0,
        "VALID": 0.0,
        "total": 100.0
    }
}