{
    "counter": {
        "ACTIVE": 29020,
        "INACTIVE": 36925,
        "INVALID": 0,
        "MALICIOUS": 0,
        "SANE": 0,
        "VALID": 0,
        "total": 65945
    },
    "percentage": {
        "ACTIVE": 44.00770362282577,
        "INACTIVE": 55.99363105618318,
        "INVALID": 0.0,
        "MALICIOUS": 0.0,
        "SANE": 0.0,
        "VALID": 0.0,
        "total": 100.00133467900895
    }
}