{
    "counter": {
        "ACTIVE": 39257,
        "INACTIVE": 48626,
        "INVALID": 0,
        "MALICIOUS": 0,
        "SANE": 0,
        "VALID": 0,
        "total": 87883
    },
    "percentage": {
        "ACTIVE": 44.66961755971007,
        "INACTIVE": 55.33038244028993,
        "INVALID": 0.0,
        "MALICIOUS": 0.0,
        "SANE": 0.0,
        "VALID": 0.0,
        "total": 100.0
    }
}