{
    "counter": {
        "ACTIVE": 40786,
        "INACTIVE": 54538,
        "INVALID": 0,
        "MALICIOUS": 0,
        "SANE": 0,
        "VALID": 0,
        "total": 95324
    },
    "percentage": {
        "ACTIVE": 42.78670639083547,
        "INACTIVE": 57.21329360916453,
        "INVALID": 0.0,
        "MALICIOUS": 0.0,
        "SANE": 0.0,
        "VALID": 0.0,
        "total": 100.0
    }
}