{
    "counter": {
        "ACTIVE": 35601,
        "INACTIVE": 44593,
        "INVALID": 0,
        "MALICIOUS": 0,
        "SANE": 0,
        "VALID": 0,
        "total": 80194
    },
    "percentage": {
        "ACTIVE": 44.39359553083772,
        "INACTIVE": 55.60640446916228,
        "INVALID": 0.0,
        "MALICIOUS": 0.0,
        "SANE": 0.0,
        "VALID": 0.0,
        "total": 100.0
    }
}