{
    "counter": {
        "ACTIVE": 42596,
        "INACTIVE": 56734,
        "INVALID": 0,
        "MALICIOUS": 0,
        "SANE": 0,
        "VALID": 0,
        "total": 99330
    },
    "percentage": {
        "ACTIVE": 42.88331823215544,
        "INACTIVE": 57.11668176784456,
        "INVALID": 0.0,
        "MALICIOUS": 0.0,
        "SANE": 0.0,
        "VALID": 0.0,
        "total": 100.0
    }
}