{
    "counter": {
        "ACTIVE": 39043,
        "INACTIVE": 48296,
        "INVALID": 0,
        "MALICIOUS": 0,
        "SANE": 0,
        "VALID": 0,
        "total": 87339
    },
    "percentage": {
        "ACTIVE": 44.70282462588305,
        "INACTIVE": 55.29717537411695,
        "INVALID": 0.0,
        "MALICIOUS": 0.0,
        "SANE": 0.0,
        "VALID": 0.0,
        "total": 100.0
    }
}