{
    "counter": {
        "ACTIVE": 24326,
        "INACTIVE": 30251,
        "INVALID": 0,
        "MALICIOUS": 0,
        "SANE": 0,
        "VALID": 0,
        "total": 54577
    },
    "percentage": {
        "ACTIVE": 44.57188925737948,
        "INACTIVE": 55.42811074262052,
        "INVALID": 0.0,
        "MALICIOUS": 0.0,
        "SANE": 0.0,
        "VALID": 0.0,
        "total": 100.0
    }
}