{
    "counter": {
        "ACTIVE": 38942,
        "INACTIVE": 48112,
        "INVALID": 0,
        "MALICIOUS": 0,
        "SANE": 0,
        "VALID": 0,
        "total": 87054
    },
    "percentage": {
        "ACTIVE": 44.733154134215546,
        "INACTIVE": 55.266845865784454,
        "INVALID": 0.0,
        "MALICIOUS": 0.0,
        "SANE": 0.0,
        "VALID": 0.0,
        "total": 100.0
    }
}