{
    "counter": {
        "ACTIVE": 41627,
        "INACTIVE": 55375,
        "INVALID": 0,
        "MALICIOUS": 0,
        "SANE": 0,
        "VALID": 0,
        "total": 97002
    },
    "percentage": {
        "ACTIVE": 42.91354817426445,
        "INACTIVE": 57.08645182573555,
        "INVALID": 0.0,
        "MALICIOUS": 0.0,
        "SANE": 0.0,
        "VALID": 0.0,
        "total": 100.0
    }
}