{
    "counter": {
        "ACTIVE": 3795,
        "INACTIVE": 4670,
        "INVALID": 0,
        "MALICIOUS": 0,
        "SANE": 0,
        "VALID": 0,
        "total": 8465
    },
    "percentage": {
        "ACTIVE": 44.86876330101679,
        "INACTIVE": 55.16834022445363,
        "INVALID": 0,
        "MALICIOUS": 0,
        "SANE": 0,
        "VALID": 0,
        "total": 100.03710352547043
    }
}