{
    "counter": {
        "ACTIVE": 2253,
        "INACTIVE": 2946,
        "INVALID": 0,
        "MALICIOUS": 0,
        "SANE": 0,
        "VALID": 0,
        "total": 5199
    },
    "percentage": {
        "ACTIVE": 43.34359368988072,
        "INACTIVE": 56.664743219849974,
        "INVALID": 0,
        "MALICIOUS": 0,
        "SANE": 0,
        "VALID": 0,
        "total": 100.0083369097307
    }
}