{
    "counter": {
        "ACTIVE": 4282,
        "INACTIVE": 5310,
        "INVALID": 0,
        "MALICIOUS": 0,
        "SANE": 0,
        "VALID": 0,
        "total": 9592
    },
    "percentage": {
        "ACTIVE": 44.65533423714673,
        "INACTIVE": 55.35863219349458,
        "INVALID": 0,
        "MALICIOUS": 0,
        "SANE": 0,
        "VALID": 0,
        "total": 100.01396643064132
    }
}