{
    "counter": {
        "ACTIVE": 25676,
        "INACTIVE": 32646,
        "INVALID": 0,
        "MALICIOUS": 0,
        "SANE": 0,
        "VALID": 0,
        "total": 58322
    },
    "percentage": {
        "ACTIVE": 44.02455334179212,
        "INACTIVE": 55.97544665820788,
        "INVALID": 0.0,
        "MALICIOUS": 0.0,
        "SANE": 0.0,
        "VALID": 0.0,
        "total": 100.0
    }
}