{
    "counter": {
        "ACTIVE": 34701,
        "INACTIVE": 43286,
        "INVALID": 0,
        "MALICIOUS": 0,
        "SANE": 0,
        "VALID": 0,
        "total": 77987
    },
    "percentage": {
        "ACTIVE": 44.49587751804788,
        "INACTIVE": 55.50412248195212,
        "INVALID": 0.0,
        "MALICIOUS": 0.0,
        "SANE": 0.0,
        "VALID": 0.0,
        "total": 100.0
    }
}