{
    "counter": {
        "ACTIVE": 24300,
        "INACTIVE": 30233,
        "INVALID": 0,
        "MALICIOUS": 0,
        "SANE": 0,
        "VALID": 0,
        "total": 54533
    },
    "percentage": {
        "ACTIVE": 44.56017457319421,
        "INACTIVE": 55.43982542680579,
        "INVALID": 0.0,
        "MALICIOUS": 0.0,
        "SANE": 0.0,
        "VALID": 0.0,
        "total": 100.0
    }
}