{
    "counter": {
        "ACTIVE": 40342,
        "INACTIVE": 52838,
        "INVALID": 0,
        "MALICIOUS": 0,
        "SANE": 0,
        "VALID": 0,
        "total": 93180
    },
    "percentage": {
        "ACTIVE": 43.29469843314016,
        "INACTIVE": 56.70530156685984,
        "INVALID": 0.0,
        "MALICIOUS": 0.0,
        "SANE": 0.0,
        "VALID": 0.0,
        "total": 100.0
    }
}