{
    "counter": {
        "ACTIVE": 19638,
        "INACTIVE": 24741,
        "INVALID": 0,
        "MALICIOUS": 0,
        "SANE": 0,
        "VALID": 0,
        "total": 44379
    },
    "percentage": {
        "ACTIVE": 44.25265340153683,
        "INACTIVE": 55.74934090448185,
        "INVALID": 0,
        "MALICIOUS": 0,
        "SANE": 0,
        "VALID": 0,
        "total": 100.00199430601867
    }
}