{
    "counter": {
        "ACTIVE": 44362,
        "INACTIVE": 59481,
        "INVALID": 0,
        "MALICIOUS": 0,
        "SANE": 0,
        "VALID": 0,
        "total": 103843
    },
    "percentage": {
        "ACTIVE": 42.72026039309342,
        "INACTIVE": 57.27973960690658,
        "INVALID": 0.0,
        "MALICIOUS": 0.0,
        "SANE": 0.0,
        "VALID": 0.0,
        "total": 100.0
    }
}