{
    "counter": {
        "ACTIVE": 42581,
        "INACTIVE": 56706,
        "INVALID": 0,
        "MALICIOUS": 0,
        "SANE": 0,
        "VALID": 0,
        "total": 99287
    },
    "percentage": {
        "ACTIVE": 42.88678276108655,
        "INACTIVE": 57.11321723891345,
        "INVALID": 0.0,
        "MALICIOUS": 0.0,
        "SANE": 0.0,
        "VALID": 0.0,
        "total": 100.0
    }
}