{
    "counter": {
        "ACTIVE": 11879,
        "INACTIVE": 14634,
        "INVALID": 0,
        "MALICIOUS": 0,
        "SANE": 0,
        "VALID": 0,
        "total": 26513
    },
    "percentage": {
        "ACTIVE": 44.804435559914005,
        "INACTIVE": 55.199728414620346,
        "INVALID": 0,
        "MALICIOUS": 0,
        "SANE": 0,
        "VALID": 0,
        "total": 100.00416397453435
    }
}