{
    "counter": {
        "ACTIVE": 40289,
        "INACTIVE": 52408,
        "INVALID": 0,
        "MALICIOUS": 0,
        "SANE": 0,
        "VALID": 0,
        "total": 92697
    },
    "percentage": {
        "ACTIVE": 43.46311099604086,
        "INACTIVE": 56.53688900395914,
        "INVALID": 0.0,
        "MALICIOUS": 0.0,
        "SANE": 0.0,
        "VALID": 0.0,
        "total": 100.0
    }
}