{
    "counter": {
        "ACTIVE": 3602,
        "INACTIVE": 4378,
        "INVALID": 0,
        "MALICIOUS": 0,
        "SANE": 0,
        "VALID": 0,
        "total": 7980
    },
    "percentage": {
        "ACTIVE": 45.143501691941346,
        "INACTIVE": 54.86215538847118,
        "INVALID": 0,
        "MALICIOUS": 0,
        "SANE": 0,
        "VALID": 0,
        "total": 100.00565708041253
    }
}