{
    "counter": {
        "ACTIVE": 34830,
        "INACTIVE": 43416,
        "INVALID": 0,
        "MALICIOUS": 0,
        "SANE": 0,
        "VALID": 0,
        "total": 78246
    },
    "percentage": {
        "ACTIVE": 44.51345755693582,
        "INACTIVE": 55.48654244306418,
        "INVALID": 0.0,
        "MALICIOUS": 0.0,
        "SANE": 0.0,
        "VALID": 0.0,
        "total": 100.0
    }
}