{
    "counter": {
        "ACTIVE": 35941,
        "INACTIVE": 44992,
        "INVALID": 0,
        "MALICIOUS": 0,
        "SANE": 0,
        "VALID": 0,
        "total": 80933
    },
    "percentage": {
        "ACTIVE": 44.40833776086392,
        "INACTIVE": 55.59166223913608,
        "INVALID": 0.0,
        "MALICIOUS": 0.0,
        "SANE": 0.0,
        "VALID": 0.0,
        "total": 100.0
    }
}