{
    "counter": {
        "ACTIVE": 6235,
        "INACTIVE": 7849,
        "INVALID": 0,
        "MALICIOUS": 0,
        "SANE": 0,
        "VALID": 0,
        "total": 14084
    },
    "percentage": {
        "ACTIVE": 44.27638119585286,
        "INACTIVE": 55.72990627662596,
        "INVALID": 0,
        "MALICIOUS": 0,
        "SANE": 0,
        "VALID": 0,
        "total": 100.00628747247882
    }
}