{
    "counter": {
        "ACTIVE": 38107,
        "INACTIVE": 47138,
        "INVALID": 0,
        "MALICIOUS": 0,
        "SANE": 0,
        "VALID": 0,
        "total": 85245
    },
    "percentage": {
        "ACTIVE": 44.70291512698692,
        "INACTIVE": 55.29708487301308,
        "INVALID": 0.0,
        "MALICIOUS": 0.0,
        "SANE": 0.0,
        "VALID": 0.0,
        "total": 100.0
    }
}