{
    "counter": {
        "ACTIVE": 3017,
        "INACTIVE": 3728,
        "INVALID": 0,
        "MALICIOUS": 0,
        "SANE": 0,
        "VALID": 0,
        "total": 6745
    },
    "percentage": {
        "ACTIVE": 44.76925359845674,
        "INACTIVE": 55.270570793180134,
        "INVALID": 0,
        "MALICIOUS": 0,
        "SANE": 0,
        "VALID": 0,
        "total": 100.03982439163687
    }
}