{
    "counter": {
        "ACTIVE": 10531,
        "INACTIVE": 13444,
        "INVALID": 0,
        "MALICIOUS": 0,
        "SANE": 0,
        "VALID": 0,
        "total": 23975
    },
    "percentage": {
        "ACTIVE": 43.92675398348211,
        "INACTIVE": 56.075078206465065,
        "INVALID": 0,
        "MALICIOUS": 0,
        "SANE": 0,
        "VALID": 0,
        "total": 100.00183218994718
    }
}