{
    "counter": {
        "ACTIVE": 33579,
        "INACTIVE": 42426,
        "INVALID": 0,
        "MALICIOUS": 0,
        "SANE": 0,
        "VALID": 0,
        "total": 76005
    },
    "percentage": {
        "ACTIVE": 44.17998815867377,
        "INACTIVE": 55.82001184132623,
        "INVALID": 0.0,
        "MALICIOUS": 0.0,
        "SANE": 0.0,
        "VALID": 0.0,
        "total": 100.0
    }
}