{
    "counter": {
        "ACTIVE": 14131,
        "INACTIVE": 18843,
        "INVALID": 0,
        "MALICIOUS": 0,
        "SANE": 0,
        "VALID": 0,
        "total": 32974
    },
    "percentage": {
        "ACTIVE": 42.857576125197134,
        "INACTIVE": 57.145023351731666,
        "INVALID": 0,
        "MALICIOUS": 0,
        "SANE": 0,
        "VALID": 0,
        "total": 100.0025994769288
    }
}