{
    "counter": {
        "ACTIVE": 16617,
        "INACTIVE": 21727,
        "INVALID": 0,
        "MALICIOUS": 0,
        "SANE": 0,
        "VALID": 0,
        "total": 38344
    },
    "percentage": {
        "ACTIVE": 43.336636761944504,
        "INACTIVE": 56.666318919200876,
        "INVALID": 0,
        "MALICIOUS": 0,
        "SANE": 0,
        "VALID": 0,
        "total": 100.00295568114538
    }
}