{
    "counter": {
        "ACTIVE": 26195,
        "INACTIVE": 33576,
        "INVALID": 0,
        "MALICIOUS": 0,
        "SANE": 0,
        "VALID": 0,
        "total": 59771
    },
    "percentage": {
        "ACTIVE": 43.82560104398454,
        "INACTIVE": 56.17439895601546,
        "INVALID": 0.0,
        "MALICIOUS": 0.0,
        "SANE": 0.0,
        "VALID": 0.0,
        "total": 100.0
    }
}