{
    "counter": {
        "ACTIVE": 12354,
        "INACTIVE": 15241,
        "INVALID": 0,
        "MALICIOUS": 0,
        "SANE": 0,
        "VALID": 0,
        "total": 27595
    },
    "percentage": {
        "ACTIVE": 44.768979887660805,
        "INACTIVE": 55.233021671377834,
        "INVALID": 0,
        "MALICIOUS": 0,
        "SANE": 0,
        "VALID": 0,
        "total": 100.00200155903863
    }
}