{
    "counter": {
        "ACTIVE": 16306,
        "INACTIVE": 21367,
        "INVALID": 0,
        "MALICIOUS": 0,
        "SANE": 0,
        "VALID": 0,
        "total": 37673
    },
    "percentage": {
        "ACTIVE": 43.28528576358472,
        "INACTIVE": 56.71701218379211,
        "INVALID": 0,
        "MALICIOUS": 0,
        "SANE": 0,
        "VALID": 0,
        "total": 100.00229794737683
    }
}