{
    "counter": {
        "ACTIVE": 34382,
        "INACTIVE": 43091,
        "INVALID": 0,
        "MALICIOUS": 0,
        "SANE": 0,
        "VALID": 0,
        "total": 77473
    },
    "percentage": {
        "ACTIVE": 44.37933215442799,
        "INACTIVE": 55.62066784557201,
        "INVALID": 0.0,
        "MALICIOUS": 0.0,
        "SANE": 0.0,
        "VALID": 0.0,
        "total": 100.0
    }
}