{
    "counter": {
        "ACTIVE": 28140,
        "INACTIVE": 36027,
        "INVALID": 0,
        "MALICIOUS": 0,
        "SANE": 0,
        "VALID": 0,
        "total": 64167
    },
    "percentage": {
        "ACTIVE": 43.854317639908366,
        "INACTIVE": 56.14655736682978,
        "INVALID": 0.0,
        "MALICIOUS": 0.0,
        "SANE": 0.0,
        "VALID": 0.0,
        "total": 100.00087500673814
    }
}