{
    "counter": {
        "ACTIVE": 13561,
        "INACTIVE": 17736,
        "INVALID": 0,
        "MALICIOUS": 0,
        "SANE": 0,
        "VALID": 0,
        "total": 31297
    },
    "percentage": {
        "ACTIVE": 43.33418546686266,
        "INACTIVE": 56.669968367575166,
        "INVALID": 0,
        "MALICIOUS": 0,
        "SANE": 0,
        "VALID": 0,
        "total": 100.00415383443783
    }
}