{
    "counter": {
        "ACTIVE": 18001,
        "INACTIVE": 23125,
        "INVALID": 0,
        "MALICIOUS": 0,
        "SANE": 0,
        "VALID": 0,
        "total": 41126
    },
    "percentage": {
        "ACTIVE": 43.774621856913576,
        "INACTIVE": 56.229635753537906,
        "INVALID": 0,
        "MALICIOUS": 0,
        "SANE": 0,
        "VALID": 0,
        "total": 100.00425761045148
    }
}