{
    "counter": {
        "ACTIVE": 14063,
        "INACTIVE": 18695,
        "INVALID": 0,
        "MALICIOUS": 0,
        "SANE": 0,
        "VALID": 0,
        "total": 32758
    },
    "percentage": {
        "ACTIVE": 42.93259250213701,
        "INACTIVE": 57.07002869528054,
        "INVALID": 0,
        "MALICIOUS": 0,
        "SANE": 0,
        "VALID": 0,
        "total": 100.00262119741755
    }
}