{
    "counter": {
        "ACTIVE": 42827,
        "INACTIVE": 56966,
        "INVALID": 0,
        "MALICIOUS": 0,
        "SANE": 0,
        "VALID": 0,
        "total": 99793
    },
    "percentage": {
        "ACTIVE": 42.91583578006473,
        "INACTIVE": 57.08416421993527,
        "INVALID": 0.0,
        "MALICIOUS": 0.0,
        "SANE": 0.0,
        "VALID": 0.0,
        "total": 100.0
    }
}