{
    "counter": {
        "ACTIVE": 31508,
        "INACTIVE": 39478,
        "INVALID": 0,
        "MALICIOUS": 0,
        "SANE": 0,
        "VALID": 0,
        "total": 70986
    },
    "percentage": {
        "ACTIVE": 44.38621700053532,
        "INACTIVE": 55.6153499380142,
        "INVALID": 0.0,
        "MALICIOUS": 0.0,
        "SANE": 0.0,
        "VALID": 0.0,
        "total": 100.00156693854952
    }
}