{
    "counter": {
        "ACTIVE": 27740,
        "INACTIVE": 35403,
        "INVALID": 0,
        "MALICIOUS": 0,
        "SANE": 0,
        "VALID": 0,
        "total": 63143
    },
    "percentage": {
        "ACTIVE": 43.93202730310565,
        "INACTIVE": 56.068860663266925,
        "INVALID": 0.0,
        "MALICIOUS": 0.0,
        "SANE": 0.0,
        "VALID": 0.0,
        "total": 100.00088796637257
    }
}