{
    "counter": {
        "ACTIVE": 7163,
        "INACTIVE": 9485,
        "INVALID": 0,
        "MALICIOUS": 0,
        "SANE": 0,
        "VALID": 0,
        "total": 16648
    },
    "percentage": {
        "ACTIVE": 43.0261893320519,
        "INACTIVE": 56.98065601345669,
        "INVALID": 0,
        "MALICIOUS": 0,
        "SANE": 0,
        "VALID": 0,
        "total": 100.0068453455086
    }
}