{
    "counter": {
        "ACTIVE": 13518,
        "INACTIVE": 17670,
        "INVALID": 0,
        "MALICIOUS": 0,
        "SANE": 0,
        "VALID": 0,
        "total": 31188
    },
    "percentage": {
        "ACTIVE": 43.35332413970046,
        "INACTIVE": 56.65640631011928,
        "INVALID": 0,
        "MALICIOUS": 0,
        "SANE": 0,
        "VALID": 0,
        "total": 100.00973044981974
    }
}