{
    "counter": {
        "ACTIVE": 35272,
        "INACTIVE": 44208,
        "INVALID": 0,
        "MALICIOUS": 0,
        "SANE": 0,
        "VALID": 0,
        "total": 79480
    },
    "percentage": {
        "ACTIVE": 44.378459989934576,
        "INACTIVE": 55.621540010065424,
        "INVALID": 0.0,
        "MALICIOUS": 0.0,
        "SANE": 0.0,
        "VALID": 0.0,
        "total": 100.0
    }
}