{
    "counter": {
        "ACTIVE": 37803,
        "INACTIVE": 46785,
        "INVALID": 0,
        "MALICIOUS": 0,
        "SANE": 0,
        "VALID": 0,
        "total": 84588
    },
    "percentage": {
        "ACTIVE": 44.690736274648884,
        "INACTIVE": 55.309263725351116,
        "INVALID": 0.0,
        "MALICIOUS": 0.0,
        "SANE": 0.0,
        "VALID": 0.0,
        "total": 100.0
    }
}