{
    "counter": {
        "ACTIVE": 12727,
        "INACTIVE": 16026,
        "INVALID": 0,
        "MALICIOUS": 0,
        "SANE": 0,
        "VALID": 0,
        "total": 28753
    },
    "percentage": {
        "ACTIVE": 44.263207317497304,
        "INACTIVE": 55.74066988974297,
        "INVALID": 0,
        "MALICIOUS": 0,
        "SANE": 0,
        "VALID": 0,
        "total": 100.00387720724027
    }
}