{
    "counter": {
        "ACTIVE": 28622,
        "INACTIVE": 36501,
        "INVALID": 0,
        "MALICIOUS": 0,
        "SANE": 0,
        "VALID": 0,
        "total": 65123
    },
    "percentage": {
        "ACTIVE": 43.950677947883236,
        "INACTIVE": 56.05190417690417,
        "INVALID": 0.0,
        "MALICIOUS": 0.0,
        "SANE": 0.0,
        "VALID": 0.0,
        "total": 100.00258212478741
    }
}