{
    "counter": {
        "ACTIVE": 38388,
        "INACTIVE": 47422,
        "INVALID": 0,
        "MALICIOUS": 0,
        "SANE": 0,
        "VALID": 0,
        "total": 85810
    },
    "percentage": {
        "ACTIVE": 44.73604475002914,
        "INACTIVE": 55.26395524997086,
        "INVALID": 0.0,
        "MALICIOUS": 0.0,
        "SANE": 0.0,
        "VALID": 0.0,
        "total": 100.0
    }
}