{
    "counter": {
        "ACTIVE": 21974,
        "INACTIVE": 26946,
        "INVALID": 0,
        "MALICIOUS": 0,
        "SANE": 0,
        "VALID": 0,
        "total": 48920
    },
    "percentage": {
        "ACTIVE": 44.91823385118561,
        "INACTIVE": 55.08176614881439,
        "INVALID": 0.0,
        "MALICIOUS": 0.0,
        "SANE": 0.0,
        "VALID": 0.0,
        "total": 100.0
    }
}