{
    "counter": {
        "ACTIVE": 3355,
        "INACTIVE": 4180,
        "INVALID": 0,
        "MALICIOUS": 0,
        "SANE": 0,
        "VALID": 0,
        "total": 7535
    },
    "percentage": {
        "ACTIVE": 44.5432819968136,
        "INACTIVE": 55.47445255474452,
        "INVALID": 0,
        "MALICIOUS": 0,
        "SANE": 0,
        "VALID": 0,
        "total": 100.01773455155812
    }
}