{
    "counter": {
        "ACTIVE": 33601,
        "INACTIVE": 42439,
        "INVALID": 0,
        "MALICIOUS": 0,
        "SANE": 0,
        "VALID": 0,
        "total": 76040
    },
    "percentage": {
        "ACTIVE": 44.18858495528669,
        "INACTIVE": 55.81141504471331,
        "INVALID": 0.0,
        "MALICIOUS": 0.0,
        "SANE": 0.0,
        "VALID": 0.0,
        "total": 100.0
    }
}