{
    "counter": {
        "ACTIVE": 11573,
        "INACTIVE": 14354,
        "INVALID": 0,
        "MALICIOUS": 0,
        "SANE": 0,
        "VALID": 0,
        "total": 25927
    },
    "percentage": {
        "ACTIVE": 44.63858674689501,
        "INACTIVE": 55.363134955837545,
        "INVALID": 0,
        "MALICIOUS": 0,
        "SANE": 0,
        "VALID": 0,
        "total": 100.00172170273255
    }
}