{
    "counter": {
        "ACTIVE": 4058,
        "INACTIVE": 5102,
        "INVALID": 0,
        "MALICIOUS": 0,
        "SANE": 0,
        "VALID": 0,
        "total": 9160
    },
    "percentage": {
        "ACTIVE": 44.30614695927503,
        "INACTIVE": 55.698689956331876,
        "INVALID": 0,
        "MALICIOUS": 0,
        "SANE": 0,
        "VALID": 0,
        "total": 100.00483691560692
    }
}