{
    "counter": {
        "ACTIVE": 11291,
        "INACTIVE": 13992,
        "INVALID": 0,
        "MALICIOUS": 0,
        "SANE": 0,
        "VALID": 0,
        "total": 25283
    },
    "percentage": {
        "ACTIVE": 44.65846616303445,
        "INACTIVE": 55.34591194968554,
        "INVALID": 0,
        "MALICIOUS": 0,
        "SANE": 0,
        "VALID": 0,
        "total": 100.00437811271999
    }
}