{
    "counter": {
        "ACTIVE": 8811,
        "INACTIVE": 11865,
        "INVALID": 0,
        "MALICIOUS": 0,
        "SANE": 0,
        "VALID": 0,
        "total": 20676
    },
    "percentage": {
        "ACTIVE": 42.62080975185024,
        "INACTIVE": 57.38537434706907,
        "INVALID": 0,
        "MALICIOUS": 0,
        "SANE": 0,
        "VALID": 0,
        "total": 100.0061840989193
    }
}