{
    "counter": {
        "ACTIVE": 42433,
        "INACTIVE": 56464,
        "INVALID": 0,
        "MALICIOUS": 0,
        "SANE": 0,
        "VALID": 0,
        "total": 98897
    },
    "percentage": {
        "ACTIVE": 42.90625600372104,
        "INACTIVE": 57.09374399627896,
        "INVALID": 0.0,
        "MALICIOUS": 0.0,
        "SANE": 0.0,
        "VALID": 0.0,
        "total": 100.0
    }
}