{
    "counter": {
        "ACTIVE": 40932,
        "INACTIVE": 54614,
        "INVALID": 0,
        "MALICIOUS": 0,
        "SANE": 0,
        "VALID": 0,
        "total": 95546
    },
    "percentage": {
        "ACTIVE": 42.8400979632847,
        "INACTIVE": 57.1599020367153,
        "INVALID": 0.0,
        "MALICIOUS": 0.0,
        "SANE": 0.0,
        "VALID": 0.0,
        "total": 100.0
    }
}