{
    "counter": {
        "ACTIVE": 39968,
        "INACTIVE": 50287,
        "INVALID": 0,
        "MALICIOUS": 0,
        "SANE": 0,
        "VALID": 0,
        "total": 90255
    },
    "percentage": {
        "ACTIVE": 44.28341920115229,
        "INACTIVE": 55.71658079884771,
        "INVALID": 0.0,
        "MALICIOUS": 0.0,
        "SANE": 0.0,
        "VALID": 0.0,
        "total": 100.0
    }
}