{
    "counter": {
        "ACTIVE": 30953,
        "INACTIVE": 38730,
        "INVALID": 0,
        "MALICIOUS": 0,
        "SANE": 0,
        "VALID": 0,
        "total": 69683
    },
    "percentage": {
        "ACTIVE": 44.41972934575148,
        "INACTIVE": 55.58106828162223,
        "INVALID": 0.0,
        "MALICIOUS": 0.0,
        "SANE": 0.0,
        "VALID": 0.0,
        "total": 100.00079762737371
    }
}