{
    "counter": {
        "ACTIVE": 39104,
        "INACTIVE": 48368,
        "INVALID": 0,
        "MALICIOUS": 0,
        "SANE": 0,
        "VALID": 0,
        "total": 87472
    },
    "percentage": {
        "ACTIVE": 44.70459118346442,
        "INACTIVE": 55.29540881653558,
        "INVALID": 0.0,
        "MALICIOUS": 0.0,
        "SANE": 0.0,
        "VALID": 0.0,
        "total": 100.0
    }
}