{
    "counter": {
        "ACTIVE": 40220,
        "INACTIVE": 52081,
        "INVALID": 0,
        "MALICIOUS": 0,
        "SANE": 0,
        "VALID": 0,
        "total": 92301
    },
    "percentage": {
        "ACTIVE": 43.574825841540175,
        "INACTIVE": 56.425174158459825,
        "INVALID": 0.0,
        "MALICIOUS": 0.0,
        "SANE": 0.0,
        "VALID": 0.0,
        "total": 100.0
    }
}