{
    "counter": {
        "ACTIVE": 31302,
        "INACTIVE": 39162,
        "INVALID": 0,
        "MALICIOUS": 0,
        "SANE": 0,
        "VALID": 0,
        "total": 70464
    },
    "percentage": {
        "ACTIVE": 44.423314363566696,
        "INACTIVE": 55.57731607629428,
        "INVALID": 0.0,
        "MALICIOUS": 0.0,
        "SANE": 0.0,
        "VALID": 0.0,
        "total": 100.00063043986097
    }
}