{
    "counter": {
        "ACTIVE": 24679,
        "INACTIVE": 30555,
        "INVALID": 0,
        "MALICIOUS": 0,
        "SANE": 0,
        "VALID": 0,
        "total": 55234
    },
    "percentage": {
        "ACTIVE": 44.68081254299888,
        "INACTIVE": 55.31918745700112,
        "INVALID": 0.0,
        "MALICIOUS": 0.0,
        "SANE": 0.0,
        "VALID": 0.0,
        "total": 100.0
    }
}