{
    "counter": {
        "ACTIVE": 19663,
        "INACTIVE": 24774,
        "INVALID": 0,
        "MALICIOUS": 0,
        "SANE": 0,
        "VALID": 0,
        "total": 44437
    },
    "percentage": {
        "ACTIVE": 44.249161734590544,
        "INACTIVE": 55.752092897650556,
        "INVALID": 0,
        "MALICIOUS": 0,
        "SANE": 0,
        "VALID": 0,
        "total": 100.0012546322411
    }
}