{
    "counter": {
        "ACTIVE": 7283,
        "INACTIVE": 9613,
        "INVALID": 0,
        "MALICIOUS": 0,
        "SANE": 0,
        "VALID": 0,
        "total": 16896
    },
    "percentage": {
        "ACTIVE": 43.11508406346199,
        "INACTIVE": 56.89512310606061,
        "INVALID": 0,
        "MALICIOUS": 0,
        "SANE": 0,
        "VALID": 0,
        "total": 100.0102071695226
    }
}