{
    "counter": {
        "ACTIVE": 9989,
        "INACTIVE": 12961,
        "INVALID": 0,
        "MALICIOUS": 0,
        "SANE": 0,
        "VALID": 0,
        "total": 22950
    },
    "percentage": {
        "ACTIVE": 43.525054466230934,
        "INACTIVE": 56.479867526581835,
        "INVALID": 0,
        "MALICIOUS": 0,
        "SANE": 0,
        "VALID": 0,
        "total": 100.00492199281277
    }
}