{
    "counter": {
        "ACTIVE": 41309,
        "INACTIVE": 55056,
        "INVALID": 0,
        "MALICIOUS": 0,
        "SANE": 0,
        "VALID": 0,
        "total": 96365
    },
    "percentage": {
        "ACTIVE": 42.86722357702485,
        "INACTIVE": 57.13277642297515,
        "INVALID": 0.0,
        "MALICIOUS": 0.0,
        "SANE": 0.0,
        "VALID": 0.0,
        "total": 100.0
    }
}