{
    "counter": {
        "ACTIVE": 25610,
        "INACTIVE": 32532,
        "INVALID": 0,
        "MALICIOUS": 0,
        "SANE": 0,
        "VALID": 0,
        "total": 58142
    },
    "percentage": {
        "ACTIVE": 44.04733239310653,
        "INACTIVE": 55.95266760689347,
        "INVALID": 0.0,
        "MALICIOUS": 0.0,
        "SANE": 0.0,
        "VALID": 0.0,
        "total": 100.0
    }
}