{
    "counter": {
        "ACTIVE": 40371,
        "INACTIVE": 53134,
        "INVALID": 0,
        "MALICIOUS": 0,
        "SANE": 0,
        "VALID": 0,
        "total": 93505
    },
    "percentage": {
        "ACTIVE": 43.175231271055026,
        "INACTIVE": 56.824768728944974,
        "INVALID": 0.0,
        "MALICIOUS": 0.0,
        "SANE": 0.0,
        "VALID": 0.0,
        "total": 100.0
    }
}