{
    "counter": {
        "ACTIVE": 36662,
        "INACTIVE": 45874,
        "INVALID": 0,
        "MALICIOUS": 0,
        "SANE": 0,
        "VALID": 0,
        "total": 82536
    },
    "percentage": {
        "ACTIVE": 44.419404865755546,
        "INACTIVE": 55.580595134244454,
        "INVALID": 0.0,
        "MALICIOUS": 0.0,
        "SANE": 0.0,
        "VALID": 0.0,
        "total": 100.0
    }
}