{
    "counter": {
        "ACTIVE": 14213,
        "INACTIVE": 18993,
        "INVALID": 0,
        "MALICIOUS": 0,
        "SANE": 0,
        "VALID": 0,
        "total": 33206
    },
    "percentage": {
        "ACTIVE": 42.802505571282296,
        "INACTIVE": 57.19921698539377,
        "INVALID": 0,
        "MALICIOUS": 0,
        "SANE": 0,
        "VALID": 0,
        "total": 100.00172255667607
    }
}