{
    "counter": {
        "ACTIVE": 33913,
        "INACTIVE": 42710,
        "INVALID": 0,
        "MALICIOUS": 0,
        "SANE": 0,
        "VALID": 0,
        "total": 76623
    },
    "percentage": {
        "ACTIVE": 44.25955653002362,
        "INACTIVE": 55.74044346997638,
        "INVALID": 0.0,
        "MALICIOUS": 0.0,
        "SANE": 0.0,
        "VALID": 0.0,
        "total": 100.0
    }
}