{
    "counter": {
        "ACTIVE": 15010,
        "INACTIVE": 20117,
        "INVALID": 0,
        "MALICIOUS": 0,
        "SANE": 0,
        "VALID": 0,
        "total": 35127
    },
    "percentage": {
        "ACTIVE": 42.73309608540925,
        "INACTIVE": 57.269336977253964,
        "INVALID": 0,
        "MALICIOUS": 0,
        "SANE": 0,
        "VALID": 0,
        "total": 100.00243306266321
    }
}