{
    "counter": {
        "ACTIVE": 11950,
        "INACTIVE": 14693,
        "INVALID": 0,
        "MALICIOUS": 0,
        "SANE": 0,
        "VALID": 0,
        "total": 26643
    },
    "percentage": {
        "ACTIVE": 44.85230642194948,
        "INACTIVE": 55.14976353126642,
        "INVALID": 0,
        "MALICIOUS": 0,
        "SANE": 0,
        "VALID": 0,
        "total": 100.00206995321591
    }
}