{
    "counter": {
        "ACTIVE": 23990,
        "INACTIVE": 29338,
        "INVALID": 0,
        "MALICIOUS": 0,
        "SANE": 0,
        "VALID": 0,
        "total": 53328
    },
    "percentage": {
        "ACTIVE": 44.98574857485749,
        "INACTIVE": 55.01425142514251,
        "INVALID": 0.0,
        "MALICIOUS": 0.0,
        "SANE": 0.0,
        "VALID": 0.0,
        "total": 100.0
    }
}