{
    "counter": {
        "ACTIVE": 31577,
        "INACTIVE": 39578,
        "INVALID": 0,
        "MALICIOUS": 0,
        "SANE": 0,
        "VALID": 0,
        "total": 71155
    },
    "percentage": {
        "ACTIVE": 44.38026169695436,
        "INACTIVE": 55.622233152975895,
        "INVALID": 0.0,
        "MALICIOUS": 0.0,
        "SANE": 0.0,
        "VALID": 0.0,
        "total": 100.00249484993026
    }
}