{
    "counter": {
        "ACTIVE": 11535,
        "INACTIVE": 14308,
        "INVALID": 0,
        "MALICIOUS": 0,
        "SANE": 0,
        "VALID": 0,
        "total": 25843
    },
    "percentage": {
        "ACTIVE": 44.63836538833637,
        "INACTIVE": 55.36508919243122,
        "INVALID": 0,
        "MALICIOUS": 0,
        "SANE": 0,
        "VALID": 0,
        "total": 100.0034545807676
    }
}