{
    "counter": {
        "ACTIVE": 36601,
        "INACTIVE": 45803,
        "INVALID": 0,
        "MALICIOUS": 0,
        "SANE": 0,
        "VALID": 0,
        "total": 82404
    },
    "percentage": {
        "ACTIVE": 44.41653317800107,
        "INACTIVE": 55.58346682199893,
        "INVALID": 0.0,
        "MALICIOUS": 0.0,
        "SANE": 0.0,
        "VALID": 0.0,
        "total": 100.0
    }
}