{
    "counter": {
        "ACTIVE": 3236,
        "INACTIVE": 4037,
        "INVALID": 0,
        "MALICIOUS": 0,
        "SANE": 0,
        "VALID": 0,
        "total": 7273
    },
    "percentage": {
        "ACTIVE": 44.50557007289231,
        "INACTIVE": 55.50666849993125,
        "INVALID": 0,
        "MALICIOUS": 0,
        "SANE": 0,
        "VALID": 0,
        "total": 100.01223857282356
    }
}