{
    "counter": {
        "ACTIVE": 27031,
        "INACTIVE": 34625,
        "INVALID": 0,
        "MALICIOUS": 0,
        "SANE": 0,
        "VALID": 0,
        "total": 61656
    },
    "percentage": {
        "ACTIVE": 43.841637472427664,
        "INACTIVE": 56.158362527572336,
        "INVALID": 0.0,
        "MALICIOUS": 0.0,
        "SANE": 0.0,
        "VALID": 0.0,
        "total": 100.0
    }
}