{
    "counter": {
        "ACTIVE": 37640,
        "INACTIVE": 46450,
        "INVALID": 0,
        "MALICIOUS": 0,
        "SANE": 0,
        "VALID": 0,
        "total": 84090
    },
    "percentage": {
        "ACTIVE": 44.76156498989178,
        "INACTIVE": 55.23843501010822,
        "INVALID": 0.0,
        "MALICIOUS": 0.0,
        "SANE": 0.0,
        "VALID": 0.0,
        "total": 100.0
    }
}