{
    "counter": {
        "ACTIVE": 11969,
        "INACTIVE": 14701,
        "INVALID": 0,
        "MALICIOUS": 0,
        "SANE": 0,
        "VALID": 0,
        "total": 26670
    },
    "percentage": {
        "ACTIVE": 44.879823015486146,
        "INACTIVE": 55.12185976752906,
        "INVALID": 0,
        "MALICIOUS": 0,
        "SANE": 0,
        "VALID": 0,
        "total": 100.00168278301521
    }
}