{
    "counter": {
        "ACTIVE": 6485,
        "INACTIVE": 8439,
        "INVALID": 0,
        "MALICIOUS": 0,
        "SANE": 0,
        "VALID": 0,
        "total": 14924
    },
    "percentage": {
        "ACTIVE": 43.462234434689364,
        "INACTIVE": 56.546502278209594,
        "INVALID": 0,
        "MALICIOUS": 0,
        "SANE": 0,
        "VALID": 0,
        "total": 100.00873671289895
    }
}