{
    "counter": {
        "ACTIVE": 22477,
        "INACTIVE": 27635,
        "INVALID": 0,
        "MALICIOUS": 0,
        "SANE": 0,
        "VALID": 0,
        "total": 50112
    },
    "percentage": {
        "ACTIVE": 44.85352809706258,
        "INACTIVE": 55.14647190293742,
        "INVALID": 0.0,
        "MALICIOUS": 0.0,
        "SANE": 0.0,
        "VALID": 0.0,
        "total": 100.0
    }
}