{
    "counter": {
        "ACTIVE": 20073,
        "INACTIVE": 25177,
        "INVALID": 0,
        "MALICIOUS": 0,
        "SANE": 0,
        "VALID": 0,
        "total": 45250
    },
    "percentage": {
        "ACTIVE": 44.3661037927681,
        "INACTIVE": 55.639779005524865,
        "INVALID": 0,
        "MALICIOUS": 0,
        "SANE": 0,
        "VALID": 0,
        "total": 100.00588279829296
    }
}