{
    "counter": {
        "ACTIVE": 24754,
        "INACTIVE": 30684,
        "INVALID": 0,
        "MALICIOUS": 0,
        "SANE": 0,
        "VALID": 0,
        "total": 55438
    },
    "percentage": {
        "ACTIVE": 44.65168296114579,
        "INACTIVE": 55.34831703885421,
        "INVALID": 0.0,
        "MALICIOUS": 0.0,
        "SANE": 0.0,
        "VALID": 0.0,
        "total": 100.0
    }
}