{
    "counter": {
        "ACTIVE": 34329,
        "INACTIVE": 43023,
        "INVALID": 0,
        "MALICIOUS": 0,
        "SANE": 0,
        "VALID": 0,
        "total": 77352
    },
    "percentage": {
        "ACTIVE": 44.380235805150484,
        "INACTIVE": 55.619764194849516,
        "INVALID": 0.0,
        "MALICIOUS": 0.0,
        "SANE": 0.0,
        "VALID": 0.0,
        "total": 100.0
    }
}