{
    "counter": {
        "ACTIVE": 19220,
        "INACTIVE": 24119,
        "INVALID": 0,
        "MALICIOUS": 0,
        "SANE": 0,
        "VALID": 0,
        "total": 43339
    },
    "percentage": {
        "ACTIVE": 44.35009345363085,
        "INACTIVE": 55.6519532061192,
        "INVALID": 0,
        "MALICIOUS": 0,
        "SANE": 0,
        "VALID": 0,
        "total": 100.00204665975005
    }
}