{
    "counter": {
        "ACTIVE": 43386,
        "INACTIVE": 58030,
        "INVALID": 0,
        "MALICIOUS": 0,
        "SANE": 0,
        "VALID": 0,
        "total": 101416
    },
    "percentage": {
        "ACTIVE": 42.78023191606847,
        "INACTIVE": 57.21976808393153,
        "INVALID": 0.0,
        "MALICIOUS": 0.0,
        "SANE": 0.0,
        "VALID": 0.0,
        "total": 100.0
    }
}