{
    "counter": {
        "ACTIVE": 13677,
        "INACTIVE": 17891,
        "INVALID": 0,
        "MALICIOUS": 0,
        "SANE": 0,
        "VALID": 0,
        "total": 31568
    },
    "percentage": {
        "ACTIVE": 43.325519513431324,
        "INACTIVE": 56.676275857699494,
        "INVALID": 0,
        "MALICIOUS": 0,
        "SANE": 0,
        "VALID": 0,
        "total": 100.00179537113081
    }
}