{
    "counter": {
        "ACTIVE": 42405,
        "INACTIVE": 56415,
        "INVALID": 0,
        "MALICIOUS": 0,
        "SANE": 0,
        "VALID": 0,
        "total": 98820
    },
    "percentage": {
        "ACTIVE": 42.91135397692775,
        "INACTIVE": 57.08864602307225,
        "INVALID": 0.0,
        "MALICIOUS": 0.0,
        "SANE": 0.0,
        "VALID": 0.0,
        "total": 100.0
    }
}