{
    "counter": {
        "ACTIVE": 5478,
        "INACTIVE": 6835,
        "INVALID": 0,
        "MALICIOUS": 0,
        "SANE": 0,
        "VALID": 0,
        "total": 12313
    },
    "percentage": {
        "ACTIVE": 44.49317738791423,
        "INACTIVE": 55.51043612442135,
        "INVALID": 0,
        "MALICIOUS": 0,
        "SANE": 0,
        "VALID": 0,
        "total": 100.00361351233558
    }
}