{
    "counter": {
        "ACTIVE": 22747,
        "INACTIVE": 27873,
        "INVALID": 0,
        "MALICIOUS": 0,
        "SANE": 0,
        "VALID": 0,
        "total": 50620
    },
    "percentage": {
        "ACTIVE": 44.93678387988937,
        "INACTIVE": 55.06321612011063,
        "INVALID": 0.0,
        "MALICIOUS": 0.0,
        "SANE": 0.0,
        "VALID": 0.0,
        "total": 100.0
    }
}