{
    "counter": {
        "ACTIVE": 20333,
        "INACTIVE": 25401,
        "INVALID": 0,
        "MALICIOUS": 0,
        "SANE": 0,
        "VALID": 0,
        "total": 45734
    },
    "percentage": {
        "ACTIVE": 44.459264442209296,
        "INACTIVE": 55.54195001421293,
        "INVALID": 0,
        "MALICIOUS": 0,
        "SANE": 0,
        "VALID": 0,
        "total": 100.00121445642222
    }
}