{
    "counter": {
        "ACTIVE": 22795,
        "INACTIVE": 27904,
        "INVALID": 0,
        "MALICIOUS": 0,
        "SANE": 0,
        "VALID": 0,
        "total": 50699
    },
    "percentage": {
        "ACTIVE": 44.961439081638694,
        "INACTIVE": 55.038560918361306,
        "INVALID": 0.0,
        "MALICIOUS": 0.0,
        "SANE": 0.0,
        "VALID": 0.0,
        "total": 100.0
    }
}