{
    "counter": {
        "ACTIVE": 27147,
        "INACTIVE": 34784,
        "INVALID": 0,
        "MALICIOUS": 0,
        "SANE": 0,
        "VALID": 0,
        "total": 61931
    },
    "percentage": {
        "ACTIVE": 43.83426716830021,
        "INACTIVE": 56.16573283169979,
        "INVALID": 0.0,
        "MALICIOUS": 0.0,
        "SANE": 0.0,
        "VALID": 0.0,
        "total": 100.0
    }
}