{
    "counter": {
        "ACTIVE": 39458,
        "INACTIVE": 49142,
        "INVALID": 0,
        "MALICIOUS": 0,
        "SANE": 0,
        "VALID": 0,
        "total": 88600
    },
    "percentage": {
        "ACTIVE": 44.534988713318285,
        "INACTIVE": 55.465011286681715,
        "INVALID": 0.0,
        "MALICIOUS": 0.0,
        "SANE": 0.0,
        "VALID": 0.0,
        "total": 100.0
    }
}