{
    "counter": {
        "ACTIVE": 19562,
        "INACTIVE": 24626,
        "INVALID": 0,
        "MALICIOUS": 0,
        "SANE": 0,
        "VALID": 0,
        "total": 44188
    },
    "percentage": {
        "ACTIVE": 44.28296547821166,
        "INACTIVE": 55.73006246039649,
        "INVALID": 0,
        "MALICIOUS": 0,
        "SANE": 0,
        "VALID": 0,
        "total": 100.01302793860815
    }
}