{
    "counter": {
        "ACTIVE": 27945,
        "INACTIVE": 35613,
        "INVALID": 0,
        "MALICIOUS": 0,
        "SANE": 0,
        "VALID": 0,
        "total": 63558
    },
    "percentage": {
        "ACTIVE": 43.96771452846219,
        "INACTIVE": 56.033167078370596,
        "INVALID": 0.0,
        "MALICIOUS": 0.0,
        "SANE": 0.0,
        "VALID": 0.0,
        "total": 100.00088160683279
    }
}