{
    "counter": {
        "ACTIVE": 15364,
        "INACTIVE": 20568,
        "INVALID": 0,
        "MALICIOUS": 0,
        "SANE": 0,
        "VALID": 0,
        "total": 35932
    },
    "percentage": {
        "ACTIVE": 42.75854391628632,
        "INACTIVE": 57.244642360144724,
        "INVALID": 0,
        "MALICIOUS": 0,
        "SANE": 0,
        "VALID": 0,
        "total": 100.00318627643105
    }
}