{
    "counter": {
        "ACTIVE": 26753,
        "INACTIVE": 34169,
        "INVALID": 0,
        "MALICIOUS": 0,
        "SANE": 0,
        "VALID": 0,
        "total": 60922
    },
    "percentage": {
        "ACTIVE": 43.91352877449854,
        "INACTIVE": 56.08647122550146,
        "INVALID": 0.0,
        "MALICIOUS": 0.0,
        "SANE": 0.0,
        "VALID": 0.0,
        "total": 100.0
    }
}