{
    "counter": {
        "ACTIVE": 29748,
        "INACTIVE": 37619,
        "INVALID": 0,
        "MALICIOUS": 0,
        "SANE": 0,
        "VALID": 0,
        "total": 67367
    },
    "percentage": {
        "ACTIVE": 44.15811896032182,
        "INACTIVE": 55.8443679116442,
        "INVALID": 0.0,
        "MALICIOUS": 0.0,
        "SANE": 0.0,
        "VALID": 0.0,
        "total": 100.00248687196603
    }
}