{
    "counter": {
        "ACTIVE": 27401,
        "INACTIVE": 35163,
        "INVALID": 0,
        "MALICIOUS": 0,
        "SANE": 0,
        "VALID": 0,
        "total": 62564
    },
    "percentage": {
        "ACTIVE": 43.796752125823154,
        "INACTIVE": 56.203247874176846,
        "INVALID": 0.0,
        "MALICIOUS": 0.0,
        "SANE": 0.0,
        "VALID": 0.0,
        "total": 100.0
    }
}