{
    "counter": {
        "ACTIVE": 22910,
        "INACTIVE": 28005,
        "INVALID": 0,
        "MALICIOUS": 0,
        "SANE": 0,
        "VALID": 0,
        "total": 50915
    },
    "percentage": {
        "ACTIVE": 44.99656289894923,
        "INACTIVE": 55.00343710105077,
        "INVALID": 0.0,
        "MALICIOUS": 0.0,
        "SANE": 0.0,
        "VALID": 0.0,
        "total": 100.0
    }
}