{
    "counter": {
        "ACTIVE": 37496,
        "INACTIVE": 46233,
        "INVALID": 0,
        "MALICIOUS": 0,
        "SANE": 0,
        "VALID": 0,
        "total": 83729
    },
    "percentage": {
        "ACTIVE": 44.782572346498824,
        "INACTIVE": 55.217427653501176,
        "INVALID": 0.0,
        "MALICIOUS": 0.0,
        "SANE": 0.0,
        "VALID": 0.0,
        "total": 100.0
    }
}