{
    "counter": {
        "ACTIVE": 22313,
        "INACTIVE": 27430,
        "INVALID": 0,
        "MALICIOUS": 0,
        "SANE": 0,
        "VALID": 0,
        "total": 49743
    },
    "percentage": {
        "ACTIVE": 44.856562732444765,
        "INACTIVE": 55.143437267555235,
        "INVALID": 0.0,
        "MALICIOUS": 0.0,
        "SANE": 0.0,
        "VALID": 0.0,
        "total": 100.0
    }
}