{
    "counter": {
        "ACTIVE": 16074,
        "INACTIVE": 21234,
        "INVALID": 0,
        "MALICIOUS": 0,
        "SANE": 0,
        "VALID": 0,
        "total": 37308
    },
    "percentage": {
        "ACTIVE": 43.0845931167578,
        "INACTIVE": 56.91693247915941,
        "INVALID": 0,
        "MALICIOUS": 0,
        "SANE": 0,
        "VALID": 0,
        "total": 100.0015255959172
    }
}