{
    "counter": {
        "ACTIVE": 42673,
        "INACTIVE": 56821,
        "INVALID": 0,
        "MALICIOUS": 0,
        "SANE": 0,
        "VALID": 0,
        "total": 99494
    },
    "percentage": {
        "ACTIVE": 42.89002351900617,
        "INACTIVE": 57.10997648099383,
        "INVALID": 0.0,
        "MALICIOUS": 0.0,
        "SANE": 0.0,
        "VALID": 0.0,
        "total": 100.0
    }
}