{
    "counter": {
        "ACTIVE": 19722,
        "INACTIVE": 24833,
        "INVALID": 0,
        "MALICIOUS": 0,
        "SANE": 0,
        "VALID": 0,
        "total": 44555
    },
    "percentage": {
        "ACTIVE": 44.2663793683927,
        "INACTIVE": 55.73560767590618,
        "INVALID": 0,
        "MALICIOUS": 0,
        "SANE": 0,
        "VALID": 0,
        "total": 100.00198704429889
    }
}