{
    "counter": {
        "ACTIVE": 33839,
        "INACTIVE": 42645,
        "INVALID": 0,
        "MALICIOUS": 0,
        "SANE": 0,
        "VALID": 0,
        "total": 76484
    },
    "percentage": {
        "ACTIVE": 44.24324041629622,
        "INACTIVE": 55.75675958370378,
        "INVALID": 0.0,
        "MALICIOUS": 0.0,
        "SANE": 0.0,
        "VALID": 0.0,
        "total": 100.0
    }
}