{
    "counter": {
        "ACTIVE": 38129,
        "INACTIVE": 47176,
        "INVALID": 0,
        "MALICIOUS": 0,
        "SANE": 0,
        "VALID": 0,
        "total": 85305
    },
    "percentage": {
        "ACTIVE": 44.697262763026785,
        "INACTIVE": 55.302737236973215,
        "INVALID": 0.0,
        "MALICIOUS": 0.0,
        "SANE": 0.0,
        "VALID": 0.0,
        "total": 100.0
    }
}