{
    "counter": {
        "ACTIVE": 39812,
        "INACTIVE": 49935,
        "INVALID": 0,
        "MALICIOUS": 0,
        "SANE": 0,
        "VALID": 0,
        "total": 89747
    },
    "percentage": {
        "ACTIVE": 44.3602571673705,
        "INACTIVE": 55.6397428326295,
        "INVALID": 0.0,
        "MALICIOUS": 0.0,
        "SANE": 0.0,
        "VALID": 0.0,
        "total": 100.0
    }
}