{
    "counter": {
        "ACTIVE": 40281,
        "INACTIVE": 52288,
        "INVALID": 0,
        "MALICIOUS": 0,
        "SANE": 0,
        "VALID": 0,
        "total": 92569
    },
    "percentage": {
        "ACTIVE": 43.51456751180201,
        "INACTIVE": 56.48543248819799,
        "INVALID": 0.0,
        "MALICIOUS": 0.0,
        "SANE": 0.0,
        "VALID": 0.0,
        "total": 100.0
    }
}