{
    "counter": {
        "ACTIVE": 39035,
        "INACTIVE": 48269,
        "INVALID": 0,
        "MALICIOUS": 0,
        "SANE": 0,
        "VALID": 0,
        "total": 87304
    },
    "percentage": {
        "ACTIVE": 44.711582516265004,
        "INACTIVE": 55.288417483734996,
        "INVALID": 0.0,
        "MALICIOUS": 0.0,
        "SANE": 0.0,
        "VALID": 0.0,
        "total": 100.0
    }
}