{
    "counter": {
        "ACTIVE": 17813,
        "INACTIVE": 22954,
        "INVALID": 0,
        "MALICIOUS": 0,
        "SANE": 0,
        "VALID": 0,
        "total": 40767
    },
    "percentage": {
        "ACTIVE": 43.69465499055609,
        "INACTIVE": 56.31087015185339,
        "INVALID": 0,
        "MALICIOUS": 0,
        "SANE": 0,
        "VALID": 0,
        "total": 100.00552514240948
    }
}