{
    "counter": {
        "ACTIVE": 4669,
        "INACTIVE": 5997,
        "INVALID": 0,
        "MALICIOUS": 0,
        "SANE": 0,
        "VALID": 0,
        "total": 10666
    },
    "percentage": {
        "ACTIVE": 43.77461091318207,
        "INACTIVE": 56.23066104078762,
        "INVALID": 0,
        "MALICIOUS": 0,
        "SANE": 0,
        "VALID": 0,
        "total": 100.0052719539697
    }
}