{
    "counter": {
        "ACTIVE": 40248,
        "INACTIVE": 52150,
        "INVALID": 0,
        "MALICIOUS": 0,
        "SANE": 0,
        "VALID": 0,
        "total": 92398
    },
    "percentage": {
        "ACTIVE": 43.55938440225979,
        "INACTIVE": 56.44061559774021,
        "INVALID": 0.0,
        "MALICIOUS": 0.0,
        "SANE": 0.0,
        "VALID": 0.0,
        "total": 100.0
    }
}