{
    "counter": {
        "ACTIVE": 18111,
        "INACTIVE": 23229,
        "INVALID": 0,
        "MALICIOUS": 0,
        "SANE": 0,
        "VALID": 0,
        "total": 41340
    },
    "percentage": {
        "ACTIVE": 43.80986937590711,
        "INACTIVE": 56.19148987638791,
        "INVALID": 0,
        "MALICIOUS": 0,
        "SANE": 0,
        "VALID": 0,
        "total": 100.00135925229503
    }
}