{
    "counter": {
        "ACTIVE": 12717,
        "INACTIVE": 16011,
        "INVALID": 0,
        "MALICIOUS": 0,
        "SANE": 0,
        "VALID": 0,
        "total": 28728
    },
    "percentage": {
        "ACTIVE": 44.269999303766625,
        "INACTIVE": 55.733082706766915,
        "INVALID": 0,
        "MALICIOUS": 0,
        "SANE": 0,
        "VALID": 0,
        "total": 100.00308201053355
    }
}