{
    "counter": {
        "ACTIVE": 20964,
        "INACTIVE": 25903,
        "INVALID": 0,
        "MALICIOUS": 0,
        "SANE": 0,
        "VALID": 0,
        "total": 46867
    },
    "percentage": {
        "ACTIVE": 44.73274298517017,
        "INACTIVE": 55.26916593765336,
        "INVALID": 0,
        "MALICIOUS": 0,
        "SANE": 0,
        "VALID": 0,
        "total": 100.00190892282353
    }
}