{
    "counter": {
        "ACTIVE": 11178,
        "INACTIVE": 13895,
        "INVALID": 0,
        "MALICIOUS": 0,
        "SANE": 0,
        "VALID": 0,
        "total": 25073
    },
    "percentage": {
        "ACTIVE": 44.581821082439276,
        "INACTIVE": 55.42259981652108,
        "INVALID": 0,
        "MALICIOUS": 0,
        "SANE": 0,
        "VALID": 0,
        "total": 100.00442089896035
    }
}