{
    "counter": {
        "ACTIVE": 5198,
        "INACTIVE": 6523,
        "INVALID": 0,
        "MALICIOUS": 0,
        "SANE": 0,
        "VALID": 0,
        "total": 11721
    },
    "percentage": {
        "ACTIVE": 44.34775189830219,
        "INACTIVE": 55.65699658703072,
        "INVALID": 0,
        "MALICIOUS": 0,
        "SANE": 0,
        "VALID": 0,
        "total": 100.00474848533291
    }
}