{
    "counter": {
        "ACTIVE": 14968,
        "INACTIVE": 20054,
        "INVALID": 0,
        "MALICIOUS": 0,
        "SANE": 0,
        "VALID": 0,
        "total": 35022
    },
    "percentage": {
        "ACTIVE": 42.7412906910337,
        "INACTIVE": 57.26115013420136,
        "INVALID": 0,
        "MALICIOUS": 0,
        "SANE": 0,
        "VALID": 0,
        "total": 100.00244082523506
    }
}