{
    "counter": {
        "ACTIVE": 42572,
        "INACTIVE": 56698,
        "INVALID": 0,
        "MALICIOUS": 0,
        "SANE": 0,
        "VALID": 0,
        "total": 99270
    },
    "percentage": {
        "ACTIVE": 42.88506094489775,
        "INACTIVE": 57.11493905510225,
        "INVALID": 0.0,
        "MALICIOUS": 0.0,
        "SANE": 0.0,
        "VALID": 0.0,
        "total": 100.0
    }
}