{
    "counter": {
        "ACTIVE": 14480,
        "INACTIVE": 19306,
        "INVALID": 0,
        "MALICIOUS": 0,
        "SANE": 0,
        "VALID": 0,
        "total": 33786
    },
    "percentage": {
        "ACTIVE": 42.8592570667456,
        "INACTIVE": 57.14201148404665,
        "INVALID": 0,
        "MALICIOUS": 0,
        "SANE": 0,
        "VALID": 0,
        "total": 100.00126855079225
    }
}