{
    "counter": {
        "ACTIVE": 14225,
        "INACTIVE": 19019,
        "INVALID": 0,
        "MALICIOUS": 0,
        "SANE": 0,
        "VALID": 0,
        "total": 33244
    },
    "percentage": {
        "ACTIVE": 42.79225076710186,
        "INACTIVE": 57.21032366742871,
        "INVALID": 0,
        "MALICIOUS": 0,
        "SANE": 0,
        "VALID": 0,
        "total": 100.00257443453057
    }
}