{
    "counter": {
        "ACTIVE": 41099,
        "INACTIVE": 54829,
        "INVALID": 0,
        "MALICIOUS": 0,
        "SANE": 0,
        "VALID": 0,
        "total": 95928
    },
    "percentage": {
        "ACTIVE": 42.843591026603285,
        "INACTIVE": 57.156408973396715,
        "INVALID": 0.0,
        "MALICIOUS": 0.0,
        "SANE": 0.0,
        "VALID": 0.0,
        "total": 100.0
    }
}