{
    "counter": {
        "ACTIVE": 30199,
        "INACTIVE": 37949,
        "INVALID": 0,
        "MALICIOUS": 0,
        "SANE": 0,
        "VALID": 0,
        "total": 68148
    },
    "percentage": {
        "ACTIVE": 44.313846334448556,
        "INACTIVE": 55.68778798462125,
        "INVALID": 0.0,
        "MALICIOUS": 0.0,
        "SANE": 0.0,
        "VALID": 0.0,
        "total": 100.00163431906981
    }
}