{
    "counter": {
        "ACTIVE": 11900,
        "INACTIVE": 14661,
        "INVALID": 0,
        "MALICIOUS": 0,
        "SANE": 0,
        "VALID": 0,
        "total": 26561
    },
    "percentage": {
        "ACTIVE": 44.80759093305219,
        "INACTIVE": 55.197469974775046,
        "INVALID": 0,
        "MALICIOUS": 0,
        "SANE": 0,
        "VALID": 0,
        "total": 100.00506090782724
    }
}