{
    "counter": {
        "ACTIVE": 27429,
        "INACTIVE": 35176,
        "INVALID": 0,
        "MALICIOUS": 0,
        "SANE": 0,
        "VALID": 0,
        "total": 62605
    },
    "percentage": {
        "ACTIVE": 43.81279450523121,
        "INACTIVE": 56.18720549476879,
        "INVALID": 0.0,
        "MALICIOUS": 0.0,
        "SANE": 0.0,
        "VALID": 0.0,
        "total": 100.0
    }
}