{
    "counter": {
        "ACTIVE": 7709,
        "INACTIVE": 10156,
        "INVALID": 0,
        "MALICIOUS": 0,
        "SANE": 0,
        "VALID": 0,
        "total": 17865
    },
    "percentage": {
        "ACTIVE": 43.153828929690995,
        "INACTIVE": 56.84858662188637,
        "INVALID": 0,
        "MALICIOUS": 0,
        "SANE": 0,
        "VALID": 0,
        "total": 100.00241555157737
    }
}