{
    "counter": {
        "ACTIVE": 29834,
        "INACTIVE": 37734,
        "INVALID": 0,
        "MALICIOUS": 0,
        "SANE": 0,
        "VALID": 0,
        "total": 67568
    },
    "percentage": {
        "ACTIVE": 44.154690899403555,
        "INACTIVE": 55.84596258583945,
        "INVALID": 0.0,
        "MALICIOUS": 0.0,
        "SANE": 0.0,
        "VALID": 0.0,
        "total": 100.000653485243
    }
}