{
    "counter": {
        "ACTIVE": 11028,
        "INACTIVE": 13797,
        "INVALID": 0,
        "MALICIOUS": 0,
        "SANE": 0,
        "VALID": 0,
        "total": 24825
    },
    "percentage": {
        "ACTIVE": 44.42296072507553,
        "INACTIVE": 55.58375634517766,
        "INVALID": 0,
        "MALICIOUS": 0,
        "SANE": 0,
        "VALID": 0,
        "total": 100.00671707025319
    }
}