{
    "counter": {
        "ACTIVE": 41242,
        "INACTIVE": 54949,
        "INVALID": 0,
        "MALICIOUS": 0,
        "SANE": 0,
        "VALID": 0,
        "total": 96191
    },
    "percentage": {
        "ACTIVE": 42.87511305631504,
        "INACTIVE": 57.12488694368496,
        "INVALID": 0.0,
        "MALICIOUS": 0.0,
        "SANE": 0.0,
        "VALID": 0.0,
        "total": 100.0
    }
}