{
    "counter": {
        "ACTIVE": 41948,
        "INACTIVE": 55782,
        "INVALID": 0,
        "MALICIOUS": 0,
        "SANE": 0,
        "VALID": 0,
        "total": 97730
    },
    "percentage": {
        "ACTIVE": 42.92233705105904,
        "INACTIVE": 57.07766294894096,
        "INVALID": 0.0,
        "MALICIOUS": 0.0,
        "SANE": 0.0,
        "VALID": 0.0,
        "total": 100.0
    }
}