{
    "counter": {
        "ACTIVE": 38811,
        "INACTIVE": 47933,
        "INVALID": 0,
        "MALICIOUS": 0,
        "SANE": 0,
        "VALID": 0,
        "total": 86744
    },
    "percentage": {
        "ACTIVE": 44.741999446647604,
        "INACTIVE": 55.258000553352396,
        "INVALID": 0.0,
        "MALICIOUS": 0.0,
        "SANE": 0.0,
        "VALID": 0.0,
        "total": 100.0
    }
}