{
    "counter": {
        "ACTIVE": 14485,
        "INACTIVE": 19315,
        "INVALID": 0,
        "MALICIOUS": 0,
        "SANE": 0,
        "VALID": 0,
        "total": 33800
    },
    "percentage": {
        "ACTIVE": 42.85756553642227,
        "INACTIVE": 57.14497041420118,
        "INVALID": 0,
        "MALICIOUS": 0,
        "SANE": 0,
        "VALID": 0,
        "total": 100.00253595062345
    }
}