{
    "counter": {
        "ACTIVE": 33930,
        "INACTIVE": 42717,
        "INVALID": 0,
        "MALICIOUS": 0,
        "SANE": 0,
        "VALID": 0,
        "total": 76647
    },
    "percentage": {
        "ACTIVE": 44.26787741203178,
        "INACTIVE": 55.73212258796822,
        "INVALID": 0.0,
        "MALICIOUS": 0.0,
        "SANE": 0.0,
        "VALID": 0.0,
        "total": 100.0
    }
}