{
    "counter": {
        "ACTIVE": 3532,
        "INACTIVE": 4322,
        "INVALID": 0,
        "MALICIOUS": 0,
        "SANE": 0,
        "VALID": 0,
        "total": 7854
    },
    "percentage": {
        "ACTIVE": 44.97071555895085,
        "INACTIVE": 55.078373900853826,
        "INVALID": 0,
        "MALICIOUS": 0,
        "SANE": 0,
        "VALID": 0,
        "total": 100.04908945980468
    }
}