{
    "counter": {
        "ACTIVE": 2274,
        "INACTIVE": 2974,
        "INVALID": 0,
        "MALICIOUS": 0,
        "SANE": 0,
        "VALID": 0,
        "total": 5248
    },
    "percentage": {
        "ACTIVE": 43.3390508862207,
        "INACTIVE": 56.66920731707317,
        "INVALID": 0,
        "MALICIOUS": 0,
        "SANE": 0,
        "VALID": 0,
        "total": 100.00825820329388
    }
}