{
    "counter": {
        "ACTIVE": 28172,
        "INACTIVE": 36052,
        "INVALID": 0,
        "MALICIOUS": 0,
        "SANE": 0,
        "VALID": 0,
        "total": 64224
    },
    "percentage": {
        "ACTIVE": 43.865221723966116,
        "INACTIVE": 56.13565233639039,
        "INVALID": 0.0,
        "MALICIOUS": 0.0,
        "SANE": 0.0,
        "VALID": 0.0,
        "total": 100.00087406035651
    }
}