{
    "counter": {
        "ACTIVE": 20217,
        "INACTIVE": 25313,
        "INVALID": 0,
        "MALICIOUS": 0,
        "SANE": 0,
        "VALID": 0,
        "total": 45530
    },
    "percentage": {
        "ACTIVE": 44.40368987480782,
        "INACTIVE": 55.59875241609559,
        "INVALID": 0,
        "MALICIOUS": 0,
        "SANE": 0,
        "VALID": 0,
        "total": 100.00244229090342
    }
}