{
    "counter": {
        "ACTIVE": 36672,
        "INACTIVE": 45892,
        "INVALID": 0,
        "MALICIOUS": 0,
        "SANE": 0,
        "VALID": 0,
        "total": 82564
    },
    "percentage": {
        "ACTIVE": 44.41645269124558,
        "INACTIVE": 55.58354730875442,
        "INVALID": 0.0,
        "MALICIOUS": 0.0,
        "SANE": 0.0,
        "VALID": 0.0,
        "total": 100.0
    }
}