{
    "counter": {
        "ACTIVE": 24984,
        "INACTIVE": 30949,
        "INVALID": 0,
        "MALICIOUS": 0,
        "SANE": 0,
        "VALID": 0,
        "total": 55933
    },
    "percentage": {
        "ACTIVE": 44.66772745963921,
        "INACTIVE": 55.33227254036079,
        "INVALID": 0.0,
        "MALICIOUS": 0.0,
        "SANE": 0.0,
        "VALID": 0.0,
        "total": 100.0
    }
}