{
    "counter": {
        "ACTIVE": 20055,
        "INACTIVE": 25159,
        "INVALID": 0,
        "MALICIOUS": 0,
        "SANE": 0,
        "VALID": 0,
        "total": 45214
    },
    "percentage": {
        "ACTIVE": 44.35965494359655,
        "INACTIVE": 55.644269474056706,
        "INVALID": 0,
        "MALICIOUS": 0,
        "SANE": 0,
        "VALID": 0,
        "total": 100.00392441765325
    }
}