{
    "counter": {
        "ACTIVE": 38424,
        "INACTIVE": 47469,
        "INVALID": 0,
        "MALICIOUS": 0,
        "SANE": 0,
        "VALID": 0,
        "total": 85893
    },
    "percentage": {
        "ACTIVE": 44.73472809192833,
        "INACTIVE": 55.26527190807167,
        "INVALID": 0.0,
        "MALICIOUS": 0.0,
        "SANE": 0.0,
        "VALID": 0.0,
        "total": 100.0
    }
}