{
    "counter": {
        "ACTIVE": 5360,
        "INACTIVE": 6678,
        "INVALID": 0,
        "MALICIOUS": 0,
        "SANE": 0,
        "VALID": 0,
        "total": 12038
    },
    "percentage": {
        "ACTIVE": 44.5293677826701,
        "INACTIVE": 55.47433128426649,
        "INVALID": 0,
        "MALICIOUS": 0,
        "SANE": 0,
        "VALID": 0,
        "total": 100.00369906693659
    }
}