{
    "counter": {
        "ACTIVE": 40395,
        "INACTIVE": 53194,
        "INVALID": 0,
        "MALICIOUS": 0,
        "SANE": 0,
        "VALID": 0,
        "total": 93589
    },
    "percentage": {
        "ACTIVE": 43.16212375385996,
        "INACTIVE": 56.83787624614004,
        "INVALID": 0.0,
        "MALICIOUS": 0.0,
        "SANE": 0.0,
        "VALID": 0.0,
        "total": 100.0
    }
}