{
    "counter": {
        "ACTIVE": 9297,
        "INACTIVE": 12382,
        "INVALID": 0,
        "MALICIOUS": 0,
        "SANE": 0,
        "VALID": 0,
        "total": 21679
    },
    "percentage": {
        "ACTIVE": 42.89273356401384,
        "INACTIVE": 57.11518058951059,
        "INVALID": 0,
        "MALICIOUS": 0,
        "SANE": 0,
        "VALID": 0,
        "total": 100.00791415352442
    }
}