{
    "counter": {
        "ACTIVE": 36725,
        "INACTIVE": 45948,
        "INVALID": 0,
        "MALICIOUS": 0,
        "SANE": 0,
        "VALID": 0,
        "total": 82673
    },
    "percentage": {
        "ACTIVE": 44.42199992742491,
        "INACTIVE": 55.57800007257509,
        "INVALID": 0.0,
        "MALICIOUS": 0.0,
        "SANE": 0.0,
        "VALID": 0.0,
        "total": 100.0
    }
}