{
    "counter": {
        "ACTIVE": 31287,
        "INACTIVE": 39142,
        "INVALID": 0,
        "MALICIOUS": 0,
        "SANE": 0,
        "VALID": 0,
        "total": 70429
    },
    "percentage": {
        "ACTIVE": 44.42409269040722,
        "INACTIVE": 55.57653807380483,
        "INVALID": 0.0,
        "MALICIOUS": 0.0,
        "SANE": 0.0,
        "VALID": 0.0,
        "total": 100.00063076421205
    }
}