{
    "counter": {
        "ACTIVE": 12538,
        "INACTIVE": 15592,
        "INVALID": 0,
        "MALICIOUS": 0,
        "SANE": 0,
        "VALID": 0,
        "total": 28130
    },
    "percentage": {
        "ACTIVE": 44.57797056104672,
        "INACTIVE": 55.428368290081764,
        "INVALID": 0,
        "MALICIOUS": 0,
        "SANE": 0,
        "VALID": 0,
        "total": 100.00633885112848
    }
}