{
    "counter": {
        "ACTIVE": 13883,
        "INACTIVE": 18232,
        "INVALID": 0,
        "MALICIOUS": 0,
        "SANE": 0,
        "VALID": 0,
        "total": 32115
    },
    "percentage": {
        "ACTIVE": 43.23440565538289,
        "INACTIVE": 56.77097929316519,
        "INVALID": 0,
        "MALICIOUS": 0,
        "SANE": 0,
        "VALID": 0,
        "total": 100.00538494854808
    }
}