{
    "counter": {
        "ACTIVE": 39624,
        "INACTIVE": 49467,
        "INVALID": 0,
        "MALICIOUS": 0,
        "SANE": 0,
        "VALID": 0,
        "total": 89091
    },
    "percentage": {
        "ACTIVE": 44.47587298380308,
        "INACTIVE": 55.52412701619692,
        "INVALID": 0.0,
        "MALICIOUS": 0.0,
        "SANE": 0.0,
        "VALID": 0.0,
        "total": 100.0
    }
}