{
    "counter": {
        "ACTIVE": 39699,
        "INACTIVE": 49695,
        "INVALID": 0,
        "MALICIOUS": 0,
        "SANE": 0,
        "VALID": 0,
        "total": 89394
    },
    "percentage": {
        "ACTIVE": 44.409020739646955,
        "INACTIVE": 55.590979260353045,
        "INVALID": 0.0,
        "MALICIOUS": 0.0,
        "SANE": 0.0,
        "VALID": 0.0,
        "total": 100.0
    }
}