{
    "counter": {
        "ACTIVE": 17043,
        "INACTIVE": 22105,
        "INVALID": 0,
        "MALICIOUS": 0,
        "SANE": 0,
        "VALID": 0,
        "total": 39148
    },
    "percentage": {
        "ACTIVE": 43.53479104935118,
        "INACTIVE": 56.46809380268738,
        "INVALID": 0,
        "MALICIOUS": 0,
        "SANE": 0,
        "VALID": 0,
        "total": 100.00288485203856
    }
}