{
    "counter": {
        "ACTIVE": 40199,
        "INACTIVE": 51891,
        "INVALID": 0,
        "MALICIOUS": 0,
        "SANE": 0,
        "VALID": 0,
        "total": 92090
    },
    "percentage": {
        "ACTIVE": 43.65186230861114,
        "INACTIVE": 56.34813769138886,
        "INVALID": 0.0,
        "MALICIOUS": 0.0,
        "SANE": 0.0,
        "VALID": 0.0,
        "total": 100.0
    }
}