{
    "counter": {
        "ACTIVE": 6391,
        "INACTIVE": 8183,
        "INVALID": 0,
        "MALICIOUS": 0,
        "SANE": 0,
        "VALID": 0,
        "total": 14574
    },
    "percentage": {
        "ACTIVE": 43.8550744527551,
        "INACTIVE": 56.14793467819404,
        "INVALID": 0,
        "MALICIOUS": 0,
        "SANE": 0,
        "VALID": 0,
        "total": 100.00300913094914
    }
}