{
    "counter": {
        "ACTIVE": 5406,
        "INACTIVE": 6727,
        "INVALID": 0,
        "MALICIOUS": 0,
        "SANE": 0,
        "VALID": 0,
        "total": 12133
    },
    "percentage": {
        "ACTIVE": 44.55616912552543,
        "INACTIVE": 55.45297172533179,
        "INVALID": 0,
        "MALICIOUS": 0,
        "SANE": 0,
        "VALID": 0,
        "total": 100.00914085085722
    }
}