{
    "counter": {
        "ACTIVE": 40214,
        "INACTIVE": 52050,
        "INVALID": 0,
        "MALICIOUS": 0,
        "SANE": 0,
        "VALID": 0,
        "total": 92264
    },
    "percentage": {
        "ACTIVE": 43.58579727737796,
        "INACTIVE": 56.41420272262204,
        "INVALID": 0.0,
        "MALICIOUS": 0.0,
        "SANE": 0.0,
        "VALID": 0.0,
        "total": 100.0
    }
}