{
    "counter": {
        "ACTIVE": 16906,
        "INACTIVE": 21943,
        "INVALID": 0,
        "MALICIOUS": 0,
        "SANE": 0,
        "VALID": 0,
        "total": 38849
    },
    "percentage": {
        "ACTIVE": 43.51720765013256,
        "INACTIVE": 56.487154404571896,
        "INVALID": 0,
        "MALICIOUS": 0,
        "SANE": 0,
        "VALID": 0,
        "total": 100.00436205470446
    }
}