{
    "counter": {
        "ACTIVE": 13963,
        "INACTIVE": 18432,
        "INVALID": 0,
        "MALICIOUS": 0,
        "SANE": 0,
        "VALID": 0,
        "total": 32395
    },
    "percentage": {
        "ACTIVE": 43.10233060657509,
        "INACTIVE": 56.899425819596225,
        "INVALID": 0,
        "MALICIOUS": 0,
        "SANE": 0,
        "VALID": 0,
        "total": 100.00175642617131
    }
}