{
    "counter": {
        "ACTIVE": 7010,
        "INACTIVE": 9273,
        "INVALID": 0,
        "MALICIOUS": 0,
        "SANE": 0,
        "VALID": 0,
        "total": 16283
    },
    "percentage": {
        "ACTIVE": 43.056323321663285,
        "INACTIVE": 56.94896517840693,
        "INVALID": 0,
        "MALICIOUS": 0,
        "SANE": 0,
        "VALID": 0,
        "total": 100.00528850007021
    }
}