{
    "counter": {
        "ACTIVE": 21642,
        "INACTIVE": 26612,
        "INVALID": 0,
        "MALICIOUS": 0,
        "SANE": 0,
        "VALID": 0,
        "total": 48254
    },
    "percentage": {
        "ACTIVE": 44.85016786173167,
        "INACTIVE": 55.14983213826833,
        "INVALID": 0.0,
        "MALICIOUS": 0.0,
        "SANE": 0.0,
        "VALID": 0.0,
        "total": 100.0
    }
}