{
    "counter": {
        "ACTIVE": 35680,
        "INACTIVE": 44682,
        "INVALID": 0,
        "MALICIOUS": 0,
        "SANE": 0,
        "VALID": 0,
        "total": 80362
    },
    "percentage": {
        "ACTIVE": 44.399094099201115,
        "INACTIVE": 55.600905900798885,
        "INVALID": 0.0,
        "MALICIOUS": 0.0,
        "SANE": 0.0,
        "VALID": 0.0,
        "total": 100.0
    }
}