{
    "counter": {
        "ACTIVE": 29235,
        "INACTIVE": 37063,
        "INVALID": 0,
        "MALICIOUS": 0,
        "SANE": 0,
        "VALID": 0,
        "total": 66298
    },
    "percentage": {
        "ACTIVE": 44.096352831156295,
        "INACTIVE": 55.90702024315926,
        "INVALID": 0.0,
        "MALICIOUS": 0.0,
        "SANE": 0.0,
        "VALID": 0.0,
        "total": 100.00337307431556
    }
}