{
    "counter": {
        "ACTIVE": 5315,
        "INACTIVE": 6613,
        "INVALID": 0,
        "MALICIOUS": 0,
        "SANE": 0,
        "VALID": 0,
        "total": 11928
    },
    "percentage": {
        "ACTIVE": 44.56275677035298,
        "INACTIVE": 55.44097920858484,
        "INVALID": 0,
        "MALICIOUS": 0,
        "SANE": 0,
        "VALID": 0,
        "total": 100.00373597893783
    }
}