{
    "counter": {
        "ACTIVE": 11027,
        "INACTIVE": 13797,
        "INVALID": 0,
        "MALICIOUS": 0,
        "SANE": 0,
        "VALID": 0,
        "total": 24824
    },
    "percentage": {
        "ACTIVE": 44.42072188204963,
        "INACTIVE": 55.58375634517766,
        "INVALID": 0,
        "MALICIOUS": 0,
        "SANE": 0,
        "VALID": 0,
        "total": 100.00447822722728
    }
}