{
    "counter": {
        "ACTIVE": 4020,
        "INACTIVE": 5070,
        "INVALID": 0,
        "MALICIOUS": 0,
        "SANE": 0,
        "VALID": 0,
        "total": 9090
    },
    "percentage": {
        "ACTIVE": 44.234154929577464,
        "INACTIVE": 55.775577557755774,
        "INVALID": 0,
        "MALICIOUS": 0,
        "SANE": 0,
        "VALID": 0,
        "total": 100.00973248733324
    }
}