{
    "counter": {
        "ACTIVE": 22194,
        "INACTIVE": 27240,
        "INVALID": 0,
        "MALICIOUS": 0,
        "SANE": 0,
        "VALID": 0,
        "total": 49434
    },
    "percentage": {
        "ACTIVE": 44.896225270057045,
        "INACTIVE": 55.103774729942955,
        "INVALID": 0.0,
        "MALICIOUS": 0.0,
        "SANE": 0.0,
        "VALID": 0.0,
        "total": 100.0
    }
}