{
    "counter": {
        "ACTIVE": 23064,
        "INACTIVE": 28244,
        "INVALID": 0,
        "MALICIOUS": 0,
        "SANE": 0,
        "VALID": 0,
        "total": 51308
    },
    "percentage": {
        "ACTIVE": 44.952054260544166,
        "INACTIVE": 55.047945739455834,
        "INVALID": 0.0,
        "MALICIOUS": 0.0,
        "SANE": 0.0,
        "VALID": 0.0,
        "total": 100.0
    }
}