{
    "counter": {
        "ACTIVE": 3613,
        "INACTIVE": 4406,
        "INVALID": 0,
        "MALICIOUS": 0,
        "SANE": 0,
        "VALID": 0,
        "total": 8019
    },
    "percentage": {
        "ACTIVE": 45.06111249688202,
        "INACTIVE": 54.944506796358645,
        "INVALID": 0,
        "MALICIOUS": 0,
        "SANE": 0,
        "VALID": 0,
        "total": 100.00561929324067
    }
}