{
    "counter": {
        "ACTIVE": 25428,
        "INACTIVE": 32108,
        "INVALID": 0,
        "MALICIOUS": 0,
        "SANE": 0,
        "VALID": 0,
        "total": 57536
    },
    "percentage": {
        "ACTIVE": 44.19493882091213,
        "INACTIVE": 55.80506117908787,
        "INVALID": 0.0,
        "MALICIOUS": 0.0,
        "SANE": 0.0,
        "VALID": 0.0,
        "total": 100.0
    }
}