{
    "counter": {
        "ACTIVE": 39002,
        "INACTIVE": 48201,
        "INVALID": 0,
        "MALICIOUS": 0,
        "SANE": 0,
        "VALID": 0,
        "total": 87203
    },
    "percentage": {
        "ACTIVE": 44.72552549797599,
        "INACTIVE": 55.27447450202401,
        "INVALID": 0.0,
        "MALICIOUS": 0.0,
        "SANE": 0.0,
        "VALID": 0.0,
        "total": 100.0
    }
}