{
    "counter": {
        "ACTIVE": 15804,
        "INACTIVE": 21041,
        "INVALID": 0,
        "MALICIOUS": 0,
        "SANE": 0,
        "VALID": 0,
        "total": 36845
    },
    "percentage": {
        "ACTIVE": 42.89436543263489,
        "INACTIVE": 57.10679875152667,
        "INVALID": 0,
        "MALICIOUS": 0,
        "SANE": 0,
        "VALID": 0,
        "total": 100.00116418416155
    }
}