{
    "counter": {
        "ACTIVE": 5831,
        "INACTIVE": 7292,
        "INVALID": 0,
        "MALICIOUS": 0,
        "SANE": 0,
        "VALID": 0,
        "total": 13123
    },
    "percentage": {
        "ACTIVE": 44.433437476186846,
        "INACTIVE": 55.570797134583145,
        "INVALID": 0,
        "MALICIOUS": 0,
        "SANE": 0,
        "VALID": 0,
        "total": 100.00423461077
    }
}