{
    "counter": {
        "ACTIVE": 17150,
        "INACTIVE": 22220,
        "INVALID": 0,
        "MALICIOUS": 0,
        "SANE": 0,
        "VALID": 0,
        "total": 39370
    },
    "percentage": {
        "ACTIVE": 43.56330014224751,
        "INACTIVE": 56.43891287782576,
        "INVALID": 0,
        "MALICIOUS": 0,
        "SANE": 0,
        "VALID": 0,
        "total": 100.00221302007327
    }
}