{
    "counter": {
        "ACTIVE": 26471,
        "INACTIVE": 33878,
        "INVALID": 0,
        "MALICIOUS": 0,
        "SANE": 0,
        "VALID": 0,
        "total": 60349
    },
    "percentage": {
        "ACTIVE": 43.863195744751366,
        "INACTIVE": 56.136804255248634,
        "INVALID": 0.0,
        "MALICIOUS": 0.0,
        "SANE": 0.0,
        "VALID": 0.0,
        "total": 100.0
    }
}