{
    "counter": {
        "ACTIVE": 3005,
        "INACTIVE": 3709,
        "INVALID": 0,
        "MALICIOUS": 0,
        "SANE": 0,
        "VALID": 0,
        "total": 6714
    },
    "percentage": {
        "ACTIVE": 44.783904619970194,
        "INACTIVE": 55.242776288352694,
        "INVALID": 0,
        "MALICIOUS": 0,
        "SANE": 0,
        "VALID": 0,
        "total": 100.02668090832289
    }
}