{
    "counter": {
        "ACTIVE": 39201,
        "INACTIVE": 48520,
        "INVALID": 0,
        "MALICIOUS": 0,
        "SANE": 0,
        "VALID": 0,
        "total": 87721
    },
    "percentage": {
        "ACTIVE": 44.688273047502875,
        "INACTIVE": 55.311726952497125,
        "INVALID": 0.0,
        "MALICIOUS": 0.0,
        "SANE": 0.0,
        "VALID": 0.0,
        "total": 100.0
    }
}