{
    "counter": {
        "ACTIVE": 30718,
        "INACTIVE": 38513,
        "INVALID": 0,
        "MALICIOUS": 0,
        "SANE": 0,
        "VALID": 0,
        "total": 69231
    },
    "percentage": {
        "ACTIVE": 44.370296543455964,
        "INACTIVE": 55.63131057793699,
        "INVALID": 0.0,
        "MALICIOUS": 0.0,
        "SANE": 0.0,
        "VALID": 0.0,
        "total": 100.00160712139296
    }
}