{
    "counter": {
        "ACTIVE": 40364,
        "INACTIVE": 53068,
        "INVALID": 0,
        "MALICIOUS": 0,
        "SANE": 0,
        "VALID": 0,
        "total": 93432
    },
    "percentage": {
        "ACTIVE": 43.20147272882952,
        "INACTIVE": 56.79852727117048,
        "INVALID": 0.0,
        "MALICIOUS": 0.0,
        "SANE": 0.0,
        "VALID": 0.0,
        "total": 100.0
    }
}