{
    "counter": {
        "ACTIVE": 26808,
        "INACTIVE": 34275,
        "INVALID": 0,
        "MALICIOUS": 0,
        "SANE": 0,
        "VALID": 0,
        "total": 61083
    },
    "percentage": {
        "ACTIVE": 43.88782476302735,
        "INACTIVE": 56.11217523697265,
        "INVALID": 0.0,
        "MALICIOUS": 0.0,
        "SANE": 0.0,
        "VALID": 0.0,
        "total": 100.0
    }
}