{
    "counter": {
        "ACTIVE": 28007,
        "INACTIVE": 35667,
        "INVALID": 0,
        "MALICIOUS": 0,
        "SANE": 0,
        "VALID": 0,
        "total": 63674
    },
    "percentage": {
        "ACTIVE": 43.98567681748936,
        "INACTIVE": 56.01501397744762,
        "INVALID": 0.0,
        "MALICIOUS": 0.0,
        "SANE": 0.0,
        "VALID": 0.0,
        "total": 100.00069079493699
    }
}