{
    "counter": {
        "ACTIVE": 39793,
        "INACTIVE": 49901,
        "INVALID": 0,
        "MALICIOUS": 0,
        "SANE": 0,
        "VALID": 0,
        "total": 89694
    },
    "percentage": {
        "ACTIVE": 44.36528641826655,
        "INACTIVE": 55.63471358173345,
        "INVALID": 0.0,
        "MALICIOUS": 0.0,
        "SANE": 0.0,
        "VALID": 0.0,
        "total": 100.0
    }
}