{
    "counter": {
        "ACTIVE": 12415,
        "INACTIVE": 15327,
        "INVALID": 0,
        "MALICIOUS": 0,
        "SANE": 0,
        "VALID": 0,
        "total": 27742
    },
    "percentage": {
        "ACTIVE": 44.751640112464855,
        "INACTIVE": 55.25035146534011,
        "INVALID": 0,
        "MALICIOUS": 0,
        "SANE": 0,
        "VALID": 0,
        "total": 100.00199157780497
    }
}