{
    "counter": {
        "ACTIVE": 25543,
        "INACTIVE": 32342,
        "INVALID": 0,
        "MALICIOUS": 0,
        "SANE": 0,
        "VALID": 0,
        "total": 57885
    },
    "percentage": {
        "ACTIVE": 44.12714865681956,
        "INACTIVE": 55.87285134318044,
        "INVALID": 0.0,
        "MALICIOUS": 0.0,
        "SANE": 0.0,
        "VALID": 0.0,
        "total": 100.0
    }
}