{
    "counter": {
        "ACTIVE": 41235,
        "INACTIVE": 54942,
        "INVALID": 0,
        "MALICIOUS": 0,
        "SANE": 0,
        "VALID": 0,
        "total": 96177
    },
    "percentage": {
        "ACTIVE": 42.87407592251786,
        "INACTIVE": 57.12592407748214,
        "INVALID": 0.0,
        "MALICIOUS": 0.0,
        "SANE": 0.0,
        "VALID": 0.0,
        "total": 100.0
    }
}