{
    "counter": {
        "ACTIVE": 32969,
        "INACTIVE": 41557,
        "INVALID": 0,
        "MALICIOUS": 0,
        "SANE": 0,
        "VALID": 0,
        "total": 74526
    },
    "percentage": {
        "ACTIVE": 44.23825242197354,
        "INACTIVE": 55.76174757802646,
        "INVALID": 0.0,
        "MALICIOUS": 0.0,
        "SANE": 0.0,
        "VALID": 0.0,
        "total": 100.0
    }
}