{
    "counter": {
        "ACTIVE": 21900,
        "INACTIVE": 26867,
        "INVALID": 0,
        "MALICIOUS": 0,
        "SANE": 0,
        "VALID": 0,
        "total": 48767
    },
    "percentage": {
        "ACTIVE": 44.907416900773065,
        "INACTIVE": 55.092583099226935,
        "INVALID": 0.0,
        "MALICIOUS": 0.0,
        "SANE": 0.0,
        "VALID": 0.0,
        "total": 100.0
    }
}