{
    "counter": {
        "ACTIVE": 1143,
        "INACTIVE": 1367,
        "INVALID": 0,
        "MALICIOUS": 0,
        "SANE": 0,
        "VALID": 0,
        "total": 2510
    },
    "percentage": {
        "ACTIVE": 45.537848605577686,
        "INACTIVE": 54.549082202713485,
        "INVALID": 0,
        "MALICIOUS": 0,
        "SANE": 0,
        "VALID": 0,
        "total": 100.08693080829117
    }
}