{
    "counter": {
        "ACTIVE": 14138,
        "INACTIVE": 18855,
        "INVALID": 0,
        "MALICIOUS": 0,
        "SANE": 0,
        "VALID": 0,
        "total": 32993
    },
    "percentage": {
        "ACTIVE": 42.85281280310378,
        "INACTIVE": 57.148486042493865,
        "INVALID": 0,
        "MALICIOUS": 0,
        "SANE": 0,
        "VALID": 0,
        "total": 100.00129884559765
    }
}