{
    "counter": {
        "ACTIVE": 12475,
        "INACTIVE": 15451,
        "INVALID": 0,
        "MALICIOUS": 0,
        "SANE": 0,
        "VALID": 0,
        "total": 27926
    },
    "percentage": {
        "ACTIVE": 44.67163217073695,
        "INACTIVE": 55.334312215736134,
        "INVALID": 0,
        "MALICIOUS": 0,
        "SANE": 0,
        "VALID": 0,
        "total": 100.00594438647309
    }
}