{
    "counter": {
        "ACTIVE": 3592,
        "INACTIVE": 4368,
        "INVALID": 0,
        "MALICIOUS": 0,
        "SANE": 0,
        "VALID": 0,
        "total": 7960
    },
    "percentage": {
        "ACTIVE": 45.12562814070352,
        "INACTIVE": 54.88126649076517,
        "INVALID": 0,
        "MALICIOUS": 0,
        "SANE": 0,
        "VALID": 0,
        "total": 100.0068946314687
    }
}