{
    "counter": {
        "ACTIVE": 18636,
        "INACTIVE": 23699,
        "INVALID": 0,
        "MALICIOUS": 0,
        "SANE": 0,
        "VALID": 0,
        "total": 42335
    },
    "percentage": {
        "ACTIVE": 44.02135399442528,
        "INACTIVE": 55.97968583914019,
        "INVALID": 0,
        "MALICIOUS": 0,
        "SANE": 0,
        "VALID": 0,
        "total": 100.00103983356547
    }
}