{
    "counter": {
        "ACTIVE": 3968,
        "INACTIVE": 4975,
        "INVALID": 0,
        "MALICIOUS": 0,
        "SANE": 0,
        "VALID": 0,
        "total": 8943
    },
    "percentage": {
        "ACTIVE": 44.36989824443699,
        "INACTIVE": 55.63632297025274,
        "INVALID": 0,
        "MALICIOUS": 0,
        "SANE": 0,
        "VALID": 0,
        "total": 100.00622121468973
    }
}