{
    "counter": {
        "ACTIVE": 20139,
        "INACTIVE": 25241,
        "INVALID": 0,
        "MALICIOUS": 0,
        "SANE": 0,
        "VALID": 0,
        "total": 45380
    },
    "percentage": {
        "ACTIVE": 44.380536824011635,
        "INACTIVE": 55.62141912736889,
        "INVALID": 0,
        "MALICIOUS": 0,
        "SANE": 0,
        "VALID": 0,
        "total": 100.00195595138052
    }
}