{
    "counter": {
        "ACTIVE": 5954,
        "INACTIVE": 7426,
        "INVALID": 0,
        "MALICIOUS": 0,
        "SANE": 0,
        "VALID": 0,
        "total": 13380
    },
    "percentage": {
        "ACTIVE": 44.49925261584455,
        "INACTIVE": 55.51734449760765,
        "INVALID": 0,
        "MALICIOUS": 0,
        "SANE": 0,
        "VALID": 0,
        "total": 100.0165971134522
    }
}