{
    "counter": {
        "ACTIVE": 2021,
        "INACTIVE": 2610,
        "INVALID": 0,
        "MALICIOUS": 0,
        "SANE": 0,
        "VALID": 0,
        "total": 4631
    },
    "percentage": {
        "ACTIVE": 43.65953769712681,
        "INACTIVE": 56.359317641977974,
        "INVALID": 0,
        "MALICIOUS": 0,
        "SANE": 0,
        "VALID": 0,
        "total": 100.01885533910479
    }
}