{
    "counter": {
        "ACTIVE": 24389,
        "INACTIVE": 30299,
        "INVALID": 0,
        "MALICIOUS": 0,
        "SANE": 0,
        "VALID": 0,
        "total": 54688
    },
    "percentage": {
        "ACTIVE": 44.59662083089526,
        "INACTIVE": 55.40337916910474,
        "INVALID": 0.0,
        "MALICIOUS": 0.0,
        "SANE": 0.0,
        "VALID": 0.0,
        "total": 100.0
    }
}