{
    "counter": {
        "ACTIVE": 14675,
        "INACTIVE": 19645,
        "INVALID": 0,
        "MALICIOUS": 0,
        "SANE": 0,
        "VALID": 0,
        "total": 34320
    },
    "percentage": {
        "ACTIVE": 42.76181595664083,
        "INACTIVE": 57.24067599067599,
        "INVALID": 0,
        "MALICIOUS": 0,
        "SANE": 0,
        "VALID": 0,
        "total": 100.00249194731683
    }
}