{
    "counter": {
        "ACTIVE": 19504,
        "INACTIVE": 24430,
        "INVALID": 0,
        "MALICIOUS": 0,
        "SANE": 0,
        "VALID": 0,
        "total": 43934
    },
    "percentage": {
        "ACTIVE": 44.397905759162306,
        "INACTIVE": 55.606136477443435,
        "INVALID": 0,
        "MALICIOUS": 0,
        "SANE": 0,
        "VALID": 0,
        "total": 100.00404223660574
    }
}