{
    "counter": {
        "ACTIVE": 26491,
        "INACTIVE": 33903,
        "INVALID": 0,
        "MALICIOUS": 0,
        "SANE": 0,
        "VALID": 0,
        "total": 60394
    },
    "percentage": {
        "ACTIVE": 43.86362883730172,
        "INACTIVE": 56.13637116269828,
        "INVALID": 0.0,
        "MALICIOUS": 0.0,
        "SANE": 0.0,
        "VALID": 0.0,
        "total": 100.0
    }
}