{
    "counter": {
        "ACTIVE": 19571,
        "INACTIVE": 24653,
        "INVALID": 0,
        "MALICIOUS": 0,
        "SANE": 0,
        "VALID": 0,
        "total": 44224
    },
    "percentage": {
        "ACTIVE": 44.25625254398263,
        "INACTIVE": 55.7457489146165,
        "INVALID": 0,
        "MALICIOUS": 0,
        "SANE": 0,
        "VALID": 0,
        "total": 100.00200145859912
    }
}