{
    "counter": {
        "ACTIVE": 40428,
        "INACTIVE": 53433,
        "INVALID": 0,
        "MALICIOUS": 0,
        "SANE": 0,
        "VALID": 0,
        "total": 93861
    },
    "percentage": {
        "ACTIVE": 43.07220251222552,
        "INACTIVE": 56.92779748777448,
        "INVALID": 0.0,
        "MALICIOUS": 0.0,
        "SANE": 0.0,
        "VALID": 0.0,
        "total": 100.0
    }
}