{
    "counter": {
        "ACTIVE": 31304,
        "INACTIVE": 39172,
        "INVALID": 0,
        "MALICIOUS": 0,
        "SANE": 0,
        "VALID": 0,
        "total": 70476
    },
    "percentage": {
        "ACTIVE": 44.41795788637267,
        "INACTIVE": 55.58283079106066,
        "INVALID": 0.0,
        "MALICIOUS": 0.0,
        "SANE": 0.0,
        "VALID": 0.0,
        "total": 100.00078867743332
    }
}