{
    "counter": {
        "ACTIVE": 41433,
        "INACTIVE": 55215,
        "INVALID": 0,
        "MALICIOUS": 0,
        "SANE": 0,
        "VALID": 0,
        "total": 96648
    },
    "percentage": {
        "ACTIVE": 42.870002483238146,
        "INACTIVE": 57.129997516761854,
        "INVALID": 0.0,
        "MALICIOUS": 0.0,
        "SANE": 0.0,
        "VALID": 0.0,
        "total": 100.0
    }
}