{
    "counter": {
        "ACTIVE": 3985,
        "INACTIVE": 5015,
        "INVALID": 0,
        "MALICIOUS": 0,
        "SANE": 0,
        "VALID": 0,
        "total": 9000
    },
    "percentage": {
        "ACTIVE": 44.28269807756418,
        "INACTIVE": 55.72222222222222,
        "INVALID": 0,
        "MALICIOUS": 0,
        "SANE": 0,
        "VALID": 0,
        "total": 100.00492029978639
    }
}