{
    "counter": {
        "ACTIVE": 1841,
        "INACTIVE": 2172,
        "INVALID": 0,
        "MALICIOUS": 0,
        "SANE": 0,
        "VALID": 0,
        "total": 4013
    },
    "percentage": {
        "ACTIVE": 45.87590331422876,
        "INACTIVE": 54.15108451757666,
        "INVALID": 0,
        "MALICIOUS": 0,
        "SANE": 0,
        "VALID": 0,
        "total": 100.02698783180543
    }
}