{
    "counter": {
        "ACTIVE": 28246,
        "INACTIVE": 36130,
        "INVALID": 0,
        "MALICIOUS": 0,
        "SANE": 0,
        "VALID": 0,
        "total": 64376
    },
    "percentage": {
        "ACTIVE": 43.87796315282567,
        "INACTIVE": 56.123400024853986,
        "INVALID": 0.0,
        "MALICIOUS": 0.0,
        "SANE": 0.0,
        "VALID": 0.0,
        "total": 100.00136317767965
    }
}