{
    "counter": {
        "ACTIVE": 7040,
        "INACTIVE": 9318,
        "INVALID": 0,
        "MALICIOUS": 0,
        "SANE": 0,
        "VALID": 0,
        "total": 16358
    },
    "percentage": {
        "ACTIVE": 43.04757245933717,
        "INACTIVE": 56.96295390634552,
        "INVALID": 0,
        "MALICIOUS": 0,
        "SANE": 0,
        "VALID": 0,
        "total": 100.0105263656827
    }
}