{
    "counter": {
        "ACTIVE": 21057,
        "INACTIVE": 25978,
        "INVALID": 0,
        "MALICIOUS": 0,
        "SANE": 0,
        "VALID": 0,
        "total": 47035
    },
    "percentage": {
        "ACTIVE": 44.768789199532264,
        "INACTIVE": 55.232385083131355,
        "INVALID": 0,
        "MALICIOUS": 0,
        "SANE": 0,
        "VALID": 0,
        "total": 100.00117428266361
    }
}