{
    "counter": {
        "ACTIVE": 22881,
        "INACTIVE": 27970,
        "INVALID": 0,
        "MALICIOUS": 0,
        "SANE": 0,
        "VALID": 0,
        "total": 50851
    },
    "percentage": {
        "ACTIVE": 44.99616526715305,
        "INACTIVE": 55.00383473284695,
        "INVALID": 0.0,
        "MALICIOUS": 0.0,
        "SANE": 0.0,
        "VALID": 0.0,
        "total": 100.0
    }
}