{
    "counter": {
        "ACTIVE": 13864,
        "INACTIVE": 18200,
        "INVALID": 0,
        "MALICIOUS": 0,
        "SANE": 0,
        "VALID": 0,
        "total": 32064
    },
    "percentage": {
        "ACTIVE": 43.243917654398004,
        "INACTIVE": 56.76147704590819,
        "INVALID": 0,
        "MALICIOUS": 0,
        "SANE": 0,
        "VALID": 0,
        "total": 100.0053947003062
    }
}