{
    "counter": {
        "ACTIVE": 15137,
        "INACTIVE": 20220,
        "INVALID": 0,
        "MALICIOUS": 0,
        "SANE": 0,
        "VALID": 0,
        "total": 35357
    },
    "percentage": {
        "ACTIVE": 42.81189014905111,
        "INACTIVE": 57.20105236357464,
        "INVALID": 0,
        "MALICIOUS": 0,
        "SANE": 0,
        "VALID": 0,
        "total": 100.01294251262576
    }
}