{
    "counter": {
        "ACTIVE": 26610,
        "INACTIVE": 34045,
        "INVALID": 0,
        "MALICIOUS": 0,
        "SANE": 0,
        "VALID": 0,
        "total": 60655
    },
    "percentage": {
        "ACTIVE": 43.87107410765807,
        "INACTIVE": 56.12892589234193,
        "INVALID": 0.0,
        "MALICIOUS": 0.0,
        "SANE": 0.0,
        "VALID": 0.0,
        "total": 100.0
    }
}