{
    "counter": {
        "ACTIVE": 28131,
        "INACTIVE": 35967,
        "INVALID": 0,
        "MALICIOUS": 0,
        "SANE": 0,
        "VALID": 0,
        "total": 64098
    },
    "percentage": {
        "ACTIVE": 43.888854218671995,
        "INACTIVE": 56.11251521108303,
        "INVALID": 0.0,
        "MALICIOUS": 0.0,
        "SANE": 0.0,
        "VALID": 0.0,
        "total": 100.00136942975502
    }
}