{
    "counter": {
        "ACTIVE": 43302,
        "INACTIVE": 57800,
        "INVALID": 0,
        "MALICIOUS": 0,
        "SANE": 0,
        "VALID": 0,
        "total": 101102
    },
    "percentage": {
        "ACTIVE": 42.830013253941566,
        "INACTIVE": 57.169986746058434,
        "INVALID": 0.0,
        "MALICIOUS": 0.0,
        "SANE": 0.0,
        "VALID": 0.0,
        "total": 100.0
    }
}