{
    "counter": {
        "ACTIVE": 8162,
        "INACTIVE": 10779,
        "INVALID": 0,
        "MALICIOUS": 0,
        "SANE": 0,
        "VALID": 0,
        "total": 18941
    },
    "percentage": {
        "ACTIVE": 43.09398099260824,
        "INACTIVE": 56.90829417665382,
        "INVALID": 0,
        "MALICIOUS": 0,
        "SANE": 0,
        "VALID": 0,
        "total": 100.00227516926205
    }
}