{
    "counter": {
        "ACTIVE": 4446,
        "INACTIVE": 5646,
        "INVALID": 0,
        "MALICIOUS": 0,
        "SANE": 0,
        "VALID": 0,
        "total": 10092
    },
    "percentage": {
        "ACTIVE": 44.07216494845361,
        "INACTIVE": 55.945303210463734,
        "INVALID": 0,
        "MALICIOUS": 0,
        "SANE": 0,
        "VALID": 0,
        "total": 100.01746815891735
    }
}