{
    "counter": {
        "ACTIVE": 38297,
        "INACTIVE": 47328,
        "INVALID": 0,
        "MALICIOUS": 0,
        "SANE": 0,
        "VALID": 0,
        "total": 85625
    },
    "percentage": {
        "ACTIVE": 44.72642335766423,
        "INACTIVE": 55.27357664233577,
        "INVALID": 0.0,
        "MALICIOUS": 0.0,
        "SANE": 0.0,
        "VALID": 0.0,
        "total": 100.0
    }
}