{
    "counter": {
        "ACTIVE": 9420,
        "INACTIVE": 12594,
        "INVALID": 0,
        "MALICIOUS": 0,
        "SANE": 0,
        "VALID": 0,
        "total": 22014
    },
    "percentage": {
        "ACTIVE": 42.79095121286454,
        "INACTIVE": 57.21424677448665,
        "INVALID": 0,
        "MALICIOUS": 0,
        "SANE": 0,
        "VALID": 0,
        "total": 100.00519798735118
    }
}