{
    "counter": {
        "ACTIVE": 14029,
        "INACTIVE": 18595,
        "INVALID": 0,
        "MALICIOUS": 0,
        "SANE": 0,
        "VALID": 0,
        "total": 32624
    },
    "percentage": {
        "ACTIVE": 43.012631837135146,
        "INACTIVE": 56.997915644923985,
        "INVALID": 0,
        "MALICIOUS": 0,
        "SANE": 0,
        "VALID": 0,
        "total": 100.01054748205914
    }
}