{
    "counter": {
        "ACTIVE": 16007,
        "INACTIVE": 21175,
        "INVALID": 0,
        "MALICIOUS": 0,
        "SANE": 0,
        "VALID": 0,
        "total": 37182
    },
    "percentage": {
        "ACTIVE": 43.05040073153676,
        "INACTIVE": 56.951130953981874,
        "INVALID": 0,
        "MALICIOUS": 0,
        "SANE": 0,
        "VALID": 0,
        "total": 100.00153168551864
    }
}