{
    "counter": {
        "ACTIVE": 25822,
        "INACTIVE": 32888,
        "INVALID": 0,
        "MALICIOUS": 0,
        "SANE": 0,
        "VALID": 0,
        "total": 58710
    },
    "percentage": {
        "ACTIVE": 43.98228581161642,
        "INACTIVE": 56.01771418838358,
        "INVALID": 0.0,
        "MALICIOUS": 0.0,
        "SANE": 0.0,
        "VALID": 0.0,
        "total": 100.0
    }
}