{
    "counter": {
        "ACTIVE": 13066,
        "INACTIVE": 16679,
        "INVALID": 0,
        "MALICIOUS": 0,
        "SANE": 0,
        "VALID": 0,
        "total": 29745
    },
    "percentage": {
        "ACTIVE": 43.94296092015874,
        "INACTIVE": 56.073289628508995,
        "INVALID": 0,
        "MALICIOUS": 0,
        "SANE": 0,
        "VALID": 0,
        "total": 100.01625054866773
    }
}