{
    "counter": {
        "ACTIVE": 32210,
        "INACTIVE": 40396,
        "INVALID": 0,
        "MALICIOUS": 0,
        "SANE": 0,
        "VALID": 0,
        "total": 72606
    },
    "percentage": {
        "ACTIVE": 44.36272484367683,
        "INACTIVE": 55.63727515632317,
        "INVALID": 0.0,
        "MALICIOUS": 0.0,
        "SANE": 0.0,
        "VALID": 0.0,
        "total": 100.0
    }
}