{
    "counter": {
        "ACTIVE": 14770,
        "INACTIVE": 19833,
        "INVALID": 0,
        "MALICIOUS": 0,
        "SANE": 0,
        "VALID": 0,
        "total": 34603
    },
    "percentage": {
        "ACTIVE": 42.690328920746865,
        "INACTIVE": 57.31583966708089,
        "INVALID": 0,
        "MALICIOUS": 0,
        "SANE": 0,
        "VALID": 0,
        "total": 100.00616858782774
    }
}