{
    "counter": {
        "ACTIVE": 34039,
        "INACTIVE": 42764,
        "INVALID": 0,
        "MALICIOUS": 0,
        "SANE": 0,
        "VALID": 0,
        "total": 76803
    },
    "percentage": {
        "ACTIVE": 44.319883337890445,
        "INACTIVE": 55.680116662109555,
        "INVALID": 0.0,
        "MALICIOUS": 0.0,
        "SANE": 0.0,
        "VALID": 0.0,
        "total": 100.0
    }
}