{
    "counter": {
        "ACTIVE": 35519,
        "INACTIVE": 44480,
        "INVALID": 0,
        "MALICIOUS": 0,
        "SANE": 0,
        "VALID": 0,
        "total": 79999
    },
    "percentage": {
        "ACTIVE": 44.39930499131239,
        "INACTIVE": 55.60069500868761,
        "INVALID": 0.0,
        "MALICIOUS": 0.0,
        "SANE": 0.0,
        "VALID": 0.0,
        "total": 100.0
    }
}