{
    "counter": {
        "ACTIVE": 12677,
        "INACTIVE": 15913,
        "INVALID": 0,
        "MALICIOUS": 0,
        "SANE": 0,
        "VALID": 0,
        "total": 28590
    },
    "percentage": {
        "ACTIVE": 44.34067855893669,
        "INACTIVE": 55.66321533510564,
        "INVALID": 0,
        "MALICIOUS": 0,
        "SANE": 0,
        "VALID": 0,
        "total": 100.00389389404233
    }
}