{
    "counter": {
        "ACTIVE": 6719,
        "INACTIVE": 8878,
        "INVALID": 0,
        "MALICIOUS": 0,
        "SANE": 0,
        "VALID": 0,
        "total": 15597
    },
    "percentage": {
        "ACTIVE": 43.07879720459063,
        "INACTIVE": 56.924852526288795,
        "INVALID": 0,
        "MALICIOUS": 0,
        "SANE": 0,
        "VALID": 0,
        "total": 100.00364973087943
    }
}