{
    "counter": {
        "ACTIVE": 41348,
        "INACTIVE": 55144,
        "INVALID": 0,
        "MALICIOUS": 0,
        "SANE": 0,
        "VALID": 0,
        "total": 96492
    },
    "percentage": {
        "ACTIVE": 42.85122082659702,
        "INACTIVE": 57.14877917340298,
        "INVALID": 0.0,
        "MALICIOUS": 0.0,
        "SANE": 0.0,
        "VALID": 0.0,
        "total": 100.0
    }
}