{
    "counter": {
        "ACTIVE": 41440,
        "INACTIVE": 55215,
        "INVALID": 0,
        "MALICIOUS": 0,
        "SANE": 0,
        "VALID": 0,
        "total": 96655
    },
    "percentage": {
        "ACTIVE": 42.87413998241167,
        "INACTIVE": 57.12586001758833,
        "INVALID": 0.0,
        "MALICIOUS": 0.0,
        "SANE": 0.0,
        "VALID": 0.0,
        "total": 100.0
    }
}