{
    "counter": {
        "ACTIVE": 12285,
        "INACTIVE": 15170,
        "INVALID": 0,
        "MALICIOUS": 0,
        "SANE": 0,
        "VALID": 0,
        "total": 27455
    },
    "percentage": {
        "ACTIVE": 44.747577766445694,
        "INACTIVE": 55.25405208523038,
        "INVALID": 0,
        "MALICIOUS": 0,
        "SANE": 0,
        "VALID": 0,
        "total": 100.00162985167607
    }
}