{
    "counter": {
        "ACTIVE": 40626,
        "INACTIVE": 54145,
        "INVALID": 0,
        "MALICIOUS": 0,
        "SANE": 0,
        "VALID": 0,
        "total": 94771
    },
    "percentage": {
        "ACTIVE": 42.867543868905045,
        "INACTIVE": 57.132456131094955,
        "INVALID": 0.0,
        "MALICIOUS": 0.0,
        "SANE": 0.0,
        "VALID": 0.0,
        "total": 100.0
    }
}