{
    "counter": {
        "ACTIVE": 26921,
        "INACTIVE": 34449,
        "INVALID": 0,
        "MALICIOUS": 0,
        "SANE": 0,
        "VALID": 0,
        "total": 61370
    },
    "percentage": {
        "ACTIVE": 43.86671011895063,
        "INACTIVE": 56.13328988104937,
        "INVALID": 0.0,
        "MALICIOUS": 0.0,
        "SANE": 0.0,
        "VALID": 0.0,
        "total": 100.0
    }
}