{
    "counter": {
        "ACTIVE": 410,
        "INACTIVE": 593,
        "INVALID": 0,
        "MALICIOUS": 0,
        "SANE": 0,
        "VALID": 0,
        "total": 1003
    },
    "percentage": {
        "ACTIVE": 40.91816367265469,
        "INACTIVE": 59.122632103688936,
        "INVALID": 0,
        "MALICIOUS": 0,
        "SANE": 0,
        "VALID": 0,
        "total": 100.04079577634363
    }
}