{
    "counter": {
        "ACTIVE": 23161,
        "INACTIVE": 28406,
        "INVALID": 0,
        "MALICIOUS": 0,
        "SANE": 0,
        "VALID": 0,
        "total": 51567
    },
    "percentage": {
        "ACTIVE": 44.914383229584814,
        "INACTIVE": 55.085616770415186,
        "INVALID": 0.0,
        "MALICIOUS": 0.0,
        "SANE": 0.0,
        "VALID": 0.0,
        "total": 100.0
    }
}