{
    "counter": {
        "ACTIVE": 40611,
        "INACTIVE": 53962,
        "INVALID": 0,
        "MALICIOUS": 0,
        "SANE": 0,
        "VALID": 0,
        "total": 94573
    },
    "percentage": {
        "ACTIVE": 42.941431486787984,
        "INACTIVE": 57.058568513212016,
        "INVALID": 0.0,
        "MALICIOUS": 0.0,
        "SANE": 0.0,
        "VALID": 0.0,
        "total": 100.0
    }
}