{
    "counter": {
        "ACTIVE": 40623,
        "INACTIVE": 54083,
        "INVALID": 0,
        "MALICIOUS": 0,
        "SANE": 0,
        "VALID": 0,
        "total": 94706
    },
    "percentage": {
        "ACTIVE": 42.89379764745634,
        "INACTIVE": 57.10620235254366,
        "INVALID": 0.0,
        "MALICIOUS": 0.0,
        "SANE": 0.0,
        "VALID": 0.0,
        "total": 100.0
    }
}