{
    "counter": {
        "ACTIVE": 3471,
        "INACTIVE": 4277,
        "INVALID": 0,
        "MALICIOUS": 0,
        "SANE": 0,
        "VALID": 0,
        "total": 7748
    },
    "percentage": {
        "ACTIVE": 44.79865771812081,
        "INACTIVE": 55.294117647058826,
        "INVALID": 0,
        "MALICIOUS": 0,
        "SANE": 0,
        "VALID": 0,
        "total": 100.09277536517963
    }
}