{
    "counter": {
        "ACTIVE": 22235,
        "INACTIVE": 27349,
        "INVALID": 0,
        "MALICIOUS": 0,
        "SANE": 0,
        "VALID": 0,
        "total": 49584
    },
    "percentage": {
        "ACTIVE": 44.843094546627945,
        "INACTIVE": 55.156905453372055,
        "INVALID": 0.0,
        "MALICIOUS": 0.0,
        "SANE": 0.0,
        "VALID": 0.0,
        "total": 100.0
    }
}