{
    "counter": {
        "ACTIVE": 24283,
        "INACTIVE": 30213,
        "INVALID": 0,
        "MALICIOUS": 0,
        "SANE": 0,
        "VALID": 0,
        "total": 54496
    },
    "percentage": {
        "ACTIVE": 44.55923370522607,
        "INACTIVE": 55.44076629477393,
        "INVALID": 0.0,
        "MALICIOUS": 0.0,
        "SANE": 0.0,
        "VALID": 0.0,
        "total": 100.0
    }
}