{
    "counter": {
        "ACTIVE": 32059,
        "INACTIVE": 40207,
        "INVALID": 0,
        "MALICIOUS": 0,
        "SANE": 0,
        "VALID": 0,
        "total": 72266
    },
    "percentage": {
        "ACTIVE": 44.36372190855751,
        "INACTIVE": 55.637505881050565,
        "INVALID": 0.0,
        "MALICIOUS": 0.0,
        "SANE": 0.0,
        "VALID": 0.0,
        "total": 100.00122778960807
    }
}