{
    "counter": {
        "ACTIVE": 4751,
        "INACTIVE": 6097,
        "INVALID": 0,
        "MALICIOUS": 0,
        "SANE": 0,
        "VALID": 0,
        "total": 10848
    },
    "percentage": {
        "ACTIVE": 43.80416743499908,
        "INACTIVE": 56.20390855457227,
        "INVALID": 0,
        "MALICIOUS": 0,
        "SANE": 0,
        "VALID": 0,
        "total": 100.00807598957135
    }
}