{
    "counter": {
        "ACTIVE": 39501,
        "INACTIVE": 49244,
        "INVALID": 0,
        "MALICIOUS": 0,
        "SANE": 0,
        "VALID": 0,
        "total": 88745
    },
    "percentage": {
        "ACTIVE": 44.51067665783988,
        "INACTIVE": 55.48932334216012,
        "INVALID": 0.0,
        "MALICIOUS": 0.0,
        "SANE": 0.0,
        "VALID": 0.0,
        "total": 100.0
    }
}