{
    "counter": {
        "ACTIVE": 39443,
        "INACTIVE": 49114,
        "INVALID": 0,
        "MALICIOUS": 0,
        "SANE": 0,
        "VALID": 0,
        "total": 88557
    },
    "percentage": {
        "ACTIVE": 44.53967501157447,
        "INACTIVE": 55.46032498842553,
        "INVALID": 0.0,
        "MALICIOUS": 0.0,
        "SANE": 0.0,
        "VALID": 0.0,
        "total": 100.0
    }
}