{
    "counter": {
        "ACTIVE": 13929,
        "INACTIVE": 18327,
        "INVALID": 0,
        "MALICIOUS": 0,
        "SANE": 0,
        "VALID": 0,
        "total": 32256
    },
    "percentage": {
        "ACTIVE": 43.18400248023562,
        "INACTIVE": 56.81733630952381,
        "INVALID": 0,
        "MALICIOUS": 0,
        "SANE": 0,
        "VALID": 0,
        "total": 100.00133878975943
    }
}