{
    "counter": {
        "ACTIVE": 22050,
        "INACTIVE": 27028,
        "INVALID": 0,
        "MALICIOUS": 0,
        "SANE": 0,
        "VALID": 0,
        "total": 49078
    },
    "percentage": {
        "ACTIVE": 44.92848119320266,
        "INACTIVE": 55.07151880679734,
        "INVALID": 0.0,
        "MALICIOUS": 0.0,
        "SANE": 0.0,
        "VALID": 0.0,
        "total": 100.0
    }
}