{
    "counter": {
        "ACTIVE": 30915,
        "INACTIVE": 38708,
        "INVALID": 0,
        "MALICIOUS": 0,
        "SANE": 0,
        "VALID": 0,
        "total": 69623
    },
    "percentage": {
        "ACTIVE": 44.40342990103845,
        "INACTIVE": 55.6013617363575,
        "INVALID": 0.0,
        "MALICIOUS": 0.0,
        "SANE": 0.0,
        "VALID": 0.0,
        "total": 100.00479163739595
    }
}