{
    "counter": {
        "ACTIVE": 4684,
        "INACTIVE": 6020,
        "INVALID": 0,
        "MALICIOUS": 0,
        "SANE": 0,
        "VALID": 0,
        "total": 10704
    },
    "percentage": {
        "ACTIVE": 43.76343081379053,
        "INACTIVE": 56.2406576980568,
        "INVALID": 0,
        "MALICIOUS": 0,
        "SANE": 0,
        "VALID": 0,
        "total": 100.00408851184733
    }
}