{
    "counter": {
        "ACTIVE": 33181,
        "INACTIVE": 41843,
        "INVALID": 0,
        "MALICIOUS": 0,
        "SANE": 0,
        "VALID": 0,
        "total": 75024
    },
    "percentage": {
        "ACTIVE": 44.22718063552996,
        "INACTIVE": 55.77281936447004,
        "INVALID": 0.0,
        "MALICIOUS": 0.0,
        "SANE": 0.0,
        "VALID": 0.0,
        "total": 100.0
    }
}