{
    "counter": {
        "ACTIVE": 44216,
        "INACTIVE": 59305,
        "INVALID": 0,
        "MALICIOUS": 0,
        "SANE": 0,
        "VALID": 0,
        "total": 103521
    },
    "percentage": {
        "ACTIVE": 42.71210672230755,
        "INACTIVE": 57.28789327769245,
        "INVALID": 0.0,
        "MALICIOUS": 0.0,
        "SANE": 0.0,
        "VALID": 0.0,
        "total": 100.0
    }
}