{
    "counter": {
        "ACTIVE": 29045,
        "INACTIVE": 36962,
        "INVALID": 0,
        "MALICIOUS": 0,
        "SANE": 0,
        "VALID": 0,
        "total": 66007
    },
    "percentage": {
        "ACTIVE": 44.004242102871,
        "INACTIVE": 55.99709121759813,
        "INVALID": 0.0,
        "MALICIOUS": 0.0,
        "SANE": 0.0,
        "VALID": 0.0,
        "total": 100.00133332046913
    }
}