{
    "counter": {
        "ACTIVE": 1719,
        "INACTIVE": 1883,
        "INVALID": 0,
        "MALICIOUS": 0,
        "SANE": 0,
        "VALID": 0,
        "total": 3602
    },
    "percentage": {
        "ACTIVE": 47.736739794501524,
        "INACTIVE": 52.2765130483065,
        "INVALID": 0,
        "MALICIOUS": 0,
        "SANE": 0,
        "VALID": 0,
        "total": 100.01325284280801
    }
}