{
    "counter": {
        "ACTIVE": 15057,
        "INACTIVE": 20160,
        "INVALID": 0,
        "MALICIOUS": 0,
        "SANE": 0,
        "VALID": 0,
        "total": 35217
    },
    "percentage": {
        "ACTIVE": 42.75491949910555,
        "INACTIVE": 57.248331676842255,
        "INVALID": 0,
        "MALICIOUS": 0,
        "SANE": 0,
        "VALID": 0,
        "total": 100.00325117594781
    }
}