{
    "counter": {
        "ACTIVE": 8788,
        "INACTIVE": 11832,
        "INVALID": 0,
        "MALICIOUS": 0,
        "SANE": 0,
        "VALID": 0,
        "total": 20620
    },
    "percentage": {
        "ACTIVE": 42.618816682832204,
        "INACTIVE": 57.386749442234944,
        "INVALID": 0,
        "MALICIOUS": 0,
        "SANE": 0,
        "VALID": 0,
        "total": 100.00556612506715
    }
}