{
    "counter": {
        "ACTIVE": 2266,
        "INACTIVE": 2962,
        "INVALID": 0,
        "MALICIOUS": 0,
        "SANE": 0,
        "VALID": 0,
        "total": 5228
    },
    "percentage": {
        "ACTIVE": 43.34353481254782,
        "INACTIVE": 56.699846860643184,
        "INVALID": 0,
        "MALICIOUS": 0,
        "SANE": 0,
        "VALID": 0,
        "total": 100.043381673191
    }
}