{
    "counter": {
        "ACTIVE": 19757,
        "INACTIVE": 24873,
        "INVALID": 0,
        "MALICIOUS": 0,
        "SANE": 0,
        "VALID": 0,
        "total": 44630
    },
    "percentage": {
        "ACTIVE": 44.2684293076406,
        "INACTIVE": 55.734068297929554,
        "INVALID": 0,
        "MALICIOUS": 0,
        "SANE": 0,
        "VALID": 0,
        "total": 100.00249760557016
    }
}