{
    "counter": {
        "ACTIVE": 15178,
        "INACTIVE": 20289,
        "INVALID": 0,
        "MALICIOUS": 0,
        "SANE": 0,
        "VALID": 0,
        "total": 35467
    },
    "percentage": {
        "ACTIVE": 42.79591721648903,
        "INACTIVE": 57.20528942397158,
        "INVALID": 0,
        "MALICIOUS": 0,
        "SANE": 0,
        "VALID": 0,
        "total": 100.00120664046061
    }
}