{
    "counter": {
        "ACTIVE": 42421,
        "INACTIVE": 56435,
        "INVALID": 0,
        "MALICIOUS": 0,
        "SANE": 0,
        "VALID": 0,
        "total": 98856
    },
    "percentage": {
        "ACTIVE": 42.9119122764425,
        "INACTIVE": 57.0880877235575,
        "INVALID": 0.0,
        "MALICIOUS": 0.0,
        "SANE": 0.0,
        "VALID": 0.0,
        "total": 100.0
    }
}