{
    "counter": {
        "ACTIVE": 10426,
        "INACTIVE": 13336,
        "INVALID": 0,
        "MALICIOUS": 0,
        "SANE": 0,
        "VALID": 0,
        "total": 23762
    },
    "percentage": {
        "ACTIVE": 43.88601254367134,
        "INACTIVE": 56.12322195101422,
        "INVALID": 0,
        "MALICIOUS": 0,
        "SANE": 0,
        "VALID": 0,
        "total": 100.00923449468556
    }
}