{
    "counter": {
        "ACTIVE": 9150,
        "INACTIVE": 12239,
        "INVALID": 0,
        "MALICIOUS": 0,
        "SANE": 0,
        "VALID": 0,
        "total": 21389
    },
    "percentage": {
        "ACTIVE": 42.782999018095104,
        "INACTIVE": 57.22100144934312,
        "INVALID": 0,
        "MALICIOUS": 0,
        "SANE": 0,
        "VALID": 0,
        "total": 100.00400046743823
    }
}