{
    "counter": {
        "ACTIVE": 19472,
        "INACTIVE": 24348,
        "INVALID": 0,
        "MALICIOUS": 0,
        "SANE": 0,
        "VALID": 0,
        "total": 43820
    },
    "percentage": {
        "ACTIVE": 44.43633044272022,
        "INACTIVE": 55.567473811534335,
        "INVALID": 0,
        "MALICIOUS": 0,
        "SANE": 0,
        "VALID": 0,
        "total": 100.00380425425456
    }
}