{
    "counter": {
        "ACTIVE": 11350,
        "INACTIVE": 14075,
        "INVALID": 0,
        "MALICIOUS": 0,
        "SANE": 0,
        "VALID": 0,
        "total": 25425
    },
    "percentage": {
        "ACTIVE": 44.64110127826942,
        "INACTIVE": 55.361076148521086,
        "INVALID": 0,
        "MALICIOUS": 0,
        "SANE": 0,
        "VALID": 0,
        "total": 100.0021774267905
    }
}