{
    "counter": {
        "ACTIVE": 35250,
        "INACTIVE": 44184,
        "INVALID": 0,
        "MALICIOUS": 0,
        "SANE": 0,
        "VALID": 0,
        "total": 79434
    },
    "percentage": {
        "ACTIVE": 44.37646347911474,
        "INACTIVE": 55.62353652088526,
        "INVALID": 0.0,
        "MALICIOUS": 0.0,
        "SANE": 0.0,
        "VALID": 0.0,
        "total": 100.0
    }
}