{
    "counter": {
        "ACTIVE": 4432,
        "INACTIVE": 5621,
        "INVALID": 0,
        "MALICIOUS": 0,
        "SANE": 0,
        "VALID": 0,
        "total": 10053
    },
    "percentage": {
        "ACTIVE": 44.086342385357604,
        "INACTIVE": 55.930348258706466,
        "INVALID": 0,
        "MALICIOUS": 0,
        "SANE": 0,
        "VALID": 0,
        "total": 100.01669064406407
    }
}