{
    "counter": {
        "ACTIVE": 11585,
        "INACTIVE": 14366,
        "INVALID": 0,
        "MALICIOUS": 0,
        "SANE": 0,
        "VALID": 0,
        "total": 25951
    },
    "percentage": {
        "ACTIVE": 44.64354527938343,
        "INACTIVE": 55.35817502215714,
        "INVALID": 0,
        "MALICIOUS": 0,
        "SANE": 0,
        "VALID": 0,
        "total": 100.00172030154057
    }
}