{
    "counter": {
        "ACTIVE": 26418,
        "INACTIVE": 33817,
        "INVALID": 0,
        "MALICIOUS": 0,
        "SANE": 0,
        "VALID": 0,
        "total": 60235
    },
    "percentage": {
        "ACTIVE": 43.85822196397444,
        "INACTIVE": 56.14177803602556,
        "INVALID": 0.0,
        "MALICIOUS": 0.0,
        "SANE": 0.0,
        "VALID": 0.0,
        "total": 100.0
    }
}