{
    "counter": {
        "ACTIVE": 25951,
        "INACTIVE": 33140,
        "INVALID": 0,
        "MALICIOUS": 0,
        "SANE": 0,
        "VALID": 0,
        "total": 59091
    },
    "percentage": {
        "ACTIVE": 43.91700935844714,
        "INACTIVE": 56.08299064155286,
        "INVALID": 0.0,
        "MALICIOUS": 0.0,
        "SANE": 0.0,
        "VALID": 0.0,
        "total": 100.0
    }
}