{
    "counter": {
        "ACTIVE": 15934,
        "INACTIVE": 21119,
        "INVALID": 0,
        "MALICIOUS": 0,
        "SANE": 0,
        "VALID": 0,
        "total": 37053
    },
    "percentage": {
        "ACTIVE": 43.004426211810426,
        "INACTIVE": 56.99673440747038,
        "INVALID": 0,
        "MALICIOUS": 0,
        "SANE": 0,
        "VALID": 0,
        "total": 100.0011606192808
    }
}