{
    "counter": {
        "ACTIVE": 44202,
        "INACTIVE": 59289,
        "INVALID": 0,
        "MALICIOUS": 0,
        "SANE": 0,
        "VALID": 0,
        "total": 103491
    },
    "percentage": {
        "ACTIVE": 42.7109603733658,
        "INACTIVE": 57.2890396266342,
        "INVALID": 0.0,
        "MALICIOUS": 0.0,
        "SANE": 0.0,
        "VALID": 0.0,
        "total": 100.0
    }
}