{
    "counter": {
        "ACTIVE": 8774,
        "INACTIVE": 11813,
        "INVALID": 0,
        "MALICIOUS": 0,
        "SANE": 0,
        "VALID": 0,
        "total": 20587
    },
    "percentage": {
        "ACTIVE": 42.62326937090114,
        "INACTIVE": 57.38087142371399,
        "INVALID": 0,
        "MALICIOUS": 0,
        "SANE": 0,
        "VALID": 0,
        "total": 100.00414079461513
    }
}