{
    "counter": {
        "ACTIVE": 20495,
        "INACTIVE": 25543,
        "INVALID": 0,
        "MALICIOUS": 0,
        "SANE": 0,
        "VALID": 0,
        "total": 46038
    },
    "percentage": {
        "ACTIVE": 44.51757244015813,
        "INACTIVE": 55.483632730195275,
        "INVALID": 0,
        "MALICIOUS": 0,
        "SANE": 0,
        "VALID": 0,
        "total": 100.00120517035342
    }
}