{
    "counter": {
        "ACTIVE": 41454,
        "INACTIVE": 55224,
        "INVALID": 0,
        "MALICIOUS": 0,
        "SANE": 0,
        "VALID": 0,
        "total": 96678
    },
    "percentage": {
        "ACTIVE": 42.87842115062372,
        "INACTIVE": 57.12157884937628,
        "INVALID": 0.0,
        "MALICIOUS": 0.0,
        "SANE": 0.0,
        "VALID": 0.0,
        "total": 100.0
    }
}