{
    "counter": {
        "ACTIVE": 26645,
        "INACTIVE": 34072,
        "INVALID": 0,
        "MALICIOUS": 0,
        "SANE": 0,
        "VALID": 0,
        "total": 60717
    },
    "percentage": {
        "ACTIVE": 43.88392048355485,
        "INACTIVE": 56.11607951644515,
        "INVALID": 0.0,
        "MALICIOUS": 0.0,
        "SANE": 0.0,
        "VALID": 0.0,
        "total": 100.0
    }
}