{
    "counter": {
        "ACTIVE": 40026,
        "INACTIVE": 50392,
        "INVALID": 0,
        "MALICIOUS": 0,
        "SANE": 0,
        "VALID": 0,
        "total": 90418
    },
    "percentage": {
        "ACTIVE": 44.26773430069234,
        "INACTIVE": 55.73226569930766,
        "INVALID": 0.0,
        "MALICIOUS": 0.0,
        "SANE": 0.0,
        "VALID": 0.0,
        "total": 100.0
    }
}