{
    "counter": {
        "ACTIVE": 40129,
        "INACTIVE": 51029,
        "INVALID": 0,
        "MALICIOUS": 0,
        "SANE": 0,
        "VALID": 0,
        "total": 91158
    },
    "percentage": {
        "ACTIVE": 44.02136949033546,
        "INACTIVE": 55.97863050966454,
        "INVALID": 0.0,
        "MALICIOUS": 0.0,
        "SANE": 0.0,
        "VALID": 0.0,
        "total": 100.0
    }
}