{
    "counter": {
        "ACTIVE": 1157,
        "INACTIVE": 1371,
        "INVALID": 0,
        "MALICIOUS": 0,
        "SANE": 0,
        "VALID": 0,
        "total": 2528
    },
    "percentage": {
        "ACTIVE": 45.767405063291136,
        "INACTIVE": 54.2970297029703,
        "INVALID": 0,
        "MALICIOUS": 0,
        "SANE": 0,
        "VALID": 0,
        "total": 100.06443476626143
    }
}