{
    "counter": {
        "ACTIVE": 24668,
        "INACTIVE": 30529,
        "INVALID": 0,
        "MALICIOUS": 0,
        "SANE": 0,
        "VALID": 0,
        "total": 55197
    },
    "percentage": {
        "ACTIVE": 44.690834646810515,
        "INACTIVE": 55.309165353189485,
        "INVALID": 0.0,
        "MALICIOUS": 0.0,
        "SANE": 0.0,
        "VALID": 0.0,
        "total": 100.0
    }
}