{
    "counter": {
        "ACTIVE": 15507,
        "INACTIVE": 20913,
        "INVALID": 0,
        "MALICIOUS": 0,
        "SANE": 0,
        "VALID": 0,
        "total": 36420
    },
    "percentage": {
        "ACTIVE": 42.57942282874324,
        "INACTIVE": 57.42174629324547,
        "INVALID": 0,
        "MALICIOUS": 0,
        "SANE": 0,
        "VALID": 0,
        "total": 100.00116912198871
    }
}