{
    "counter": {
        "ACTIVE": 36251,
        "INACTIVE": 45345,
        "INVALID": 0,
        "MALICIOUS": 0,
        "SANE": 0,
        "VALID": 0,
        "total": 81596
    },
    "percentage": {
        "ACTIVE": 44.427422912887884,
        "INACTIVE": 55.572577087112116,
        "INVALID": 0.0,
        "MALICIOUS": 0.0,
        "SANE": 0.0,
        "VALID": 0.0,
        "total": 100.0
    }
}