{
    "counter": {
        "ACTIVE": 25553,
        "INACTIVE": 32381,
        "INVALID": 0,
        "MALICIOUS": 0,
        "SANE": 0,
        "VALID": 0,
        "total": 57934
    },
    "percentage": {
        "ACTIVE": 44.10708737528912,
        "INACTIVE": 55.89291262471088,
        "INVALID": 0.0,
        "MALICIOUS": 0.0,
        "SANE": 0.0,
        "VALID": 0.0,
        "total": 100.0
    }
}