{
    "counter": {
        "ACTIVE": 26118,
        "INACTIVE": 33451,
        "INVALID": 0,
        "MALICIOUS": 0,
        "SANE": 0,
        "VALID": 0,
        "total": 59569
    },
    "percentage": {
        "ACTIVE": 43.8449529117494,
        "INACTIVE": 56.1550470882506,
        "INVALID": 0.0,
        "MALICIOUS": 0.0,
        "SANE": 0.0,
        "VALID": 0.0,
        "total": 100.0
    }
}