{
    "counter": {
        "ACTIVE": 35993,
        "INACTIVE": 45049,
        "INVALID": 0,
        "MALICIOUS": 0,
        "SANE": 0,
        "VALID": 0,
        "total": 81042
    },
    "percentage": {
        "ACTIVE": 44.41277362355322,
        "INACTIVE": 55.58722637644678,
        "INVALID": 0.0,
        "MALICIOUS": 0.0,
        "SANE": 0.0,
        "VALID": 0.0,
        "total": 100.0
    }
}