{
    "counter": {
        "ACTIVE": 6107,
        "INACTIVE": 7678,
        "INVALID": 0,
        "MALICIOUS": 0,
        "SANE": 0,
        "VALID": 0,
        "total": 13785
    },
    "percentage": {
        "ACTIVE": 44.30499129425421,
        "INACTIVE": 55.69822270583968,
        "INVALID": 0,
        "MALICIOUS": 0,
        "SANE": 0,
        "VALID": 0,
        "total": 100.00321400009389
    }
}