{
    "counter": {
        "ACTIVE": 26081,
        "INACTIVE": 33403,
        "INVALID": 0,
        "MALICIOUS": 0,
        "SANE": 0,
        "VALID": 0,
        "total": 59484
    },
    "percentage": {
        "ACTIVE": 43.8454038060655,
        "INACTIVE": 56.1545961939345,
        "INVALID": 0.0,
        "MALICIOUS": 0.0,
        "SANE": 0.0,
        "VALID": 0.0,
        "total": 100.0
    }
}