{
    "counter": {
        "ACTIVE": 25976,
        "INACTIVE": 33233,
        "INVALID": 0,
        "MALICIOUS": 0,
        "SANE": 0,
        "VALID": 0,
        "total": 59209
    },
    "percentage": {
        "ACTIVE": 43.871708692935194,
        "INACTIVE": 56.128291307064806,
        "INVALID": 0.0,
        "MALICIOUS": 0.0,
        "SANE": 0.0,
        "VALID": 0.0,
        "total": 100.0
    }
}