{
    "counter": {
        "ACTIVE": 25335,
        "INACTIVE": 31942,
        "INVALID": 0,
        "MALICIOUS": 0,
        "SANE": 0,
        "VALID": 0,
        "total": 57277
    },
    "percentage": {
        "ACTIVE": 44.23241440717915,
        "INACTIVE": 55.76758559282085,
        "INVALID": 0.0,
        "MALICIOUS": 0.0,
        "SANE": 0.0,
        "VALID": 0.0,
        "total": 100.0
    }
}