{
    "counter": {
        "ACTIVE": 20934,
        "INACTIVE": 25883,
        "INVALID": 0,
        "MALICIOUS": 0,
        "SANE": 0,
        "VALID": 0,
        "total": 46817
    },
    "percentage": {
        "ACTIVE": 44.71452677446227,
        "INACTIVE": 55.286654135338345,
        "INVALID": 0,
        "MALICIOUS": 0,
        "SANE": 0,
        "VALID": 0,
        "total": 100.00118090980061
    }
}