{
    "counter": {
        "ACTIVE": 25405,
        "INACTIVE": 32078,
        "INVALID": 0,
        "MALICIOUS": 0,
        "SANE": 0,
        "VALID": 0,
        "total": 57483
    },
    "percentage": {
        "ACTIVE": 44.19567524311535,
        "INACTIVE": 55.80432475688465,
        "INVALID": 0.0,
        "MALICIOUS": 0.0,
        "SANE": 0.0,
        "VALID": 0.0,
        "total": 100.0
    }
}