{
    "counter": {
        "ACTIVE": 29308,
        "INACTIVE": 37106,
        "INVALID": 0,
        "MALICIOUS": 0,
        "SANE": 0,
        "VALID": 0,
        "total": 66414
    },
    "percentage": {
        "ACTIVE": 44.12924985695787,
        "INACTIVE": 55.875798096614865,
        "INVALID": 0.0,
        "MALICIOUS": 0.0,
        "SANE": 0.0,
        "VALID": 0.0,
        "total": 100.00504795357273
    }
}