{
    "counter": {
        "ACTIVE": 27450,
        "INACTIVE": 35191,
        "INVALID": 0,
        "MALICIOUS": 0,
        "SANE": 0,
        "VALID": 0,
        "total": 62641
    },
    "percentage": {
        "ACTIVE": 43.82113950926709,
        "INACTIVE": 56.17886049073291,
        "INVALID": 0.0,
        "MALICIOUS": 0.0,
        "SANE": 0.0,
        "VALID": 0.0,
        "total": 100.0
    }
}