{
    "counter": {
        "ACTIVE": 7659,
        "INACTIVE": 10120,
        "INVALID": 0,
        "MALICIOUS": 0,
        "SANE": 0,
        "VALID": 0,
        "total": 17779
    },
    "percentage": {
        "ACTIVE": 43.07891332470893,
        "INACTIVE": 56.927490577712774,
        "INVALID": 0,
        "MALICIOUS": 0,
        "SANE": 0,
        "VALID": 0,
        "total": 100.00640390242171
    }
}