{
    "counter": {
        "ACTIVE": 41651,
        "INACTIVE": 55406,
        "INVALID": 0,
        "MALICIOUS": 0,
        "SANE": 0,
        "VALID": 0,
        "total": 97057
    },
    "percentage": {
        "ACTIVE": 42.913957777388546,
        "INACTIVE": 57.086042222611454,
        "INVALID": 0.0,
        "MALICIOUS": 0.0,
        "SANE": 0.0,
        "VALID": 0.0,
        "total": 100.0
    }
}