{
    "counter": {
        "ACTIVE": 14990,
        "INACTIVE": 20100,
        "INVALID": 0,
        "MALICIOUS": 0,
        "SANE": 0,
        "VALID": 0,
        "total": 35090
    },
    "percentage": {
        "ACTIVE": 42.71872328298661,
        "INACTIVE": 57.286174366574514,
        "INVALID": 0,
        "MALICIOUS": 0,
        "SANE": 0,
        "VALID": 0,
        "total": 100.00489764956112
    }
}