{
    "counter": {
        "ACTIVE": 17540,
        "INACTIVE": 22660,
        "INVALID": 0,
        "MALICIOUS": 0,
        "SANE": 0,
        "VALID": 0,
        "total": 40200
    },
    "percentage": {
        "ACTIVE": 43.6318407960199,
        "INACTIVE": 56.3737685341825,
        "INVALID": 0,
        "MALICIOUS": 0,
        "SANE": 0,
        "VALID": 0,
        "total": 100.0056093302024
    }
}