{
    "counter": {
        "ACTIVE": 28720,
        "INACTIVE": 36586,
        "INVALID": 0,
        "MALICIOUS": 0,
        "SANE": 0,
        "VALID": 0,
        "total": 65306
    },
    "percentage": {
        "ACTIVE": 43.978255876272875,
        "INACTIVE": 56.02241754203289,
        "INVALID": 0.0,
        "MALICIOUS": 0.0,
        "SANE": 0.0,
        "VALID": 0.0,
        "total": 100.00067341830577
    }
}