{
    "counter": {
        "ACTIVE": 6469,
        "INACTIVE": 8359,
        "INVALID": 0,
        "MALICIOUS": 0,
        "SANE": 0,
        "VALID": 0,
        "total": 14828
    },
    "percentage": {
        "ACTIVE": 43.62986443650098,
        "INACTIVE": 56.37307796061505,
        "INVALID": 0,
        "MALICIOUS": 0,
        "SANE": 0,
        "VALID": 0,
        "total": 100.00294239711603
    }
}