{
    "counter": {
        "ACTIVE": 29247,
        "INACTIVE": 37070,
        "INVALID": 0,
        "MALICIOUS": 0,
        "SANE": 0,
        "VALID": 0,
        "total": 66317
    },
    "percentage": {
        "ACTIVE": 44.10247903974908,
        "INACTIVE": 55.89818598549392,
        "INVALID": 0.0,
        "MALICIOUS": 0.0,
        "SANE": 0.0,
        "VALID": 0.0,
        "total": 100.000665025243
    }
}