{
    "counter": {
        "ACTIVE": 15519,
        "INACTIVE": 20933,
        "INVALID": 0,
        "MALICIOUS": 0,
        "SANE": 0,
        "VALID": 0,
        "total": 36452
    },
    "percentage": {
        "ACTIVE": 42.57729978874592,
        "INACTIVE": 57.42620432349391,
        "INVALID": 0,
        "MALICIOUS": 0,
        "SANE": 0,
        "VALID": 0,
        "total": 100.00350411223982
    }
}