{
    "counter": {
        "ACTIVE": 24101,
        "INACTIVE": 29711,
        "INVALID": 0,
        "MALICIOUS": 0,
        "SANE": 0,
        "VALID": 0,
        "total": 53812
    },
    "percentage": {
        "ACTIVE": 44.78740801308258,
        "INACTIVE": 55.21259198691742,
        "INVALID": 0.0,
        "MALICIOUS": 0.0,
        "SANE": 0.0,
        "VALID": 0.0,
        "total": 100.0
    }
}