{
    "counter": {
        "ACTIVE": 22231,
        "INACTIVE": 27340,
        "INVALID": 0,
        "MALICIOUS": 0,
        "SANE": 0,
        "VALID": 0,
        "total": 49571
    },
    "percentage": {
        "ACTIVE": 44.846785418894115,
        "INACTIVE": 55.153214581105885,
        "INVALID": 0.0,
        "MALICIOUS": 0.0,
        "SANE": 0.0,
        "VALID": 0.0,
        "total": 100.0
    }
}