{
    "counter": {
        "ACTIVE": 14074,
        "INACTIVE": 18733,
        "INVALID": 0,
        "MALICIOUS": 0,
        "SANE": 0,
        "VALID": 0,
        "total": 32807
    },
    "percentage": {
        "ACTIVE": 42.89938122961563,
        "INACTIVE": 57.102359324513806,
        "INVALID": 0,
        "MALICIOUS": 0,
        "SANE": 0,
        "VALID": 0,
        "total": 100.00174055412944
    }
}