{
    "counter": {
        "ACTIVE": 1971,
        "INACTIVE": 2538,
        "INVALID": 0,
        "MALICIOUS": 0,
        "SANE": 0,
        "VALID": 0,
        "total": 4509
    },
    "percentage": {
        "ACTIVE": 43.751387347391784,
        "INACTIVE": 56.287425149700596,
        "INVALID": 0,
        "MALICIOUS": 0,
        "SANE": 0,
        "VALID": 0,
        "total": 100.03881249709238
    }
}