{
    "counter": {
        "ACTIVE": 13386,
        "INACTIVE": 17359,
        "INVALID": 0,
        "MALICIOUS": 0,
        "SANE": 0,
        "VALID": 0,
        "total": 30745
    },
    "percentage": {
        "ACTIVE": 43.54161923039391,
        "INACTIVE": 56.461213205399254,
        "INVALID": 0,
        "MALICIOUS": 0,
        "SANE": 0,
        "VALID": 0,
        "total": 100.00283243579317
    }
}