{
    "counter": {
        "ACTIVE": 21646,
        "INACTIVE": 26622,
        "INVALID": 0,
        "MALICIOUS": 0,
        "SANE": 0,
        "VALID": 0,
        "total": 48268
    },
    "percentage": {
        "ACTIVE": 44.84544625839065,
        "INACTIVE": 55.15455374160935,
        "INVALID": 0.0,
        "MALICIOUS": 0.0,
        "SANE": 0.0,
        "VALID": 0.0,
        "total": 100.0
    }
}