{
    "counter": {
        "ACTIVE": 21221,
        "INACTIVE": 26165,
        "INVALID": 0,
        "MALICIOUS": 0,
        "SANE": 0,
        "VALID": 0,
        "total": 47386
    },
    "percentage": {
        "ACTIVE": 44.783269320052334,
        "INACTIVE": 55.21906128651021,
        "INVALID": 0,
        "MALICIOUS": 0,
        "SANE": 0,
        "VALID": 0,
        "total": 100.00233060656254
    }
}