{
    "counter": {
        "ACTIVE": 21499,
        "INACTIVE": 26414,
        "INVALID": 0,
        "MALICIOUS": 0,
        "SANE": 0,
        "VALID": 0,
        "total": 47913
    },
    "percentage": {
        "ACTIVE": 44.870911861081545,
        "INACTIVE": 55.129088138918455,
        "INVALID": 0.0,
        "MALICIOUS": 0.0,
        "SANE": 0.0,
        "VALID": 0.0,
        "total": 100.0
    }
}