{
    "counter": {
        "ACTIVE": 44114,
        "INACTIVE": 59177,
        "INVALID": 0,
        "MALICIOUS": 0,
        "SANE": 0,
        "VALID": 0,
        "total": 103291
    },
    "percentage": {
        "ACTIVE": 42.708464435429995,
        "INACTIVE": 57.291535564570005,
        "INVALID": 0.0,
        "MALICIOUS": 0.0,
        "SANE": 0.0,
        "VALID": 0.0,
        "total": 100.0
    }
}