{
    "counter": {
        "ACTIVE": 35370,
        "INACTIVE": 44287,
        "INVALID": 0,
        "MALICIOUS": 0,
        "SANE": 0,
        "VALID": 0,
        "total": 79657
    },
    "percentage": {
        "ACTIVE": 44.40287733658059,
        "INACTIVE": 55.59712266341941,
        "INVALID": 0.0,
        "MALICIOUS": 0.0,
        "SANE": 0.0,
        "VALID": 0.0,
        "total": 100.0
    }
}