{
    "counter": {
        "ACTIVE": 18599,
        "INACTIVE": 23669,
        "INVALID": 0,
        "MALICIOUS": 0,
        "SANE": 0,
        "VALID": 0,
        "total": 42268
    },
    "percentage": {
        "ACTIVE": 44.00359618614995,
        "INACTIVE": 55.99744487555598,
        "INVALID": 0,
        "MALICIOUS": 0,
        "SANE": 0,
        "VALID": 0,
        "total": 100.00104106170593
    }
}