{
    "counter": {
        "ACTIVE": 38801,
        "INACTIVE": 47894,
        "INVALID": 0,
        "MALICIOUS": 0,
        "SANE": 0,
        "VALID": 0,
        "total": 86695
    },
    "percentage": {
        "ACTIVE": 44.755752926927734,
        "INACTIVE": 55.244247073072266,
        "INVALID": 0.0,
        "MALICIOUS": 0.0,
        "SANE": 0.0,
        "VALID": 0.0,
        "total": 100.0
    }
}