{
    "counter": {
        "ACTIVE": 9237,
        "INACTIVE": 12311,
        "INVALID": 0,
        "MALICIOUS": 0,
        "SANE": 0,
        "VALID": 0,
        "total": 21548
    },
    "percentage": {
        "ACTIVE": 42.867087432708374,
        "INACTIVE": 57.13821591014573,
        "INVALID": 0,
        "MALICIOUS": 0,
        "SANE": 0,
        "VALID": 0,
        "total": 100.0053033428541
    }
}