{
    "counter": {
        "ACTIVE": 7660,
        "INACTIVE": 10124,
        "INVALID": 0,
        "MALICIOUS": 0,
        "SANE": 0,
        "VALID": 0,
        "total": 17784
    },
    "percentage": {
        "ACTIVE": 43.082114735658045,
        "INACTIVE": 56.92757534862798,
        "INVALID": 0,
        "MALICIOUS": 0,
        "SANE": 0,
        "VALID": 0,
        "total": 100.00969008428604
    }
}