{
    "counter": {
        "ACTIVE": 86,
        "INACTIVE": 159,
        "INVALID": 0,
        "MALICIOUS": 0,
        "SANE": 0,
        "VALID": 0,
        "total": 245
    },
    "percentage": {
        "ACTIVE": 35.24590163934426,
        "INACTIVE": 64.89795918367346,
        "INVALID": 0,
        "MALICIOUS": 0,
        "SANE": 0,
        "VALID": 0,
        "total": 100.14386082301772
    }
}