{
    "counter": {
        "ACTIVE": 15197,
        "INACTIVE": 20310,
        "INVALID": 0,
        "MALICIOUS": 0,
        "SANE": 0,
        "VALID": 0,
        "total": 35507
    },
    "percentage": {
        "ACTIVE": 42.80001126538429,
        "INACTIVE": 57.20482199188824,
        "INVALID": 0,
        "MALICIOUS": 0,
        "SANE": 0,
        "VALID": 0,
        "total": 100.00483325727254
    }
}