{
    "counter": {
        "ACTIVE": 8746,
        "INACTIVE": 11779,
        "INVALID": 0,
        "MALICIOUS": 0,
        "SANE": 0,
        "VALID": 0,
        "total": 20525
    },
    "percentage": {
        "ACTIVE": 42.61144945188794,
        "INACTIVE": 57.391346716039756,
        "INVALID": 0,
        "MALICIOUS": 0,
        "SANE": 0,
        "VALID": 0,
        "total": 100.0027961679277
    }
}