{
    "counter": {
        "ACTIVE": 15429,
        "INACTIVE": 20792,
        "INVALID": 0,
        "MALICIOUS": 0,
        "SANE": 0,
        "VALID": 0,
        "total": 36221
    },
    "percentage": {
        "ACTIVE": 42.60154071292487,
        "INACTIVE": 57.40316391043869,
        "INVALID": 0,
        "MALICIOUS": 0,
        "SANE": 0,
        "VALID": 0,
        "total": 100.00470462336357
    }
}