{
    "counter": {
        "ACTIVE": 8757,
        "INACTIVE": 11791,
        "INVALID": 0,
        "MALICIOUS": 0,
        "SANE": 0,
        "VALID": 0,
        "total": 20548
    },
    "percentage": {
        "ACTIVE": 42.621434829163825,
        "INACTIVE": 57.382713646096946,
        "INVALID": 0,
        "MALICIOUS": 0,
        "SANE": 0,
        "VALID": 0,
        "total": 100.00414847526076
    }
}