{
    "counter": {
        "ACTIVE": 4503,
        "INACTIVE": 5709,
        "INVALID": 0,
        "MALICIOUS": 0,
        "SANE": 0,
        "VALID": 0,
        "total": 10212
    },
    "percentage": {
        "ACTIVE": 44.0951821386604,
        "INACTIVE": 55.910292821467046,
        "INVALID": 0,
        "MALICIOUS": 0,
        "SANE": 0,
        "VALID": 0,
        "total": 100.00547496012744
    }
}