{
    "counter": {
        "ACTIVE": 33514,
        "INACTIVE": 42332,
        "INVALID": 0,
        "MALICIOUS": 0,
        "SANE": 0,
        "VALID": 0,
        "total": 75846
    },
    "percentage": {
        "ACTIVE": 44.18690504443214,
        "INACTIVE": 55.81309495556786,
        "INVALID": 0.0,
        "MALICIOUS": 0.0,
        "SANE": 0.0,
        "VALID": 0.0,
        "total": 100.0
    }
}