{
    "counter": {
        "ACTIVE": 3835,
        "INACTIVE": 4753,
        "INVALID": 0,
        "MALICIOUS": 0,
        "SANE": 0,
        "VALID": 0,
        "total": 8588
    },
    "percentage": {
        "ACTIVE": 44.66053336438803,
        "INACTIVE": 55.344666977177454,
        "INVALID": 0,
        "MALICIOUS": 0,
        "SANE": 0,
        "VALID": 0,
        "total": 100.00520034156548
    }
}