{
    "counter": {
        "ACTIVE": 44212,
        "INACTIVE": 59301,
        "INVALID": 0,
        "MALICIOUS": 0,
        "SANE": 0,
        "VALID": 0,
        "total": 103513
    },
    "percentage": {
        "ACTIVE": 42.711543477630826,
        "INACTIVE": 57.288456522369174,
        "INVALID": 0.0,
        "MALICIOUS": 0.0,
        "SANE": 0.0,
        "VALID": 0.0,
        "total": 100.0
    }
}