{
    "counter": {
        "ACTIVE": 10350,
        "INACTIVE": 13243,
        "INVALID": 0,
        "MALICIOUS": 0,
        "SANE": 0,
        "VALID": 0,
        "total": 23593
    },
    "percentage": {
        "ACTIVE": 43.868944178357985,
        "INACTIVE": 56.13819415006358,
        "INVALID": 0,
        "MALICIOUS": 0,
        "SANE": 0,
        "VALID": 0,
        "total": 100.00713832842158
    }
}