{
    "counter": {
        "ACTIVE": 36582,
        "INACTIVE": 45767,
        "INVALID": 0,
        "MALICIOUS": 0,
        "SANE": 0,
        "VALID": 0,
        "total": 82349
    },
    "percentage": {
        "ACTIVE": 44.42312596388541,
        "INACTIVE": 55.57687403611459,
        "INVALID": 0.0,
        "MALICIOUS": 0.0,
        "SANE": 0.0,
        "VALID": 0.0,
        "total": 100.0
    }
}