{
    "counter": {
        "ACTIVE": 29406,
        "INACTIVE": 37227,
        "INVALID": 0,
        "MALICIOUS": 0,
        "SANE": 0,
        "VALID": 0,
        "total": 66633
    },
    "percentage": {
        "ACTIVE": 44.132610946856566,
        "INACTIVE": 55.86871370041871,
        "INVALID": 0.0,
        "MALICIOUS": 0.0,
        "SANE": 0.0,
        "VALID": 0.0,
        "total": 100.00132464727528
    }
}