{
    "counter": {
        "ACTIVE": 41085,
        "INACTIVE": 54813,
        "INVALID": 0,
        "MALICIOUS": 0,
        "SANE": 0,
        "VALID": 0,
        "total": 95898
    },
    "percentage": {
        "ACTIVE": 42.84239504473503,
        "INACTIVE": 57.15760495526497,
        "INVALID": 0.0,
        "MALICIOUS": 0.0,
        "SANE": 0.0,
        "VALID": 0.0,
        "total": 100.0
    }
}