{
    "counter": {
        "ACTIVE": 817,
        "INACTIVE": 1093,
        "INVALID": 0,
        "MALICIOUS": 0,
        "SANE": 0,
        "VALID": 0,
        "total": 1910
    },
    "percentage": {
        "ACTIVE": 42.7972760607648,
        "INACTIVE": 57.225130890052355,
        "INVALID": 0,
        "MALICIOUS": 0,
        "SANE": 0,
        "VALID": 0,
        "total": 100.02240695081716
    }
}