{
    "counter": {
        "ACTIVE": 37950,
        "INACTIVE": 46961,
        "INVALID": 0,
        "MALICIOUS": 0,
        "SANE": 0,
        "VALID": 0,
        "total": 84911
    },
    "percentage": {
        "ACTIVE": 44.69385591972772,
        "INACTIVE": 55.30614408027228,
        "INVALID": 0.0,
        "MALICIOUS": 0.0,
        "SANE": 0.0,
        "VALID": 0.0,
        "total": 100.0
    }
}