{
    "counter": {
        "ACTIVE": 41536,
        "INACTIVE": 55293,
        "INVALID": 0,
        "MALICIOUS": 0,
        "SANE": 0,
        "VALID": 0,
        "total": 96829
    },
    "percentage": {
        "ACTIVE": 42.89623976288095,
        "INACTIVE": 57.10376023711905,
        "INVALID": 0.0,
        "MALICIOUS": 0.0,
        "SANE": 0.0,
        "VALID": 0.0,
        "total": 100.0
    }
}