{
    "counter": {
        "ACTIVE": 32436,
        "INACTIVE": 40676,
        "INVALID": 0,
        "MALICIOUS": 0,
        "SANE": 0,
        "VALID": 0,
        "total": 73112
    },
    "percentage": {
        "ACTIVE": 44.36481015428384,
        "INACTIVE": 55.63518984571616,
        "INVALID": 0.0,
        "MALICIOUS": 0.0,
        "SANE": 0.0,
        "VALID": 0.0,
        "total": 100.0
    }
}