{
    "counter": {
        "ACTIVE": 25873,
        "INACTIVE": 32979,
        "INVALID": 0,
        "MALICIOUS": 0,
        "SANE": 0,
        "VALID": 0,
        "total": 58852
    },
    "percentage": {
        "ACTIVE": 43.96282199415483,
        "INACTIVE": 56.03717800584517,
        "INVALID": 0.0,
        "MALICIOUS": 0.0,
        "SANE": 0.0,
        "VALID": 0.0,
        "total": 100.0
    }
}