{
    "counter": {
        "ACTIVE": 19813,
        "INACTIVE": 24938,
        "INVALID": 0,
        "MALICIOUS": 0,
        "SANE": 0,
        "VALID": 0,
        "total": 44751
    },
    "percentage": {
        "ACTIVE": 44.27387097495028,
        "INACTIVE": 55.7286196339583,
        "INVALID": 0,
        "MALICIOUS": 0,
        "SANE": 0,
        "VALID": 0,
        "total": 100.00249060890857
    }
}