{
    "counter": {
        "ACTIVE": 39676,
        "INACTIVE": 49632,
        "INVALID": 0,
        "MALICIOUS": 0,
        "SANE": 0,
        "VALID": 0,
        "total": 89308
    },
    "percentage": {
        "ACTIVE": 44.42603126259686,
        "INACTIVE": 55.57396873740314,
        "INVALID": 0.0,
        "MALICIOUS": 0.0,
        "SANE": 0.0,
        "VALID": 0.0,
        "total": 100.0
    }
}