{
    "counter": {
        "ACTIVE": 18936,
        "INACTIVE": 23868,
        "INVALID": 0,
        "MALICIOUS": 0,
        "SANE": 0,
        "VALID": 0,
        "total": 42804
    },
    "percentage": {
        "ACTIVE": 44.23988972735556,
        "INACTIVE": 55.76114381833474,
        "INVALID": 0,
        "MALICIOUS": 0,
        "SANE": 0,
        "VALID": 0,
        "total": 100.00103354569029
    }
}