{
    "counter": {
        "ACTIVE": 37993,
        "INACTIVE": 47010,
        "INVALID": 0,
        "MALICIOUS": 0,
        "SANE": 0,
        "VALID": 0,
        "total": 85003
    },
    "percentage": {
        "ACTIVE": 44.696069550486456,
        "INACTIVE": 55.303930449513544,
        "INVALID": 0.0,
        "MALICIOUS": 0.0,
        "SANE": 0.0,
        "VALID": 0.0,
        "total": 100.0
    }
}