{
    "counter": {
        "ACTIVE": 32906,
        "INACTIVE": 41471,
        "INVALID": 0,
        "MALICIOUS": 0,
        "SANE": 0,
        "VALID": 0,
        "total": 74377
    },
    "percentage": {
        "ACTIVE": 44.242171639081974,
        "INACTIVE": 55.757828360918026,
        "INVALID": 0.0,
        "MALICIOUS": 0.0,
        "SANE": 0.0,
        "VALID": 0.0,
        "total": 100.0
    }
}