{
    "counter": {
        "ACTIVE": 11875,
        "INACTIVE": 14633,
        "INVALID": 0,
        "MALICIOUS": 0,
        "SANE": 0,
        "VALID": 0,
        "total": 26508
    },
    "percentage": {
        "ACTIVE": 44.797796891504454,
        "INACTIVE": 55.20636836942579,
        "INVALID": 0,
        "MALICIOUS": 0,
        "SANE": 0,
        "VALID": 0,
        "total": 100.00416526093025
    }
}