{
    "counter": {
        "ACTIVE": 1899,
        "INACTIVE": 2373,
        "INVALID": 0,
        "MALICIOUS": 0,
        "SANE": 0,
        "VALID": 0,
        "total": 4272
    },
    "percentage": {
        "ACTIVE": 44.525205158264946,
        "INACTIVE": 55.54775280898876,
        "INVALID": 0,
        "MALICIOUS": 0,
        "SANE": 0,
        "VALID": 0,
        "total": 100.0729579672537
    }
}