{
    "counter": {
        "ACTIVE": 17071,
        "INACTIVE": 22150,
        "INVALID": 0,
        "MALICIOUS": 0,
        "SANE": 0,
        "VALID": 0,
        "total": 39221
    },
    "percentage": {
        "ACTIVE": 43.527371937071315,
        "INACTIVE": 56.47484765814232,
        "INVALID": 0,
        "MALICIOUS": 0,
        "SANE": 0,
        "VALID": 0,
        "total": 100.00221959521363
    }
}