{
    "counter": {
        "ACTIVE": 21966,
        "INACTIVE": 26943,
        "INVALID": 0,
        "MALICIOUS": 0,
        "SANE": 0,
        "VALID": 0,
        "total": 48909
    },
    "percentage": {
        "ACTIVE": 44.91197939029627,
        "INACTIVE": 55.08802060970373,
        "INVALID": 0.0,
        "MALICIOUS": 0.0,
        "SANE": 0.0,
        "VALID": 0.0,
        "total": 100.0
    }
}