{
    "counter": {
        "ACTIVE": 15155,
        "INACTIVE": 20242,
        "INVALID": 0,
        "MALICIOUS": 0,
        "SANE": 0,
        "VALID": 0,
        "total": 35397
    },
    "percentage": {
        "ACTIVE": 42.81678203136036,
        "INACTIVE": 57.18563720089273,
        "INVALID": 0,
        "MALICIOUS": 0,
        "SANE": 0,
        "VALID": 0,
        "total": 100.00241923225309
    }
}