{
    "counter": {
        "ACTIVE": 33257,
        "INACTIVE": 41935,
        "INVALID": 0,
        "MALICIOUS": 0,
        "SANE": 0,
        "VALID": 0,
        "total": 75192
    },
    "percentage": {
        "ACTIVE": 44.22943930205341,
        "INACTIVE": 55.77056069794659,
        "INVALID": 0.0,
        "MALICIOUS": 0.0,
        "SANE": 0.0,
        "VALID": 0.0,
        "total": 100.0
    }
}