{
    "counter": {
        "ACTIVE": 43408,
        "INACTIVE": 58090,
        "INVALID": 0,
        "MALICIOUS": 0,
        "SANE": 0,
        "VALID": 0,
        "total": 101498
    },
    "percentage": {
        "ACTIVE": 42.76734516936294,
        "INACTIVE": 57.23265483063706,
        "INVALID": 0.0,
        "MALICIOUS": 0.0,
        "SANE": 0.0,
        "VALID": 0.0,
        "total": 100.0
    }
}