{
    "counter": {
        "ACTIVE": 12455,
        "INACTIVE": 15406,
        "INVALID": 0,
        "MALICIOUS": 0,
        "SANE": 0,
        "VALID": 0,
        "total": 27861
    },
    "percentage": {
        "ACTIVE": 44.704066616417215,
        "INACTIVE": 55.29990308338419,
        "INVALID": 0,
        "MALICIOUS": 0,
        "SANE": 0,
        "VALID": 0,
        "total": 100.0039696998014
    }
}