{
    "counter": {
        "ACTIVE": 7450,
        "INACTIVE": 9845,
        "INVALID": 0,
        "MALICIOUS": 0,
        "SANE": 0,
        "VALID": 0,
        "total": 17295
    },
    "percentage": {
        "ACTIVE": 43.08599849632757,
        "INACTIVE": 56.923966464296036,
        "INVALID": 0,
        "MALICIOUS": 0,
        "SANE": 0,
        "VALID": 0,
        "total": 100.0099649606236
    }
}