{
    "counter": {
        "ACTIVE": 30731,
        "INACTIVE": 38527,
        "INVALID": 0,
        "MALICIOUS": 0,
        "SANE": 0,
        "VALID": 0,
        "total": 69258
    },
    "percentage": {
        "ACTIVE": 44.372410009096555,
        "INACTIVE": 55.628230673712785,
        "INVALID": 0.0,
        "MALICIOUS": 0.0,
        "SANE": 0.0,
        "VALID": 0.0,
        "total": 100.00064068280935
    }
}