{
    "counter": {
        "ACTIVE": 6997,
        "INACTIVE": 9262,
        "INVALID": 0,
        "MALICIOUS": 0,
        "SANE": 0,
        "VALID": 0,
        "total": 16259
    },
    "percentage": {
        "ACTIVE": 43.03992126468598,
        "INACTIVE": 56.96537302417123,
        "INVALID": 0,
        "MALICIOUS": 0,
        "SANE": 0,
        "VALID": 0,
        "total": 100.00529428885721
    }
}