{
    "counter": {
        "ACTIVE": 25662,
        "INACTIVE": 32614,
        "INVALID": 0,
        "MALICIOUS": 0,
        "SANE": 0,
        "VALID": 0,
        "total": 58276
    },
    "percentage": {
        "ACTIVE": 44.0352803898689,
        "INACTIVE": 55.9647196101311,
        "INVALID": 0.0,
        "MALICIOUS": 0.0,
        "SANE": 0.0,
        "VALID": 0.0,
        "total": 100.0
    }
}