{
    "counter": {
        "ACTIVE": 40282,
        "INACTIVE": 52321,
        "INVALID": 0,
        "MALICIOUS": 0,
        "SANE": 0,
        "VALID": 0,
        "total": 92603
    },
    "percentage": {
        "ACTIVE": 43.4996706370204,
        "INACTIVE": 56.5003293629796,
        "INVALID": 0.0,
        "MALICIOUS": 0.0,
        "SANE": 0.0,
        "VALID": 0.0,
        "total": 100.0
    }
}