{
    "counter": {
        "ACTIVE": 37721,
        "INACTIVE": 46616,
        "INVALID": 0,
        "MALICIOUS": 0,
        "SANE": 0,
        "VALID": 0,
        "total": 84337
    },
    "percentage": {
        "ACTIVE": 44.72651386698602,
        "INACTIVE": 55.27348613301398,
        "INVALID": 0.0,
        "MALICIOUS": 0.0,
        "SANE": 0.0,
        "VALID": 0.0,
        "total": 100.0
    }
}