{
    "counter": {
        "ACTIVE": 30211,
        "INACTIVE": 37959,
        "INVALID": 0,
        "MALICIOUS": 0,
        "SANE": 0,
        "VALID": 0,
        "total": 68170
    },
    "percentage": {
        "ACTIVE": 44.317148305706326,
        "INACTIVE": 55.68448538903885,
        "INVALID": 0.0,
        "MALICIOUS": 0.0,
        "SANE": 0.0,
        "VALID": 0.0,
        "total": 100.00163369474518
    }
}