{
    "counter": {
        "ACTIVE": 208,
        "INACTIVE": 303,
        "INVALID": 0,
        "MALICIOUS": 0,
        "SANE": 0,
        "VALID": 0,
        "total": 511
    },
    "percentage": {
        "ACTIVE": 40.70450097847358,
        "INACTIVE": 59.76331360946745,
        "INVALID": 0,
        "MALICIOUS": 0,
        "SANE": 0,
        "VALID": 0,
        "total": 100.46781458794104
    }
}