{
    "counter": {
        "ACTIVE": 9358,
        "INACTIVE": 12496,
        "INVALID": 0,
        "MALICIOUS": 0,
        "SANE": 0,
        "VALID": 0,
        "total": 21854
    },
    "percentage": {
        "ACTIVE": 42.82445542742083,
        "INACTIVE": 57.17946371373662,
        "INVALID": 0,
        "MALICIOUS": 0,
        "SANE": 0,
        "VALID": 0,
        "total": 100.00391914115744
    }
}