{
    "counter": {
        "ACTIVE": 12941,
        "INACTIVE": 16387,
        "INVALID": 0,
        "MALICIOUS": 0,
        "SANE": 0,
        "VALID": 0,
        "total": 29328
    },
    "percentage": {
        "ACTIVE": 44.12506819421713,
        "INACTIVE": 55.878742412875944,
        "INVALID": 0,
        "MALICIOUS": 0,
        "SANE": 0,
        "VALID": 0,
        "total": 100.00381060709307
    }
}