{
    "counter": {
        "ACTIVE": 40489,
        "INACTIVE": 53584,
        "INVALID": 0,
        "MALICIOUS": 0,
        "SANE": 0,
        "VALID": 0,
        "total": 94073
    },
    "percentage": {
        "ACTIVE": 43.039979590318154,
        "INACTIVE": 56.960020409681846,
        "INVALID": 0.0,
        "MALICIOUS": 0.0,
        "SANE": 0.0,
        "VALID": 0.0,
        "total": 100.0
    }
}