{
    "counter": {
        "ACTIVE": 40107,
        "INACTIVE": 50877,
        "INVALID": 0,
        "MALICIOUS": 0,
        "SANE": 0,
        "VALID": 0,
        "total": 90984
    },
    "percentage": {
        "ACTIVE": 44.08137694539699,
        "INACTIVE": 55.91862305460301,
        "INVALID": 0.0,
        "MALICIOUS": 0.0,
        "SANE": 0.0,
        "VALID": 0.0,
        "total": 100.0
    }
}