{
    "counter": {
        "ACTIVE": 40010,
        "INACTIVE": 50379,
        "INVALID": 0,
        "MALICIOUS": 0,
        "SANE": 0,
        "VALID": 0,
        "total": 90389
    },
    "percentage": {
        "ACTIVE": 44.2642356923962,
        "INACTIVE": 55.7357643076038,
        "INVALID": 0.0,
        "MALICIOUS": 0.0,
        "SANE": 0.0,
        "VALID": 0.0,
        "total": 100.0
    }
}