{
    "counter": {
        "ACTIVE": 340,
        "INACTIVE": 444,
        "INVALID": 0,
        "MALICIOUS": 0,
        "SANE": 0,
        "VALID": 0,
        "total": 784
    },
    "percentage": {
        "ACTIVE": 43.36734693877551,
        "INACTIVE": 56.77749360613811,
        "INVALID": 0,
        "MALICIOUS": 0,
        "SANE": 0,
        "VALID": 0,
        "total": 100.14484054491362
    }
}