{
    "counter": {
        "ACTIVE": 7189,
        "INACTIVE": 9506,
        "INVALID": 0,
        "MALICIOUS": 0,
        "SANE": 0,
        "VALID": 0,
        "total": 16695
    },
    "percentage": {
        "ACTIVE": 43.060796645702304,
        "INACTIVE": 56.9596740367907,
        "INVALID": 0,
        "MALICIOUS": 0,
        "SANE": 0,
        "VALID": 0,
        "total": 100.020470682493
    }
}