{
    "counter": {
        "ACTIVE": 12340,
        "INACTIVE": 15228,
        "INVALID": 0,
        "MALICIOUS": 0,
        "SANE": 0,
        "VALID": 0,
        "total": 27568
    },
    "percentage": {
        "ACTIVE": 44.76204294834591,
        "INACTIVE": 55.23996082272282,
        "INVALID": 0,
        "MALICIOUS": 0,
        "SANE": 0,
        "VALID": 0,
        "total": 100.00200377106873
    }
}