{
    "counter": {
        "ACTIVE": 3739,
        "INACTIVE": 4576,
        "INVALID": 0,
        "MALICIOUS": 0,
        "SANE": 0,
        "VALID": 0,
        "total": 8315
    },
    "percentage": {
        "ACTIVE": 44.98315688161694,
        "INACTIVE": 55.03307276007216,
        "INVALID": 0,
        "MALICIOUS": 0,
        "SANE": 0,
        "VALID": 0,
        "total": 100.01622964168911
    }
}