{
    "counter": {
        "ACTIVE": 17751,
        "INACTIVE": 22885,
        "INVALID": 0,
        "MALICIOUS": 0,
        "SANE": 0,
        "VALID": 0,
        "total": 40636
    },
    "percentage": {
        "ACTIVE": 43.68401624215578,
        "INACTIVE": 56.31705876562654,
        "INVALID": 0,
        "MALICIOUS": 0,
        "SANE": 0,
        "VALID": 0,
        "total": 100.00107500778232
    }
}