{
    "counter": {
        "ACTIVE": 18165,
        "INACTIVE": 23278,
        "INVALID": 0,
        "MALICIOUS": 0,
        "SANE": 0,
        "VALID": 0,
        "total": 41443
    },
    "percentage": {
        "ACTIVE": 43.8312863451005,
        "INACTIVE": 56.17684677944832,
        "INVALID": 0,
        "MALICIOUS": 0,
        "SANE": 0,
        "VALID": 0,
        "total": 100.00813312454882
    }
}