{
    "counter": {
        "ACTIVE": 6838,
        "INACTIVE": 9044,
        "INVALID": 0,
        "MALICIOUS": 0,
        "SANE": 0,
        "VALID": 0,
        "total": 15882
    },
    "percentage": {
        "ACTIVE": 43.05774195579623,
        "INACTIVE": 56.94496914746254,
        "INVALID": 0,
        "MALICIOUS": 0,
        "SANE": 0,
        "VALID": 0,
        "total": 100.00271110325878
    }
}