{
    "counter": {
        "ACTIVE": 4898,
        "INACTIVE": 6227,
        "INVALID": 0,
        "MALICIOUS": 0,
        "SANE": 0,
        "VALID": 0,
        "total": 11125
    },
    "percentage": {
        "ACTIVE": 44.030924128011506,
        "INACTIVE": 55.97303370786517,
        "INVALID": 0,
        "MALICIOUS": 0,
        "SANE": 0,
        "VALID": 0,
        "total": 100.00395783587668
    }
}