{
    "counter": {
        "ACTIVE": 39091,
        "INACTIVE": 48347,
        "INVALID": 0,
        "MALICIOUS": 0,
        "SANE": 0,
        "VALID": 0,
        "total": 87438
    },
    "percentage": {
        "ACTIVE": 44.707106749925664,
        "INACTIVE": 55.292893250074336,
        "INVALID": 0.0,
        "MALICIOUS": 0.0,
        "SANE": 0.0,
        "VALID": 0.0,
        "total": 100.0
    }
}