{
    "counter": {
        "ACTIVE": 4637,
        "INACTIVE": 5950,
        "INVALID": 0,
        "MALICIOUS": 0,
        "SANE": 0,
        "VALID": 0,
        "total": 10587
    },
    "percentage": {
        "ACTIVE": 43.80313621764595,
        "INACTIVE": 56.20100122792103,
        "INVALID": 0,
        "MALICIOUS": 0,
        "SANE": 0,
        "VALID": 0,
        "total": 100.00413744556698
    }
}