{
    "counter": {
        "ACTIVE": 30336,
        "INACTIVE": 38092,
        "INVALID": 0,
        "MALICIOUS": 0,
        "SANE": 0,
        "VALID": 0,
        "total": 68428
    },
    "percentage": {
        "ACTIVE": 44.33272929210265,
        "INACTIVE": 55.668897787390755,
        "INVALID": 0.0,
        "MALICIOUS": 0.0,
        "SANE": 0.0,
        "VALID": 0.0,
        "total": 100.0016270794934
    }
}