{
    "counter": {
        "ACTIVE": 26389,
        "INACTIVE": 33782,
        "INVALID": 0,
        "MALICIOUS": 0,
        "SANE": 0,
        "VALID": 0,
        "total": 60171
    },
    "percentage": {
        "ACTIVE": 43.85667514251051,
        "INACTIVE": 56.14332485748949,
        "INVALID": 0.0,
        "MALICIOUS": 0.0,
        "SANE": 0.0,
        "VALID": 0.0,
        "total": 100.0
    }
}