{
    "counter": {
        "ACTIVE": 37560,
        "INACTIVE": 46334,
        "INVALID": 0,
        "MALICIOUS": 0,
        "SANE": 0,
        "VALID": 0,
        "total": 83894
    },
    "percentage": {
        "ACTIVE": 44.770782177509716,
        "INACTIVE": 55.229217822490284,
        "INVALID": 0.0,
        "MALICIOUS": 0.0,
        "SANE": 0.0,
        "VALID": 0.0,
        "total": 100.0
    }
}