{
    "counter": {
        "ACTIVE": 15938,
        "INACTIVE": 21129,
        "INVALID": 0,
        "MALICIOUS": 0,
        "SANE": 0,
        "VALID": 0,
        "total": 37067
    },
    "percentage": {
        "ACTIVE": 43.00129505719836,
        "INACTIVE": 57.00218523214719,
        "INVALID": 0,
        "MALICIOUS": 0,
        "SANE": 0,
        "VALID": 0,
        "total": 100.00348028934556
    }
}