{
    "counter": {
        "ACTIVE": 40646,
        "INACTIVE": 54254,
        "INVALID": 0,
        "MALICIOUS": 0,
        "SANE": 0,
        "VALID": 0,
        "total": 94900
    },
    "percentage": {
        "ACTIVE": 42.83034773445733,
        "INACTIVE": 57.16965226554267,
        "INVALID": 0.0,
        "MALICIOUS": 0.0,
        "SANE": 0.0,
        "VALID": 0.0,
        "total": 100.0
    }
}