{
    "counter": {
        "ACTIVE": 27354,
        "INACTIVE": 35054,
        "INVALID": 0,
        "MALICIOUS": 0,
        "SANE": 0,
        "VALID": 0,
        "total": 62408
    },
    "percentage": {
        "ACTIVE": 43.83091911293424,
        "INACTIVE": 56.16908088706576,
        "INVALID": 0.0,
        "MALICIOUS": 0.0,
        "SANE": 0.0,
        "VALID": 0.0,
        "total": 100.0
    }
}