{
    "counter": {
        "ACTIVE": 33539,
        "INACTIVE": 42368,
        "INVALID": 0,
        "MALICIOUS": 0,
        "SANE": 0,
        "VALID": 0,
        "total": 75907
    },
    "percentage": {
        "ACTIVE": 44.18433082587904,
        "INACTIVE": 55.81566917412096,
        "INVALID": 0.0,
        "MALICIOUS": 0.0,
        "SANE": 0.0,
        "VALID": 0.0,
        "total": 100.0
    }
}