{
    "counter": {
        "ACTIVE": 36536,
        "INACTIVE": 45696,
        "INVALID": 0,
        "MALICIOUS": 0,
        "SANE": 0,
        "VALID": 0,
        "total": 82232
    },
    "percentage": {
        "ACTIVE": 44.43039206148458,
        "INACTIVE": 55.56960793851542,
        "INVALID": 0.0,
        "MALICIOUS": 0.0,
        "SANE": 0.0,
        "VALID": 0.0,
        "total": 100.0
    }
}