{
    "counter": {
        "ACTIVE": 18886,
        "INACTIVE": 23845,
        "INVALID": 0,
        "MALICIOUS": 0,
        "SANE": 0,
        "VALID": 0,
        "total": 42731
    },
    "percentage": {
        "ACTIVE": 44.1984554177393,
        "INACTIVE": 55.80257892396621,
        "INVALID": 0,
        "MALICIOUS": 0,
        "SANE": 0,
        "VALID": 0,
        "total": 100.0010343417055
    }
}