{
    "counter": {
        "ACTIVE": 21092,
        "INACTIVE": 26037,
        "INVALID": 0,
        "MALICIOUS": 0,
        "SANE": 0,
        "VALID": 0,
        "total": 47129
    },
    "percentage": {
        "ACTIVE": 44.754710575454084,
        "INACTIVE": 55.246239046022616,
        "INVALID": 0,
        "MALICIOUS": 0,
        "SANE": 0,
        "VALID": 0,
        "total": 100.0009496214767
    }
}