{
    "counter": {
        "ACTIVE": 40576,
        "INACTIVE": 53857,
        "INVALID": 0,
        "MALICIOUS": 0,
        "SANE": 0,
        "VALID": 0,
        "total": 94433
    },
    "percentage": {
        "ACTIVE": 42.96803024366482,
        "INACTIVE": 57.03196975633518,
        "INVALID": 0.0,
        "MALICIOUS": 0.0,
        "SANE": 0.0,
        "VALID": 0.0,
        "total": 100.0
    }
}