{
    "counter": {
        "ACTIVE": 12925,
        "INACTIVE": 16357,
        "INVALID": 0,
        "MALICIOUS": 0,
        "SANE": 0,
        "VALID": 0,
        "total": 29282
    },
    "percentage": {
        "ACTIVE": 44.13974455296769,
        "INACTIVE": 55.86407103825137,
        "INVALID": 0,
        "MALICIOUS": 0,
        "SANE": 0,
        "VALID": 0,
        "total": 100.00381559121905
    }
}