{
    "counter": {
        "ACTIVE": 23734,
        "INACTIVE": 29071,
        "INVALID": 0,
        "MALICIOUS": 0,
        "SANE": 0,
        "VALID": 0,
        "total": 52805
    },
    "percentage": {
        "ACTIVE": 44.94650127828804,
        "INACTIVE": 55.05349872171196,
        "INVALID": 0.0,
        "MALICIOUS": 0.0,
        "SANE": 0.0,
        "VALID": 0.0,
        "total": 100.0
    }
}