{
    "counter": {
        "ACTIVE": 4429,
        "INACTIVE": 5620,
        "INVALID": 0,
        "MALICIOUS": 0,
        "SANE": 0,
        "VALID": 0,
        "total": 10049
    },
    "percentage": {
        "ACTIVE": 44.07842356687898,
        "INACTIVE": 55.925962782366405,
        "INVALID": 0,
        "MALICIOUS": 0,
        "SANE": 0,
        "VALID": 0,
        "total": 100.00438634924538
    }
}