{
    "counter": {
        "ACTIVE": 25416,
        "INACTIVE": 32089,
        "INVALID": 0,
        "MALICIOUS": 0,
        "SANE": 0,
        "VALID": 0,
        "total": 57505
    },
    "percentage": {
        "ACTIVE": 44.19789583514477,
        "INACTIVE": 55.80210416485523,
        "INVALID": 0.0,
        "MALICIOUS": 0.0,
        "SANE": 0.0,
        "VALID": 0.0,
        "total": 100.0
    }
}