{
    "counter": {
        "ACTIVE": 41799,
        "INACTIVE": 55539,
        "INVALID": 0,
        "MALICIOUS": 0,
        "SANE": 0,
        "VALID": 0,
        "total": 97338
    },
    "percentage": {
        "ACTIVE": 42.94211921346237,
        "INACTIVE": 57.05788078653763,
        "INVALID": 0.0,
        "MALICIOUS": 0.0,
        "SANE": 0.0,
        "VALID": 0.0,
        "total": 100.0
    }
}