{
    "counter": {
        "ACTIVE": 7632,
        "INACTIVE": 10086,
        "INVALID": 0,
        "MALICIOUS": 0,
        "SANE": 0,
        "VALID": 0,
        "total": 17718
    },
    "percentage": {
        "ACTIVE": 43.074839146630545,
        "INACTIVE": 56.92837387819608,
        "INVALID": 0,
        "MALICIOUS": 0,
        "SANE": 0,
        "VALID": 0,
        "total": 100.00321302482664
    }
}