{
    "counter": {
        "ACTIVE": 25770,
        "INACTIVE": 32787,
        "INVALID": 0,
        "MALICIOUS": 0,
        "SANE": 0,
        "VALID": 0,
        "total": 58557
    },
    "percentage": {
        "ACTIVE": 44.008402069778164,
        "INACTIVE": 55.991597930221836,
        "INVALID": 0.0,
        "MALICIOUS": 0.0,
        "SANE": 0.0,
        "VALID": 0.0,
        "total": 100.0
    }
}