{
    "counter": {
        "ACTIVE": 14227,
        "INACTIVE": 19021,
        "INVALID": 0,
        "MALICIOUS": 0,
        "SANE": 0,
        "VALID": 0,
        "total": 33248
    },
    "percentage": {
        "ACTIVE": 42.7905437921078,
        "INACTIVE": 57.211176948296085,
        "INVALID": 0,
        "MALICIOUS": 0,
        "SANE": 0,
        "VALID": 0,
        "total": 100.00172074040388
    }
}