{
    "counter": {
        "ACTIVE": 33142,
        "INACTIVE": 41804,
        "INVALID": 0,
        "MALICIOUS": 0,
        "SANE": 0,
        "VALID": 0,
        "total": 74946
    },
    "percentage": {
        "ACTIVE": 44.2211725775892,
        "INACTIVE": 55.7788274224108,
        "INVALID": 0.0,
        "MALICIOUS": 0.0,
        "SANE": 0.0,
        "VALID": 0.0,
        "total": 100.0
    }
}