{
    "counter": {
        "ACTIVE": 31640,
        "INACTIVE": 39661,
        "INVALID": 0,
        "MALICIOUS": 0,
        "SANE": 0,
        "VALID": 0,
        "total": 71301
    },
    "percentage": {
        "ACTIVE": 44.380233683531344,
        "INACTIVE": 55.62474579599164,
        "INVALID": 0.0,
        "MALICIOUS": 0.0,
        "SANE": 0.0,
        "VALID": 0.0,
        "total": 100.00497947952299
    }
}