{
    "counter": {
        "ACTIVE": 11717,
        "INACTIVE": 14514,
        "INVALID": 0,
        "MALICIOUS": 0,
        "SANE": 0,
        "VALID": 0,
        "total": 26231
    },
    "percentage": {
        "ACTIVE": 44.66852197781251,
        "INACTIVE": 55.33358749523446,
        "INVALID": 0,
        "MALICIOUS": 0,
        "SANE": 0,
        "VALID": 0,
        "total": 100.00210947304697
    }
}