{
    "counter": {
        "ACTIVE": 35005,
        "INACTIVE": 43712,
        "INVALID": 0,
        "MALICIOUS": 0,
        "SANE": 0,
        "VALID": 0,
        "total": 78717
    },
    "percentage": {
        "ACTIVE": 44.46942845890977,
        "INACTIVE": 55.53057154109023,
        "INVALID": 0.0,
        "MALICIOUS": 0.0,
        "SANE": 0.0,
        "VALID": 0.0,
        "total": 100.0
    }
}