{
    "counter": {
        "ACTIVE": 23098,
        "INACTIVE": 28291,
        "INVALID": 0,
        "MALICIOUS": 0,
        "SANE": 0,
        "VALID": 0,
        "total": 51389
    },
    "percentage": {
        "ACTIVE": 44.947362275973454,
        "INACTIVE": 55.052637724026546,
        "INVALID": 0.0,
        "MALICIOUS": 0.0,
        "SANE": 0.0,
        "VALID": 0.0,
        "total": 100.0
    }
}