{
    "counter": {
        "ACTIVE": 12069,
        "INACTIVE": 14844,
        "INVALID": 0,
        "MALICIOUS": 0,
        "SANE": 0,
        "VALID": 0,
        "total": 26913
    },
    "percentage": {
        "ACTIVE": 44.844498941032214,
        "INACTIVE": 55.15755053507729,
        "INVALID": 0,
        "MALICIOUS": 0,
        "SANE": 0,
        "VALID": 0,
        "total": 100.0020494761095
    }
}