{
    "counter": {
        "ACTIVE": 9648,
        "INACTIVE": 12767,
        "INVALID": 0,
        "MALICIOUS": 0,
        "SANE": 0,
        "VALID": 0,
        "total": 22415
    },
    "percentage": {
        "ACTIVE": 43.04260539817087,
        "INACTIVE": 56.962477133806274,
        "INVALID": 0,
        "MALICIOUS": 0,
        "SANE": 0,
        "VALID": 0,
        "total": 100.00508253197714
    }
}