{
    "counter": {
        "ACTIVE": 3515,
        "INACTIVE": 4309,
        "INVALID": 0,
        "MALICIOUS": 0,
        "SANE": 0,
        "VALID": 0,
        "total": 7824
    },
    "percentage": {
        "ACTIVE": 44.9258691206544,
        "INACTIVE": 55.08117090630193,
        "INVALID": 0,
        "MALICIOUS": 0,
        "SANE": 0,
        "VALID": 0,
        "total": 100.00704002695633
    }
}