{
    "counter": {
        "ACTIVE": 8930,
        "INACTIVE": 11991,
        "INVALID": 0,
        "MALICIOUS": 0,
        "SANE": 0,
        "VALID": 0,
        "total": 20921
    },
    "percentage": {
        "ACTIVE": 42.68438411165814,
        "INACTIVE": 57.326576468900896,
        "INVALID": 0,
        "MALICIOUS": 0,
        "SANE": 0,
        "VALID": 0,
        "total": 100.01096058055904
    }
}