{
    "counter": {
        "ACTIVE": 39147,
        "INACTIVE": 48417,
        "INVALID": 0,
        "MALICIOUS": 0,
        "SANE": 0,
        "VALID": 0,
        "total": 87564
    },
    "percentage": {
        "ACTIVE": 44.706728792654516,
        "INACTIVE": 55.293271207345484,
        "INVALID": 0.0,
        "MALICIOUS": 0.0,
        "SANE": 0.0,
        "VALID": 0.0,
        "total": 100.0
    }
}