{
    "counter": {
        "ACTIVE": 16892,
        "INACTIVE": 21933,
        "INVALID": 0,
        "MALICIOUS": 0,
        "SANE": 0,
        "VALID": 0,
        "total": 38825
    },
    "percentage": {
        "ACTIVE": 43.508048937540245,
        "INACTIVE": 56.49631652155994,
        "INVALID": 0,
        "MALICIOUS": 0,
        "SANE": 0,
        "VALID": 0,
        "total": 100.00436545910019
    }
}