{
    "counter": {
        "ACTIVE": 41050,
        "INACTIVE": 54760,
        "INVALID": 0,
        "MALICIOUS": 0,
        "SANE": 0,
        "VALID": 0,
        "total": 95810
    },
    "percentage": {
        "ACTIVE": 42.845214487005535,
        "INACTIVE": 57.154785512994465,
        "INVALID": 0.0,
        "MALICIOUS": 0.0,
        "SANE": 0.0,
        "VALID": 0.0,
        "total": 100.0
    }
}