{
    "counter": {
        "ACTIVE": 14509,
        "INACTIVE": 19334,
        "INVALID": 0,
        "MALICIOUS": 0,
        "SANE": 0,
        "VALID": 0,
        "total": 33843
    },
    "percentage": {
        "ACTIVE": 42.87276165711246,
        "INACTIVE": 57.12850515616228,
        "INVALID": 0,
        "MALICIOUS": 0,
        "SANE": 0,
        "VALID": 0,
        "total": 100.00126681327474
    }
}