{
    "counter": {
        "ACTIVE": 44104,
        "INACTIVE": 59171,
        "INVALID": 0,
        "MALICIOUS": 0,
        "SANE": 0,
        "VALID": 0,
        "total": 103275
    },
    "percentage": {
        "ACTIVE": 42.70539820866618,
        "INACTIVE": 57.29460179133382,
        "INVALID": 0.0,
        "MALICIOUS": 0.0,
        "SANE": 0.0,
        "VALID": 0.0,
        "total": 100.0
    }
}