{
    "counter": {
        "ACTIVE": 3643,
        "INACTIVE": 4490,
        "INVALID": 0,
        "MALICIOUS": 0,
        "SANE": 0,
        "VALID": 0,
        "total": 8133
    },
    "percentage": {
        "ACTIVE": 44.8038371664002,
        "INACTIVE": 55.20718062215665,
        "INVALID": 0,
        "MALICIOUS": 0,
        "SANE": 0,
        "VALID": 0,
        "total": 100.01101778855684
    }
}