{
    "counter": {
        "ACTIVE": 38129,
        "INACTIVE": 47175,
        "INVALID": 0,
        "MALICIOUS": 0,
        "SANE": 0,
        "VALID": 0,
        "total": 85304
    },
    "percentage": {
        "ACTIVE": 44.6977867391916,
        "INACTIVE": 55.3022132608084,
        "INVALID": 0.0,
        "MALICIOUS": 0.0,
        "SANE": 0.0,
        "VALID": 0.0,
        "total": 100.0
    }
}