{
    "counter": {
        "ACTIVE": 37716,
        "INACTIVE": 46593,
        "INVALID": 0,
        "MALICIOUS": 0,
        "SANE": 0,
        "VALID": 0,
        "total": 84309
    },
    "percentage": {
        "ACTIVE": 44.73543749777604,
        "INACTIVE": 55.26456250222396,
        "INVALID": 0.0,
        "MALICIOUS": 0.0,
        "SANE": 0.0,
        "VALID": 0.0,
        "total": 100.0
    }
}