{
    "counter": {
        "ACTIVE": 40554,
        "INACTIVE": 53741,
        "INVALID": 0,
        "MALICIOUS": 0,
        "SANE": 0,
        "VALID": 0,
        "total": 94295
    },
    "percentage": {
        "ACTIVE": 43.007582586563444,
        "INACTIVE": 56.992417413436556,
        "INVALID": 0.0,
        "MALICIOUS": 0.0,
        "SANE": 0.0,
        "VALID": 0.0,
        "total": 100.0
    }
}