{
    "counter": {
        "ACTIVE": 27650,
        "INACTIVE": 35318,
        "INVALID": 0,
        "MALICIOUS": 0,
        "SANE": 0,
        "VALID": 0,
        "total": 62968
    },
    "percentage": {
        "ACTIVE": 43.91119298691399,
        "INACTIVE": 56.08880701308601,
        "INVALID": 0.0,
        "MALICIOUS": 0.0,
        "SANE": 0.0,
        "VALID": 0.0,
        "total": 100.0
    }
}