{
    "counter": {
        "ACTIVE": 39600,
        "INACTIVE": 49410,
        "INVALID": 0,
        "MALICIOUS": 0,
        "SANE": 0,
        "VALID": 0,
        "total": 89010
    },
    "percentage": {
        "ACTIVE": 44.48938321536906,
        "INACTIVE": 55.51061678463094,
        "INVALID": 0.0,
        "MALICIOUS": 0.0,
        "SANE": 0.0,
        "VALID": 0.0,
        "total": 100.0
    }
}