{
    "counter": {
        "ACTIVE": 40379,
        "INACTIVE": 53171,
        "INVALID": 0,
        "MALICIOUS": 0,
        "SANE": 0,
        "VALID": 0,
        "total": 93550
    },
    "percentage": {
        "ACTIVE": 43.16301443078568,
        "INACTIVE": 56.83698556921432,
        "INVALID": 0.0,
        "MALICIOUS": 0.0,
        "SANE": 0.0,
        "VALID": 0.0,
        "total": 100.0
    }
}