{
    "counter": {
        "ACTIVE": 16563,
        "INACTIVE": 21644,
        "INVALID": 0,
        "MALICIOUS": 0,
        "SANE": 0,
        "VALID": 0,
        "total": 38207
    },
    "percentage": {
        "ACTIVE": 43.351829555567186,
        "INACTIVE": 56.64930510115947,
        "INVALID": 0,
        "MALICIOUS": 0,
        "SANE": 0,
        "VALID": 0,
        "total": 100.00113465672666
    }
}