{
    "counter": {
        "ACTIVE": 5009,
        "INACTIVE": 6302,
        "INVALID": 0,
        "MALICIOUS": 0,
        "SANE": 0,
        "VALID": 0,
        "total": 11311
    },
    "percentage": {
        "ACTIVE": 44.28432499336929,
        "INACTIVE": 55.720601237842615,
        "INVALID": 0,
        "MALICIOUS": 0,
        "SANE": 0,
        "VALID": 0,
        "total": 100.0049262312119
    }
}