{
    "counter": {
        "ACTIVE": 3618,
        "INACTIVE": 4417,
        "INVALID": 0,
        "MALICIOUS": 0,
        "SANE": 0,
        "VALID": 0,
        "total": 8035
    },
    "percentage": {
        "ACTIVE": 45.02800248911014,
        "INACTIVE": 54.97883993029624,
        "INVALID": 0,
        "MALICIOUS": 0,
        "SANE": 0,
        "VALID": 0,
        "total": 100.00684241940638
    }
}