{
    "counter": {
        "ACTIVE": 25104,
        "INACTIVE": 31155,
        "INVALID": 0,
        "MALICIOUS": 0,
        "SANE": 0,
        "VALID": 0,
        "total": 56259
    },
    "percentage": {
        "ACTIVE": 44.62219378232816,
        "INACTIVE": 55.37780621767184,
        "INVALID": 0.0,
        "MALICIOUS": 0.0,
        "SANE": 0.0,
        "VALID": 0.0,
        "total": 100.0
    }
}