{
    "counter": {
        "ACTIVE": 22901,
        "INACTIVE": 27986,
        "INVALID": 0,
        "MALICIOUS": 0,
        "SANE": 0,
        "VALID": 0,
        "total": 50887
    },
    "percentage": {
        "ACTIVE": 45.003635506121405,
        "INACTIVE": 54.996364493878595,
        "INVALID": 0.0,
        "MALICIOUS": 0.0,
        "SANE": 0.0,
        "VALID": 0.0,
        "total": 100.0
    }
}