{
    "counter": {
        "ACTIVE": 40030,
        "INACTIVE": 50398,
        "INVALID": 0,
        "MALICIOUS": 0,
        "SANE": 0,
        "VALID": 0,
        "total": 90428
    },
    "percentage": {
        "ACTIVE": 44.26726235236873,
        "INACTIVE": 55.73273764763127,
        "INVALID": 0.0,
        "MALICIOUS": 0.0,
        "SANE": 0.0,
        "VALID": 0.0,
        "total": 100.0
    }
}