{
    "counter": {
        "ACTIVE": 26668,
        "INACTIVE": 34099,
        "INVALID": 0,
        "MALICIOUS": 0,
        "SANE": 0,
        "VALID": 0,
        "total": 60767
    },
    "percentage": {
        "ACTIVE": 43.88566162555334,
        "INACTIVE": 56.11433837444666,
        "INVALID": 0.0,
        "MALICIOUS": 0.0,
        "SANE": 0.0,
        "VALID": 0.0,
        "total": 100.0
    }
}