{
    "counter": {
        "ACTIVE": 42239,
        "INACTIVE": 56159,
        "INVALID": 0,
        "MALICIOUS": 0,
        "SANE": 0,
        "VALID": 0,
        "total": 98398
    },
    "percentage": {
        "ACTIVE": 42.92668550173784,
        "INACTIVE": 57.07331449826216,
        "INVALID": 0.0,
        "MALICIOUS": 0.0,
        "SANE": 0.0,
        "VALID": 0.0,
        "total": 100.0
    }
}