{
    "counter": {
        "ACTIVE": 11995,
        "INACTIVE": 14727,
        "INVALID": 0,
        "MALICIOUS": 0,
        "SANE": 0,
        "VALID": 0,
        "total": 26722
    },
    "percentage": {
        "ACTIVE": 44.89146706586826,
        "INACTIVE": 55.111892822393536,
        "INVALID": 0,
        "MALICIOUS": 0,
        "SANE": 0,
        "VALID": 0,
        "total": 100.0033598882618
    }
}