{
    "counter": {
        "ACTIVE": 26728,
        "INACTIVE": 34154,
        "INVALID": 0,
        "MALICIOUS": 0,
        "SANE": 0,
        "VALID": 0,
        "total": 60882
    },
    "percentage": {
        "ACTIVE": 43.901317302322525,
        "INACTIVE": 56.098682697677475,
        "INVALID": 0.0,
        "MALICIOUS": 0.0,
        "SANE": 0.0,
        "VALID": 0.0,
        "total": 100.0
    }
}