{
    "counter": {
        "ACTIVE": 32752,
        "INACTIVE": 41199,
        "INVALID": 0,
        "MALICIOUS": 0,
        "SANE": 0,
        "VALID": 0,
        "total": 73951
    },
    "percentage": {
        "ACTIVE": 44.288785817636004,
        "INACTIVE": 55.711214182363996,
        "INVALID": 0.0,
        "MALICIOUS": 0.0,
        "SANE": 0.0,
        "VALID": 0.0,
        "total": 100.0
    }
}