{
    "counter": {
        "ACTIVE": 30736,
        "INACTIVE": 38530,
        "INVALID": 0,
        "MALICIOUS": 0,
        "SANE": 0,
        "VALID": 0,
        "total": 69266
    },
    "percentage": {
        "ACTIVE": 44.37578505118173,
        "INACTIVE": 55.626136921433314,
        "INVALID": 0.0,
        "MALICIOUS": 0.0,
        "SANE": 0.0,
        "VALID": 0.0,
        "total": 100.00192197261504
    }
}