{
    "counter": {
        "ACTIVE": 32580,
        "INACTIVE": 40915,
        "INVALID": 0,
        "MALICIOUS": 0,
        "SANE": 0,
        "VALID": 0,
        "total": 73495
    },
    "percentage": {
        "ACTIVE": 44.32954622763453,
        "INACTIVE": 55.67045377236547,
        "INVALID": 0.0,
        "MALICIOUS": 0.0,
        "SANE": 0.0,
        "VALID": 0.0,
        "total": 100.0
    }
}