{
    "counter": {
        "ACTIVE": 15409,
        "INACTIVE": 20746,
        "INVALID": 0,
        "MALICIOUS": 0,
        "SANE": 0,
        "VALID": 0,
        "total": 36155
    },
    "percentage": {
        "ACTIVE": 42.63578760964002,
        "INACTIVE": 57.38072189185451,
        "INVALID": 0,
        "MALICIOUS": 0,
        "SANE": 0,
        "VALID": 0,
        "total": 100.01650950149454
    }
}