{
    "counter": {
        "ACTIVE": 40626,
        "INACTIVE": 54147,
        "INVALID": 0,
        "MALICIOUS": 0,
        "SANE": 0,
        "VALID": 0,
        "total": 94773
    },
    "percentage": {
        "ACTIVE": 42.866639232692854,
        "INACTIVE": 57.133360767307146,
        "INVALID": 0.0,
        "MALICIOUS": 0.0,
        "SANE": 0.0,
        "VALID": 0.0,
        "total": 100.0
    }
}