{
    "counter": {
        "ACTIVE": 26061,
        "INACTIVE": 33375,
        "INVALID": 0,
        "MALICIOUS": 0,
        "SANE": 0,
        "VALID": 0,
        "total": 59436
    },
    "percentage": {
        "ACTIVE": 43.84716333535231,
        "INACTIVE": 56.15283666464769,
        "INVALID": 0.0,
        "MALICIOUS": 0.0,
        "SANE": 0.0,
        "VALID": 0.0,
        "total": 100.0
    }
}