{
    "counter": {
        "ACTIVE": 3538,
        "INACTIVE": 4331,
        "INVALID": 0,
        "MALICIOUS": 0,
        "SANE": 0,
        "VALID": 0,
        "total": 7869
    },
    "percentage": {
        "ACTIVE": 44.96124031007752,
        "INACTIVE": 55.045754956786986,
        "INVALID": 0,
        "MALICIOUS": 0,
        "SANE": 0,
        "VALID": 0,
        "total": 100.00699526686451
    }
}