{
    "counter": {
        "ACTIVE": 8213,
        "INACTIVE": 10975,
        "INVALID": 0,
        "MALICIOUS": 0,
        "SANE": 0,
        "VALID": 0,
        "total": 19188
    },
    "percentage": {
        "ACTIVE": 42.82957863996663,
        "INACTIVE": 57.19720658745049,
        "INVALID": 0,
        "MALICIOUS": 0,
        "SANE": 0,
        "VALID": 0,
        "total": 100.02678522741712
    }
}