{
    "counter": {
        "ACTIVE": 5507,
        "INACTIVE": 6882,
        "INVALID": 0,
        "MALICIOUS": 0,
        "SANE": 0,
        "VALID": 0,
        "total": 12389
    },
    "percentage": {
        "ACTIVE": 44.472260356940964,
        "INACTIVE": 55.549277584954396,
        "INVALID": 0,
        "MALICIOUS": 0,
        "SANE": 0,
        "VALID": 0,
        "total": 100.02153794189536
    }
}