{
    "counter": {
        "ACTIVE": 37826,
        "INACTIVE": 46814,
        "INVALID": 0,
        "MALICIOUS": 0,
        "SANE": 0,
        "VALID": 0,
        "total": 84640
    },
    "percentage": {
        "ACTIVE": 44.69045368620038,
        "INACTIVE": 55.30954631379962,
        "INVALID": 0.0,
        "MALICIOUS": 0.0,
        "SANE": 0.0,
        "VALID": 0.0,
        "total": 100.0
    }
}