{
    "counter": {
        "ACTIVE": 4559,
        "INACTIVE": 5780,
        "INVALID": 0,
        "MALICIOUS": 0,
        "SANE": 0,
        "VALID": 0,
        "total": 10339
    },
    "percentage": {
        "ACTIVE": 44.10370513688691,
        "INACTIVE": 55.90482638553051,
        "INVALID": 0,
        "MALICIOUS": 0,
        "SANE": 0,
        "VALID": 0,
        "total": 100.00853152241743
    }
}