{
    "counter": {
        "ACTIVE": 24985,
        "INACTIVE": 30950,
        "INVALID": 0,
        "MALICIOUS": 0,
        "SANE": 0,
        "VALID": 0,
        "total": 55935
    },
    "percentage": {
        "ACTIVE": 44.667918119245556,
        "INACTIVE": 55.332081880754444,
        "INVALID": 0.0,
        "MALICIOUS": 0.0,
        "SANE": 0.0,
        "VALID": 0.0,
        "total": 100.0
    }
}