{
    "counter": {
        "ACTIVE": 43213,
        "INACTIVE": 57638,
        "INVALID": 0,
        "MALICIOUS": 0,
        "SANE": 0,
        "VALID": 0,
        "total": 100851
    },
    "percentage": {
        "ACTIVE": 42.84836045254881,
        "INACTIVE": 57.15163954745119,
        "INVALID": 0.0,
        "MALICIOUS": 0.0,
        "SANE": 0.0,
        "VALID": 0.0,
        "total": 100.0
    }
}