{
    "counter": {
        "ACTIVE": 6771,
        "INACTIVE": 8960,
        "INVALID": 0,
        "MALICIOUS": 0,
        "SANE": 0,
        "VALID": 0,
        "total": 15731
    },
    "percentage": {
        "ACTIVE": 43.04513668150032,
        "INACTIVE": 56.957599644015005,
        "INVALID": 0,
        "MALICIOUS": 0,
        "SANE": 0,
        "VALID": 0,
        "total": 100.00273632551531
    }
}