{
    "counter": {
        "ACTIVE": 43916,
        "INACTIVE": 58918,
        "INVALID": 0,
        "MALICIOUS": 0,
        "SANE": 0,
        "VALID": 0,
        "total": 102834
    },
    "percentage": {
        "ACTIVE": 42.705719898088184,
        "INACTIVE": 57.294280101911816,
        "INVALID": 0.0,
        "MALICIOUS": 0.0,
        "SANE": 0.0,
        "VALID": 0.0,
        "total": 100.0
    }
}