{
    "counter": {
        "ACTIVE": 32865,
        "INACTIVE": 41371,
        "INVALID": 0,
        "MALICIOUS": 0,
        "SANE": 0,
        "VALID": 0,
        "total": 74236
    },
    "percentage": {
        "ACTIVE": 44.27097365159761,
        "INACTIVE": 55.72902634840239,
        "INVALID": 0.0,
        "MALICIOUS": 0.0,
        "SANE": 0.0,
        "VALID": 0.0,
        "total": 100.0
    }
}