{
    "counter": {
        "ACTIVE": 17499,
        "INACTIVE": 22602,
        "INVALID": 0,
        "MALICIOUS": 0,
        "SANE": 0,
        "VALID": 0,
        "total": 40101
    },
    "percentage": {
        "ACTIVE": 43.63949225666475,
        "INACTIVE": 56.36268422233859,
        "INVALID": 0,
        "MALICIOUS": 0,
        "SANE": 0,
        "VALID": 0,
        "total": 100.00217647900334
    }
}