{
    "counter": {
        "ACTIVE": 20296,
        "INACTIVE": 25377,
        "INVALID": 0,
        "MALICIOUS": 0,
        "SANE": 0,
        "VALID": 0,
        "total": 45673
    },
    "percentage": {
        "ACTIVE": 44.43860571028201,
        "INACTIVE": 55.56236726293434,
        "INVALID": 0,
        "MALICIOUS": 0,
        "SANE": 0,
        "VALID": 0,
        "total": 100.00097297321635
    }
}