{
    "counter": {
        "ACTIVE": 40851,
        "INACTIVE": 54568,
        "INVALID": 0,
        "MALICIOUS": 0,
        "SANE": 0,
        "VALID": 0,
        "total": 95419
    },
    "percentage": {
        "ACTIVE": 42.812228172586174,
        "INACTIVE": 57.187771827413826,
        "INVALID": 0.0,
        "MALICIOUS": 0.0,
        "SANE": 0.0,
        "VALID": 0.0,
        "total": 100.0
    }
}