{
    "counter": {
        "ACTIVE": 37936,
        "INACTIVE": 46950,
        "INVALID": 0,
        "MALICIOUS": 0,
        "SANE": 0,
        "VALID": 0,
        "total": 84886
    },
    "percentage": {
        "ACTIVE": 44.690526117380955,
        "INACTIVE": 55.309473882619045,
        "INVALID": 0.0,
        "MALICIOUS": 0.0,
        "SANE": 0.0,
        "VALID": 0.0,
        "total": 100.0
    }
}