{
    "counter": {
        "ACTIVE": 15553,
        "INACTIVE": 20955,
        "INVALID": 0,
        "MALICIOUS": 0,
        "SANE": 0,
        "VALID": 0,
        "total": 36508
    },
    "percentage": {
        "ACTIVE": 42.601621562397284,
        "INACTIVE": 57.39995069438738,
        "INVALID": 0,
        "MALICIOUS": 0,
        "SANE": 0,
        "VALID": 0,
        "total": 100.00157225678467
    }
}