{
    "counter": {
        "ACTIVE": 9361,
        "INACTIVE": 12499,
        "INVALID": 0,
        "MALICIOUS": 0,
        "SANE": 0,
        "VALID": 0,
        "total": 21860
    },
    "percentage": {
        "ACTIVE": 42.824465895054665,
        "INACTIVE": 57.177493138151874,
        "INVALID": 0,
        "MALICIOUS": 0,
        "SANE": 0,
        "VALID": 0,
        "total": 100.00195903320653
    }
}