{
    "counter": {
        "ACTIVE": 40307,
        "INACTIVE": 52556,
        "INVALID": 0,
        "MALICIOUS": 0,
        "SANE": 0,
        "VALID": 0,
        "total": 92863
    },
    "percentage": {
        "ACTIVE": 43.40480062026857,
        "INACTIVE": 56.59519937973143,
        "INVALID": 0.0,
        "MALICIOUS": 0.0,
        "SANE": 0.0,
        "VALID": 0.0,
        "total": 100.0
    }
}