{
    "counter": {
        "ACTIVE": 9335,
        "INACTIVE": 12455,
        "INVALID": 0,
        "MALICIOUS": 0,
        "SANE": 0,
        "VALID": 0,
        "total": 21790
    },
    "percentage": {
        "ACTIVE": 42.84075263882515,
        "INACTIVE": 57.161870668686035,
        "INVALID": 0,
        "MALICIOUS": 0,
        "SANE": 0,
        "VALID": 0,
        "total": 100.00262330751119
    }
}