{
    "counter": {
        "ACTIVE": 43123,
        "INACTIVE": 57534,
        "INVALID": 0,
        "MALICIOUS": 0,
        "SANE": 0,
        "VALID": 0,
        "total": 100657
    },
    "percentage": {
        "ACTIVE": 42.841531140407525,
        "INACTIVE": 57.158468859592475,
        "INVALID": 0.0,
        "MALICIOUS": 0.0,
        "SANE": 0.0,
        "VALID": 0.0,
        "total": 100.0
    }
}