{
    "counter": {
        "ACTIVE": 697,
        "INACTIVE": 923,
        "INVALID": 0,
        "MALICIOUS": 0,
        "SANE": 0,
        "VALID": 0,
        "total": 1620
    },
    "percentage": {
        "ACTIVE": 43.02469135802469,
        "INACTIVE": 57.045735475896166,
        "INVALID": 0,
        "MALICIOUS": 0,
        "SANE": 0,
        "VALID": 0,
        "total": 100.07042683392086
    }
}