{
    "counter": {
        "ACTIVE": 33304,
        "INACTIVE": 41982,
        "INVALID": 0,
        "MALICIOUS": 0,
        "SANE": 0,
        "VALID": 0,
        "total": 75286
    },
    "percentage": {
        "ACTIVE": 44.23664426320963,
        "INACTIVE": 55.76335573679037,
        "INVALID": 0.0,
        "MALICIOUS": 0.0,
        "SANE": 0.0,
        "VALID": 0.0,
        "total": 100.0
    }
}