{
    "counter": {
        "ACTIVE": 24342,
        "INACTIVE": 30260,
        "INVALID": 0,
        "MALICIOUS": 0,
        "SANE": 0,
        "VALID": 0,
        "total": 54602
    },
    "percentage": {
        "ACTIVE": 44.58078458664518,
        "INACTIVE": 55.41921541335482,
        "INVALID": 0.0,
        "MALICIOUS": 0.0,
        "SANE": 0.0,
        "VALID": 0.0,
        "total": 100.0
    }
}