{
    "counter": {
        "ACTIVE": 11353,
        "INACTIVE": 14077,
        "INVALID": 0,
        "MALICIOUS": 0,
        "SANE": 0,
        "VALID": 0,
        "total": 25430
    },
    "percentage": {
        "ACTIVE": 44.64412111679119,
        "INACTIVE": 55.360232814220545,
        "INVALID": 0,
        "MALICIOUS": 0,
        "SANE": 0,
        "VALID": 0,
        "total": 100.00435393101174
    }
}