{
    "counter": {
        "ACTIVE": 15311,
        "INACTIVE": 20459,
        "INVALID": 0,
        "MALICIOUS": 0,
        "SANE": 0,
        "VALID": 0,
        "total": 35770
    },
    "percentage": {
        "ACTIVE": 42.80402571987699,
        "INACTIVE": 57.19757331767732,
        "INVALID": 0,
        "MALICIOUS": 0,
        "SANE": 0,
        "VALID": 0,
        "total": 100.00159903755431
    }
}