{
    "counter": {
        "ACTIVE": 31686,
        "INACTIVE": 39698,
        "INVALID": 0,
        "MALICIOUS": 0,
        "SANE": 0,
        "VALID": 0,
        "total": 71384
    },
    "percentage": {
        "ACTIVE": 44.388720003362145,
        "INACTIVE": 55.61190182673989,
        "INVALID": 0.0,
        "MALICIOUS": 0.0,
        "SANE": 0.0,
        "VALID": 0.0,
        "total": 100.00062183010203
    }
}