{
    "counter": {
        "ACTIVE": 21862,
        "INACTIVE": 26835,
        "INVALID": 0,
        "MALICIOUS": 0,
        "SANE": 0,
        "VALID": 0,
        "total": 48697
    },
    "percentage": {
        "ACTIVE": 44.893935971415075,
        "INACTIVE": 55.106064028584925,
        "INVALID": 0.0,
        "MALICIOUS": 0.0,
        "SANE": 0.0,
        "VALID": 0.0,
        "total": 100.0
    }
}