{
    "counter": {
        "ACTIVE": 28070,
        "INACTIVE": 35740,
        "INVALID": 0,
        "MALICIOUS": 0,
        "SANE": 0,
        "VALID": 0,
        "total": 63810
    },
    "percentage": {
        "ACTIVE": 43.990659624817816,
        "INACTIVE": 56.010029775897195,
        "INVALID": 0.0,
        "MALICIOUS": 0.0,
        "SANE": 0.0,
        "VALID": 0.0,
        "total": 100.000689400715
    }
}