{
    "counter": {
        "ACTIVE": 30440,
        "INACTIVE": 38216,
        "INVALID": 0,
        "MALICIOUS": 0,
        "SANE": 0,
        "VALID": 0,
        "total": 68656
    },
    "percentage": {
        "ACTIVE": 44.33763017988493,
        "INACTIVE": 55.663015614075974,
        "INVALID": 0.0,
        "MALICIOUS": 0.0,
        "SANE": 0.0,
        "VALID": 0.0,
        "total": 100.0006457939609
    }
}