{
    "counter": {
        "ACTIVE": 19359,
        "INACTIVE": 24239,
        "INVALID": 0,
        "MALICIOUS": 0,
        "SANE": 0,
        "VALID": 0,
        "total": 43598
    },
    "percentage": {
        "ACTIVE": 44.407487268890215,
        "INACTIVE": 55.59658699940364,
        "INVALID": 0,
        "MALICIOUS": 0,
        "SANE": 0,
        "VALID": 0,
        "total": 100.00407426829386
    }
}