{
    "counter": {
        "ACTIVE": 34946,
        "INACTIVE": 43572,
        "INVALID": 0,
        "MALICIOUS": 0,
        "SANE": 0,
        "VALID": 0,
        "total": 78518
    },
    "percentage": {
        "ACTIVE": 44.50699202730584,
        "INACTIVE": 55.49300797269416,
        "INVALID": 0.0,
        "MALICIOUS": 0.0,
        "SANE": 0.0,
        "VALID": 0.0,
        "total": 100.0
    }
}