{
    "counter": {
        "ACTIVE": 15317,
        "INACTIVE": 20476,
        "INVALID": 0,
        "MALICIOUS": 0,
        "SANE": 0,
        "VALID": 0,
        "total": 35793
    },
    "percentage": {
        "ACTIVE": 42.79926232256622,
        "INACTIVE": 57.20671639706088,
        "INVALID": 0,
        "MALICIOUS": 0,
        "SANE": 0,
        "VALID": 0,
        "total": 100.00597871962711
    }
}