{
    "counter": {
        "ACTIVE": 17805,
        "INACTIVE": 22951,
        "INVALID": 0,
        "MALICIOUS": 0,
        "SANE": 0,
        "VALID": 0,
        "total": 40756
    },
    "percentage": {
        "ACTIVE": 43.686819118657375,
        "INACTIVE": 56.31456263035211,
        "INVALID": 0,
        "MALICIOUS": 0,
        "SANE": 0,
        "VALID": 0,
        "total": 100.00138174900948
    }
}