{
    "counter": {
        "ACTIVE": 4404,
        "INACTIVE": 5570,
        "INVALID": 0,
        "MALICIOUS": 0,
        "SANE": 0,
        "VALID": 0,
        "total": 9974
    },
    "percentage": {
        "ACTIVE": 44.15480248646481,
        "INACTIVE": 55.85639791415965,
        "INVALID": 0,
        "MALICIOUS": 0,
        "SANE": 0,
        "VALID": 0,
        "total": 100.01120040062446
    }
}