{
    "counter": {
        "ACTIVE": 32604,
        "INACTIVE": 40967,
        "INVALID": 0,
        "MALICIOUS": 0,
        "SANE": 0,
        "VALID": 0,
        "total": 73571
    },
    "percentage": {
        "ACTIVE": 44.31637465849315,
        "INACTIVE": 55.68362534150685,
        "INVALID": 0.0,
        "MALICIOUS": 0.0,
        "SANE": 0.0,
        "VALID": 0.0,
        "total": 100.0
    }
}