{
    "counter": {
        "ACTIVE": 15831,
        "INACTIVE": 21050,
        "INVALID": 0,
        "MALICIOUS": 0,
        "SANE": 0,
        "VALID": 0,
        "total": 36881
    },
    "percentage": {
        "ACTIVE": 42.92454109161899,
        "INACTIVE": 57.07700650759219,
        "INVALID": 0,
        "MALICIOUS": 0,
        "SANE": 0,
        "VALID": 0,
        "total": 100.00154759921118
    }
}