{
    "counter": {
        "ACTIVE": 1617,
        "INACTIVE": 1737,
        "INVALID": 0,
        "MALICIOUS": 0,
        "SANE": 0,
        "VALID": 0,
        "total": 3354
    },
    "percentage": {
        "ACTIVE": 48.297491039426525,
        "INACTIVE": 51.78890876565295,
        "INVALID": 0,
        "MALICIOUS": 0,
        "SANE": 0,
        "VALID": 0,
        "total": 100.08639980507948
    }
}