{
    "counter": {
        "ACTIVE": 42551,
        "INACTIVE": 56640,
        "INVALID": 0,
        "MALICIOUS": 0,
        "SANE": 0,
        "VALID": 0,
        "total": 99191
    },
    "percentage": {
        "ACTIVE": 42.89804518555111,
        "INACTIVE": 57.10195481444889,
        "INVALID": 0.0,
        "MALICIOUS": 0.0,
        "SANE": 0.0,
        "VALID": 0.0,
        "total": 100.0
    }
}