{
    "counter": {
        "ACTIVE": 44051,
        "INACTIVE": 59120,
        "INVALID": 0,
        "MALICIOUS": 0,
        "SANE": 0,
        "VALID": 0,
        "total": 103171
    },
    "percentage": {
        "ACTIVE": 42.69707572864468,
        "INACTIVE": 57.30292427135532,
        "INVALID": 0.0,
        "MALICIOUS": 0.0,
        "SANE": 0.0,
        "VALID": 0.0,
        "total": 100.0
    }
}