{
    "counter": {
        "ACTIVE": 4073,
        "INACTIVE": 5109,
        "INVALID": 0,
        "MALICIOUS": 0,
        "SANE": 0,
        "VALID": 0,
        "total": 9182
    },
    "percentage": {
        "ACTIVE": 44.36335911120793,
        "INACTIVE": 55.64147244609018,
        "INVALID": 0,
        "MALICIOUS": 0,
        "SANE": 0,
        "VALID": 0,
        "total": 100.0048315572981
    }
}