{
    "counter": {
        "ACTIVE": 29628,
        "INACTIVE": 37445,
        "INVALID": 0,
        "MALICIOUS": 0,
        "SANE": 0,
        "VALID": 0,
        "total": 67073
    },
    "percentage": {
        "ACTIVE": 44.174084179451626,
        "INACTIVE": 55.82723301477495,
        "INVALID": 0.0,
        "MALICIOUS": 0.0,
        "SANE": 0.0,
        "VALID": 0.0,
        "total": 100.00131719422657
    }
}