{
    "counter": {
        "ACTIVE": 28595,
        "INACTIVE": 36481,
        "INVALID": 0,
        "MALICIOUS": 0,
        "SANE": 0,
        "VALID": 0,
        "total": 65076
    },
    "percentage": {
        "ACTIVE": 43.94093060421661,
        "INACTIVE": 56.06079232873344,
        "INVALID": 0.0,
        "MALICIOUS": 0.0,
        "SANE": 0.0,
        "VALID": 0.0,
        "total": 100.00172293295006
    }
}