{
    "counter": {
        "ACTIVE": 29108,
        "INACTIVE": 37018,
        "INVALID": 0,
        "MALICIOUS": 0,
        "SANE": 0,
        "VALID": 0,
        "total": 66126
    },
    "percentage": {
        "ACTIVE": 44.02032544915613,
        "INACTIVE": 55.981005958321994,
        "INVALID": 0.0,
        "MALICIOUS": 0.0,
        "SANE": 0.0,
        "VALID": 0.0,
        "total": 100.00133140747812
    }
}