{
    "counter": {
        "ACTIVE": 41791,
        "INACTIVE": 55523,
        "INVALID": 0,
        "MALICIOUS": 0,
        "SANE": 0,
        "VALID": 0,
        "total": 97314
    },
    "percentage": {
        "ACTIVE": 42.94448897383727,
        "INACTIVE": 57.05551102616273,
        "INVALID": 0.0,
        "MALICIOUS": 0.0,
        "SANE": 0.0,
        "VALID": 0.0,
        "total": 100.0
    }
}