{
    "counter": {
        "ACTIVE": 27898,
        "INACTIVE": 35555,
        "INVALID": 0,
        "MALICIOUS": 0,
        "SANE": 0,
        "VALID": 0,
        "total": 63453
    },
    "percentage": {
        "ACTIVE": 43.96640032780168,
        "INACTIVE": 56.03536587287829,
        "INVALID": 0.0,
        "MALICIOUS": 0.0,
        "SANE": 0.0,
        "VALID": 0.0,
        "total": 100.00176620067997
    }
}