{
    "counter": {
        "ACTIVE": 43281,
        "INACTIVE": 57768,
        "INVALID": 0,
        "MALICIOUS": 0,
        "SANE": 0,
        "VALID": 0,
        "total": 101049
    },
    "percentage": {
        "ACTIVE": 42.831695514057536,
        "INACTIVE": 57.168304485942464,
        "INVALID": 0.0,
        "MALICIOUS": 0.0,
        "SANE": 0.0,
        "VALID": 0.0,
        "total": 100.0
    }
}