{
    "counter": {
        "ACTIVE": 17205,
        "INACTIVE": 22268,
        "INVALID": 0,
        "MALICIOUS": 0,
        "SANE": 0,
        "VALID": 0,
        "total": 39473
    },
    "percentage": {
        "ACTIVE": 43.591172819174545,
        "INACTIVE": 56.41324449623794,
        "INVALID": 0,
        "MALICIOUS": 0,
        "SANE": 0,
        "VALID": 0,
        "total": 100.00441731541248
    }
}