{
    "counter": {
        "ACTIVE": 29758,
        "INACTIVE": 37627,
        "INVALID": 0,
        "MALICIOUS": 0,
        "SANE": 0,
        "VALID": 0,
        "total": 67385
    },
    "percentage": {
        "ACTIVE": 44.1618188293957,
        "INACTIVE": 55.83883653632114,
        "INVALID": 0.0,
        "MALICIOUS": 0.0,
        "SANE": 0.0,
        "VALID": 0.0,
        "total": 100.00065536571684
    }
}