{
    "counter": {
        "ACTIVE": 40175,
        "INACTIVE": 51698,
        "INVALID": 0,
        "MALICIOUS": 0,
        "SANE": 0,
        "VALID": 0,
        "total": 91873
    },
    "percentage": {
        "ACTIVE": 43.728843076856094,
        "INACTIVE": 56.271156923143906,
        "INVALID": 0.0,
        "MALICIOUS": 0.0,
        "SANE": 0.0,
        "VALID": 0.0,
        "total": 100.0
    }
}