{
    "counter": {
        "ACTIVE": 29543,
        "INACTIVE": 37397,
        "INVALID": 0,
        "MALICIOUS": 0,
        "SANE": 0,
        "VALID": 0,
        "total": 66940
    },
    "percentage": {
        "ACTIVE": 44.13355243501643,
        "INACTIVE": 55.86895140206463,
        "INVALID": 0.0,
        "MALICIOUS": 0.0,
        "SANE": 0.0,
        "VALID": 0.0,
        "total": 100.00250383708106
    }
}