{
    "counter": {
        "ACTIVE": 42609,
        "INACTIVE": 56766,
        "INVALID": 0,
        "MALICIOUS": 0,
        "SANE": 0,
        "VALID": 0,
        "total": 99375
    },
    "percentage": {
        "ACTIVE": 42.87698113207547,
        "INACTIVE": 57.12301886792453,
        "INVALID": 0.0,
        "MALICIOUS": 0.0,
        "SANE": 0.0,
        "VALID": 0.0,
        "total": 100.0
    }
}