{
    "counter": {
        "ACTIVE": 38045,
        "INACTIVE": 47051,
        "INVALID": 0,
        "MALICIOUS": 0,
        "SANE": 0,
        "VALID": 0,
        "total": 85096
    },
    "percentage": {
        "ACTIVE": 44.708329416188775,
        "INACTIVE": 55.291670583811225,
        "INVALID": 0.0,
        "MALICIOUS": 0.0,
        "SANE": 0.0,
        "VALID": 0.0,
        "total": 100.0
    }
}