{
    "counter": {
        "ACTIVE": 42671,
        "INACTIVE": 56821,
        "INVALID": 0,
        "MALICIOUS": 0,
        "SANE": 0,
        "VALID": 0,
        "total": 99492
    },
    "percentage": {
        "ACTIVE": 42.88887548747638,
        "INACTIVE": 57.11112451252362,
        "INVALID": 0.0,
        "MALICIOUS": 0.0,
        "SANE": 0.0,
        "VALID": 0.0,
        "total": 100.0
    }
}