{
    "counter": {
        "ACTIVE": 43401,
        "INACTIVE": 58071,
        "INVALID": 0,
        "MALICIOUS": 0,
        "SANE": 0,
        "VALID": 0,
        "total": 101472
    },
    "percentage": {
        "ACTIVE": 42.77140491958373,
        "INACTIVE": 57.22859508041627,
        "INVALID": 0.0,
        "MALICIOUS": 0.0,
        "SANE": 0.0,
        "VALID": 0.0,
        "total": 100.0
    }
}