{
    "counter": {
        "ACTIVE": 40978,
        "INACTIVE": 54657,
        "INVALID": 0,
        "MALICIOUS": 0,
        "SANE": 0,
        "VALID": 0,
        "total": 95635
    },
    "percentage": {
        "ACTIVE": 42.84832958644848,
        "INACTIVE": 57.15167041355152,
        "INVALID": 0.0,
        "MALICIOUS": 0.0,
        "SANE": 0.0,
        "VALID": 0.0,
        "total": 100.0
    }
}