{
    "counter": {
        "ACTIVE": 19588,
        "INACTIVE": 24670,
        "INVALID": 0,
        "MALICIOUS": 0,
        "SANE": 0,
        "VALID": 0,
        "total": 44258
    },
    "percentage": {
        "ACTIVE": 44.25966513771833,
        "INACTIVE": 55.741334899905105,
        "INVALID": 0,
        "MALICIOUS": 0,
        "SANE": 0,
        "VALID": 0,
        "total": 100.00100003762344
    }
}