{
    "counter": {
        "ACTIVE": 4428,
        "INACTIVE": 5617,
        "INVALID": 0,
        "MALICIOUS": 0,
        "SANE": 0,
        "VALID": 0,
        "total": 10045
    },
    "percentage": {
        "ACTIVE": 44.08163265306123,
        "INACTIVE": 55.92393468737555,
        "INVALID": 0,
        "MALICIOUS": 0,
        "SANE": 0,
        "VALID": 0,
        "total": 100.00556734043678
    }
}