{
    "counter": {
        "ACTIVE": 14655,
        "INACTIVE": 19611,
        "INVALID": 0,
        "MALICIOUS": 0,
        "SANE": 0,
        "VALID": 0,
        "total": 34266
    },
    "percentage": {
        "ACTIVE": 42.769589960601195,
        "INACTIVE": 57.23165820346699,
        "INVALID": 0,
        "MALICIOUS": 0,
        "SANE": 0,
        "VALID": 0,
        "total": 100.00124816406819
    }
}