{
    "counter": {
        "ACTIVE": 28397,
        "INACTIVE": 36297,
        "INVALID": 0,
        "MALICIOUS": 0,
        "SANE": 0,
        "VALID": 0,
        "total": 64694
    },
    "percentage": {
        "ACTIVE": 43.89501182508154,
        "INACTIVE": 56.10566667697159,
        "INVALID": 0.0,
        "MALICIOUS": 0.0,
        "SANE": 0.0,
        "VALID": 0.0,
        "total": 100.00067850205312
    }
}