{
    "counter": {
        "ACTIVE": 7028,
        "INACTIVE": 9301,
        "INVALID": 0,
        "MALICIOUS": 0,
        "SANE": 0,
        "VALID": 0,
        "total": 16329
    },
    "percentage": {
        "ACTIVE": 43.03999020148203,
        "INACTIVE": 56.97047654048757,
        "INVALID": 0,
        "MALICIOUS": 0,
        "SANE": 0,
        "VALID": 0,
        "total": 100.0104667419696
    }
}