{
    "counter": {
        "ACTIVE": 9241,
        "INACTIVE": 12318,
        "INVALID": 0,
        "MALICIOUS": 0,
        "SANE": 0,
        "VALID": 0,
        "total": 21559
    },
    "percentage": {
        "ACTIVE": 42.8717234980283,
        "INACTIVE": 57.136230808479056,
        "INVALID": 0,
        "MALICIOUS": 0,
        "SANE": 0,
        "VALID": 0,
        "total": 100.00795430650736
    }
}