{
    "counter": {
        "ACTIVE": 41053,
        "INACTIVE": 54765,
        "INVALID": 0,
        "MALICIOUS": 0,
        "SANE": 0,
        "VALID": 0,
        "total": 95818
    },
    "percentage": {
        "ACTIVE": 42.84476820639129,
        "INACTIVE": 57.15523179360871,
        "INVALID": 0.0,
        "MALICIOUS": 0.0,
        "SANE": 0.0,
        "VALID": 0.0,
        "total": 100.0
    }
}