{
    "counter": {
        "ACTIVE": 14456,
        "INACTIVE": 19278,
        "INVALID": 0,
        "MALICIOUS": 0,
        "SANE": 0,
        "VALID": 0,
        "total": 33734
    },
    "percentage": {
        "ACTIVE": 42.85290804529555,
        "INACTIVE": 57.14878605519817,
        "INVALID": 0,
        "MALICIOUS": 0,
        "SANE": 0,
        "VALID": 0,
        "total": 100.00169410049372
    }
}