{
    "counter": {
        "ACTIVE": 26345,
        "INACTIVE": 33745,
        "INVALID": 0,
        "MALICIOUS": 0,
        "SANE": 0,
        "VALID": 0,
        "total": 60090
    },
    "percentage": {
        "ACTIVE": 43.84256947911466,
        "INACTIVE": 56.15743052088534,
        "INVALID": 0.0,
        "MALICIOUS": 0.0,
        "SANE": 0.0,
        "VALID": 0.0,
        "total": 100.0
    }
}