{
    "counter": {
        "ACTIVE": 22875,
        "INACTIVE": 27967,
        "INVALID": 0,
        "MALICIOUS": 0,
        "SANE": 0,
        "VALID": 0,
        "total": 50842
    },
    "percentage": {
        "ACTIVE": 44.99232917666496,
        "INACTIVE": 55.00767082333504,
        "INVALID": 0.0,
        "MALICIOUS": 0.0,
        "SANE": 0.0,
        "VALID": 0.0,
        "total": 100.0
    }
}