{
    "counter": {
        "ACTIVE": 32605,
        "INACTIVE": 40970,
        "INVALID": 0,
        "MALICIOUS": 0,
        "SANE": 0,
        "VALID": 0,
        "total": 73575
    },
    "percentage": {
        "ACTIVE": 44.31532449881074,
        "INACTIVE": 55.68467550118926,
        "INVALID": 0.0,
        "MALICIOUS": 0.0,
        "SANE": 0.0,
        "VALID": 0.0,
        "total": 100.0
    }
}