{
    "counter": {
        "ACTIVE": 34730,
        "INACTIVE": 43319,
        "INVALID": 0,
        "MALICIOUS": 0,
        "SANE": 0,
        "VALID": 0,
        "total": 78049
    },
    "percentage": {
        "ACTIVE": 44.497687350254324,
        "INACTIVE": 55.502312649745676,
        "INVALID": 0.0,
        "MALICIOUS": 0.0,
        "SANE": 0.0,
        "VALID": 0.0,
        "total": 100.0
    }
}