{
    "counter": {
        "ACTIVE": 38656,
        "INACTIVE": 47725,
        "INVALID": 0,
        "MALICIOUS": 0,
        "SANE": 0,
        "VALID": 0,
        "total": 86381
    },
    "percentage": {
        "ACTIVE": 44.75058172514789,
        "INACTIVE": 55.24941827485211,
        "INVALID": 0.0,
        "MALICIOUS": 0.0,
        "SANE": 0.0,
        "VALID": 0.0,
        "total": 100.0
    }
}