{
    "counter": {
        "ACTIVE": 10746,
        "INACTIVE": 13624,
        "INVALID": 0,
        "MALICIOUS": 0,
        "SANE": 0,
        "VALID": 0,
        "total": 24370
    },
    "percentage": {
        "ACTIVE": 44.10424789657295,
        "INACTIVE": 55.9048009848174,
        "INVALID": 0,
        "MALICIOUS": 0,
        "SANE": 0,
        "VALID": 0,
        "total": 100.00904888139036
    }
}