{
    "counter": {
        "ACTIVE": 34394,
        "INACTIVE": 43096,
        "INVALID": 0,
        "MALICIOUS": 0,
        "SANE": 0,
        "VALID": 0,
        "total": 77490
    },
    "percentage": {
        "ACTIVE": 44.385081946057554,
        "INACTIVE": 55.614918053942446,
        "INVALID": 0.0,
        "MALICIOUS": 0.0,
        "SANE": 0.0,
        "VALID": 0.0,
        "total": 100.0
    }
}