{
    "counter": {
        "ACTIVE": 20865,
        "INACTIVE": 25789,
        "INVALID": 0,
        "MALICIOUS": 0,
        "SANE": 0,
        "VALID": 0,
        "total": 46654
    },
    "percentage": {
        "ACTIVE": 44.72285334590818,
        "INACTIVE": 55.278331511371185,
        "INVALID": 0,
        "MALICIOUS": 0,
        "SANE": 0,
        "VALID": 0,
        "total": 100.00118485727936
    }
}