{
    "counter": {
        "ACTIVE": 39516,
        "INACTIVE": 49255,
        "INVALID": 0,
        "MALICIOUS": 0,
        "SANE": 0,
        "VALID": 0,
        "total": 88771
    },
    "percentage": {
        "ACTIVE": 44.51453740523369,
        "INACTIVE": 55.48546259476631,
        "INVALID": 0.0,
        "MALICIOUS": 0.0,
        "SANE": 0.0,
        "VALID": 0.0,
        "total": 100.0
    }
}