{
    "counter": {
        "ACTIVE": 16803,
        "INACTIVE": 21856,
        "INVALID": 0,
        "MALICIOUS": 0,
        "SANE": 0,
        "VALID": 0,
        "total": 38659
    },
    "percentage": {
        "ACTIVE": 43.46465247419747,
        "INACTIVE": 56.53827249915927,
        "INVALID": 0,
        "MALICIOUS": 0,
        "SANE": 0,
        "VALID": 0,
        "total": 100.00292497335674
    }
}