{
    "counter": {
        "ACTIVE": 2325,
        "INACTIVE": 3040,
        "INVALID": 0,
        "MALICIOUS": 0,
        "SANE": 0,
        "VALID": 0,
        "total": 5365
    },
    "percentage": {
        "ACTIVE": 43.344519015659955,
        "INACTIVE": 56.66356011183598,
        "INVALID": 0,
        "MALICIOUS": 0,
        "SANE": 0,
        "VALID": 0,
        "total": 100.00807912749593
    }
}