{
    "counter": {
        "ACTIVE": 29828,
        "INACTIVE": 37722,
        "INVALID": 0,
        "MALICIOUS": 0,
        "SANE": 0,
        "VALID": 0,
        "total": 67550
    },
    "percentage": {
        "ACTIVE": 44.15822822289335,
        "INACTIVE": 55.84307920059216,
        "INVALID": 0.0,
        "MALICIOUS": 0.0,
        "SANE": 0.0,
        "VALID": 0.0,
        "total": 100.00130742348551
    }
}