{
    "counter": {
        "ACTIVE": 6307,
        "INACTIVE": 8010,
        "INVALID": 0,
        "MALICIOUS": 0,
        "SANE": 0,
        "VALID": 0,
        "total": 14317
    },
    "percentage": {
        "ACTIVE": 44.06175771971496,
        "INACTIVE": 55.94747502968499,
        "INVALID": 0,
        "MALICIOUS": 0,
        "SANE": 0,
        "VALID": 0,
        "total": 100.00923274939996
    }
}