{
    "counter": {
        "ACTIVE": 21662,
        "INACTIVE": 26632,
        "INVALID": 0,
        "MALICIOUS": 0,
        "SANE": 0,
        "VALID": 0,
        "total": 48294
    },
    "percentage": {
        "ACTIVE": 44.85443326293121,
        "INACTIVE": 55.14556673706879,
        "INVALID": 0.0,
        "MALICIOUS": 0.0,
        "SANE": 0.0,
        "VALID": 0.0,
        "total": 100.0
    }
}