{
    "counter": {
        "ACTIVE": 30480,
        "INACTIVE": 38245,
        "INVALID": 0,
        "MALICIOUS": 0,
        "SANE": 0,
        "VALID": 0,
        "total": 68725
    },
    "percentage": {
        "ACTIVE": 44.350672971989816,
        "INACTIVE": 55.65337601862631,
        "INVALID": 0.0,
        "MALICIOUS": 0.0,
        "SANE": 0.0,
        "VALID": 0.0,
        "total": 100.00404899061613
    }
}