{
    "counter": {
        "ACTIVE": 15467,
        "INACTIVE": 20840,
        "INVALID": 0,
        "MALICIOUS": 0,
        "SANE": 0,
        "VALID": 0,
        "total": 36307
    },
    "percentage": {
        "ACTIVE": 42.60177381149121,
        "INACTIVE": 57.39939956482221,
        "INVALID": 0,
        "MALICIOUS": 0,
        "SANE": 0,
        "VALID": 0,
        "total": 100.00117337631343
    }
}