{
    "counter": {
        "ACTIVE": 22714,
        "INACTIVE": 27853,
        "INVALID": 0,
        "MALICIOUS": 0,
        "SANE": 0,
        "VALID": 0,
        "total": 50567
    },
    "percentage": {
        "ACTIVE": 44.918622817252356,
        "INACTIVE": 55.081377182747644,
        "INVALID": 0.0,
        "MALICIOUS": 0.0,
        "SANE": 0.0,
        "VALID": 0.0,
        "total": 100.0
    }
}