{
    "counter": {
        "ACTIVE": 6941,
        "INACTIVE": 9198,
        "INVALID": 0,
        "MALICIOUS": 0,
        "SANE": 0,
        "VALID": 0,
        "total": 16139
    },
    "percentage": {
        "ACTIVE": 43.01028628082786,
        "INACTIVE": 56.992378709957244,
        "INVALID": 0,
        "MALICIOUS": 0,
        "SANE": 0,
        "VALID": 0,
        "total": 100.0026649907851
    }
}