{
    "counter": {
        "ACTIVE": 24129,
        "INACTIVE": 29866,
        "INVALID": 0,
        "MALICIOUS": 0,
        "SANE": 0,
        "VALID": 0,
        "total": 53995
    },
    "percentage": {
        "ACTIVE": 44.68747106213538,
        "INACTIVE": 55.31252893786462,
        "INVALID": 0.0,
        "MALICIOUS": 0.0,
        "SANE": 0.0,
        "VALID": 0.0,
        "total": 100.0
    }
}