{
    "counter": {
        "ACTIVE": 37674,
        "INACTIVE": 46474,
        "INVALID": 0,
        "MALICIOUS": 0,
        "SANE": 0,
        "VALID": 0,
        "total": 84148
    },
    "percentage": {
        "ACTIVE": 44.771117554784425,
        "INACTIVE": 55.228882445215575,
        "INVALID": 0.0,
        "MALICIOUS": 0.0,
        "SANE": 0.0,
        "VALID": 0.0,
        "total": 100.0
    }
}