{
    "counter": {
        "ACTIVE": 28503,
        "INACTIVE": 36381,
        "INVALID": 0,
        "MALICIOUS": 0,
        "SANE": 0,
        "VALID": 0,
        "total": 64884
    },
    "percentage": {
        "ACTIVE": 43.93322852122445,
        "INACTIVE": 56.07083410393934,
        "INVALID": 0.0,
        "MALICIOUS": 0.0,
        "SANE": 0.0,
        "VALID": 0.0,
        "total": 100.00406262516378
    }
}