{
    "counter": {
        "ACTIVE": 35465,
        "INACTIVE": 44417,
        "INVALID": 0,
        "MALICIOUS": 0,
        "SANE": 0,
        "VALID": 0,
        "total": 79882
    },
    "percentage": {
        "ACTIVE": 44.39673518439699,
        "INACTIVE": 55.60326481560301,
        "INVALID": 0.0,
        "MALICIOUS": 0.0,
        "SANE": 0.0,
        "VALID": 0.0,
        "total": 100.0
    }
}