{
    "counter": {
        "ACTIVE": 15905,
        "INACTIVE": 21101,
        "INVALID": 0,
        "MALICIOUS": 0,
        "SANE": 0,
        "VALID": 0,
        "total": 37006
    },
    "percentage": {
        "ACTIVE": 42.98067828671801,
        "INACTIVE": 57.02048316489218,
        "INVALID": 0,
        "MALICIOUS": 0,
        "SANE": 0,
        "VALID": 0,
        "total": 100.00116145161019
    }
}