{
    "counter": {
        "ACTIVE": 33666,
        "INACTIVE": 42515,
        "INVALID": 0,
        "MALICIOUS": 0,
        "SANE": 0,
        "VALID": 0,
        "total": 76181
    },
    "percentage": {
        "ACTIVE": 44.19212139509852,
        "INACTIVE": 55.80787860490148,
        "INVALID": 0.0,
        "MALICIOUS": 0.0,
        "SANE": 0.0,
        "VALID": 0.0,
        "total": 100.0
    }
}