{
    "counter": {
        "ACTIVE": 22630,
        "INACTIVE": 27746,
        "INVALID": 0,
        "MALICIOUS": 0,
        "SANE": 0,
        "VALID": 0,
        "total": 50376
    },
    "percentage": {
        "ACTIVE": 44.9221851675401,
        "INACTIVE": 55.0778148324599,
        "INVALID": 0.0,
        "MALICIOUS": 0.0,
        "SANE": 0.0,
        "VALID": 0.0,
        "total": 100.0
    }
}