{
    "counter": {
        "ACTIVE": 36415,
        "INACTIVE": 45539,
        "INVALID": 0,
        "MALICIOUS": 0,
        "SANE": 0,
        "VALID": 0,
        "total": 81954
    },
    "percentage": {
        "ACTIVE": 44.433462674183076,
        "INACTIVE": 55.566537325816924,
        "INVALID": 0.0,
        "MALICIOUS": 0.0,
        "SANE": 0.0,
        "VALID": 0.0,
        "total": 100.0
    }
}