{
    "counter": {
        "ACTIVE": 42398,
        "INACTIVE": 56410,
        "INVALID": 0,
        "MALICIOUS": 0,
        "SANE": 0,
        "VALID": 0,
        "total": 98808
    },
    "percentage": {
        "ACTIVE": 42.909481013683106,
        "INACTIVE": 57.090518986316894,
        "INVALID": 0.0,
        "MALICIOUS": 0.0,
        "SANE": 0.0,
        "VALID": 0.0,
        "total": 100.0
    }
}