{
    "counter": {
        "ACTIVE": 38482,
        "INACTIVE": 47542,
        "INVALID": 0,
        "MALICIOUS": 0,
        "SANE": 0,
        "VALID": 0,
        "total": 86024
    },
    "percentage": {
        "ACTIVE": 44.73402771319632,
        "INACTIVE": 55.26597228680368,
        "INVALID": 0.0,
        "MALICIOUS": 0.0,
        "SANE": 0.0,
        "VALID": 0.0,
        "total": 100.0
    }
}