{
    "counter": {
        "ACTIVE": 11412,
        "INACTIVE": 14166,
        "INVALID": 0,
        "MALICIOUS": 0,
        "SANE": 0,
        "VALID": 0,
        "total": 25578
    },
    "percentage": {
        "ACTIVE": 44.62519063074336,
        "INACTIVE": 55.3835327234342,
        "INVALID": 0,
        "MALICIOUS": 0,
        "SANE": 0,
        "VALID": 0,
        "total": 100.00872335417756
    }
}