{
    "counter": {
        "ACTIVE": 40297,
        "INACTIVE": 52501,
        "INVALID": 0,
        "MALICIOUS": 0,
        "SANE": 0,
        "VALID": 0,
        "total": 92798
    },
    "percentage": {
        "ACTIVE": 43.4244272505873,
        "INACTIVE": 56.5755727494127,
        "INVALID": 0.0,
        "MALICIOUS": 0.0,
        "SANE": 0.0,
        "VALID": 0.0,
        "total": 100.0
    }
}