{
    "counter": {
        "ACTIVE": 25342,
        "INACTIVE": 31955,
        "INVALID": 0,
        "MALICIOUS": 0,
        "SANE": 0,
        "VALID": 0,
        "total": 57297
    },
    "percentage": {
        "ACTIVE": 44.22919175524024,
        "INACTIVE": 55.77080824475976,
        "INVALID": 0.0,
        "MALICIOUS": 0.0,
        "SANE": 0.0,
        "VALID": 0.0,
        "total": 100.0
    }
}