{
    "counter": {
        "ACTIVE": 17116,
        "INACTIVE": 22186,
        "INVALID": 0,
        "MALICIOUS": 0,
        "SANE": 0,
        "VALID": 0,
        "total": 39302
    },
    "percentage": {
        "ACTIVE": 43.5499465676047,
        "INACTIVE": 56.4529262086514,
        "INVALID": 0,
        "MALICIOUS": 0,
        "SANE": 0,
        "VALID": 0,
        "total": 100.0028727762561
    }
}