{
    "counter": {
        "ACTIVE": 42182,
        "INACTIVE": 56084,
        "INVALID": 0,
        "MALICIOUS": 0,
        "SANE": 0,
        "VALID": 0,
        "total": 98266
    },
    "percentage": {
        "ACTIVE": 42.92634278387234,
        "INACTIVE": 57.07365721612766,
        "INVALID": 0.0,
        "MALICIOUS": 0.0,
        "SANE": 0.0,
        "VALID": 0.0,
        "total": 100.0
    }
}