{
    "counter": {
        "ACTIVE": 35603,
        "INACTIVE": 44596,
        "INVALID": 0,
        "MALICIOUS": 0,
        "SANE": 0,
        "VALID": 0,
        "total": 80199
    },
    "percentage": {
        "ACTIVE": 44.39332161248893,
        "INACTIVE": 55.60667838751107,
        "INVALID": 0.0,
        "MALICIOUS": 0.0,
        "SANE": 0.0,
        "VALID": 0.0,
        "total": 100.0
    }
}