{
    "counter": {
        "ACTIVE": 30573,
        "INACTIVE": 38333,
        "INVALID": 0,
        "MALICIOUS": 0,
        "SANE": 0,
        "VALID": 0,
        "total": 68906
    },
    "percentage": {
        "ACTIVE": 44.36978448588636,
        "INACTIVE": 55.63085943168955,
        "INVALID": 0.0,
        "MALICIOUS": 0.0,
        "SANE": 0.0,
        "VALID": 0.0,
        "total": 100.00064391757591
    }
}