{
    "counter": {
        "ACTIVE": 28182,
        "INACTIVE": 36061,
        "INVALID": 0,
        "MALICIOUS": 0,
        "SANE": 0,
        "VALID": 0,
        "total": 64243
    },
    "percentage": {
        "ACTIVE": 43.867814392229505,
        "INACTIVE": 56.13305936925999,
        "INVALID": 0.0,
        "MALICIOUS": 0.0,
        "SANE": 0.0,
        "VALID": 0.0,
        "total": 100.00087376148949
    }
}