{
    "counter": {
        "ACTIVE": 38917,
        "INACTIVE": 48041,
        "INVALID": 0,
        "MALICIOUS": 0,
        "SANE": 0,
        "VALID": 0,
        "total": 86958
    },
    "percentage": {
        "ACTIVE": 44.75378918558385,
        "INACTIVE": 55.24621081441615,
        "INVALID": 0.0,
        "MALICIOUS": 0.0,
        "SANE": 0.0,
        "VALID": 0.0,
        "total": 100.0
    }
}