{
    "counter": {
        "ACTIVE": 37150,
        "INACTIVE": 46100,
        "INVALID": 0,
        "MALICIOUS": 0,
        "SANE": 0,
        "VALID": 0,
        "total": 83250
    },
    "percentage": {
        "ACTIVE": 44.62462462462462,
        "INACTIVE": 55.37537537537538,
        "INVALID": 0.0,
        "MALICIOUS": 0.0,
        "SANE": 0.0,
        "VALID": 0.0,
        "total": 100.0
    }
}