{
    "counter": {
        "ACTIVE": 14182,
        "INACTIVE": 18925,
        "INVALID": 0,
        "MALICIOUS": 0,
        "SANE": 0,
        "VALID": 0,
        "total": 33107
    },
    "percentage": {
        "ACTIVE": 42.84074432092798,
        "INACTIVE": 57.163137705017064,
        "INVALID": 0,
        "MALICIOUS": 0,
        "SANE": 0,
        "VALID": 0,
        "total": 100.00388202594505
    }
}