{
    "counter": {
        "ACTIVE": 25724,
        "INACTIVE": 32707,
        "INVALID": 0,
        "MALICIOUS": 0,
        "SANE": 0,
        "VALID": 0,
        "total": 58431
    },
    "percentage": {
        "ACTIVE": 44.02457599561876,
        "INACTIVE": 55.97542400438124,
        "INVALID": 0.0,
        "MALICIOUS": 0.0,
        "SANE": 0.0,
        "VALID": 0.0,
        "total": 100.0
    }
}