{
    "counter": {
        "ACTIVE": 43387,
        "INACTIVE": 58037,
        "INVALID": 0,
        "MALICIOUS": 0,
        "SANE": 0,
        "VALID": 0,
        "total": 101424
    },
    "percentage": {
        "ACTIVE": 42.777843508439815,
        "INACTIVE": 57.222156491560185,
        "INVALID": 0.0,
        "MALICIOUS": 0.0,
        "SANE": 0.0,
        "VALID": 0.0,
        "total": 100.0
    }
}