{
    "counter": {
        "ACTIVE": 11327,
        "INACTIVE": 14030,
        "INVALID": 0,
        "MALICIOUS": 0,
        "SANE": 0,
        "VALID": 0,
        "total": 25357
    },
    "percentage": {
        "ACTIVE": 44.67011081752573,
        "INACTIVE": 55.33643606531514,
        "INVALID": 0,
        "MALICIOUS": 0,
        "SANE": 0,
        "VALID": 0,
        "total": 100.00654688284087
    }
}