{
    "counter": {
        "ACTIVE": 35901,
        "INACTIVE": 44943,
        "INVALID": 0,
        "MALICIOUS": 0,
        "SANE": 0,
        "VALID": 0,
        "total": 80844
    },
    "percentage": {
        "ACTIVE": 44.40774825590025,
        "INACTIVE": 55.59225174409975,
        "INVALID": 0.0,
        "MALICIOUS": 0.0,
        "SANE": 0.0,
        "VALID": 0.0,
        "total": 100.0
    }
}