{
    "counter": {
        "ACTIVE": 26917,
        "INACTIVE": 34440,
        "INVALID": 0,
        "MALICIOUS": 0,
        "SANE": 0,
        "VALID": 0,
        "total": 61357
    },
    "percentage": {
        "ACTIVE": 43.86948514431931,
        "INACTIVE": 56.13051485568069,
        "INVALID": 0.0,
        "MALICIOUS": 0.0,
        "SANE": 0.0,
        "VALID": 0.0,
        "total": 100.0
    }
}