{
    "counter": {
        "ACTIVE": 7364,
        "INACTIVE": 9726,
        "INVALID": 0,
        "MALICIOUS": 0,
        "SANE": 0,
        "VALID": 0,
        "total": 17090
    },
    "percentage": {
        "ACTIVE": 43.094569288389515,
        "INACTIVE": 56.91047396138092,
        "INVALID": 0,
        "MALICIOUS": 0,
        "SANE": 0,
        "VALID": 0,
        "total": 100.00504324977044
    }
}