{
    "counter": {
        "ACTIVE": 13436,
        "INACTIVE": 17497,
        "INVALID": 0,
        "MALICIOUS": 0,
        "SANE": 0,
        "VALID": 0,
        "total": 30933
    },
    "percentage": {
        "ACTIVE": 43.4456444415702,
        "INACTIVE": 56.56418711408528,
        "INVALID": 0,
        "MALICIOUS": 0,
        "SANE": 0,
        "VALID": 0,
        "total": 100.00983155565548
    }
}