{
    "counter": {
        "ACTIVE": 7877,
        "INACTIVE": 10318,
        "INVALID": 0,
        "MALICIOUS": 0,
        "SANE": 0,
        "VALID": 0,
        "total": 18195
    },
    "percentage": {
        "ACTIVE": 43.294492689897766,
        "INACTIVE": 56.70788678208299,
        "INVALID": 0,
        "MALICIOUS": 0,
        "SANE": 0,
        "VALID": 0,
        "total": 100.00237947198076
    }
}