{
    "counter": {
        "ACTIVE": 26276,
        "INACTIVE": 33670,
        "INVALID": 0,
        "MALICIOUS": 0,
        "SANE": 0,
        "VALID": 0,
        "total": 59946
    },
    "percentage": {
        "ACTIVE": 43.83278283788743,
        "INACTIVE": 56.16721716211257,
        "INVALID": 0.0,
        "MALICIOUS": 0.0,
        "SANE": 0.0,
        "VALID": 0.0,
        "total": 100.0
    }
}