{
    "counter": {
        "ACTIVE": 25203,
        "INACTIVE": 31692,
        "INVALID": 0,
        "MALICIOUS": 0,
        "SANE": 0,
        "VALID": 0,
        "total": 56895
    },
    "percentage": {
        "ACTIVE": 44.29738992881624,
        "INACTIVE": 55.70261007118376,
        "INVALID": 0.0,
        "MALICIOUS": 0.0,
        "SANE": 0.0,
        "VALID": 0.0,
        "total": 100.0
    }
}