{
    "counter": {
        "ACTIVE": 40430,
        "INACTIVE": 53463,
        "INVALID": 0,
        "MALICIOUS": 0,
        "SANE": 0,
        "VALID": 0,
        "total": 93893
    },
    "percentage": {
        "ACTIVE": 43.059653009276516,
        "INACTIVE": 56.940346990723484,
        "INVALID": 0.0,
        "MALICIOUS": 0.0,
        "SANE": 0.0,
        "VALID": 0.0,
        "total": 100.0
    }
}