{
    "counter": {
        "ACTIVE": 5689,
        "INACTIVE": 7104,
        "INVALID": 0,
        "MALICIOUS": 0,
        "SANE": 0,
        "VALID": 0,
        "total": 12793
    },
    "percentage": {
        "ACTIVE": 44.47310819262039,
        "INACTIVE": 55.53036817009302,
        "INVALID": 0,
        "MALICIOUS": 0,
        "SANE": 0,
        "VALID": 0,
        "total": 100.0034763627134
    }
}