{
    "counter": {
        "ACTIVE": 19094,
        "INACTIVE": 24007,
        "INVALID": 0,
        "MALICIOUS": 0,
        "SANE": 0,
        "VALID": 0,
        "total": 43101
    },
    "percentage": {
        "ACTIVE": 44.303679985150126,
        "INACTIVE": 55.69940372613164,
        "INVALID": 0,
        "MALICIOUS": 0,
        "SANE": 0,
        "VALID": 0,
        "total": 100.00308371128176
    }
}