{
    "counter": {
        "ACTIVE": 33579,
        "INACTIVE": 42427,
        "INVALID": 0,
        "MALICIOUS": 0,
        "SANE": 0,
        "VALID": 0,
        "total": 76006
    },
    "percentage": {
        "ACTIVE": 44.17940688892982,
        "INACTIVE": 55.82059311107018,
        "INVALID": 0.0,
        "MALICIOUS": 0.0,
        "SANE": 0.0,
        "VALID": 0.0,
        "total": 100.0
    }
}