{
    "counter": {
        "ACTIVE": 29533,
        "INACTIVE": 37385,
        "INVALID": 0,
        "MALICIOUS": 0,
        "SANE": 0,
        "VALID": 0,
        "total": 66918
    },
    "percentage": {
        "ACTIVE": 44.133118144594874,
        "INACTIVE": 55.8677167237025,
        "INVALID": 0.0,
        "MALICIOUS": 0.0,
        "SANE": 0.0,
        "VALID": 0.0,
        "total": 100.00083486829737
    }
}