{
    "counter": {
        "ACTIVE": 39791,
        "INACTIVE": 49892,
        "INVALID": 0,
        "MALICIOUS": 0,
        "SANE": 0,
        "VALID": 0,
        "total": 89683
    },
    "percentage": {
        "ACTIVE": 44.368497931603535,
        "INACTIVE": 55.631502068396465,
        "INVALID": 0.0,
        "MALICIOUS": 0.0,
        "SANE": 0.0,
        "VALID": 0.0,
        "total": 100.0
    }
}