{
    "counter": {
        "ACTIVE": 27647,
        "INACTIVE": 35309,
        "INVALID": 0,
        "MALICIOUS": 0,
        "SANE": 0,
        "VALID": 0,
        "total": 62956
    },
    "percentage": {
        "ACTIVE": 43.914797636444504,
        "INACTIVE": 56.085202363555496,
        "INVALID": 0.0,
        "MALICIOUS": 0.0,
        "SANE": 0.0,
        "VALID": 0.0,
        "total": 100.0
    }
}