{
    "counter": {
        "ACTIVE": 16707,
        "INACTIVE": 21776,
        "INVALID": 0,
        "MALICIOUS": 0,
        "SANE": 0,
        "VALID": 0,
        "total": 38483
    },
    "percentage": {
        "ACTIVE": 43.41623138691822,
        "INACTIVE": 56.58602499805109,
        "INVALID": 0,
        "MALICIOUS": 0,
        "SANE": 0,
        "VALID": 0,
        "total": 100.00225638496931
    }
}