{
    "counter": {
        "ACTIVE": 34341,
        "INACTIVE": 43046,
        "INVALID": 0,
        "MALICIOUS": 0,
        "SANE": 0,
        "VALID": 0,
        "total": 77387
    },
    "percentage": {
        "ACTIVE": 44.37567033222634,
        "INACTIVE": 55.62432966777366,
        "INVALID": 0.0,
        "MALICIOUS": 0.0,
        "SANE": 0.0,
        "VALID": 0.0,
        "total": 100.0
    }
}