{
    "counter": {
        "ACTIVE": 4579,
        "INACTIVE": 5820,
        "INVALID": 0,
        "MALICIOUS": 0,
        "SANE": 0,
        "VALID": 0,
        "total": 10399
    },
    "percentage": {
        "ACTIVE": 44.0415504472444,
        "INACTIVE": 55.96691989614386,
        "INVALID": 0,
        "MALICIOUS": 0,
        "SANE": 0,
        "VALID": 0,
        "total": 100.00847034338825
    }
}