{
    "counter": {
        "ACTIVE": 569,
        "INACTIVE": 793,
        "INVALID": 0,
        "MALICIOUS": 0,
        "SANE": 0,
        "VALID": 0,
        "total": 1362
    },
    "percentage": {
        "ACTIVE": 41.776798825256975,
        "INACTIVE": 58.265980896399704,
        "INVALID": 0,
        "MALICIOUS": 0,
        "SANE": 0,
        "VALID": 0,
        "total": 100.04277972165667
    }
}