{
    "counter": {
        "ACTIVE": 14968,
        "INACTIVE": 20053,
        "INVALID": 0,
        "MALICIOUS": 0,
        "SANE": 0,
        "VALID": 0,
        "total": 35021
    },
    "percentage": {
        "ACTIVE": 42.7412906910337,
        "INACTIVE": 57.25992975643185,
        "INVALID": 0,
        "MALICIOUS": 0,
        "SANE": 0,
        "VALID": 0,
        "total": 100.00122044746556
    }
}