{
    "counter": {
        "ACTIVE": 43698,
        "INACTIVE": 58655,
        "INVALID": 0,
        "MALICIOUS": 0,
        "SANE": 0,
        "VALID": 0,
        "total": 102353
    },
    "percentage": {
        "ACTIVE": 42.69342373941164,
        "INACTIVE": 57.30657626058836,
        "INVALID": 0.0,
        "MALICIOUS": 0.0,
        "SANE": 0.0,
        "VALID": 0.0,
        "total": 100.0
    }
}