{
    "counter": {
        "ACTIVE": 34651,
        "INACTIVE": 43243,
        "INVALID": 0,
        "MALICIOUS": 0,
        "SANE": 0,
        "VALID": 0,
        "total": 77894
    },
    "percentage": {
        "ACTIVE": 44.48481269417413,
        "INACTIVE": 55.51518730582587,
        "INVALID": 0.0,
        "MALICIOUS": 0.0,
        "SANE": 0.0,
        "VALID": 0.0,
        "total": 100.0
    }
}