{
    "counter": {
        "ACTIVE": 24195,
        "INACTIVE": 30026,
        "INVALID": 0,
        "MALICIOUS": 0,
        "SANE": 0,
        "VALID": 0,
        "total": 54221
    },
    "percentage": {
        "ACTIVE": 44.622932074288556,
        "INACTIVE": 55.377067925711444,
        "INVALID": 0.0,
        "MALICIOUS": 0.0,
        "SANE": 0.0,
        "VALID": 0.0,
        "total": 100.0
    }
}