{
    "counter": {
        "ACTIVE": 15874,
        "INACTIVE": 21078,
        "INVALID": 0,
        "MALICIOUS": 0,
        "SANE": 0,
        "VALID": 0,
        "total": 36952
    },
    "percentage": {
        "ACTIVE": 42.95843256116042,
        "INACTIVE": 57.0446549391069,
        "INVALID": 0,
        "MALICIOUS": 0,
        "SANE": 0,
        "VALID": 0,
        "total": 100.00308750026733
    }
}