{
    "counter": {
        "ACTIVE": 198,
        "INACTIVE": 300,
        "INVALID": 0,
        "MALICIOUS": 0,
        "SANE": 0,
        "VALID": 0,
        "total": 498
    },
    "percentage": {
        "ACTIVE": 39.839034205231385,
        "INACTIVE": 60.24096385542169,
        "INVALID": 0,
        "MALICIOUS": 0,
        "SANE": 0,
        "VALID": 0,
        "total": 100.07999806065308
    }
}