{
    "counter": {
        "ACTIVE": 5042,
        "INACTIVE": 6340,
        "INVALID": 0,
        "MALICIOUS": 0,
        "SANE": 0,
        "VALID": 0,
        "total": 11382
    },
    "percentage": {
        "ACTIVE": 44.29801440871552,
        "INACTIVE": 55.71177504393673,
        "INVALID": 0,
        "MALICIOUS": 0,
        "SANE": 0,
        "VALID": 0,
        "total": 100.00978945265226
    }
}