{
    "counter": {
        "ACTIVE": 21243,
        "INACTIVE": 26183,
        "INVALID": 0,
        "MALICIOUS": 0,
        "SANE": 0,
        "VALID": 0,
        "total": 47426
    },
    "percentage": {
        "ACTIVE": 44.79188630708894,
        "INACTIVE": 55.20811369291106,
        "INVALID": 0.0,
        "MALICIOUS": 0.0,
        "SANE": 0.0,
        "VALID": 0.0,
        "total": 100.0
    }
}