{
    "counter": {
        "ACTIVE": 39032,
        "INACTIVE": 48263,
        "INVALID": 0,
        "MALICIOUS": 0,
        "SANE": 0,
        "VALID": 0,
        "total": 87295
    },
    "percentage": {
        "ACTIVE": 44.71275559883155,
        "INACTIVE": 55.28724440116845,
        "INVALID": 0.0,
        "MALICIOUS": 0.0,
        "SANE": 0.0,
        "VALID": 0.0,
        "total": 100.0
    }
}