{
    "counter": {
        "ACTIVE": 17335,
        "INACTIVE": 22425,
        "INVALID": 0,
        "MALICIOUS": 0,
        "SANE": 0,
        "VALID": 0,
        "total": 39760
    },
    "percentage": {
        "ACTIVE": 43.59909456740443,
        "INACTIVE": 56.40374264299009,
        "INVALID": 0,
        "MALICIOUS": 0,
        "SANE": 0,
        "VALID": 0,
        "total": 100.00283721039452
    }
}