{
    "counter": {
        "ACTIVE": 29761,
        "INACTIVE": 37628,
        "INVALID": 0,
        "MALICIOUS": 0,
        "SANE": 0,
        "VALID": 0,
        "total": 67389
    },
    "percentage": {
        "ACTIVE": 44.16299396043865,
        "INACTIVE": 55.838663243652334,
        "INVALID": 0.0,
        "MALICIOUS": 0.0,
        "SANE": 0.0,
        "VALID": 0.0,
        "total": 100.00165720409098
    }
}