{
    "counter": {
        "ACTIVE": 33320,
        "INACTIVE": 42013,
        "INVALID": 0,
        "MALICIOUS": 0,
        "SANE": 0,
        "VALID": 0,
        "total": 75333
    },
    "percentage": {
        "ACTIVE": 44.230284204797364,
        "INACTIVE": 55.769715795202636,
        "INVALID": 0.0,
        "MALICIOUS": 0.0,
        "SANE": 0.0,
        "VALID": 0.0,
        "total": 100.0
    }
}