{
    "counter": {
        "ACTIVE": 3643,
        "INACTIVE": 4489,
        "INVALID": 0,
        "MALICIOUS": 0,
        "SANE": 0,
        "VALID": 0,
        "total": 8132
    },
    "percentage": {
        "ACTIVE": 44.8038371664002,
        "INACTIVE": 55.201672405312344,
        "INVALID": 0,
        "MALICIOUS": 0,
        "SANE": 0,
        "VALID": 0,
        "total": 100.00550957171254
    }
}