{
    "counter": {
        "ACTIVE": 25664,
        "INACTIVE": 32621,
        "INVALID": 0,
        "MALICIOUS": 0,
        "SANE": 0,
        "VALID": 0,
        "total": 58285
    },
    "percentage": {
        "ACTIVE": 44.03191215578622,
        "INACTIVE": 55.96808784421378,
        "INVALID": 0.0,
        "MALICIOUS": 0.0,
        "SANE": 0.0,
        "VALID": 0.0,
        "total": 100.0
    }
}