{
    "counter": {
        "ACTIVE": 37880,
        "INACTIVE": 46869,
        "INVALID": 0,
        "MALICIOUS": 0,
        "SANE": 0,
        "VALID": 0,
        "total": 84749
    },
    "percentage": {
        "ACTIVE": 44.696692586343204,
        "INACTIVE": 55.303307413656796,
        "INVALID": 0.0,
        "MALICIOUS": 0.0,
        "SANE": 0.0,
        "VALID": 0.0,
        "total": 100.0
    }
}