{
    "counter": {
        "ACTIVE": 41611,
        "INACTIVE": 55360,
        "INVALID": 0,
        "MALICIOUS": 0,
        "SANE": 0,
        "VALID": 0,
        "total": 96971
    },
    "percentage": {
        "ACTIVE": 42.910767136566605,
        "INACTIVE": 57.089232863433395,
        "INVALID": 0.0,
        "MALICIOUS": 0.0,
        "SANE": 0.0,
        "VALID": 0.0,
        "total": 100.0
    }
}