{
    "counter": {
        "ACTIVE": 3620,
        "INACTIVE": 4419,
        "INVALID": 0,
        "MALICIOUS": 0,
        "SANE": 0,
        "VALID": 0,
        "total": 8039
    },
    "percentage": {
        "ACTIVE": 45.030476427416346,
        "INACTIVE": 54.983202687569985,
        "INVALID": 0,
        "MALICIOUS": 0,
        "SANE": 0,
        "VALID": 0,
        "total": 100.01367911498633
    }
}