{
    "counter": {
        "ACTIVE": 36685,
        "INACTIVE": 45917,
        "INVALID": 0,
        "MALICIOUS": 0,
        "SANE": 0,
        "VALID": 0,
        "total": 82602
    },
    "percentage": {
        "ACTIVE": 44.41175758456212,
        "INACTIVE": 55.58824241543788,
        "INVALID": 0.0,
        "MALICIOUS": 0.0,
        "SANE": 0.0,
        "VALID": 0.0,
        "total": 100.0
    }
}