{
    "counter": {
        "ACTIVE": 31659,
        "INACTIVE": 39674,
        "INVALID": 0,
        "MALICIOUS": 0,
        "SANE": 0,
        "VALID": 0,
        "total": 71333
    },
    "percentage": {
        "ACTIVE": 44.38198309337894,
        "INACTIVE": 55.618796613020805,
        "INVALID": 0.0,
        "MALICIOUS": 0.0,
        "SANE": 0.0,
        "VALID": 0.0,
        "total": 100.00077970639975
    }
}