{
    "counter": {
        "ACTIVE": 22307,
        "INACTIVE": 27422,
        "INVALID": 0,
        "MALICIOUS": 0,
        "SANE": 0,
        "VALID": 0,
        "total": 49729
    },
    "percentage": {
        "ACTIVE": 44.85712562086509,
        "INACTIVE": 55.14287437913491,
        "INVALID": 0.0,
        "MALICIOUS": 0.0,
        "SANE": 0.0,
        "VALID": 0.0,
        "total": 100.0
    }
}