{
    "counter": {
        "ACTIVE": 40675,
        "INACTIVE": 54335,
        "INVALID": 0,
        "MALICIOUS": 0,
        "SANE": 0,
        "VALID": 0,
        "total": 95010
    },
    "percentage": {
        "ACTIVE": 42.8112830228397,
        "INACTIVE": 57.1887169771603,
        "INVALID": 0.0,
        "MALICIOUS": 0.0,
        "SANE": 0.0,
        "VALID": 0.0,
        "total": 100.0
    }
}