{
    "counter": {
        "ACTIVE": 36493,
        "INACTIVE": 45625,
        "INVALID": 0,
        "MALICIOUS": 0,
        "SANE": 0,
        "VALID": 0,
        "total": 82118
    },
    "percentage": {
        "ACTIVE": 44.439708711853676,
        "INACTIVE": 55.560291288146324,
        "INVALID": 0.0,
        "MALICIOUS": 0.0,
        "SANE": 0.0,
        "VALID": 0.0,
        "total": 100.0
    }
}