{
    "counter": {
        "ACTIVE": 34982,
        "INACTIVE": 43642,
        "INVALID": 0,
        "MALICIOUS": 0,
        "SANE": 0,
        "VALID": 0,
        "total": 78624
    },
    "percentage": {
        "ACTIVE": 44.49277574277574,
        "INACTIVE": 55.50722425722426,
        "INVALID": 0.0,
        "MALICIOUS": 0.0,
        "SANE": 0.0,
        "VALID": 0.0,
        "total": 100.0
    }
}