{
    "counter": {
        "ACTIVE": 26202,
        "INACTIVE": 33588,
        "INVALID": 0,
        "MALICIOUS": 0,
        "SANE": 0,
        "VALID": 0,
        "total": 59790
    },
    "percentage": {
        "ACTIVE": 43.823381836427494,
        "INACTIVE": 56.176618163572506,
        "INVALID": 0.0,
        "MALICIOUS": 0.0,
        "SANE": 0.0,
        "VALID": 0.0,
        "total": 100.0
    }
}