{
    "counter": {
        "ACTIVE": 8332,
        "INACTIVE": 11135,
        "INVALID": 0,
        "MALICIOUS": 0,
        "SANE": 0,
        "VALID": 0,
        "total": 19467
    },
    "percentage": {
        "ACTIVE": 42.802835713551836,
        "INACTIVE": 57.199363024605745,
        "INVALID": 0,
        "MALICIOUS": 0,
        "SANE": 0,
        "VALID": 0,
        "total": 100.00219873815757
    }
}