{
    "counter": {
        "ACTIVE": 10706,
        "INACTIVE": 13573,
        "INVALID": 0,
        "MALICIOUS": 0,
        "SANE": 0,
        "VALID": 0,
        "total": 24279
    },
    "percentage": {
        "ACTIVE": 44.097536864651126,
        "INACTIVE": 55.90427941842745,
        "INVALID": 0,
        "MALICIOUS": 0,
        "SANE": 0,
        "VALID": 0,
        "total": 100.00181628307857
    }
}