{
    "counter": {
        "ACTIVE": 20433,
        "INACTIVE": 25480,
        "INVALID": 0,
        "MALICIOUS": 0,
        "SANE": 0,
        "VALID": 0,
        "total": 45913
    },
    "percentage": {
        "ACTIVE": 44.50373532550694,
        "INACTIVE": 55.49747342742638,
        "INVALID": 0,
        "MALICIOUS": 0,
        "SANE": 0,
        "VALID": 0,
        "total": 100.00120875293331
    }
}