{
    "counter": {
        "ACTIVE": 16812,
        "INACTIVE": 21861,
        "INVALID": 0,
        "MALICIOUS": 0,
        "SANE": 0,
        "VALID": 0,
        "total": 38673
    },
    "percentage": {
        "ACTIVE": 43.472189899930186,
        "INACTIVE": 56.5336574517055,
        "INVALID": 0,
        "MALICIOUS": 0,
        "SANE": 0,
        "VALID": 0,
        "total": 100.00584735163568
    }
}