{
    "counter": {
        "ACTIVE": 31131,
        "INACTIVE": 38923,
        "INVALID": 0,
        "MALICIOUS": 0,
        "SANE": 0,
        "VALID": 0,
        "total": 70054
    },
    "percentage": {
        "ACTIVE": 44.44047907952777,
        "INACTIVE": 55.56142404430867,
        "INVALID": 0.0,
        "MALICIOUS": 0.0,
        "SANE": 0.0,
        "VALID": 0.0,
        "total": 100.00190312383644
    }
}