{
    "counter": {
        "ACTIVE": 26828,
        "INACTIVE": 34312,
        "INVALID": 0,
        "MALICIOUS": 0,
        "SANE": 0,
        "VALID": 0,
        "total": 61140
    },
    "percentage": {
        "ACTIVE": 43.87962054301603,
        "INACTIVE": 56.12037945698397,
        "INVALID": 0.0,
        "MALICIOUS": 0.0,
        "SANE": 0.0,
        "VALID": 0.0,
        "total": 100.0
    }
}