{
    "counter": {
        "ACTIVE": 40452,
        "INACTIVE": 53509,
        "INVALID": 0,
        "MALICIOUS": 0,
        "SANE": 0,
        "VALID": 0,
        "total": 93961
    },
    "percentage": {
        "ACTIVE": 43.05190451357478,
        "INACTIVE": 56.94809548642522,
        "INVALID": 0.0,
        "MALICIOUS": 0.0,
        "SANE": 0.0,
        "VALID": 0.0,
        "total": 100.0
    }
}