{
    "counter": {
        "ACTIVE": 10706,
        "INACTIVE": 13577,
        "INVALID": 0,
        "MALICIOUS": 0,
        "SANE": 0,
        "VALID": 0,
        "total": 24283
    },
    "percentage": {
        "ACTIVE": 44.097536864651126,
        "INACTIVE": 55.91154305481201,
        "INVALID": 0,
        "MALICIOUS": 0,
        "SANE": 0,
        "VALID": 0,
        "total": 100.00907991946313
    }
}