{
    "counter": {
        "ACTIVE": 17339,
        "INACTIVE": 22428,
        "INVALID": 0,
        "MALICIOUS": 0,
        "SANE": 0,
        "VALID": 0,
        "total": 39767
    },
    "percentage": {
        "ACTIVE": 43.60257506412513,
        "INACTIVE": 56.39852138707974,
        "INVALID": 0,
        "MALICIOUS": 0,
        "SANE": 0,
        "VALID": 0,
        "total": 100.00109645120487
    }
}