{
    "counter": {
        "ACTIVE": 33969,
        "INACTIVE": 42734,
        "INVALID": 0,
        "MALICIOUS": 0,
        "SANE": 0,
        "VALID": 0,
        "total": 76703
    },
    "percentage": {
        "ACTIVE": 44.28640340012777,
        "INACTIVE": 55.71359659987223,
        "INVALID": 0.0,
        "MALICIOUS": 0.0,
        "SANE": 0.0,
        "VALID": 0.0,
        "total": 100.0
    }
}