{
    "counter": {
        "ACTIVE": 8807,
        "INACTIVE": 11858,
        "INVALID": 0,
        "MALICIOUS": 0,
        "SANE": 0,
        "VALID": 0,
        "total": 20665
    },
    "percentage": {
        "ACTIVE": 42.62207811063253,
        "INACTIVE": 57.382046939269294,
        "INVALID": 0,
        "MALICIOUS": 0,
        "SANE": 0,
        "VALID": 0,
        "total": 100.00412504990183
    }
}