{
    "counter": {
        "ACTIVE": 22960,
        "INACTIVE": 28090,
        "INVALID": 0,
        "MALICIOUS": 0,
        "SANE": 0,
        "VALID": 0,
        "total": 51050
    },
    "percentage": {
        "ACTIVE": 44.97551420176298,
        "INACTIVE": 55.02448579823702,
        "INVALID": 0.0,
        "MALICIOUS": 0.0,
        "SANE": 0.0,
        "VALID": 0.0,
        "total": 100.0
    }
}