{
    "counter": {
        "ACTIVE": 40415,
        "INACTIVE": 53305,
        "INVALID": 0,
        "MALICIOUS": 0,
        "SANE": 0,
        "VALID": 0,
        "total": 93720
    },
    "percentage": {
        "ACTIVE": 43.123132735808795,
        "INACTIVE": 56.876867264191205,
        "INVALID": 0.0,
        "MALICIOUS": 0.0,
        "SANE": 0.0,
        "VALID": 0.0,
        "total": 100.0
    }
}