{
    "counter": {
        "ACTIVE": 7459,
        "INACTIVE": 9874,
        "INVALID": 0,
        "MALICIOUS": 0,
        "SANE": 0,
        "VALID": 0,
        "total": 17333
    },
    "percentage": {
        "ACTIVE": 43.045937211449676,
        "INACTIVE": 56.96648012461778,
        "INVALID": 0,
        "MALICIOUS": 0,
        "SANE": 0,
        "VALID": 0,
        "total": 100.01241733606746
    }
}