{
    "counter": {
        "ACTIVE": 27802,
        "INACTIVE": 35470,
        "INVALID": 0,
        "MALICIOUS": 0,
        "SANE": 0,
        "VALID": 0,
        "total": 63272
    },
    "percentage": {
        "ACTIVE": 43.94253109737786,
        "INACTIVE": 56.05955240864837,
        "INVALID": 0.0,
        "MALICIOUS": 0.0,
        "SANE": 0.0,
        "VALID": 0.0,
        "total": 100.00208350602622
    }
}