{
    "counter": {
        "ACTIVE": 19137,
        "INACTIVE": 24050,
        "INVALID": 0,
        "MALICIOUS": 0,
        "SANE": 0,
        "VALID": 0,
        "total": 43187
    },
    "percentage": {
        "ACTIVE": 44.3129717964155,
        "INACTIVE": 55.688054275592194,
        "INVALID": 0,
        "MALICIOUS": 0,
        "SANE": 0,
        "VALID": 0,
        "total": 100.0010260720077
    }
}