{
    "counter": {
        "ACTIVE": 21411,
        "INACTIVE": 26316,
        "INVALID": 0,
        "MALICIOUS": 0,
        "SANE": 0,
        "VALID": 0,
        "total": 47727
    },
    "percentage": {
        "ACTIVE": 44.861399207995476,
        "INACTIVE": 55.138600792004524,
        "INVALID": 0.0,
        "MALICIOUS": 0.0,
        "SANE": 0.0,
        "VALID": 0.0,
        "total": 100.0
    }
}