{
    "counter": {
        "ACTIVE": 22476,
        "INACTIVE": 27635,
        "INVALID": 0,
        "MALICIOUS": 0,
        "SANE": 0,
        "VALID": 0,
        "total": 50111
    },
    "percentage": {
        "ACTIVE": 44.85242761070424,
        "INACTIVE": 55.14757238929576,
        "INVALID": 0.0,
        "MALICIOUS": 0.0,
        "SANE": 0.0,
        "VALID": 0.0,
        "total": 100.0
    }
}