{
    "counter": {
        "ACTIVE": 7855,
        "INACTIVE": 10280,
        "INVALID": 0,
        "MALICIOUS": 0,
        "SANE": 0,
        "VALID": 0,
        "total": 18135
    },
    "percentage": {
        "ACTIVE": 43.31403363661428,
        "INACTIVE": 56.68909231278262,
        "INVALID": 0,
        "MALICIOUS": 0,
        "SANE": 0,
        "VALID": 0,
        "total": 100.0031259493969
    }
}