{
    "counter": {
        "ACTIVE": 25974,
        "INACTIVE": 33228,
        "INVALID": 0,
        "MALICIOUS": 0,
        "SANE": 0,
        "VALID": 0,
        "total": 59202
    },
    "percentage": {
        "ACTIVE": 43.873517786561266,
        "INACTIVE": 56.126482213438734,
        "INVALID": 0.0,
        "MALICIOUS": 0.0,
        "SANE": 0.0,
        "VALID": 0.0,
        "total": 100.0
    }
}