{
    "counter": {
        "ACTIVE": 23533,
        "INACTIVE": 28856,
        "INVALID": 0,
        "MALICIOUS": 0,
        "SANE": 0,
        "VALID": 0,
        "total": 52389
    },
    "percentage": {
        "ACTIVE": 44.91973505888641,
        "INACTIVE": 55.08026494111359,
        "INVALID": 0.0,
        "MALICIOUS": 0.0,
        "SANE": 0.0,
        "VALID": 0.0,
        "total": 100.0
    }
}