{
    "counter": {
        "ACTIVE": 35211,
        "INACTIVE": 44137,
        "INVALID": 0,
        "MALICIOUS": 0,
        "SANE": 0,
        "VALID": 0,
        "total": 79348
    },
    "percentage": {
        "ACTIVE": 44.37540958814337,
        "INACTIVE": 55.62459041185663,
        "INVALID": 0.0,
        "MALICIOUS": 0.0,
        "SANE": 0.0,
        "VALID": 0.0,
        "total": 100.0
    }
}