{
    "counter": {
        "ACTIVE": 2776,
        "INACTIVE": 3433,
        "INVALID": 0,
        "MALICIOUS": 0,
        "SANE": 0,
        "VALID": 0,
        "total": 6209
    },
    "percentage": {
        "ACTIVE": 44.71649484536083,
        "INACTIVE": 55.290707038170396,
        "INVALID": 0,
        "MALICIOUS": 0,
        "SANE": 0,
        "VALID": 0,
        "total": 100.00720188353122
    }
}