{
    "counter": {
        "ACTIVE": 13030,
        "INACTIVE": 16530,
        "INVALID": 0,
        "MALICIOUS": 0,
        "SANE": 0,
        "VALID": 0,
        "total": 29560
    },
    "percentage": {
        "ACTIVE": 44.08132886768835,
        "INACTIVE": 55.920162381596754,
        "INVALID": 0,
        "MALICIOUS": 0,
        "SANE": 0,
        "VALID": 0,
        "total": 100.0014912492851
    }
}