{
    "counter": {
        "ACTIVE": 33502,
        "INACTIVE": 42308,
        "INVALID": 0,
        "MALICIOUS": 0,
        "SANE": 0,
        "VALID": 0,
        "total": 75810
    },
    "percentage": {
        "ACTIVE": 44.19205909510619,
        "INACTIVE": 55.80794090489381,
        "INVALID": 0.0,
        "MALICIOUS": 0.0,
        "SANE": 0.0,
        "VALID": 0.0,
        "total": 100.0
    }
}