{
    "counter": {
        "ACTIVE": 5470,
        "INACTIVE": 6819,
        "INVALID": 0,
        "MALICIOUS": 0,
        "SANE": 0,
        "VALID": 0,
        "total": 12289
    },
    "percentage": {
        "ACTIVE": 44.514973958333336,
        "INACTIVE": 55.48864838473432,
        "INVALID": 0,
        "MALICIOUS": 0,
        "SANE": 0,
        "VALID": 0,
        "total": 100.00362234306766
    }
}