{
    "counter": {
        "ACTIVE": 1664,
        "INACTIVE": 1830,
        "INVALID": 0,
        "MALICIOUS": 0,
        "SANE": 0,
        "VALID": 0,
        "total": 3494
    },
    "percentage": {
        "ACTIVE": 47.62449914138523,
        "INACTIVE": 52.40549828178694,
        "INVALID": 0,
        "MALICIOUS": 0,
        "SANE": 0,
        "VALID": 0,
        "total": 100.02999742317218
    }
}