{
    "counter": {
        "ACTIVE": 40482,
        "INACTIVE": 53558,
        "INVALID": 0,
        "MALICIOUS": 0,
        "SANE": 0,
        "VALID": 0,
        "total": 94040
    },
    "percentage": {
        "ACTIVE": 43.0476393024245,
        "INACTIVE": 56.9523606975755,
        "INVALID": 0.0,
        "MALICIOUS": 0.0,
        "SANE": 0.0,
        "VALID": 0.0,
        "total": 100.0
    }
}