{
    "counter": {
        "ACTIVE": 23455,
        "INACTIVE": 28793,
        "INVALID": 0,
        "MALICIOUS": 0,
        "SANE": 0,
        "VALID": 0,
        "total": 52248
    },
    "percentage": {
        "ACTIVE": 44.89167049456439,
        "INACTIVE": 55.10832950543561,
        "INVALID": 0.0,
        "MALICIOUS": 0.0,
        "SANE": 0.0,
        "VALID": 0.0,
        "total": 100.0
    }
}