{
    "counter": {
        "ACTIVE": 7880,
        "INACTIVE": 10321,
        "INVALID": 0,
        "MALICIOUS": 0,
        "SANE": 0,
        "VALID": 0,
        "total": 18201
    },
    "percentage": {
        "ACTIVE": 43.29432448766551,
        "INACTIVE": 56.71190724765097,
        "INVALID": 0,
        "MALICIOUS": 0,
        "SANE": 0,
        "VALID": 0,
        "total": 100.00623173531648
    }
}