{
    "counter": {
        "ACTIVE": 18726,
        "INACTIVE": 23754,
        "INVALID": 0,
        "MALICIOUS": 0,
        "SANE": 0,
        "VALID": 0,
        "total": 42480
    },
    "percentage": {
        "ACTIVE": 44.0819209039548,
        "INACTIVE": 55.925978245514905,
        "INVALID": 0,
        "MALICIOUS": 0,
        "SANE": 0,
        "VALID": 0,
        "total": 100.00789914946971
    }
}