{
    "counter": {
        "ACTIVE": 14644,
        "INACTIVE": 19596,
        "INVALID": 0,
        "MALICIOUS": 0,
        "SANE": 0,
        "VALID": 0,
        "total": 34240
    },
    "percentage": {
        "ACTIVE": 42.76994071088525,
        "INACTIVE": 57.231308411214954,
        "INVALID": 0,
        "MALICIOUS": 0,
        "SANE": 0,
        "VALID": 0,
        "total": 100.0012491221002
    }
}