{
    "counter": {
        "ACTIVE": 16843,
        "INACTIVE": 21900,
        "INVALID": 0,
        "MALICIOUS": 0,
        "SANE": 0,
        "VALID": 0,
        "total": 38743
    },
    "percentage": {
        "ACTIVE": 43.473659757891745,
        "INACTIVE": 56.53509564499058,
        "INVALID": 0,
        "MALICIOUS": 0,
        "SANE": 0,
        "VALID": 0,
        "total": 100.00875540288231
    }
}