{
    "counter": {
        "ACTIVE": 8041,
        "INACTIVE": 10614,
        "INVALID": 0,
        "MALICIOUS": 0,
        "SANE": 0,
        "VALID": 0,
        "total": 18655
    },
    "percentage": {
        "ACTIVE": 43.10603623887638,
        "INACTIVE": 56.896274457250065,
        "INVALID": 0,
        "MALICIOUS": 0,
        "SANE": 0,
        "VALID": 0,
        "total": 100.00231069612644
    }
}