{
    "counter": {
        "ACTIVE": 42948,
        "INACTIVE": 57255,
        "INVALID": 0,
        "MALICIOUS": 0,
        "SANE": 0,
        "VALID": 0,
        "total": 100203
    },
    "percentage": {
        "ACTIVE": 42.8609921858627,
        "INACTIVE": 57.1390078141373,
        "INVALID": 0.0,
        "MALICIOUS": 0.0,
        "SANE": 0.0,
        "VALID": 0.0,
        "total": 100.0
    }
}