{
    "counter": {
        "ACTIVE": 44218,
        "INACTIVE": 59307,
        "INVALID": 0,
        "MALICIOUS": 0,
        "SANE": 0,
        "VALID": 0,
        "total": 103525
    },
    "percentage": {
        "ACTIVE": 42.712388312001934,
        "INACTIVE": 57.287611687998066,
        "INVALID": 0.0,
        "MALICIOUS": 0.0,
        "SANE": 0.0,
        "VALID": 0.0,
        "total": 100.0
    }
}