{
    "counter": {
        "ACTIVE": 40517,
        "INACTIVE": 53643,
        "INVALID": 0,
        "MALICIOUS": 0,
        "SANE": 0,
        "VALID": 0,
        "total": 94160
    },
    "percentage": {
        "ACTIVE": 43.029949022939675,
        "INACTIVE": 56.970050977060325,
        "INVALID": 0.0,
        "MALICIOUS": 0.0,
        "SANE": 0.0,
        "VALID": 0.0,
        "total": 100.0
    }
}