{
    "counter": {
        "ACTIVE": 18143,
        "INACTIVE": 23264,
        "INVALID": 0,
        "MALICIOUS": 0,
        "SANE": 0,
        "VALID": 0,
        "total": 41407
    },
    "percentage": {
        "ACTIVE": 43.81732116118437,
        "INACTIVE": 56.18373704929118,
        "INVALID": 0,
        "MALICIOUS": 0,
        "SANE": 0,
        "VALID": 0,
        "total": 100.00105821047555
    }
}