{
    "counter": {
        "ACTIVE": 36493,
        "INACTIVE": 45628,
        "INVALID": 0,
        "MALICIOUS": 0,
        "SANE": 0,
        "VALID": 0,
        "total": 82121
    },
    "percentage": {
        "ACTIVE": 44.43808526442688,
        "INACTIVE": 55.56191473557312,
        "INVALID": 0.0,
        "MALICIOUS": 0.0,
        "SANE": 0.0,
        "VALID": 0.0,
        "total": 100.0
    }
}