{
    "counter": {
        "ACTIVE": 10718,
        "INACTIVE": 13591,
        "INVALID": 0,
        "MALICIOUS": 0,
        "SANE": 0,
        "VALID": 0,
        "total": 24309
    },
    "percentage": {
        "ACTIVE": 44.096107956883074,
        "INACTIVE": 55.90933399152577,
        "INVALID": 0,
        "MALICIOUS": 0,
        "SANE": 0,
        "VALID": 0,
        "total": 100.00544194840884
    }
}