{
    "counter": {
        "ACTIVE": 32449,
        "INACTIVE": 40697,
        "INVALID": 0,
        "MALICIOUS": 0,
        "SANE": 0,
        "VALID": 0,
        "total": 73146
    },
    "percentage": {
        "ACTIVE": 44.36196100948787,
        "INACTIVE": 55.63803899051213,
        "INVALID": 0.0,
        "MALICIOUS": 0.0,
        "SANE": 0.0,
        "VALID": 0.0,
        "total": 100.0
    }
}