{
    "counter": {
        "ACTIVE": 3109,
        "INACTIVE": 3852,
        "INVALID": 0,
        "MALICIOUS": 0,
        "SANE": 0,
        "VALID": 0,
        "total": 6961
    },
    "percentage": {
        "ACTIVE": 44.66312311449504,
        "INACTIVE": 55.3448275862069,
        "INVALID": 0,
        "MALICIOUS": 0,
        "SANE": 0,
        "VALID": 0,
        "total": 100.00795070070194
    }
}