{
    "counter": {
        "ACTIVE": 34658,
        "INACTIVE": 43244,
        "INVALID": 0,
        "MALICIOUS": 0,
        "SANE": 0,
        "VALID": 0,
        "total": 77902
    },
    "percentage": {
        "ACTIVE": 44.48923005827835,
        "INACTIVE": 55.51076994172165,
        "INVALID": 0.0,
        "MALICIOUS": 0.0,
        "SANE": 0.0,
        "VALID": 0.0,
        "total": 100.0
    }
}