{
    "counter": {
        "ACTIVE": 40875,
        "INACTIVE": 54579,
        "INVALID": 0,
        "MALICIOUS": 0,
        "SANE": 0,
        "VALID": 0,
        "total": 95454
    },
    "percentage": {
        "ACTIVE": 42.82167326670438,
        "INACTIVE": 57.17832673329562,
        "INVALID": 0.0,
        "MALICIOUS": 0.0,
        "SANE": 0.0,
        "VALID": 0.0,
        "total": 100.0
    }
}