{
    "counter": {
        "ACTIVE": 3695,
        "INACTIVE": 4533,
        "INVALID": 0,
        "MALICIOUS": 0,
        "SANE": 0,
        "VALID": 0,
        "total": 8228
    },
    "percentage": {
        "ACTIVE": 44.907632474477396,
        "INACTIVE": 55.11246200607903,
        "INVALID": 0,
        "MALICIOUS": 0,
        "SANE": 0,
        "VALID": 0,
        "total": 100.02009448055642
    }
}