{
    "counter": {
        "ACTIVE": 6073,
        "INACTIVE": 7632,
        "INVALID": 0,
        "MALICIOUS": 0,
        "SANE": 0,
        "VALID": 0,
        "total": 13705
    },
    "percentage": {
        "ACTIVE": 44.31552831290134,
        "INACTIVE": 55.68770521707406,
        "INVALID": 0,
        "MALICIOUS": 0,
        "SANE": 0,
        "VALID": 0,
        "total": 100.0032335299754
    }
}