{
    "counter": {
        "ACTIVE": 5267,
        "INACTIVE": 6590,
        "INVALID": 0,
        "MALICIOUS": 0,
        "SANE": 0,
        "VALID": 0,
        "total": 11857
    },
    "percentage": {
        "ACTIVE": 44.4210171206882,
        "INACTIVE": 55.58835934204977,
        "INVALID": 0,
        "MALICIOUS": 0,
        "SANE": 0,
        "VALID": 0,
        "total": 100.00937646273798
    }
}