{
    "counter": {
        "ACTIVE": 40309,
        "INACTIVE": 52577,
        "INVALID": 0,
        "MALICIOUS": 0,
        "SANE": 0,
        "VALID": 0,
        "total": 92886
    },
    "percentage": {
        "ACTIVE": 43.396206102103655,
        "INACTIVE": 56.603793897896345,
        "INVALID": 0.0,
        "MALICIOUS": 0.0,
        "SANE": 0.0,
        "VALID": 0.0,
        "total": 100.0
    }
}