{
    "counter": {
        "ACTIVE": 40400,
        "INACTIVE": 53224,
        "INVALID": 0,
        "MALICIOUS": 0,
        "SANE": 0,
        "VALID": 0,
        "total": 93624
    },
    "percentage": {
        "ACTIVE": 43.15132871913185,
        "INACTIVE": 56.84867128086815,
        "INVALID": 0.0,
        "MALICIOUS": 0.0,
        "SANE": 0.0,
        "VALID": 0.0,
        "total": 100.0
    }
}