{
    "counter": {
        "ACTIVE": 25499,
        "INACTIVE": 32248,
        "INVALID": 0,
        "MALICIOUS": 0,
        "SANE": 0,
        "VALID": 0,
        "total": 57747
    },
    "percentage": {
        "ACTIVE": 44.15640639340572,
        "INACTIVE": 55.84359360659428,
        "INVALID": 0.0,
        "MALICIOUS": 0.0,
        "SANE": 0.0,
        "VALID": 0.0,
        "total": 100.0
    }
}