{
    "counter": {
        "ACTIVE": 39700,
        "INACTIVE": 49699,
        "INVALID": 0,
        "MALICIOUS": 0,
        "SANE": 0,
        "VALID": 0,
        "total": 89399
    },
    "percentage": {
        "ACTIVE": 44.40765556661707,
        "INACTIVE": 55.59234443338293,
        "INVALID": 0.0,
        "MALICIOUS": 0.0,
        "SANE": 0.0,
        "VALID": 0.0,
        "total": 100.0
    }
}