{
    "counter": {
        "ACTIVE": 13622,
        "INACTIVE": 17785,
        "INVALID": 0,
        "MALICIOUS": 0,
        "SANE": 0,
        "VALID": 0,
        "total": 31407
    },
    "percentage": {
        "ACTIVE": 43.372496577196166,
        "INACTIVE": 56.632913004712776,
        "INVALID": 0,
        "MALICIOUS": 0,
        "SANE": 0,
        "VALID": 0,
        "total": 100.00540958190894
    }
}