{
    "counter": {
        "ACTIVE": 24781,
        "INACTIVE": 30735,
        "INVALID": 0,
        "MALICIOUS": 0,
        "SANE": 0,
        "VALID": 0,
        "total": 55516
    },
    "percentage": {
        "ACTIVE": 44.637581958354346,
        "INACTIVE": 55.362418041645654,
        "INVALID": 0.0,
        "MALICIOUS": 0.0,
        "SANE": 0.0,
        "VALID": 0.0,
        "total": 100.0
    }
}