{
    "counter": {
        "ACTIVE": 39519,
        "INACTIVE": 49259,
        "INVALID": 0,
        "MALICIOUS": 0,
        "SANE": 0,
        "VALID": 0,
        "total": 88778
    },
    "percentage": {
        "ACTIVE": 44.51440672238618,
        "INACTIVE": 55.48559327761382,
        "INVALID": 0.0,
        "MALICIOUS": 0.0,
        "SANE": 0.0,
        "VALID": 0.0,
        "total": 100.0
    }
}