{
    "counter": {
        "ACTIVE": 36324,
        "INACTIVE": 45447,
        "INVALID": 0,
        "MALICIOUS": 0,
        "SANE": 0,
        "VALID": 0,
        "total": 81771
    },
    "percentage": {
        "ACTIVE": 44.4216164654951,
        "INACTIVE": 55.5783835345049,
        "INVALID": 0.0,
        "MALICIOUS": 0.0,
        "SANE": 0.0,
        "VALID": 0.0,
        "total": 100.0
    }
}