{
    "counter": {
        "ACTIVE": 34995,
        "INACTIVE": 43667,
        "INVALID": 0,
        "MALICIOUS": 0,
        "SANE": 0,
        "VALID": 0,
        "total": 78662
    },
    "percentage": {
        "ACTIVE": 44.487808598815185,
        "INACTIVE": 55.512191401184815,
        "INVALID": 0.0,
        "MALICIOUS": 0.0,
        "SANE": 0.0,
        "VALID": 0.0,
        "total": 100.0
    }
}