{
    "counter": {
        "ACTIVE": 38667,
        "INACTIVE": 47731,
        "INVALID": 0,
        "MALICIOUS": 0,
        "SANE": 0,
        "VALID": 0,
        "total": 86398
    },
    "percentage": {
        "ACTIVE": 44.75450820620848,
        "INACTIVE": 55.24549179379152,
        "INVALID": 0.0,
        "MALICIOUS": 0.0,
        "SANE": 0.0,
        "VALID": 0.0,
        "total": 100.0
    }
}