{
    "counter": {
        "ACTIVE": 16690,
        "INACTIVE": 21768,
        "INVALID": 0,
        "MALICIOUS": 0,
        "SANE": 0,
        "VALID": 0,
        "total": 38458
    },
    "percentage": {
        "ACTIVE": 43.400249635947574,
        "INACTIVE": 56.60200738467939,
        "INVALID": 0,
        "MALICIOUS": 0,
        "SANE": 0,
        "VALID": 0,
        "total": 100.00225702062696
    }
}