{
    "counter": {
        "ACTIVE": 11412,
        "INACTIVE": 14168,
        "INVALID": 0,
        "MALICIOUS": 0,
        "SANE": 0,
        "VALID": 0,
        "total": 25580
    },
    "percentage": {
        "ACTIVE": 44.62519063074336,
        "INACTIVE": 55.38702111024238,
        "INVALID": 0,
        "MALICIOUS": 0,
        "SANE": 0,
        "VALID": 0,
        "total": 100.01221174098575
    }
}