{
    "counter": {
        "ACTIVE": 5156,
        "INACTIVE": 6487,
        "INVALID": 0,
        "MALICIOUS": 0,
        "SANE": 0,
        "VALID": 0,
        "total": 11643
    },
    "percentage": {
        "ACTIVE": 44.284119213261185,
        "INACTIVE": 55.72066655213881,
        "INVALID": 0,
        "MALICIOUS": 0,
        "SANE": 0,
        "VALID": 0,
        "total": 100.00478576539999
    }
}