{
    "counter": {
        "ACTIVE": 32270,
        "INACTIVE": 40456,
        "INVALID": 0,
        "MALICIOUS": 0,
        "SANE": 0,
        "VALID": 0,
        "total": 72726
    },
    "percentage": {
        "ACTIVE": 44.37202651046393,
        "INACTIVE": 55.62797348953607,
        "INVALID": 0.0,
        "MALICIOUS": 0.0,
        "SANE": 0.0,
        "VALID": 0.0,
        "total": 100.0
    }
}