{
    "counter": {
        "ACTIVE": 10459,
        "INACTIVE": 13374,
        "INVALID": 0,
        "MALICIOUS": 0,
        "SANE": 0,
        "VALID": 0,
        "total": 23833
    },
    "percentage": {
        "ACTIVE": 43.88452985356439,
        "INACTIVE": 56.1201795980026,
        "INVALID": 0,
        "MALICIOUS": 0,
        "SANE": 0,
        "VALID": 0,
        "total": 100.00470945156698
    }
}