{
    "counter": {
        "ACTIVE": 40827,
        "INACTIVE": 54553,
        "INVALID": 0,
        "MALICIOUS": 0,
        "SANE": 0,
        "VALID": 0,
        "total": 95380
    },
    "percentage": {
        "ACTIVE": 42.8045711889285,
        "INACTIVE": 57.1954288110715,
        "INVALID": 0.0,
        "MALICIOUS": 0.0,
        "SANE": 0.0,
        "VALID": 0.0,
        "total": 100.0
    }
}