{
    "counter": {
        "ACTIVE": 35134,
        "INACTIVE": 43978,
        "INVALID": 0,
        "MALICIOUS": 0,
        "SANE": 0,
        "VALID": 0,
        "total": 79112
    },
    "percentage": {
        "ACTIVE": 44.41045606229144,
        "INACTIVE": 55.58954393770856,
        "INVALID": 0.0,
        "MALICIOUS": 0.0,
        "SANE": 0.0,
        "VALID": 0.0,
        "total": 100.0
    }
}