{
    "counter": {
        "ACTIVE": 22691,
        "INACTIVE": 27810,
        "INVALID": 0,
        "MALICIOUS": 0,
        "SANE": 0,
        "VALID": 0,
        "total": 50501
    },
    "percentage": {
        "ACTIVE": 44.93178352903903,
        "INACTIVE": 55.06821647096097,
        "INVALID": 0.0,
        "MALICIOUS": 0.0,
        "SANE": 0.0,
        "VALID": 0.0,
        "total": 100.0
    }
}