{
    "counter": {
        "ACTIVE": 39639,
        "INACTIVE": 49518,
        "INVALID": 0,
        "MALICIOUS": 0,
        "SANE": 0,
        "VALID": 0,
        "total": 89157
    },
    "percentage": {
        "ACTIVE": 44.45977320905818,
        "INACTIVE": 55.54022679094182,
        "INVALID": 0.0,
        "MALICIOUS": 0.0,
        "SANE": 0.0,
        "VALID": 0.0,
        "total": 100.0
    }
}