{
    "counter": {
        "ACTIVE": 17676,
        "INACTIVE": 22777,
        "INVALID": 0,
        "MALICIOUS": 0,
        "SANE": 0,
        "VALID": 0,
        "total": 40453
    },
    "percentage": {
        "ACTIVE": 43.70271473075211,
        "INACTIVE": 56.30484760091959,
        "INVALID": 0,
        "MALICIOUS": 0,
        "SANE": 0,
        "VALID": 0,
        "total": 100.00756233167169
    }
}