{
    "counter": {
        "ACTIVE": 23408,
        "INACTIVE": 28744,
        "INVALID": 0,
        "MALICIOUS": 0,
        "SANE": 0,
        "VALID": 0,
        "total": 52152
    },
    "percentage": {
        "ACTIVE": 44.88418469090351,
        "INACTIVE": 55.11581530909649,
        "INVALID": 0.0,
        "MALICIOUS": 0.0,
        "SANE": 0.0,
        "VALID": 0.0,
        "total": 100.0
    }
}