{
    "counter": {
        "ACTIVE": 36325,
        "INACTIVE": 45448,
        "INVALID": 0,
        "MALICIOUS": 0,
        "SANE": 0,
        "VALID": 0,
        "total": 81773
    },
    "percentage": {
        "ACTIVE": 44.421752901324396,
        "INACTIVE": 55.578247098675604,
        "INVALID": 0.0,
        "MALICIOUS": 0.0,
        "SANE": 0.0,
        "VALID": 0.0,
        "total": 100.0
    }
}