{
    "counter": {
        "ACTIVE": 21372,
        "INACTIVE": 26285,
        "INVALID": 0,
        "MALICIOUS": 0,
        "SANE": 0,
        "VALID": 0,
        "total": 47657
    },
    "percentage": {
        "ACTIVE": 44.845458169838636,
        "INACTIVE": 55.154541830161364,
        "INVALID": 0.0,
        "MALICIOUS": 0.0,
        "SANE": 0.0,
        "VALID": 0.0,
        "total": 100.0
    }
}