{
    "counter": {
        "ACTIVE": 26684,
        "INACTIVE": 34110,
        "INVALID": 0,
        "MALICIOUS": 0,
        "SANE": 0,
        "VALID": 0,
        "total": 60794
    },
    "percentage": {
        "ACTIVE": 43.89248939040037,
        "INACTIVE": 56.10751060959963,
        "INVALID": 0.0,
        "MALICIOUS": 0.0,
        "SANE": 0.0,
        "VALID": 0.0,
        "total": 100.0
    }
}