{
    "counter": {
        "ACTIVE": 39249,
        "INACTIVE": 48602,
        "INVALID": 0,
        "MALICIOUS": 0,
        "SANE": 0,
        "VALID": 0,
        "total": 87851
    },
    "percentage": {
        "ACTIVE": 44.67678227908618,
        "INACTIVE": 55.32321772091382,
        "INVALID": 0.0,
        "MALICIOUS": 0.0,
        "SANE": 0.0,
        "VALID": 0.0,
        "total": 100.0
    }
}