{
    "counter": {
        "ACTIVE": 40048,
        "INACTIVE": 50455,
        "INVALID": 0,
        "MALICIOUS": 0,
        "SANE": 0,
        "VALID": 0,
        "total": 90503
    },
    "percentage": {
        "ACTIVE": 44.25046683535352,
        "INACTIVE": 55.74953316464648,
        "INVALID": 0.0,
        "MALICIOUS": 0.0,
        "SANE": 0.0,
        "VALID": 0.0,
        "total": 100.0
    }
}