{
    "counter": {
        "ACTIVE": 36511,
        "INACTIVE": 45664,
        "INVALID": 0,
        "MALICIOUS": 0,
        "SANE": 0,
        "VALID": 0,
        "total": 82175
    },
    "percentage": {
        "ACTIVE": 44.430787952540314,
        "INACTIVE": 55.569212047459686,
        "INVALID": 0.0,
        "MALICIOUS": 0.0,
        "SANE": 0.0,
        "VALID": 0.0,
        "total": 100.0
    }
}