{
    "counter": {
        "ACTIVE": 40829,
        "INACTIVE": 54553,
        "INVALID": 0,
        "MALICIOUS": 0,
        "SANE": 0,
        "VALID": 0,
        "total": 95382
    },
    "percentage": {
        "ACTIVE": 42.8057704808035,
        "INACTIVE": 57.1942295191965,
        "INVALID": 0.0,
        "MALICIOUS": 0.0,
        "SANE": 0.0,
        "VALID": 0.0,
        "total": 100.0
    }
}