{
    "counter": {
        "ACTIVE": 25093,
        "INACTIVE": 31138,
        "INVALID": 0,
        "MALICIOUS": 0,
        "SANE": 0,
        "VALID": 0,
        "total": 56231
    },
    "percentage": {
        "ACTIVE": 44.62485106080276,
        "INACTIVE": 55.37514893919724,
        "INVALID": 0.0,
        "MALICIOUS": 0.0,
        "SANE": 0.0,
        "VALID": 0.0,
        "total": 100.0
    }
}