{
    "counter": {
        "ACTIVE": 16960,
        "INACTIVE": 21990,
        "INVALID": 0,
        "MALICIOUS": 0,
        "SANE": 0,
        "VALID": 0,
        "total": 38950
    },
    "percentage": {
        "ACTIVE": 43.54412180030296,
        "INACTIVE": 56.45699614890886,
        "INVALID": 0,
        "MALICIOUS": 0,
        "SANE": 0,
        "VALID": 0,
        "total": 100.00111794921182
    }
}