{
    "counter": {
        "ACTIVE": 32931,
        "INACTIVE": 41517,
        "INVALID": 0,
        "MALICIOUS": 0,
        "SANE": 0,
        "VALID": 0,
        "total": 74448
    },
    "percentage": {
        "ACTIVE": 44.233558994197296,
        "INACTIVE": 55.766441005802704,
        "INVALID": 0.0,
        "MALICIOUS": 0.0,
        "SANE": 0.0,
        "VALID": 0.0,
        "total": 100.0
    }
}