{
    "counter": {
        "ACTIVE": 5163,
        "INACTIVE": 6489,
        "INVALID": 0,
        "MALICIOUS": 0,
        "SANE": 0,
        "VALID": 0,
        "total": 11652
    },
    "percentage": {
        "ACTIVE": 44.30998970133883,
        "INACTIVE": 55.69957081545064,
        "INVALID": 0,
        "MALICIOUS": 0,
        "SANE": 0,
        "VALID": 0,
        "total": 100.00956051678946
    }
}