{
    "counter": {
        "ACTIVE": 11756,
        "INACTIVE": 14549,
        "INVALID": 0,
        "MALICIOUS": 0,
        "SANE": 0,
        "VALID": 0,
        "total": 26305
    },
    "percentage": {
        "ACTIVE": 44.69112336057783,
        "INACTIVE": 55.310979318734795,
        "INVALID": 0,
        "MALICIOUS": 0,
        "SANE": 0,
        "VALID": 0,
        "total": 100.00210267931263
    }
}