{
    "counter": {
        "ACTIVE": 5072,
        "INACTIVE": 6372,
        "INVALID": 0,
        "MALICIOUS": 0,
        "SANE": 0,
        "VALID": 0,
        "total": 11444
    },
    "percentage": {
        "ACTIVE": 44.324040898365816,
        "INACTIVE": 55.679832226494234,
        "INVALID": 0,
        "MALICIOUS": 0,
        "SANE": 0,
        "VALID": 0,
        "total": 100.00387312486005
    }
}