{
    "counter": {
        "ACTIVE": 11852,
        "INACTIVE": 14618,
        "INVALID": 0,
        "MALICIOUS": 0,
        "SANE": 0,
        "VALID": 0,
        "total": 26470
    },
    "percentage": {
        "ACTIVE": 44.77521722704949,
        "INACTIVE": 55.228955720114854,
        "INVALID": 0,
        "MALICIOUS": 0,
        "SANE": 0,
        "VALID": 0,
        "total": 100.00417294716434
    }
}