{
    "counter": {
        "ACTIVE": 3182,
        "INACTIVE": 3936,
        "INVALID": 0,
        "MALICIOUS": 0,
        "SANE": 0,
        "VALID": 0,
        "total": 7118
    },
    "percentage": {
        "ACTIVE": 44.70356841809497,
        "INACTIVE": 55.31197301854975,
        "INVALID": 0,
        "MALICIOUS": 0,
        "SANE": 0,
        "VALID": 0,
        "total": 100.01554143664472
    }
}