{
    "counter": {
        "ACTIVE": 41587,
        "INACTIVE": 55335,
        "INVALID": 0,
        "MALICIOUS": 0,
        "SANE": 0,
        "VALID": 0,
        "total": 96922
    },
    "percentage": {
        "ACTIVE": 42.907698974433046,
        "INACTIVE": 57.092301025566954,
        "INVALID": 0.0,
        "MALICIOUS": 0.0,
        "SANE": 0.0,
        "VALID": 0.0,
        "total": 100.0
    }
}