{
    "counter": {
        "ACTIVE": 26124,
        "INACTIVE": 33463,
        "INVALID": 0,
        "MALICIOUS": 0,
        "SANE": 0,
        "VALID": 0,
        "total": 59587
    },
    "percentage": {
        "ACTIVE": 43.84177756893282,
        "INACTIVE": 56.15822243106718,
        "INVALID": 0.0,
        "MALICIOUS": 0.0,
        "SANE": 0.0,
        "VALID": 0.0,
        "total": 100.0
    }
}