{
    "counter": {
        "ACTIVE": 24750,
        "INACTIVE": 30677,
        "INVALID": 0,
        "MALICIOUS": 0,
        "SANE": 0,
        "VALID": 0,
        "total": 55427
    },
    "percentage": {
        "ACTIVE": 44.65332780053043,
        "INACTIVE": 55.34667219946957,
        "INVALID": 0.0,
        "MALICIOUS": 0.0,
        "SANE": 0.0,
        "VALID": 0.0,
        "total": 100.0
    }
}