{
    "counter": {
        "ACTIVE": 4965,
        "INACTIVE": 6268,
        "INVALID": 0,
        "MALICIOUS": 0,
        "SANE": 0,
        "VALID": 0,
        "total": 11233
    },
    "percentage": {
        "ACTIVE": 44.20405982905983,
        "INACTIVE": 55.79987536722158,
        "INVALID": 0,
        "MALICIOUS": 0,
        "SANE": 0,
        "VALID": 0,
        "total": 100.00393519628142
    }
}