{
    "counter": {
        "ACTIVE": 8161,
        "INACTIVE": 10773,
        "INVALID": 0,
        "MALICIOUS": 0,
        "SANE": 0,
        "VALID": 0,
        "total": 18934
    },
    "percentage": {
        "ACTIVE": 43.104632123805,
        "INACTIVE": 56.897644449139115,
        "INVALID": 0,
        "MALICIOUS": 0,
        "SANE": 0,
        "VALID": 0,
        "total": 100.00227657294411
    }
}