{
    "counter": {
        "ACTIVE": 17668,
        "INACTIVE": 22762,
        "INVALID": 0,
        "MALICIOUS": 0,
        "SANE": 0,
        "VALID": 0,
        "total": 40430
    },
    "percentage": {
        "ACTIVE": 43.70887140665974,
        "INACTIVE": 56.29977739302498,
        "INVALID": 0,
        "MALICIOUS": 0,
        "SANE": 0,
        "VALID": 0,
        "total": 100.00864879968472
    }
}