{
    "counter": {
        "ACTIVE": 7046,
        "INACTIVE": 9327,
        "INVALID": 0,
        "MALICIOUS": 0,
        "SANE": 0,
        "VALID": 0,
        "total": 16373
    },
    "percentage": {
        "ACTIVE": 43.03952110439191,
        "INACTIVE": 56.9657362731326,
        "INVALID": 0,
        "MALICIOUS": 0,
        "SANE": 0,
        "VALID": 0,
        "total": 100.00525737752452
    }
}