{
    "counter": {
        "ACTIVE": 2170,
        "INACTIVE": 2825,
        "INVALID": 0,
        "MALICIOUS": 0,
        "SANE": 0,
        "VALID": 0,
        "total": 4995
    },
    "percentage": {
        "ACTIVE": 43.44344344344344,
        "INACTIVE": 56.5678814577493,
        "INVALID": 0,
        "MALICIOUS": 0,
        "SANE": 0,
        "VALID": 0,
        "total": 100.01132490119275
    }
}