{
    "counter": {
        "ACTIVE": 28816,
        "INACTIVE": 36761,
        "INVALID": 0,
        "MALICIOUS": 0,
        "SANE": 0,
        "VALID": 0,
        "total": 65577
    },
    "percentage": {
        "ACTIVE": 43.942905941198,
        "INACTIVE": 56.05776415511536,
        "INVALID": 0.0,
        "MALICIOUS": 0.0,
        "SANE": 0.0,
        "VALID": 0.0,
        "total": 100.00067009631336
    }
}