{
    "counter": {
        "ACTIVE": 2924,
        "INACTIVE": 3553,
        "INVALID": 0,
        "MALICIOUS": 0,
        "SANE": 0,
        "VALID": 0,
        "total": 6477
    },
    "percentage": {
        "ACTIVE": 45.15830115830116,
        "INACTIVE": 54.85564304461942,
        "INVALID": 0,
        "MALICIOUS": 0,
        "SANE": 0,
        "VALID": 0,
        "total": 100.01394420292058
    }
}