{
    "counter": {
        "ACTIVE": 36673,
        "INACTIVE": 45892,
        "INVALID": 0,
        "MALICIOUS": 0,
        "SANE": 0,
        "VALID": 0,
        "total": 82565
    },
    "percentage": {
        "ACTIVE": 44.417125900805424,
        "INACTIVE": 55.582874099194576,
        "INVALID": 0.0,
        "MALICIOUS": 0.0,
        "SANE": 0.0,
        "VALID": 0.0,
        "total": 100.0
    }
}