{
    "counter": {
        "ACTIVE": 34836,
        "INACTIVE": 43425,
        "INVALID": 0,
        "MALICIOUS": 0,
        "SANE": 0,
        "VALID": 0,
        "total": 78261
    },
    "percentage": {
        "ACTIVE": 44.51259247901253,
        "INACTIVE": 55.48740752098747,
        "INVALID": 0.0,
        "MALICIOUS": 0.0,
        "SANE": 0.0,
        "VALID": 0.0,
        "total": 100.0
    }
}