{
    "counter": {
        "ACTIVE": 25675,
        "INACTIVE": 32644,
        "INVALID": 0,
        "MALICIOUS": 0,
        "SANE": 0,
        "VALID": 0,
        "total": 58319
    },
    "percentage": {
        "ACTIVE": 44.0251033110993,
        "INACTIVE": 55.9748966889007,
        "INVALID": 0.0,
        "MALICIOUS": 0.0,
        "SANE": 0.0,
        "VALID": 0.0,
        "total": 100.0
    }
}