{
    "counter": {
        "ACTIVE": 40100,
        "INACTIVE": 50833,
        "INVALID": 0,
        "MALICIOUS": 0,
        "SANE": 0,
        "VALID": 0,
        "total": 90933
    },
    "percentage": {
        "ACTIVE": 44.098402120242376,
        "INACTIVE": 55.901597879757624,
        "INVALID": 0.0,
        "MALICIOUS": 0.0,
        "SANE": 0.0,
        "VALID": 0.0,
        "total": 100.0
    }
}