{
    "counter": {
        "ACTIVE": 39456,
        "INACTIVE": 49141,
        "INVALID": 0,
        "MALICIOUS": 0,
        "SANE": 0,
        "VALID": 0,
        "total": 88597
    },
    "percentage": {
        "ACTIVE": 44.53423930832872,
        "INACTIVE": 55.46576069167128,
        "INVALID": 0.0,
        "MALICIOUS": 0.0,
        "SANE": 0.0,
        "VALID": 0.0,
        "total": 100.0
    }
}