{
    "counter": {
        "ACTIVE": 28267,
        "INACTIVE": 36151,
        "INVALID": 0,
        "MALICIOUS": 0,
        "SANE": 0,
        "VALID": 0,
        "total": 64418
    },
    "percentage": {
        "ACTIVE": 43.88059238101152,
        "INACTIVE": 56.12202126833812,
        "INVALID": 0.0,
        "MALICIOUS": 0.0,
        "SANE": 0.0,
        "VALID": 0.0,
        "total": 100.00261364934964
    }
}