{
    "counter": {
        "ACTIVE": 15354,
        "INACTIVE": 20555,
        "INVALID": 0,
        "MALICIOUS": 0,
        "SANE": 0,
        "VALID": 0,
        "total": 35909
    },
    "percentage": {
        "ACTIVE": 42.76046453337789,
        "INACTIVE": 57.241917068144474,
        "INVALID": 0,
        "MALICIOUS": 0,
        "SANE": 0,
        "VALID": 0,
        "total": 100.00238160152236
    }
}