{
    "counter": {
        "ACTIVE": 11825,
        "INACTIVE": 14599,
        "INVALID": 0,
        "MALICIOUS": 0,
        "SANE": 0,
        "VALID": 0,
        "total": 26424
    },
    "percentage": {
        "ACTIVE": 44.759453423672355,
        "INACTIVE": 55.249016046018774,
        "INVALID": 0,
        "MALICIOUS": 0,
        "SANE": 0,
        "VALID": 0,
        "total": 100.00846946969114
    }
}