{
    "counter": {
        "ACTIVE": 14121,
        "INACTIVE": 18817,
        "INVALID": 0,
        "MALICIOUS": 0,
        "SANE": 0,
        "VALID": 0,
        "total": 32938
    },
    "percentage": {
        "ACTIVE": 42.87275708170143,
        "INACTIVE": 57.12854453822333,
        "INVALID": 0,
        "MALICIOUS": 0,
        "SANE": 0,
        "VALID": 0,
        "total": 100.00130161992476
    }
}