{
    "counter": {
        "ACTIVE": 22694,
        "INACTIVE": 27814,
        "INVALID": 0,
        "MALICIOUS": 0,
        "SANE": 0,
        "VALID": 0,
        "total": 50508
    },
    "percentage": {
        "ACTIVE": 44.931496000633565,
        "INACTIVE": 55.068503999366435,
        "INVALID": 0.0,
        "MALICIOUS": 0.0,
        "SANE": 0.0,
        "VALID": 0.0,
        "total": 100.0
    }
}