{
    "counter": {
        "ACTIVE": 39230,
        "INACTIVE": 48567,
        "INVALID": 0,
        "MALICIOUS": 0,
        "SANE": 0,
        "VALID": 0,
        "total": 87797
    },
    "percentage": {
        "ACTIVE": 44.68262013508434,
        "INACTIVE": 55.31737986491566,
        "INVALID": 0.0,
        "MALICIOUS": 0.0,
        "SANE": 0.0,
        "VALID": 0.0,
        "total": 100.0
    }
}