{
    "counter": {
        "ACTIVE": 20573,
        "INACTIVE": 25598,
        "INVALID": 0,
        "MALICIOUS": 0,
        "SANE": 0,
        "VALID": 0,
        "total": 46171
    },
    "percentage": {
        "ACTIVE": 44.55827250871759,
        "INACTIVE": 55.44292830842539,
        "INVALID": 0,
        "MALICIOUS": 0,
        "SANE": 0,
        "VALID": 0,
        "total": 100.00120081714297
    }
}