{
    "counter": {
        "ACTIVE": 27159,
        "INACTIVE": 34799,
        "INVALID": 0,
        "MALICIOUS": 0,
        "SANE": 0,
        "VALID": 0,
        "total": 61958
    },
    "percentage": {
        "ACTIVE": 43.83453307078989,
        "INACTIVE": 56.16546692921011,
        "INVALID": 0.0,
        "MALICIOUS": 0.0,
        "SANE": 0.0,
        "VALID": 0.0,
        "total": 100.0
    }
}