{
    "counter": {
        "ACTIVE": 37310,
        "INACTIVE": 46175,
        "INVALID": 0,
        "MALICIOUS": 0,
        "SANE": 0,
        "VALID": 0,
        "total": 83485
    },
    "percentage": {
        "ACTIVE": 44.6906629933521,
        "INACTIVE": 55.3093370066479,
        "INVALID": 0.0,
        "MALICIOUS": 0.0,
        "SANE": 0.0,
        "VALID": 0.0,
        "total": 100.0
    }
}