{
    "counter": {
        "ACTIVE": 25830,
        "INACTIVE": 32910,
        "INVALID": 0,
        "MALICIOUS": 0,
        "SANE": 0,
        "VALID": 0,
        "total": 58740
    },
    "percentage": {
        "ACTIVE": 43.97344228804903,
        "INACTIVE": 56.02655771195097,
        "INVALID": 0.0,
        "MALICIOUS": 0.0,
        "SANE": 0.0,
        "VALID": 0.0,
        "total": 100.0
    }
}