{
    "counter": {
        "ACTIVE": 18991,
        "INACTIVE": 23925,
        "INVALID": 0,
        "MALICIOUS": 0,
        "SANE": 0,
        "VALID": 0,
        "total": 42916
    },
    "percentage": {
        "ACTIVE": 44.25156118930003,
        "INACTIVE": 55.74973785389724,
        "INVALID": 0,
        "MALICIOUS": 0,
        "SANE": 0,
        "VALID": 0,
        "total": 100.00129904319726
    }
}