{
    "counter": {
        "ACTIVE": 10841,
        "INACTIVE": 13670,
        "INVALID": 0,
        "MALICIOUS": 0,
        "SANE": 0,
        "VALID": 0,
        "total": 24511
    },
    "percentage": {
        "ACTIVE": 44.230926152590776,
        "INACTIVE": 55.770878381135,
        "INVALID": 0,
        "MALICIOUS": 0,
        "SANE": 0,
        "VALID": 0,
        "total": 100.00180453372577
    }
}