{
    "counter": {
        "ACTIVE": 13331,
        "INACTIVE": 17230,
        "INVALID": 0,
        "MALICIOUS": 0,
        "SANE": 0,
        "VALID": 0,
        "total": 30561
    },
    "percentage": {
        "ACTIVE": 43.6209548116881,
        "INACTIVE": 56.38089005235602,
        "INVALID": 0,
        "MALICIOUS": 0,
        "SANE": 0,
        "VALID": 0,
        "total": 100.00184486404413
    }
}