{
    "counter": {
        "ACTIVE": 16689,
        "INACTIVE": 21767,
        "INVALID": 0,
        "MALICIOUS": 0,
        "SANE": 0,
        "VALID": 0,
        "total": 38456
    },
    "percentage": {
        "ACTIVE": 43.39877779222468,
        "INACTIVE": 56.602350738506345,
        "INVALID": 0,
        "MALICIOUS": 0,
        "SANE": 0,
        "VALID": 0,
        "total": 100.00112853073102
    }
}