{
    "counter": {
        "ACTIVE": 42467,
        "INACTIVE": 56510,
        "INVALID": 0,
        "MALICIOUS": 0,
        "SANE": 0,
        "VALID": 0,
        "total": 98977
    },
    "percentage": {
        "ACTIVE": 42.905927639754694,
        "INACTIVE": 57.094072360245306,
        "INVALID": 0.0,
        "MALICIOUS": 0.0,
        "SANE": 0.0,
        "VALID": 0.0,
        "total": 100.0
    }
}