{
    "counter": {
        "ACTIVE": 1753,
        "INACTIVE": 1938,
        "INVALID": 0,
        "MALICIOUS": 0,
        "SANE": 0,
        "VALID": 0,
        "total": 3691
    },
    "percentage": {
        "ACTIVE": 47.53253796095445,
        "INACTIVE": 52.50609590896776,
        "INVALID": 0,
        "MALICIOUS": 0,
        "SANE": 0,
        "VALID": 0,
        "total": 100.03863386992221
    }
}