{
    "counter": {
        "ACTIVE": 40686,
        "INACTIVE": 54364,
        "INVALID": 0,
        "MALICIOUS": 0,
        "SANE": 0,
        "VALID": 0,
        "total": 95050
    },
    "percentage": {
        "ACTIVE": 42.8048395581273,
        "INACTIVE": 57.1951604418727,
        "INVALID": 0.0,
        "MALICIOUS": 0.0,
        "SANE": 0.0,
        "VALID": 0.0,
        "total": 100.0
    }
}