{
    "counter": {
        "ACTIVE": 40143,
        "INACTIVE": 51178,
        "INVALID": 0,
        "MALICIOUS": 0,
        "SANE": 0,
        "VALID": 0,
        "total": 91321
    },
    "percentage": {
        "ACTIVE": 43.95812573230692,
        "INACTIVE": 56.04187426769308,
        "INVALID": 0.0,
        "MALICIOUS": 0.0,
        "SANE": 0.0,
        "VALID": 0.0,
        "total": 100.0
    }
}