{
    "counter": {
        "ACTIVE": 12951,
        "INACTIVE": 16399,
        "INVALID": 0,
        "MALICIOUS": 0,
        "SANE": 0,
        "VALID": 0,
        "total": 29350
    },
    "percentage": {
        "ACTIVE": 44.126064735945484,
        "INACTIVE": 55.87583904051245,
        "INVALID": 0,
        "MALICIOUS": 0,
        "SANE": 0,
        "VALID": 0,
        "total": 100.00190377645794
    }
}