{
    "counter": {
        "ACTIVE": 18571,
        "INACTIVE": 23638,
        "INVALID": 0,
        "MALICIOUS": 0,
        "SANE": 0,
        "VALID": 0,
        "total": 42209
    },
    "percentage": {
        "ACTIVE": 44.00085295929489,
        "INACTIVE": 56.00227439645573,
        "INVALID": 0,
        "MALICIOUS": 0,
        "SANE": 0,
        "VALID": 0,
        "total": 100.00312735575062
    }
}