{
    "counter": {
        "ACTIVE": 53,
        "INACTIVE": 98,
        "INVALID": 0,
        "MALICIOUS": 0,
        "SANE": 0,
        "VALID": 0,
        "total": 151
    },
    "percentage": {
        "ACTIVE": 35.09933774834437,
        "INACTIVE": 65.77181208053692,
        "INVALID": 0,
        "MALICIOUS": 0,
        "SANE": 0,
        "VALID": 0,
        "total": 100.87114982888129
    }
}