{
    "counter": {
        "ACTIVE": 13198,
        "INACTIVE": 17071,
        "INVALID": 0,
        "MALICIOUS": 0,
        "SANE": 0,
        "VALID": 0,
        "total": 30269
    },
    "percentage": {
        "ACTIVE": 43.60380599973569,
        "INACTIVE": 56.39763454359245,
        "INVALID": 0,
        "MALICIOUS": 0,
        "SANE": 0,
        "VALID": 0,
        "total": 100.00144054332814
    }
}