{
    "counter": {
        "ACTIVE": 15476,
        "INACTIVE": 20857,
        "INVALID": 0,
        "MALICIOUS": 0,
        "SANE": 0,
        "VALID": 0,
        "total": 36333
    },
    "percentage": {
        "ACTIVE": 42.603094202499584,
        "INACTIVE": 57.40511380838356,
        "INVALID": 0,
        "MALICIOUS": 0,
        "SANE": 0,
        "VALID": 0,
        "total": 100.00820801088315
    }
}