{
    "counter": {
        "ACTIVE": 28306,
        "INACTIVE": 36190,
        "INVALID": 0,
        "MALICIOUS": 0,
        "SANE": 0,
        "VALID": 0,
        "total": 64496
    },
    "percentage": {
        "ACTIVE": 43.887993053832794,
        "INACTIVE": 56.1163573211766,
        "INVALID": 0.0,
        "MALICIOUS": 0.0,
        "SANE": 0.0,
        "VALID": 0.0,
        "total": 100.0043503750094
    }
}