{
    "counter": {
        "ACTIVE": 39641,
        "INACTIVE": 49526,
        "INVALID": 0,
        "MALICIOUS": 0,
        "SANE": 0,
        "VALID": 0,
        "total": 89167
    },
    "percentage": {
        "ACTIVE": 44.45703006717732,
        "INACTIVE": 55.54296993282268,
        "INVALID": 0.0,
        "MALICIOUS": 0.0,
        "SANE": 0.0,
        "VALID": 0.0,
        "total": 100.0
    }
}