{
    "counter": {
        "ACTIVE": 43017,
        "INACTIVE": 57393,
        "INVALID": 0,
        "MALICIOUS": 0,
        "SANE": 0,
        "VALID": 0,
        "total": 100410
    },
    "percentage": {
        "ACTIVE": 42.841350463101286,
        "INACTIVE": 57.158649536898714,
        "INVALID": 0.0,
        "MALICIOUS": 0.0,
        "SANE": 0.0,
        "VALID": 0.0,
        "total": 100.0
    }
}