{
    "counter": {
        "ACTIVE": 15954,
        "INACTIVE": 21135,
        "INVALID": 0,
        "MALICIOUS": 0,
        "SANE": 0,
        "VALID": 0,
        "total": 37089
    },
    "percentage": {
        "ACTIVE": 43.01892897589387,
        "INACTIVE": 56.98455067540241,
        "INVALID": 0,
        "MALICIOUS": 0,
        "SANE": 0,
        "VALID": 0,
        "total": 100.00347965129629
    }
}