{
    "counter": {
        "ACTIVE": 3289,
        "INACTIVE": 4112,
        "INVALID": 0,
        "MALICIOUS": 0,
        "SANE": 0,
        "VALID": 0,
        "total": 7401
    },
    "percentage": {
        "ACTIVE": 44.445945945945944,
        "INACTIVE": 55.56005945142548,
        "INVALID": 0,
        "MALICIOUS": 0,
        "SANE": 0,
        "VALID": 0,
        "total": 100.00600539737142
    }
}