{
    "counter": {
        "ACTIVE": 11755,
        "INACTIVE": 14549,
        "INVALID": 0,
        "MALICIOUS": 0,
        "SANE": 0,
        "VALID": 0,
        "total": 26304
    },
    "percentage": {
        "ACTIVE": 44.690719689769224,
        "INACTIVE": 55.310979318734795,
        "INVALID": 0,
        "MALICIOUS": 0,
        "SANE": 0,
        "VALID": 0,
        "total": 100.00169900850402
    }
}