{
    "counter": {
        "ACTIVE": 29237,
        "INACTIVE": 37066,
        "INVALID": 0,
        "MALICIOUS": 0,
        "SANE": 0,
        "VALID": 0,
        "total": 66303
    },
    "percentage": {
        "ACTIVE": 44.09737409692161,
        "INACTIVE": 55.90395608041868,
        "INVALID": 0.0,
        "MALICIOUS": 0.0,
        "SANE": 0.0,
        "VALID": 0.0,
        "total": 100.0013301773403
    }
}