{
    "counter": {
        "ACTIVE": 30804,
        "INACTIVE": 38620,
        "INVALID": 0,
        "MALICIOUS": 0,
        "SANE": 0,
        "VALID": 0,
        "total": 69424
    },
    "percentage": {
        "ACTIVE": 44.370822770223555,
        "INACTIVE": 55.63158122182049,
        "INVALID": 0.0,
        "MALICIOUS": 0.0,
        "SANE": 0.0,
        "VALID": 0.0,
        "total": 100.00240399204404
    }
}