{
    "counter": {
        "ACTIVE": 25538,
        "INACTIVE": 32325,
        "INVALID": 0,
        "MALICIOUS": 0,
        "SANE": 0,
        "VALID": 0,
        "total": 57863
    },
    "percentage": {
        "ACTIVE": 44.1352850699065,
        "INACTIVE": 55.8647149300935,
        "INVALID": 0.0,
        "MALICIOUS": 0.0,
        "SANE": 0.0,
        "VALID": 0.0,
        "total": 100.0
    }
}