{
    "counter": {
        "ACTIVE": 1736,
        "INACTIVE": 1901,
        "INVALID": 0,
        "MALICIOUS": 0,
        "SANE": 0,
        "VALID": 0,
        "total": 3637
    },
    "percentage": {
        "ACTIVE": 47.75790921595598,
        "INACTIVE": 52.268353038218315,
        "INVALID": 0,
        "MALICIOUS": 0,
        "SANE": 0,
        "VALID": 0,
        "total": 100.0262622541743
    }
}