{
    "counter": {
        "ACTIVE": 36196,
        "INACTIVE": 45298,
        "INVALID": 0,
        "MALICIOUS": 0,
        "SANE": 0,
        "VALID": 0,
        "total": 81494
    },
    "percentage": {
        "ACTIVE": 44.41553979434069,
        "INACTIVE": 55.58446020565931,
        "INVALID": 0.0,
        "MALICIOUS": 0.0,
        "SANE": 0.0,
        "VALID": 0.0,
        "total": 100.0
    }
}