{
    "counter": {
        "ACTIVE": 21059,
        "INACTIVE": 25979,
        "INVALID": 0,
        "MALICIOUS": 0,
        "SANE": 0,
        "VALID": 0,
        "total": 47038
    },
    "percentage": {
        "ACTIVE": 44.7701858072197,
        "INACTIVE": 55.230988370856984,
        "INVALID": 0,
        "MALICIOUS": 0,
        "SANE": 0,
        "VALID": 0,
        "total": 100.00117417807668
    }
}