{
    "counter": {
        "ACTIVE": 37120,
        "INACTIVE": 46093,
        "INVALID": 0,
        "MALICIOUS": 0,
        "SANE": 0,
        "VALID": 0,
        "total": 83213
    },
    "percentage": {
        "ACTIVE": 44.60841455061108,
        "INACTIVE": 55.39158544938892,
        "INVALID": 0.0,
        "MALICIOUS": 0.0,
        "SANE": 0.0,
        "VALID": 0.0,
        "total": 100.0
    }
}