{
    "counter": {
        "ACTIVE": 33885,
        "INACTIVE": 42687,
        "INVALID": 0,
        "MALICIOUS": 0,
        "SANE": 0,
        "VALID": 0,
        "total": 76572
    },
    "percentage": {
        "ACTIVE": 44.2524682651622,
        "INACTIVE": 55.7475317348378,
        "INVALID": 0.0,
        "MALICIOUS": 0.0,
        "SANE": 0.0,
        "VALID": 0.0,
        "total": 100.0
    }
}