{
    "counter": {
        "ACTIVE": 19369,
        "INACTIVE": 24243,
        "INVALID": 0,
        "MALICIOUS": 0,
        "SANE": 0,
        "VALID": 0,
        "total": 43612
    },
    "percentage": {
        "ACTIVE": 44.41208841603228,
        "INACTIVE": 55.59301045679692,
        "INVALID": 0,
        "MALICIOUS": 0,
        "SANE": 0,
        "VALID": 0,
        "total": 100.0050988728292
    }
}