{
    "counter": {
        "ACTIVE": 1606,
        "INACTIVE": 1703,
        "INVALID": 0,
        "MALICIOUS": 0,
        "SANE": 0,
        "VALID": 0,
        "total": 3309
    },
    "percentage": {
        "ACTIVE": 48.59304084720121,
        "INACTIVE": 51.465699607132066,
        "INVALID": 0,
        "MALICIOUS": 0,
        "SANE": 0,
        "VALID": 0,
        "total": 100.05874045433328
    }
}