{
    "counter": {
        "ACTIVE": 6652,
        "INACTIVE": 8778,
        "INVALID": 0,
        "MALICIOUS": 0,
        "SANE": 0,
        "VALID": 0,
        "total": 15430
    },
    "percentage": {
        "ACTIVE": 43.116411718952556,
        "INACTIVE": 56.88917692806222,
        "INVALID": 0,
        "MALICIOUS": 0,
        "SANE": 0,
        "VALID": 0,
        "total": 100.00558864701478
    }
}