{
    "counter": {
        "ACTIVE": 37781,
        "INACTIVE": 46759,
        "INVALID": 0,
        "MALICIOUS": 0,
        "SANE": 0,
        "VALID": 0,
        "total": 84540
    },
    "percentage": {
        "ACTIVE": 44.69008753252898,
        "INACTIVE": 55.30991246747102,
        "INVALID": 0.0,
        "MALICIOUS": 0.0,
        "SANE": 0.0,
        "VALID": 0.0,
        "total": 100.0
    }
}