{
    "counter": {
        "ACTIVE": 2434,
        "INACTIVE": 3176,
        "INVALID": 0,
        "MALICIOUS": 0,
        "SANE": 0,
        "VALID": 0,
        "total": 5610
    },
    "percentage": {
        "ACTIVE": 43.386809269162214,
        "INACTIVE": 56.62328400784453,
        "INVALID": 0,
        "MALICIOUS": 0,
        "SANE": 0,
        "VALID": 0,
        "total": 100.01009327700675
    }
}