{
    "counter": {
        "ACTIVE": 1879,
        "INACTIVE": 2325,
        "INVALID": 0,
        "MALICIOUS": 0,
        "SANE": 0,
        "VALID": 0,
        "total": 4204
    },
    "percentage": {
        "ACTIVE": 44.706162265048775,
        "INACTIVE": 55.304471931493815,
        "INVALID": 0,
        "MALICIOUS": 0,
        "SANE": 0,
        "VALID": 0,
        "total": 100.01063419654258
    }
}