{
    "counter": {
        "ACTIVE": 11506,
        "INACTIVE": 14263,
        "INVALID": 0,
        "MALICIOUS": 0,
        "SANE": 0,
        "VALID": 0,
        "total": 25769
    },
    "percentage": {
        "ACTIVE": 44.65228190003105,
        "INACTIVE": 55.34945089060499,
        "INVALID": 0,
        "MALICIOUS": 0,
        "SANE": 0,
        "VALID": 0,
        "total": 100.00173279063604
    }
}