{
    "counter": {
        "ACTIVE": 31889,
        "INACTIVE": 39924,
        "INVALID": 0,
        "MALICIOUS": 0,
        "SANE": 0,
        "VALID": 0,
        "total": 71813
    },
    "percentage": {
        "ACTIVE": 44.40560901229583,
        "INACTIVE": 55.59516515345625,
        "INVALID": 0.0,
        "MALICIOUS": 0.0,
        "SANE": 0.0,
        "VALID": 0.0,
        "total": 100.00077416575208
    }
}