{
    "counter": {
        "ACTIVE": 28465,
        "INACTIVE": 36345,
        "INVALID": 0,
        "MALICIOUS": 0,
        "SANE": 0,
        "VALID": 0,
        "total": 64810
    },
    "percentage": {
        "ACTIVE": 43.9206912513501,
        "INACTIVE": 56.08277011387835,
        "INVALID": 0.0,
        "MALICIOUS": 0.0,
        "SANE": 0.0,
        "VALID": 0.0,
        "total": 100.00346136522845
    }
}