{
    "counter": {
        "ACTIVE": 41208,
        "INACTIVE": 54930,
        "INVALID": 0,
        "MALICIOUS": 0,
        "SANE": 0,
        "VALID": 0,
        "total": 96138
    },
    "percentage": {
        "ACTIVE": 42.863383885664355,
        "INACTIVE": 57.136616114335645,
        "INVALID": 0.0,
        "MALICIOUS": 0.0,
        "SANE": 0.0,
        "VALID": 0.0,
        "total": 100.0
    }
}