{
    "counter": {
        "ACTIVE": 39200,
        "INACTIVE": 48517,
        "INVALID": 0,
        "MALICIOUS": 0,
        "SANE": 0,
        "VALID": 0,
        "total": 87717
    },
    "percentage": {
        "ACTIVE": 44.689170856276434,
        "INACTIVE": 55.310829143723566,
        "INVALID": 0.0,
        "MALICIOUS": 0.0,
        "SANE": 0.0,
        "VALID": 0.0,
        "total": 100.0
    }
}