{
    "counter": {
        "ACTIVE": 23013,
        "INACTIVE": 28171,
        "INVALID": 0,
        "MALICIOUS": 0,
        "SANE": 0,
        "VALID": 0,
        "total": 51184
    },
    "percentage": {
        "ACTIVE": 44.96131603626133,
        "INACTIVE": 55.03868396373867,
        "INVALID": 0.0,
        "MALICIOUS": 0.0,
        "SANE": 0.0,
        "VALID": 0.0,
        "total": 100.0
    }
}