{
    "counter": {
        "ACTIVE": 43818,
        "INACTIVE": 58772,
        "INVALID": 0,
        "MALICIOUS": 0,
        "SANE": 0,
        "VALID": 0,
        "total": 102590
    },
    "percentage": {
        "ACTIVE": 42.711765279266984,
        "INACTIVE": 57.288234720733016,
        "INVALID": 0.0,
        "MALICIOUS": 0.0,
        "SANE": 0.0,
        "VALID": 0.0,
        "total": 100.0
    }
}