{
    "counter": {
        "ACTIVE": 33405,
        "INACTIVE": 42164,
        "INVALID": 0,
        "MALICIOUS": 0,
        "SANE": 0,
        "VALID": 0,
        "total": 75569
    },
    "percentage": {
        "ACTIVE": 44.20463417538938,
        "INACTIVE": 55.79536582461062,
        "INVALID": 0.0,
        "MALICIOUS": 0.0,
        "SANE": 0.0,
        "VALID": 0.0,
        "total": 100.0
    }
}