{
    "counter": {
        "ACTIVE": 25285,
        "INACTIVE": 31843,
        "INVALID": 0,
        "MALICIOUS": 0,
        "SANE": 0,
        "VALID": 0,
        "total": 57128
    },
    "percentage": {
        "ACTIVE": 44.26025766699342,
        "INACTIVE": 55.73974233300658,
        "INVALID": 0.0,
        "MALICIOUS": 0.0,
        "SANE": 0.0,
        "VALID": 0.0,
        "total": 100.0
    }
}