{
    "counter": {
        "ACTIVE": 9296,
        "INACTIVE": 12374,
        "INVALID": 0,
        "MALICIOUS": 0,
        "SANE": 0,
        "VALID": 0,
        "total": 21670
    },
    "percentage": {
        "ACTIVE": 42.89999538511237,
        "INACTIVE": 57.10198431010614,
        "INVALID": 0,
        "MALICIOUS": 0,
        "SANE": 0,
        "VALID": 0,
        "total": 100.00197969521851
    }
}