{
    "counter": {
        "ACTIVE": 9468,
        "INACTIVE": 12636,
        "INVALID": 0,
        "MALICIOUS": 0,
        "SANE": 0,
        "VALID": 0,
        "total": 22104
    },
    "percentage": {
        "ACTIVE": 42.83581414287653,
        "INACTIVE": 57.16612377850163,
        "INVALID": 0,
        "MALICIOUS": 0,
        "SANE": 0,
        "VALID": 0,
        "total": 100.00193792137816
    }
}