{
    "counter": {
        "ACTIVE": 40144,
        "INACTIVE": 51190,
        "INVALID": 0,
        "MALICIOUS": 0,
        "SANE": 0,
        "VALID": 0,
        "total": 91334
    },
    "percentage": {
        "ACTIVE": 43.952963846979216,
        "INACTIVE": 56.047036153020784,
        "INVALID": 0.0,
        "MALICIOUS": 0.0,
        "SANE": 0.0,
        "VALID": 0.0,
        "total": 100.0
    }
}