{
    "counter": {
        "ACTIVE": 41442,
        "INACTIVE": 55216,
        "INVALID": 0,
        "MALICIOUS": 0,
        "SANE": 0,
        "VALID": 0,
        "total": 96658
    },
    "percentage": {
        "ACTIVE": 42.87487843737714,
        "INACTIVE": 57.12512156262286,
        "INVALID": 0.0,
        "MALICIOUS": 0.0,
        "SANE": 0.0,
        "VALID": 0.0,
        "total": 100.0
    }
}