{
    "counter": {
        "ACTIVE": 29271,
        "INACTIVE": 37083,
        "INVALID": 0,
        "MALICIOUS": 0,
        "SANE": 0,
        "VALID": 0,
        "total": 66354
    },
    "percentage": {
        "ACTIVE": 44.11472148541114,
        "INACTIVE": 55.886608192422464,
        "INVALID": 0.0,
        "MALICIOUS": 0.0,
        "SANE": 0.0,
        "VALID": 0.0,
        "total": 100.00132967783361
    }
}