{
    "counter": {
        "ACTIVE": 42725,
        "INACTIVE": 56862,
        "INVALID": 0,
        "MALICIOUS": 0,
        "SANE": 0,
        "VALID": 0,
        "total": 99587
    },
    "percentage": {
        "ACTIVE": 42.90218602829687,
        "INACTIVE": 57.09781397170313,
        "INVALID": 0.0,
        "MALICIOUS": 0.0,
        "SANE": 0.0,
        "VALID": 0.0,
        "total": 100.0
    }
}