{
    "counter": {
        "ACTIVE": 9258,
        "INACTIVE": 12334,
        "INVALID": 0,
        "MALICIOUS": 0,
        "SANE": 0,
        "VALID": 0,
        "total": 21592
    },
    "percentage": {
        "ACTIVE": 42.882949650284864,
        "INACTIVE": 57.12300852167469,
        "INVALID": 0,
        "MALICIOUS": 0,
        "SANE": 0,
        "VALID": 0,
        "total": 100.00595817195955
    }
}