{
    "counter": {
        "ACTIVE": 23000,
        "INACTIVE": 28150,
        "INVALID": 0,
        "MALICIOUS": 0,
        "SANE": 0,
        "VALID": 0,
        "total": 51150
    },
    "percentage": {
        "ACTIVE": 44.965786901270775,
        "INACTIVE": 55.034213098729225,
        "INVALID": 0.0,
        "MALICIOUS": 0.0,
        "SANE": 0.0,
        "VALID": 0.0,
        "total": 100.0
    }
}