{
    "counter": {
        "ACTIVE": 10764,
        "INACTIVE": 13636,
        "INVALID": 0,
        "MALICIOUS": 0,
        "SANE": 0,
        "VALID": 0,
        "total": 24400
    },
    "percentage": {
        "ACTIVE": 44.114754098360656,
        "INACTIVE": 55.887536374441574,
        "INVALID": 0,
        "MALICIOUS": 0,
        "SANE": 0,
        "VALID": 0,
        "total": 100.00229047280223
    }
}