{
    "counter": {
        "ACTIVE": 26634,
        "INACTIVE": 34053,
        "INVALID": 0,
        "MALICIOUS": 0,
        "SANE": 0,
        "VALID": 0,
        "total": 60687
    },
    "percentage": {
        "ACTIVE": 43.88748825942953,
        "INACTIVE": 56.11251174057047,
        "INVALID": 0.0,
        "MALICIOUS": 0.0,
        "SANE": 0.0,
        "VALID": 0.0,
        "total": 100.0
    }
}