{
    "counter": {
        "ACTIVE": 24401,
        "INACTIVE": 30315,
        "INVALID": 0,
        "MALICIOUS": 0,
        "SANE": 0,
        "VALID": 0,
        "total": 54716
    },
    "percentage": {
        "ACTIVE": 44.595730682067405,
        "INACTIVE": 55.404269317932595,
        "INVALID": 0.0,
        "MALICIOUS": 0.0,
        "SANE": 0.0,
        "VALID": 0.0,
        "total": 100.0
    }
}