{
    "counter": {
        "ACTIVE": 35148,
        "INACTIVE": 43999,
        "INVALID": 0,
        "MALICIOUS": 0,
        "SANE": 0,
        "VALID": 0,
        "total": 79147
    },
    "percentage": {
        "ACTIVE": 44.40850569194031,
        "INACTIVE": 55.59149430805969,
        "INVALID": 0.0,
        "MALICIOUS": 0.0,
        "SANE": 0.0,
        "VALID": 0.0,
        "total": 100.0
    }
}