{
    "counter": {
        "ACTIVE": 38992,
        "INACTIVE": 48184,
        "INVALID": 0,
        "MALICIOUS": 0,
        "SANE": 0,
        "VALID": 0,
        "total": 87176
    },
    "percentage": {
        "ACTIVE": 44.72790676332936,
        "INACTIVE": 55.27209323667064,
        "INVALID": 0.0,
        "MALICIOUS": 0.0,
        "SANE": 0.0,
        "VALID": 0.0,
        "total": 100.0
    }
}