{
    "counter": {
        "ACTIVE": 22802,
        "INACTIVE": 27910,
        "INVALID": 0,
        "MALICIOUS": 0,
        "SANE": 0,
        "VALID": 0,
        "total": 50712
    },
    "percentage": {
        "ACTIVE": 44.96371667455435,
        "INACTIVE": 55.03628332544565,
        "INVALID": 0.0,
        "MALICIOUS": 0.0,
        "SANE": 0.0,
        "VALID": 0.0,
        "total": 100.0
    }
}