{
    "counter": {
        "ACTIVE": 41210,
        "INACTIVE": 54932,
        "INVALID": 0,
        "MALICIOUS": 0,
        "SANE": 0,
        "VALID": 0,
        "total": 96142
    },
    "percentage": {
        "ACTIVE": 42.863680805475234,
        "INACTIVE": 57.136319194524766,
        "INVALID": 0.0,
        "MALICIOUS": 0.0,
        "SANE": 0.0,
        "VALID": 0.0,
        "total": 100.0
    }
}