{
    "counter": {
        "ACTIVE": 43520,
        "INACTIVE": 58345,
        "INVALID": 0,
        "MALICIOUS": 0,
        "SANE": 0,
        "VALID": 0,
        "total": 101865
    },
    "percentage": {
        "ACTIVE": 42.723212094438715,
        "INACTIVE": 57.276787905561285,
        "INVALID": 0.0,
        "MALICIOUS": 0.0,
        "SANE": 0.0,
        "VALID": 0.0,
        "total": 100.0
    }
}