{
    "counter": {
        "ACTIVE": 2042,
        "INACTIVE": 2645,
        "INVALID": 0,
        "MALICIOUS": 0,
        "SANE": 0,
        "VALID": 0,
        "total": 4687
    },
    "percentage": {
        "ACTIVE": 43.59521776259607,
        "INACTIVE": 56.43268615318967,
        "INVALID": 0,
        "MALICIOUS": 0,
        "SANE": 0,
        "VALID": 0,
        "total": 100.02790391578574
    }
}