{
    "counter": {
        "ACTIVE": 34816,
        "INACTIVE": 43402,
        "INVALID": 0,
        "MALICIOUS": 0,
        "SANE": 0,
        "VALID": 0,
        "total": 78218
    },
    "percentage": {
        "ACTIVE": 44.51149351811603,
        "INACTIVE": 55.48850648188397,
        "INVALID": 0.0,
        "MALICIOUS": 0.0,
        "SANE": 0.0,
        "VALID": 0.0,
        "total": 100.0
    }
}