{
    "counter": {
        "ACTIVE": 21024,
        "INACTIVE": 25947,
        "INVALID": 0,
        "MALICIOUS": 0,
        "SANE": 0,
        "VALID": 0,
        "total": 46971
    },
    "percentage": {
        "ACTIVE": 44.762391415431786,
        "INACTIVE": 55.24046752251389,
        "INVALID": 0,
        "MALICIOUS": 0,
        "SANE": 0,
        "VALID": 0,
        "total": 100.00285893794567
    }
}