{
    "counter": {
        "ACTIVE": 1847,
        "INACTIVE": 2222,
        "INVALID": 0,
        "MALICIOUS": 0,
        "SANE": 0,
        "VALID": 0,
        "total": 4069
    },
    "percentage": {
        "ACTIVE": 45.470211718365334,
        "INACTIVE": 54.6080117965102,
        "INVALID": 0,
        "MALICIOUS": 0,
        "SANE": 0,
        "VALID": 0,
        "total": 100.07822351487553
    }
}