{
    "counter": {
        "ACTIVE": 9964,
        "INACTIVE": 12930,
        "INVALID": 0,
        "MALICIOUS": 0,
        "SANE": 0,
        "VALID": 0,
        "total": 22894
    },
    "percentage": {
        "ACTIVE": 43.522320258583036,
        "INACTIVE": 56.48508147306802,
        "INVALID": 0,
        "MALICIOUS": 0,
        "SANE": 0,
        "VALID": 0,
        "total": 100.00740173165106
    }
}