{
    "counter": {
        "ACTIVE": 40451,
        "INACTIVE": 53508,
        "INVALID": 0,
        "MALICIOUS": 0,
        "SANE": 0,
        "VALID": 0,
        "total": 93959
    },
    "percentage": {
        "ACTIVE": 43.051756617247946,
        "INACTIVE": 56.948243382752054,
        "INVALID": 0.0,
        "MALICIOUS": 0.0,
        "SANE": 0.0,
        "VALID": 0.0,
        "total": 100.0
    }
}