{
    "counter": {
        "ACTIVE": 41273,
        "INACTIVE": 54994,
        "INVALID": 0,
        "MALICIOUS": 0,
        "SANE": 0,
        "VALID": 0,
        "total": 96267
    },
    "percentage": {
        "ACTIVE": 42.87346650461737,
        "INACTIVE": 57.12653349538263,
        "INVALID": 0.0,
        "MALICIOUS": 0.0,
        "SANE": 0.0,
        "VALID": 0.0,
        "total": 100.0
    }
}