{
    "counter": {
        "ACTIVE": 15354,
        "INACTIVE": 20554,
        "INVALID": 0,
        "MALICIOUS": 0,
        "SANE": 0,
        "VALID": 0,
        "total": 35908
    },
    "percentage": {
        "ACTIVE": 42.76046453337789,
        "INACTIVE": 57.24072630054584,
        "INVALID": 0,
        "MALICIOUS": 0,
        "SANE": 0,
        "VALID": 0,
        "total": 100.00119083392373
    }
}