{
    "counter": {
        "ACTIVE": 1661,
        "INACTIVE": 1827,
        "INVALID": 0,
        "MALICIOUS": 0,
        "SANE": 0,
        "VALID": 0,
        "total": 3488
    },
    "percentage": {
        "ACTIVE": 47.6204128440367,
        "INACTIVE": 52.40963855421687,
        "INVALID": 0,
        "MALICIOUS": 0,
        "SANE": 0,
        "VALID": 0,
        "total": 100.03005139825356
    }
}