{
    "counter": {
        "ACTIVE": 1705,
        "INACTIVE": 1873,
        "INVALID": 0,
        "MALICIOUS": 0,
        "SANE": 0,
        "VALID": 0,
        "total": 3578
    },
    "percentage": {
        "ACTIVE": 47.65231973169368,
        "INACTIVE": 52.40626748740907,
        "INVALID": 0,
        "MALICIOUS": 0,
        "SANE": 0,
        "VALID": 0,
        "total": 100.05858721910275
    }
}