{
    "counter": {
        "ACTIVE": 15082,
        "INACTIVE": 20181,
        "INVALID": 0,
        "MALICIOUS": 0,
        "SANE": 0,
        "VALID": 0,
        "total": 35263
    },
    "percentage": {
        "ACTIVE": 42.771255175543075,
        "INACTIVE": 57.22995774607946,
        "INVALID": 0,
        "MALICIOUS": 0,
        "SANE": 0,
        "VALID": 0,
        "total": 100.00121292162254
    }
}