{
    "counter": {
        "ACTIVE": 9441,
        "INACTIVE": 12623,
        "INVALID": 0,
        "MALICIOUS": 0,
        "SANE": 0,
        "VALID": 0,
        "total": 22064
    },
    "percentage": {
        "ACTIVE": 42.793037802556434,
        "INACTIVE": 57.21084118926758,
        "INVALID": 0,
        "MALICIOUS": 0,
        "SANE": 0,
        "VALID": 0,
        "total": 100.00387899182402
    }
}