{
    "counter": {
        "ACTIVE": 35889,
        "INACTIVE": 44937,
        "INVALID": 0,
        "MALICIOUS": 0,
        "SANE": 0,
        "VALID": 0,
        "total": 80826
    },
    "percentage": {
        "ACTIVE": 44.4027911810556,
        "INACTIVE": 55.5972088189444,
        "INVALID": 0.0,
        "MALICIOUS": 0.0,
        "SANE": 0.0,
        "VALID": 0.0,
        "total": 100.0
    }
}