{
    "counter": {
        "ACTIVE": 22533,
        "INACTIVE": 27671,
        "INVALID": 0,
        "MALICIOUS": 0,
        "SANE": 0,
        "VALID": 0,
        "total": 50204
    },
    "percentage": {
        "ACTIVE": 44.882877858337984,
        "INACTIVE": 55.117122141662016,
        "INVALID": 0.0,
        "MALICIOUS": 0.0,
        "SANE": 0.0,
        "VALID": 0.0,
        "total": 100.0
    }
}