{
    "counter": {
        "ACTIVE": 25942,
        "INACTIVE": 33130,
        "INVALID": 0,
        "MALICIOUS": 0,
        "SANE": 0,
        "VALID": 0,
        "total": 59072
    },
    "percentage": {
        "ACTIVE": 43.91589924160347,
        "INACTIVE": 56.08410075839653,
        "INVALID": 0.0,
        "MALICIOUS": 0.0,
        "SANE": 0.0,
        "VALID": 0.0,
        "total": 100.0
    }
}