{
    "counter": {
        "ACTIVE": 3539,
        "INACTIVE": 4332,
        "INVALID": 0,
        "MALICIOUS": 0,
        "SANE": 0,
        "VALID": 0,
        "total": 7871
    },
    "percentage": {
        "ACTIVE": 44.96252064540719,
        "INACTIVE": 55.05146778497903,
        "INVALID": 0,
        "MALICIOUS": 0,
        "SANE": 0,
        "VALID": 0,
        "total": 100.01398843038622
    }
}