{
    "counter": {
        "ACTIVE": 31308,
        "INACTIVE": 39179,
        "INVALID": 0,
        "MALICIOUS": 0,
        "SANE": 0,
        "VALID": 0,
        "total": 70487
    },
    "percentage": {
        "ACTIVE": 44.41733110121159,
        "INACTIVE": 55.583299048051416,
        "INVALID": 0.0,
        "MALICIOUS": 0.0,
        "SANE": 0.0,
        "VALID": 0.0,
        "total": 100.000630149263
    }
}