{
    "counter": {
        "ACTIVE": 29989,
        "INACTIVE": 37814,
        "INVALID": 0,
        "MALICIOUS": 0,
        "SANE": 0,
        "VALID": 0,
        "total": 67803
    },
    "percentage": {
        "ACTIVE": 44.22960635960061,
        "INACTIVE": 55.77203876049026,
        "INVALID": 0.0,
        "MALICIOUS": 0.0,
        "SANE": 0.0,
        "VALID": 0.0,
        "total": 100.00164512009087
    }
}