{
    "counter": {
        "ACTIVE": 38116,
        "INACTIVE": 47145,
        "INVALID": 0,
        "MALICIOUS": 0,
        "SANE": 0,
        "VALID": 0,
        "total": 85261
    },
    "percentage": {
        "ACTIVE": 44.705082042199834,
        "INACTIVE": 55.294917957800166,
        "INVALID": 0.0,
        "MALICIOUS": 0.0,
        "SANE": 0.0,
        "VALID": 0.0,
        "total": 100.0
    }
}