{
    "counter": {
        "ACTIVE": 42084,
        "INACTIVE": 55987,
        "INVALID": 0,
        "MALICIOUS": 0,
        "SANE": 0,
        "VALID": 0,
        "total": 98071
    },
    "percentage": {
        "ACTIVE": 42.91176800481284,
        "INACTIVE": 57.08823199518716,
        "INVALID": 0.0,
        "MALICIOUS": 0.0,
        "SANE": 0.0,
        "VALID": 0.0,
        "total": 100.0
    }
}