{
    "counter": {
        "ACTIVE": 27406,
        "INACTIVE": 35166,
        "INVALID": 0,
        "MALICIOUS": 0,
        "SANE": 0,
        "VALID": 0,
        "total": 62572
    },
    "percentage": {
        "ACTIVE": 43.799143386818386,
        "INACTIVE": 56.200856613181614,
        "INVALID": 0.0,
        "MALICIOUS": 0.0,
        "SANE": 0.0,
        "VALID": 0.0,
        "total": 100.0
    }
}