{
    "counter": {
        "ACTIVE": 15408,
        "INACTIVE": 20731,
        "INVALID": 0,
        "MALICIOUS": 0,
        "SANE": 0,
        "VALID": 0,
        "total": 36139
    },
    "percentage": {
        "ACTIVE": 42.63891963692716,
        "INACTIVE": 57.364619939677354,
        "INVALID": 0,
        "MALICIOUS": 0,
        "SANE": 0,
        "VALID": 0,
        "total": 100.00353957660451
    }
}