{
    "counter": {
        "ACTIVE": 43951,
        "INACTIVE": 59008,
        "INVALID": 0,
        "MALICIOUS": 0,
        "SANE": 0,
        "VALID": 0,
        "total": 102959
    },
    "percentage": {
        "ACTIVE": 42.68786604376499,
        "INACTIVE": 57.31213395623501,
        "INVALID": 0.0,
        "MALICIOUS": 0.0,
        "SANE": 0.0,
        "VALID": 0.0,
        "total": 100.0
    }
}