{
    "counter": {
        "ACTIVE": 16807,
        "INACTIVE": 21860,
        "INVALID": 0,
        "MALICIOUS": 0,
        "SANE": 0,
        "VALID": 0,
        "total": 38667
    },
    "percentage": {
        "ACTIVE": 43.46600460340859,
        "INACTIVE": 56.53545750788807,
        "INVALID": 0,
        "MALICIOUS": 0,
        "SANE": 0,
        "VALID": 0,
        "total": 100.00146211129666
    }
}