{
    "counter": {
        "ACTIVE": 6830,
        "INACTIVE": 9041,
        "INVALID": 0,
        "MALICIOUS": 0,
        "SANE": 0,
        "VALID": 0,
        "total": 15871
    },
    "percentage": {
        "ACTIVE": 43.03446537710289,
        "INACTIVE": 56.976304512225866,
        "INVALID": 0,
        "MALICIOUS": 0,
        "SANE": 0,
        "VALID": 0,
        "total": 100.01076988932876
    }
}