{
    "counter": {
        "ACTIVE": 23104,
        "INACTIVE": 28308,
        "INVALID": 0,
        "MALICIOUS": 0,
        "SANE": 0,
        "VALID": 0,
        "total": 51412
    },
    "percentage": {
        "ACTIVE": 44.93892476464639,
        "INACTIVE": 55.06107523535361,
        "INVALID": 0.0,
        "MALICIOUS": 0.0,
        "SANE": 0.0,
        "VALID": 0.0,
        "total": 100.0
    }
}