{
    "counter": {
        "ACTIVE": 32706,
        "INACTIVE": 41131,
        "INVALID": 0,
        "MALICIOUS": 0,
        "SANE": 0,
        "VALID": 0,
        "total": 73837
    },
    "percentage": {
        "ACTIVE": 44.29486571772959,
        "INACTIVE": 55.70513428227041,
        "INVALID": 0.0,
        "MALICIOUS": 0.0,
        "SANE": 0.0,
        "VALID": 0.0,
        "total": 100.0
    }
}