{
    "counter": {
        "ACTIVE": 11533,
        "INACTIVE": 14305,
        "INVALID": 0,
        "MALICIOUS": 0,
        "SANE": 0,
        "VALID": 0,
        "total": 25838
    },
    "percentage": {
        "ACTIVE": 44.63753531756783,
        "INACTIVE": 55.36419227494388,
        "INVALID": 0,
        "MALICIOUS": 0,
        "SANE": 0,
        "VALID": 0,
        "total": 100.00172759251171
    }
}