{
    "counter": {
        "ACTIVE": 40214,
        "INACTIVE": 52049,
        "INVALID": 0,
        "MALICIOUS": 0,
        "SANE": 0,
        "VALID": 0,
        "total": 92263
    },
    "percentage": {
        "ACTIVE": 43.586269685572766,
        "INACTIVE": 56.413730314427234,
        "INVALID": 0.0,
        "MALICIOUS": 0.0,
        "SANE": 0.0,
        "VALID": 0.0,
        "total": 100.0
    }
}