{
    "counter": {
        "ACTIVE": 10767,
        "INACTIVE": 13640,
        "INVALID": 0,
        "MALICIOUS": 0,
        "SANE": 0,
        "VALID": 0,
        "total": 24407
    },
    "percentage": {
        "ACTIVE": 44.116200934196506,
        "INACTIVE": 55.88560658827386,
        "INVALID": 0,
        "MALICIOUS": 0,
        "SANE": 0,
        "VALID": 0,
        "total": 100.00180752247036
    }
}