{
    "counter": {
        "ACTIVE": 16304,
        "INACTIVE": 21364,
        "INVALID": 0,
        "MALICIOUS": 0,
        "SANE": 0,
        "VALID": 0,
        "total": 37668
    },
    "percentage": {
        "ACTIVE": 43.28916974218729,
        "INACTIVE": 56.71657640437507,
        "INVALID": 0,
        "MALICIOUS": 0,
        "SANE": 0,
        "VALID": 0,
        "total": 100.00574614656236
    }
}