{
    "counter": {
        "ACTIVE": 41201,
        "INACTIVE": 54923,
        "INVALID": 0,
        "MALICIOUS": 0,
        "SANE": 0,
        "VALID": 0,
        "total": 96124
    },
    "percentage": {
        "ACTIVE": 42.86234447172402,
        "INACTIVE": 57.13765552827598,
        "INVALID": 0.0,
        "MALICIOUS": 0.0,
        "SANE": 0.0,
        "VALID": 0.0,
        "total": 100.0
    }
}