{
    "counter": {
        "ACTIVE": 44412,
        "INACTIVE": 59531,
        "INVALID": 0,
        "MALICIOUS": 0,
        "SANE": 0,
        "VALID": 0,
        "total": 103943
    },
    "percentage": {
        "ACTIVE": 42.727263981220474,
        "INACTIVE": 57.272736018779526,
        "INVALID": 0.0,
        "MALICIOUS": 0.0,
        "SANE": 0.0,
        "VALID": 0.0,
        "total": 100.0
    }
}