{
    "counter": {
        "ACTIVE": 21278,
        "INACTIVE": 26210,
        "INVALID": 0,
        "MALICIOUS": 0,
        "SANE": 0,
        "VALID": 0,
        "total": 47488
    },
    "percentage": {
        "ACTIVE": 44.80710916442049,
        "INACTIVE": 55.19289083557951,
        "INVALID": 0.0,
        "MALICIOUS": 0.0,
        "SANE": 0.0,
        "VALID": 0.0,
        "total": 100.0
    }
}