{
    "counter": {
        "ACTIVE": 10071,
        "INACTIVE": 13038,
        "INVALID": 0,
        "MALICIOUS": 0,
        "SANE": 0,
        "VALID": 0,
        "total": 23109
    },
    "percentage": {
        "ACTIVE": 43.58419526550396,
        "INACTIVE": 56.419576788264315,
        "INVALID": 0,
        "MALICIOUS": 0,
        "SANE": 0,
        "VALID": 0,
        "total": 100.00377205376827
    }
}