{
    "counter": {
        "ACTIVE": 3905,
        "INACTIVE": 4855,
        "INVALID": 0,
        "MALICIOUS": 0,
        "SANE": 0,
        "VALID": 0,
        "total": 8760
    },
    "percentage": {
        "ACTIVE": 44.577625570776256,
        "INACTIVE": 55.435030828956386,
        "INVALID": 0,
        "MALICIOUS": 0,
        "SANE": 0,
        "VALID": 0,
        "total": 100.01265639973263
    }
}