{
    "counter": {
        "ACTIVE": 26942,
        "INACTIVE": 34495,
        "INVALID": 0,
        "MALICIOUS": 0,
        "SANE": 0,
        "VALID": 0,
        "total": 61437
    },
    "percentage": {
        "ACTIVE": 43.85305272067321,
        "INACTIVE": 56.14694727932679,
        "INVALID": 0.0,
        "MALICIOUS": 0.0,
        "SANE": 0.0,
        "VALID": 0.0,
        "total": 100.0
    }
}