{
    "counter": {
        "ACTIVE": 24250,
        "INACTIVE": 30171,
        "INVALID": 0,
        "MALICIOUS": 0,
        "SANE": 0,
        "VALID": 0,
        "total": 54421
    },
    "percentage": {
        "ACTIVE": 44.56000441006229,
        "INACTIVE": 55.43999558993771,
        "INVALID": 0.0,
        "MALICIOUS": 0.0,
        "SANE": 0.0,
        "VALID": 0.0,
        "total": 100.0
    }
}