{
    "counter": {
        "ACTIVE": 33305,
        "INACTIVE": 41983,
        "INVALID": 0,
        "MALICIOUS": 0,
        "SANE": 0,
        "VALID": 0,
        "total": 75288
    },
    "percentage": {
        "ACTIVE": 44.236797364785886,
        "INACTIVE": 55.763202635214114,
        "INVALID": 0.0,
        "MALICIOUS": 0.0,
        "SANE": 0.0,
        "VALID": 0.0,
        "total": 100.0
    }
}