{
    "counter": {
        "ACTIVE": 6645,
        "INACTIVE": 8750,
        "INVALID": 0,
        "MALICIOUS": 0,
        "SANE": 0,
        "VALID": 0,
        "total": 15395
    },
    "percentage": {
        "ACTIVE": 43.163364728808055,
        "INACTIVE": 56.84032740028582,
        "INVALID": 0,
        "MALICIOUS": 0,
        "SANE": 0,
        "VALID": 0,
        "total": 100.00369212909388
    }
}