{
    "counter": {
        "ACTIVE": 1385,
        "INACTIVE": 1512,
        "INVALID": 0,
        "MALICIOUS": 0,
        "SANE": 0,
        "VALID": 0,
        "total": 2897
    },
    "percentage": {
        "ACTIVE": 47.80807732136693,
        "INACTIVE": 52.2279792746114,
        "INVALID": 0,
        "MALICIOUS": 0,
        "SANE": 0,
        "VALID": 0,
        "total": 100.03605659597832
    }
}