{
    "counter": {
        "ACTIVE": 11320,
        "INACTIVE": 14025,
        "INVALID": 0,
        "MALICIOUS": 0,
        "SANE": 0,
        "VALID": 0,
        "total": 25345
    },
    "percentage": {
        "ACTIVE": 44.66364174393372,
        "INACTIVE": 55.338541666666664,
        "INVALID": 0,
        "MALICIOUS": 0,
        "SANE": 0,
        "VALID": 0,
        "total": 100.00218341060038
    }
}