{
    "counter": {
        "ACTIVE": 40713,
        "INACTIVE": 54433,
        "INVALID": 0,
        "MALICIOUS": 0,
        "SANE": 0,
        "VALID": 0,
        "total": 95146
    },
    "percentage": {
        "ACTIVE": 42.790027957034454,
        "INACTIVE": 57.209972042965546,
        "INVALID": 0.0,
        "MALICIOUS": 0.0,
        "SANE": 0.0,
        "VALID": 0.0,
        "total": 100.0
    }
}