{
    "counter": {
        "ACTIVE": 38973,
        "INACTIVE": 48155,
        "INVALID": 0,
        "MALICIOUS": 0,
        "SANE": 0,
        "VALID": 0,
        "total": 87128
    },
    "percentage": {
        "ACTIVE": 44.730740978789825,
        "INACTIVE": 55.269259021210175,
        "INVALID": 0.0,
        "MALICIOUS": 0.0,
        "SANE": 0.0,
        "VALID": 0.0,
        "total": 100.0
    }
}