{
    "counter": {
        "ACTIVE": 4756,
        "INACTIVE": 6102,
        "INVALID": 0,
        "MALICIOUS": 0,
        "SANE": 0,
        "VALID": 0,
        "total": 10858
    },
    "percentage": {
        "ACTIVE": 43.80180512064837,
        "INACTIVE": 56.20337109698812,
        "INVALID": 0,
        "MALICIOUS": 0,
        "SANE": 0,
        "VALID": 0,
        "total": 100.00517621763649
    }
}