{
    "counter": {
        "ACTIVE": 27435,
        "INACTIVE": 35181,
        "INVALID": 0,
        "MALICIOUS": 0,
        "SANE": 0,
        "VALID": 0,
        "total": 62616
    },
    "percentage": {
        "ACTIVE": 43.81467995400536,
        "INACTIVE": 56.18532004599464,
        "INVALID": 0.0,
        "MALICIOUS": 0.0,
        "SANE": 0.0,
        "VALID": 0.0,
        "total": 100.0
    }
}