{
    "counter": {
        "ACTIVE": 8917,
        "INACTIVE": 11980,
        "INVALID": 0,
        "MALICIOUS": 0,
        "SANE": 0,
        "VALID": 0,
        "total": 20897
    },
    "percentage": {
        "ACTIVE": 42.677323633579014,
        "INACTIVE": 57.32880317748959,
        "INVALID": 0,
        "MALICIOUS": 0,
        "SANE": 0,
        "VALID": 0,
        "total": 100.00612681106861
    }
}