{
    "counter": {
        "ACTIVE": 29809,
        "INACTIVE": 37681,
        "INVALID": 0,
        "MALICIOUS": 0,
        "SANE": 0,
        "VALID": 0,
        "total": 67490
    },
    "percentage": {
        "ACTIVE": 44.168024892576675,
        "INACTIVE": 55.8328023826105,
        "INVALID": 0.0,
        "MALICIOUS": 0.0,
        "SANE": 0.0,
        "VALID": 0.0,
        "total": 100.00082727518718
    }
}