{
    "counter": {
        "ACTIVE": 8763,
        "INACTIVE": 11796,
        "INVALID": 0,
        "MALICIOUS": 0,
        "SANE": 0,
        "VALID": 0,
        "total": 20559
    },
    "percentage": {
        "ACTIVE": 42.6257418036774,
        "INACTIVE": 57.376331533634904,
        "INVALID": 0,
        "MALICIOUS": 0,
        "SANE": 0,
        "VALID": 0,
        "total": 100.00207333731231
    }
}