{
    "counter": {
        "ACTIVE": 2194,
        "INACTIVE": 2869,
        "INVALID": 0,
        "MALICIOUS": 0,
        "SANE": 0,
        "VALID": 0,
        "total": 5063
    },
    "percentage": {
        "ACTIVE": 43.33399170452301,
        "INACTIVE": 56.677202686685106,
        "INVALID": 0,
        "MALICIOUS": 0,
        "SANE": 0,
        "VALID": 0,
        "total": 100.01119439120811
    }
}