{
    "counter": {
        "ACTIVE": 4610,
        "INACTIVE": 5880,
        "INVALID": 0,
        "MALICIOUS": 0,
        "SANE": 0,
        "VALID": 0,
        "total": 10490
    },
    "percentage": {
        "ACTIVE": 43.95499618611747,
        "INACTIVE": 56.05338417540515,
        "INVALID": 0,
        "MALICIOUS": 0,
        "SANE": 0,
        "VALID": 0,
        "total": 100.00838036152263
    }
}