{
    "counter": {
        "ACTIVE": 33145,
        "INACTIVE": 41809,
        "INVALID": 0,
        "MALICIOUS": 0,
        "SANE": 0,
        "VALID": 0,
        "total": 74954
    },
    "percentage": {
        "ACTIVE": 44.220455212530354,
        "INACTIVE": 55.779544787469646,
        "INVALID": 0.0,
        "MALICIOUS": 0.0,
        "SANE": 0.0,
        "VALID": 0.0,
        "total": 100.0
    }
}