{
    "counter": {
        "ACTIVE": 19007,
        "INACTIVE": 23939,
        "INVALID": 0,
        "MALICIOUS": 0,
        "SANE": 0,
        "VALID": 0,
        "total": 42946
    },
    "percentage": {
        "ACTIVE": 44.25790527639361,
        "INACTIVE": 55.74339271160787,
        "INVALID": 0,
        "MALICIOUS": 0,
        "SANE": 0,
        "VALID": 0,
        "total": 100.00129798800148
    }
}