{
    "counter": {
        "ACTIVE": 44102,
        "INACTIVE": 59170,
        "INVALID": 0,
        "MALICIOUS": 0,
        "SANE": 0,
        "VALID": 0,
        "total": 103272
    },
    "percentage": {
        "ACTIVE": 42.70470214578976,
        "INACTIVE": 57.29529785421024,
        "INVALID": 0.0,
        "MALICIOUS": 0.0,
        "SANE": 0.0,
        "VALID": 0.0,
        "total": 100.0
    }
}