{
    "counter": {
        "ACTIVE": 37407,
        "INACTIVE": 46219,
        "INVALID": 0,
        "MALICIOUS": 0,
        "SANE": 0,
        "VALID": 0,
        "total": 83626
    },
    "percentage": {
        "ACTIVE": 44.73130366154067,
        "INACTIVE": 55.26869633845933,
        "INVALID": 0.0,
        "MALICIOUS": 0.0,
        "SANE": 0.0,
        "VALID": 0.0,
        "total": 100.0
    }
}