{
    "counter": {
        "ACTIVE": 25838,
        "INACTIVE": 32933,
        "INVALID": 0,
        "MALICIOUS": 0,
        "SANE": 0,
        "VALID": 0,
        "total": 58771
    },
    "percentage": {
        "ACTIVE": 43.963859726735976,
        "INACTIVE": 56.036140273264024,
        "INVALID": 0.0,
        "MALICIOUS": 0.0,
        "SANE": 0.0,
        "VALID": 0.0,
        "total": 100.0
    }
}