{
    "counter": {
        "ACTIVE": 32761,
        "INACTIVE": 41208,
        "INVALID": 0,
        "MALICIOUS": 0,
        "SANE": 0,
        "VALID": 0,
        "total": 73969
    },
    "percentage": {
        "ACTIVE": 44.29017561410861,
        "INACTIVE": 55.70982438589139,
        "INVALID": 0.0,
        "MALICIOUS": 0.0,
        "SANE": 0.0,
        "VALID": 0.0,
        "total": 100.0
    }
}