{
    "counter": {
        "ACTIVE": 2191,
        "INACTIVE": 2866,
        "INVALID": 0,
        "MALICIOUS": 0,
        "SANE": 0,
        "VALID": 0,
        "total": 5057
    },
    "percentage": {
        "ACTIVE": 43.394731630025746,
        "INACTIVE": 56.673917342297806,
        "INVALID": 0,
        "MALICIOUS": 0,
        "SANE": 0,
        "VALID": 0,
        "total": 100.06864897232356
    }
}