{
    "counter": {
        "ACTIVE": 37765,
        "INACTIVE": 46719,
        "INVALID": 0,
        "MALICIOUS": 0,
        "SANE": 0,
        "VALID": 0,
        "total": 84484
    },
    "percentage": {
        "ACTIVE": 44.70077174376213,
        "INACTIVE": 55.29922825623787,
        "INVALID": 0.0,
        "MALICIOUS": 0.0,
        "SANE": 0.0,
        "VALID": 0.0,
        "total": 100.0
    }
}