{
    "counter": {
        "ACTIVE": 32650,
        "INACTIVE": 41055,
        "INVALID": 0,
        "MALICIOUS": 0,
        "SANE": 0,
        "VALID": 0,
        "total": 73705
    },
    "percentage": {
        "ACTIVE": 44.29821586052507,
        "INACTIVE": 55.70178413947493,
        "INVALID": 0.0,
        "MALICIOUS": 0.0,
        "SANE": 0.0,
        "VALID": 0.0,
        "total": 100.0
    }
}