{
    "counter": {
        "ACTIVE": 4634,
        "INACTIVE": 5944,
        "INVALID": 0,
        "MALICIOUS": 0,
        "SANE": 0,
        "VALID": 0,
        "total": 10578
    },
    "percentage": {
        "ACTIVE": 43.8286200699896,
        "INACTIVE": 56.19209680468898,
        "INVALID": 0,
        "MALICIOUS": 0,
        "SANE": 0,
        "VALID": 0,
        "total": 100.02071687467858
    }
}