{
    "counter": {
        "ACTIVE": 1386,
        "INACTIVE": 1514,
        "INVALID": 0,
        "MALICIOUS": 0,
        "SANE": 0,
        "VALID": 0,
        "total": 2900
    },
    "percentage": {
        "ACTIVE": 47.793103448275865,
        "INACTIVE": 52.224905139703345,
        "INVALID": 0,
        "MALICIOUS": 0,
        "SANE": 0,
        "VALID": 0,
        "total": 100.01800858797921
    }
}