{
    "counter": {
        "ACTIVE": 11444,
        "INACTIVE": 14202,
        "INVALID": 0,
        "MALICIOUS": 0,
        "SANE": 0,
        "VALID": 0,
        "total": 25646
    },
    "percentage": {
        "ACTIVE": 44.62294314902909,
        "INACTIVE": 55.37921622148567,
        "INVALID": 0,
        "MALICIOUS": 0,
        "SANE": 0,
        "VALID": 0,
        "total": 100.00215937051476
    }
}