{
    "counter": {
        "ACTIVE": 40374,
        "INACTIVE": 53150,
        "INVALID": 0,
        "MALICIOUS": 0,
        "SANE": 0,
        "VALID": 0,
        "total": 93524
    },
    "percentage": {
        "ACTIVE": 43.169667678884565,
        "INACTIVE": 56.830332321115435,
        "INVALID": 0.0,
        "MALICIOUS": 0.0,
        "SANE": 0.0,
        "VALID": 0.0,
        "total": 100.0
    }
}