{
    "counter": {
        "ACTIVE": 2145,
        "INACTIVE": 2801,
        "INVALID": 0,
        "MALICIOUS": 0,
        "SANE": 0,
        "VALID": 0,
        "total": 4946
    },
    "percentage": {
        "ACTIVE": 43.394699575156785,
        "INACTIVE": 56.6316215123332,
        "INVALID": 0,
        "MALICIOUS": 0,
        "SANE": 0,
        "VALID": 0,
        "total": 100.02632108748998
    }
}