{
    "counter": {
        "ACTIVE": 3803,
        "INACTIVE": 4687,
        "INVALID": 0,
        "MALICIOUS": 0,
        "SANE": 0,
        "VALID": 0,
        "total": 8490
    },
    "percentage": {
        "ACTIVE": 44.80442978322338,
        "INACTIVE": 55.206124852767964,
        "INVALID": 0,
        "MALICIOUS": 0,
        "SANE": 0,
        "VALID": 0,
        "total": 100.01055463599134
    }
}