{
    "counter": {
        "ACTIVE": 24647,
        "INACTIVE": 30501,
        "INVALID": 0,
        "MALICIOUS": 0,
        "SANE": 0,
        "VALID": 0,
        "total": 55148
    },
    "percentage": {
        "ACTIVE": 44.69246391528251,
        "INACTIVE": 55.30753608471749,
        "INVALID": 0.0,
        "MALICIOUS": 0.0,
        "SANE": 0.0,
        "VALID": 0.0,
        "total": 100.0
    }
}