{
    "counter": {
        "ACTIVE": 39509,
        "INACTIVE": 49254,
        "INVALID": 0,
        "MALICIOUS": 0,
        "SANE": 0,
        "VALID": 0,
        "total": 88763
    },
    "percentage": {
        "ACTIVE": 44.51066322679495,
        "INACTIVE": 55.48933677320505,
        "INVALID": 0.0,
        "MALICIOUS": 0.0,
        "SANE": 0.0,
        "VALID": 0.0,
        "total": 100.0
    }
}