{
    "counter": {
        "ACTIVE": 26865,
        "INACTIVE": 34363,
        "INVALID": 0,
        "MALICIOUS": 0,
        "SANE": 0,
        "VALID": 0,
        "total": 61228
    },
    "percentage": {
        "ACTIVE": 43.87698438622852,
        "INACTIVE": 56.12301561377148,
        "INVALID": 0.0,
        "MALICIOUS": 0.0,
        "SANE": 0.0,
        "VALID": 0.0,
        "total": 100.0
    }
}