{
    "counter": {
        "ACTIVE": 39444,
        "INACTIVE": 49115,
        "INVALID": 0,
        "MALICIOUS": 0,
        "SANE": 0,
        "VALID": 0,
        "total": 88559
    },
    "percentage": {
        "ACTIVE": 44.53979832653937,
        "INACTIVE": 55.46020167346063,
        "INVALID": 0.0,
        "MALICIOUS": 0.0,
        "SANE": 0.0,
        "VALID": 0.0,
        "total": 100.0
    }
}