{
    "counter": {
        "ACTIVE": 23675,
        "INACTIVE": 29000,
        "INVALID": 0,
        "MALICIOUS": 0,
        "SANE": 0,
        "VALID": 0,
        "total": 52675
    },
    "percentage": {
        "ACTIVE": 44.945420028476505,
        "INACTIVE": 55.054579971523495,
        "INVALID": 0.0,
        "MALICIOUS": 0.0,
        "SANE": 0.0,
        "VALID": 0.0,
        "total": 100.0
    }
}