{
    "counter": {
        "ACTIVE": 23936,
        "INACTIVE": 29274,
        "INVALID": 0,
        "MALICIOUS": 0,
        "SANE": 0,
        "VALID": 0,
        "total": 53210
    },
    "percentage": {
        "ACTIVE": 44.98402555910543,
        "INACTIVE": 55.01597444089457,
        "INVALID": 0.0,
        "MALICIOUS": 0.0,
        "SANE": 0.0,
        "VALID": 0.0,
        "total": 100.0
    }
}