{
    "counter": {
        "ACTIVE": 34783,
        "INACTIVE": 43382,
        "INVALID": 0,
        "MALICIOUS": 0,
        "SANE": 0,
        "VALID": 0,
        "total": 78165
    },
    "percentage": {
        "ACTIVE": 44.499456278385466,
        "INACTIVE": 55.500543721614534,
        "INVALID": 0.0,
        "MALICIOUS": 0.0,
        "SANE": 0.0,
        "VALID": 0.0,
        "total": 100.0
    }
}