{
    "counter": {
        "ACTIVE": 11844,
        "INACTIVE": 14610,
        "INVALID": 0,
        "MALICIOUS": 0,
        "SANE": 0,
        "VALID": 0,
        "total": 26454
    },
    "percentage": {
        "ACTIVE": 44.773749669224664,
        "INACTIVE": 55.22794284418235,
        "INVALID": 0,
        "MALICIOUS": 0,
        "SANE": 0,
        "VALID": 0,
        "total": 100.00169251340702
    }
}