{
    "counter": {
        "ACTIVE": 5442,
        "INACTIVE": 6782,
        "INVALID": 0,
        "MALICIOUS": 0,
        "SANE": 0,
        "VALID": 0,
        "total": 12224
    },
    "percentage": {
        "ACTIVE": 44.52626411389298,
        "INACTIVE": 55.48102094240838,
        "INVALID": 0,
        "MALICIOUS": 0,
        "SANE": 0,
        "VALID": 0,
        "total": 100.00728505630136
    }
}