{
    "counter": {
        "ACTIVE": 25894,
        "INACTIVE": 33011,
        "INVALID": 0,
        "MALICIOUS": 0,
        "SANE": 0,
        "VALID": 0,
        "total": 58905
    },
    "percentage": {
        "ACTIVE": 43.95891690009337,
        "INACTIVE": 56.04108309990663,
        "INVALID": 0.0,
        "MALICIOUS": 0.0,
        "SANE": 0.0,
        "VALID": 0.0,
        "total": 100.0
    }
}