{
    "counter": {
        "ACTIVE": 35154,
        "INACTIVE": 44005,
        "INVALID": 0,
        "MALICIOUS": 0,
        "SANE": 0,
        "VALID": 0,
        "total": 79159
    },
    "percentage": {
        "ACTIVE": 44.409353326848496,
        "INACTIVE": 55.590646673151504,
        "INVALID": 0.0,
        "MALICIOUS": 0.0,
        "SANE": 0.0,
        "VALID": 0.0,
        "total": 100.0
    }
}