{
    "counter": {
        "ACTIVE": 31109,
        "INACTIVE": 38902,
        "INVALID": 0,
        "MALICIOUS": 0,
        "SANE": 0,
        "VALID": 0,
        "total": 70011
    },
    "percentage": {
        "ACTIVE": 44.434446015626115,
        "INACTIVE": 55.56634766461934,
        "INVALID": 0.0,
        "MALICIOUS": 0.0,
        "SANE": 0.0,
        "VALID": 0.0,
        "total": 100.00079368024547
    }
}