{
    "counter": {
        "ACTIVE": 26975,
        "INACTIVE": 34552,
        "INVALID": 0,
        "MALICIOUS": 0,
        "SANE": 0,
        "VALID": 0,
        "total": 61527
    },
    "percentage": {
        "ACTIVE": 43.84254067320038,
        "INACTIVE": 56.15745932679962,
        "INVALID": 0.0,
        "MALICIOUS": 0.0,
        "SANE": 0.0,
        "VALID": 0.0,
        "total": 100.0
    }
}