{
    "counter": {
        "ACTIVE": 23526,
        "INACTIVE": 28846,
        "INVALID": 0,
        "MALICIOUS": 0,
        "SANE": 0,
        "VALID": 0,
        "total": 52372
    },
    "percentage": {
        "ACTIVE": 44.92095012602154,
        "INACTIVE": 55.07904987397846,
        "INVALID": 0.0,
        "MALICIOUS": 0.0,
        "SANE": 0.0,
        "VALID": 0.0,
        "total": 100.0
    }
}