{
    "counter": {
        "ACTIVE": 8420,
        "INACTIVE": 11289,
        "INVALID": 0,
        "MALICIOUS": 0,
        "SANE": 0,
        "VALID": 0,
        "total": 19709
    },
    "percentage": {
        "ACTIVE": 42.72376699817333,
        "INACTIVE": 57.27840073063068,
        "INVALID": 0,
        "MALICIOUS": 0,
        "SANE": 0,
        "VALID": 0,
        "total": 100.00216772880401
    }
}