{
    "counter": {
        "ACTIVE": 11217,
        "INACTIVE": 13916,
        "INVALID": 0,
        "MALICIOUS": 0,
        "SANE": 0,
        "VALID": 0,
        "total": 25133
    },
    "percentage": {
        "ACTIVE": 44.63056539211395,
        "INACTIVE": 55.371637752665926,
        "INVALID": 0,
        "MALICIOUS": 0,
        "SANE": 0,
        "VALID": 0,
        "total": 100.00220314477988
    }
}