{
    "counter": {
        "ACTIVE": 13040,
        "INACTIVE": 16541,
        "INVALID": 0,
        "MALICIOUS": 0,
        "SANE": 0,
        "VALID": 0,
        "total": 29581
    },
    "percentage": {
        "ACTIVE": 44.08384043272481,
        "INACTIVE": 55.9176498428045,
        "INVALID": 0,
        "MALICIOUS": 0,
        "SANE": 0,
        "VALID": 0,
        "total": 100.0014902755293
    }
}