{
    "counter": {
        "ACTIVE": 25982,
        "INACTIVE": 33243,
        "INVALID": 0,
        "MALICIOUS": 0,
        "SANE": 0,
        "VALID": 0,
        "total": 59225
    },
    "percentage": {
        "ACTIVE": 43.86998733642887,
        "INACTIVE": 56.13001266357113,
        "INVALID": 0.0,
        "MALICIOUS": 0.0,
        "SANE": 0.0,
        "VALID": 0.0,
        "total": 100.0
    }
}