{
    "counter": {
        "ACTIVE": 43238,
        "INACTIVE": 57670,
        "INVALID": 0,
        "MALICIOUS": 0,
        "SANE": 0,
        "VALID": 0,
        "total": 100908
    },
    "percentage": {
        "ACTIVE": 42.848931700162524,
        "INACTIVE": 57.151068299837476,
        "INVALID": 0.0,
        "MALICIOUS": 0.0,
        "SANE": 0.0,
        "VALID": 0.0,
        "total": 100.0
    }
}