{
    "counter": {
        "ACTIVE": 5062,
        "INACTIVE": 6362,
        "INVALID": 0,
        "MALICIOUS": 0,
        "SANE": 0,
        "VALID": 0,
        "total": 11424
    },
    "percentage": {
        "ACTIVE": 44.31022408963585,
        "INACTIVE": 55.69465114243194,
        "INVALID": 0,
        "MALICIOUS": 0,
        "SANE": 0,
        "VALID": 0,
        "total": 100.00487523206779
    }
}