{
    "counter": {
        "ACTIVE": 31469,
        "INACTIVE": 39438,
        "INVALID": 0,
        "MALICIOUS": 0,
        "SANE": 0,
        "VALID": 0,
        "total": 70907
    },
    "percentage": {
        "ACTIVE": 44.381293543564716,
        "INACTIVE": 55.61933236492871,
        "INVALID": 0.0,
        "MALICIOUS": 0.0,
        "SANE": 0.0,
        "VALID": 0.0,
        "total": 100.00062590849342
    }
}