{
    "counter": {
        "ACTIVE": 11900,
        "INACTIVE": 14660,
        "INVALID": 0,
        "MALICIOUS": 0,
        "SANE": 0,
        "VALID": 0,
        "total": 26560
    },
    "percentage": {
        "ACTIVE": 44.80759093305219,
        "INACTIVE": 55.19578313253012,
        "INVALID": 0,
        "MALICIOUS": 0,
        "SANE": 0,
        "VALID": 0,
        "total": 100.0033740655823
    }
}