{
    "counter": {
        "ACTIVE": 26025,
        "INACTIVE": 33319,
        "INVALID": 0,
        "MALICIOUS": 0,
        "SANE": 0,
        "VALID": 0,
        "total": 59344
    },
    "percentage": {
        "ACTIVE": 43.854475599892154,
        "INACTIVE": 56.145524400107846,
        "INVALID": 0.0,
        "MALICIOUS": 0.0,
        "SANE": 0.0,
        "VALID": 0.0,
        "total": 100.0
    }
}