{
    "counter": {
        "ACTIVE": 12388,
        "INACTIVE": 15284,
        "INVALID": 0,
        "MALICIOUS": 0,
        "SANE": 0,
        "VALID": 0,
        "total": 27672
    },
    "percentage": {
        "ACTIVE": 44.77050957715938,
        "INACTIVE": 55.23272622145129,
        "INVALID": 0,
        "MALICIOUS": 0,
        "SANE": 0,
        "VALID": 0,
        "total": 100.00323579861066
    }
}