{
    "counter": {
        "ACTIVE": 40420,
        "INACTIVE": 53376,
        "INVALID": 0,
        "MALICIOUS": 0,
        "SANE": 0,
        "VALID": 0,
        "total": 93796
    },
    "percentage": {
        "ACTIVE": 43.09352211181714,
        "INACTIVE": 56.90647788818286,
        "INVALID": 0.0,
        "MALICIOUS": 0.0,
        "SANE": 0.0,
        "VALID": 0.0,
        "total": 100.0
    }
}