{
    "counter": {
        "ACTIVE": 37899,
        "INACTIVE": 46888,
        "INVALID": 0,
        "MALICIOUS": 0,
        "SANE": 0,
        "VALID": 0,
        "total": 84787
    },
    "percentage": {
        "ACTIVE": 44.69906943281399,
        "INACTIVE": 55.30093056718601,
        "INVALID": 0.0,
        "MALICIOUS": 0.0,
        "SANE": 0.0,
        "VALID": 0.0,
        "total": 100.0
    }
}