{
    "counter": {
        "ACTIVE": 21516,
        "INACTIVE": 26430,
        "INVALID": 0,
        "MALICIOUS": 0,
        "SANE": 0,
        "VALID": 0,
        "total": 47946
    },
    "percentage": {
        "ACTIVE": 44.875484920535605,
        "INACTIVE": 55.124515079464395,
        "INVALID": 0.0,
        "MALICIOUS": 0.0,
        "SANE": 0.0,
        "VALID": 0.0,
        "total": 100.0
    }
}