{
    "counter": {
        "ACTIVE": 34227,
        "INACTIVE": 42920,
        "INVALID": 0,
        "MALICIOUS": 0,
        "SANE": 0,
        "VALID": 0,
        "total": 77147
    },
    "percentage": {
        "ACTIVE": 44.36595071746147,
        "INACTIVE": 55.63404928253853,
        "INVALID": 0.0,
        "MALICIOUS": 0.0,
        "SANE": 0.0,
        "VALID": 0.0,
        "total": 100.0
    }
}