{
    "counter": {
        "ACTIVE": 17522,
        "INACTIVE": 22632,
        "INVALID": 0,
        "MALICIOUS": 0,
        "SANE": 0,
        "VALID": 0,
        "total": 40154
    },
    "percentage": {
        "ACTIVE": 43.6391711496314,
        "INACTIVE": 56.36300244060367,
        "INVALID": 0,
        "MALICIOUS": 0,
        "SANE": 0,
        "VALID": 0,
        "total": 100.00217359023507
    }
}