{
    "counter": {
        "ACTIVE": 25023,
        "INACTIVE": 30991,
        "INVALID": 0,
        "MALICIOUS": 0,
        "SANE": 0,
        "VALID": 0,
        "total": 56014
    },
    "percentage": {
        "ACTIVE": 44.67276038133324,
        "INACTIVE": 55.32723961866676,
        "INVALID": 0.0,
        "MALICIOUS": 0.0,
        "SANE": 0.0,
        "VALID": 0.0,
        "total": 100.0
    }
}