{
    "counter": {
        "ACTIVE": 18018,
        "INACTIVE": 23154,
        "INVALID": 0,
        "MALICIOUS": 0,
        "SANE": 0,
        "VALID": 0,
        "total": 41172
    },
    "percentage": {
        "ACTIVE": 43.76487733786738,
        "INACTIVE": 56.23724861556398,
        "INVALID": 0,
        "MALICIOUS": 0,
        "SANE": 0,
        "VALID": 0,
        "total": 100.00212595343136
    }
}