{
    "counter": {
        "ACTIVE": 27632,
        "INACTIVE": 35281,
        "INVALID": 0,
        "MALICIOUS": 0,
        "SANE": 0,
        "VALID": 0,
        "total": 62913
    },
    "percentage": {
        "ACTIVE": 43.920970228728564,
        "INACTIVE": 56.079029771271436,
        "INVALID": 0.0,
        "MALICIOUS": 0.0,
        "SANE": 0.0,
        "VALID": 0.0,
        "total": 100.0
    }
}