{
    "counter": {
        "ACTIVE": 41279,
        "INACTIVE": 55009,
        "INVALID": 0,
        "MALICIOUS": 0,
        "SANE": 0,
        "VALID": 0,
        "total": 96288
    },
    "percentage": {
        "ACTIVE": 42.870347291458955,
        "INACTIVE": 57.129652708541045,
        "INVALID": 0.0,
        "MALICIOUS": 0.0,
        "SANE": 0.0,
        "VALID": 0.0,
        "total": 100.0
    }
}