{
    "counter": {
        "ACTIVE": 6859,
        "INACTIVE": 9086,
        "INVALID": 0,
        "MALICIOUS": 0,
        "SANE": 0,
        "VALID": 0,
        "total": 15945
    },
    "percentage": {
        "ACTIVE": 43.01661962997805,
        "INACTIVE": 56.986954340190664,
        "INVALID": 0,
        "MALICIOUS": 0,
        "SANE": 0,
        "VALID": 0,
        "total": 100.00357397016872
    }
}