{
    "counter": {
        "ACTIVE": 36545,
        "INACTIVE": 45709,
        "INVALID": 0,
        "MALICIOUS": 0,
        "SANE": 0,
        "VALID": 0,
        "total": 82254
    },
    "percentage": {
        "ACTIVE": 44.42945023950203,
        "INACTIVE": 55.57054976049797,
        "INVALID": 0.0,
        "MALICIOUS": 0.0,
        "SANE": 0.0,
        "VALID": 0.0,
        "total": 100.0
    }
}