{
    "counter": {
        "ACTIVE": 33632,
        "INACTIVE": 42471,
        "INVALID": 0,
        "MALICIOUS": 0,
        "SANE": 0,
        "VALID": 0,
        "total": 76103
    },
    "percentage": {
        "ACTIVE": 44.19273878822123,
        "INACTIVE": 55.80726121177877,
        "INVALID": 0.0,
        "MALICIOUS": 0.0,
        "SANE": 0.0,
        "VALID": 0.0,
        "total": 100.0
    }
}