{
    "counter": {
        "ACTIVE": 40532,
        "INACTIVE": 53658,
        "INVALID": 0,
        "MALICIOUS": 0,
        "SANE": 0,
        "VALID": 0,
        "total": 94190
    },
    "percentage": {
        "ACTIVE": 43.03216902006582,
        "INACTIVE": 56.96783097993418,
        "INVALID": 0.0,
        "MALICIOUS": 0.0,
        "SANE": 0.0,
        "VALID": 0.0,
        "total": 100.0
    }
}