{
    "counter": {
        "ACTIVE": 37825,
        "INACTIVE": 46813,
        "INVALID": 0,
        "MALICIOUS": 0,
        "SANE": 0,
        "VALID": 0,
        "total": 84638
    },
    "percentage": {
        "ACTIVE": 44.690328221366286,
        "INACTIVE": 55.309671778633714,
        "INVALID": 0.0,
        "MALICIOUS": 0.0,
        "SANE": 0.0,
        "VALID": 0.0,
        "total": 100.0
    }
}