{
    "counter": {
        "ACTIVE": 40578,
        "INACTIVE": 53882,
        "INVALID": 0,
        "MALICIOUS": 0,
        "SANE": 0,
        "VALID": 0,
        "total": 94460
    },
    "percentage": {
        "ACTIVE": 42.957865763286044,
        "INACTIVE": 57.042134236713956,
        "INVALID": 0.0,
        "MALICIOUS": 0.0,
        "SANE": 0.0,
        "VALID": 0.0,
        "total": 100.0
    }
}