{
    "counter": {
        "ACTIVE": 22022,
        "INACTIVE": 26996,
        "INVALID": 0,
        "MALICIOUS": 0,
        "SANE": 0,
        "VALID": 0,
        "total": 49018
    },
    "percentage": {
        "ACTIVE": 44.92635358439757,
        "INACTIVE": 55.07364641560243,
        "INVALID": 0.0,
        "MALICIOUS": 0.0,
        "SANE": 0.0,
        "VALID": 0.0,
        "total": 100.0
    }
}