{
    "counter": {
        "ACTIVE": 25643,
        "INACTIVE": 32579,
        "INVALID": 0,
        "MALICIOUS": 0,
        "SANE": 0,
        "VALID": 0,
        "total": 58222
    },
    "percentage": {
        "ACTIVE": 44.04348871560578,
        "INACTIVE": 55.95651128439422,
        "INVALID": 0.0,
        "MALICIOUS": 0.0,
        "SANE": 0.0,
        "VALID": 0.0,
        "total": 100.0
    }
}