{
    "counter": {
        "ACTIVE": 6529,
        "INACTIVE": 8547,
        "INVALID": 0,
        "MALICIOUS": 0,
        "SANE": 0,
        "VALID": 0,
        "total": 15076
    },
    "percentage": {
        "ACTIVE": 43.31586280103496,
        "INACTIVE": 56.69275669938976,
        "INVALID": 0,
        "MALICIOUS": 0,
        "SANE": 0,
        "VALID": 0,
        "total": 100.00861950042471
    }
}