{
    "counter": {
        "ACTIVE": 27200,
        "INACTIVE": 34840,
        "INVALID": 0,
        "MALICIOUS": 0,
        "SANE": 0,
        "VALID": 0,
        "total": 62040
    },
    "percentage": {
        "ACTIVE": 43.84268214055448,
        "INACTIVE": 56.15731785944552,
        "INVALID": 0.0,
        "MALICIOUS": 0.0,
        "SANE": 0.0,
        "VALID": 0.0,
        "total": 100.0
    }
}