{
    "counter": {
        "ACTIVE": 17177,
        "INACTIVE": 22246,
        "INVALID": 0,
        "MALICIOUS": 0,
        "SANE": 0,
        "VALID": 0,
        "total": 39423
    },
    "percentage": {
        "ACTIVE": 43.572117091979095,
        "INACTIVE": 56.428988154123225,
        "INVALID": 0,
        "MALICIOUS": 0,
        "SANE": 0,
        "VALID": 0,
        "total": 100.00110524610233
    }
}