{
    "counter": {
        "ACTIVE": 41268,
        "INACTIVE": 54987,
        "INVALID": 0,
        "MALICIOUS": 0,
        "SANE": 0,
        "VALID": 0,
        "total": 96255
    },
    "percentage": {
        "ACTIVE": 42.87361695496338,
        "INACTIVE": 57.12638304503662,
        "INVALID": 0.0,
        "MALICIOUS": 0.0,
        "SANE": 0.0,
        "VALID": 0.0,
        "total": 100.0
    }
}