{
    "counter": {
        "ACTIVE": 5411,
        "INACTIVE": 6737,
        "INVALID": 0,
        "MALICIOUS": 0,
        "SANE": 0,
        "VALID": 0,
        "total": 12148
    },
    "percentage": {
        "ACTIVE": 44.542311491603556,
        "INACTIVE": 55.462254054499056,
        "INVALID": 0,
        "MALICIOUS": 0,
        "SANE": 0,
        "VALID": 0,
        "total": 100.00456554610261
    }
}