{
    "counter": {
        "ACTIVE": 3607,
        "INACTIVE": 4390,
        "INVALID": 0,
        "MALICIOUS": 0,
        "SANE": 0,
        "VALID": 0,
        "total": 7997
    },
    "percentage": {
        "ACTIVE": 45.10441415530824,
        "INACTIVE": 54.90245122561281,
        "INVALID": 0,
        "MALICIOUS": 0,
        "SANE": 0,
        "VALID": 0,
        "total": 100.00686538092106
    }
}