{
    "counter": {
        "ACTIVE": 34991,
        "INACTIVE": 43659,
        "INVALID": 0,
        "MALICIOUS": 0,
        "SANE": 0,
        "VALID": 0,
        "total": 78650
    },
    "percentage": {
        "ACTIVE": 44.48951048951049,
        "INACTIVE": 55.51048951048951,
        "INVALID": 0.0,
        "MALICIOUS": 0.0,
        "SANE": 0.0,
        "VALID": 0.0,
        "total": 100.0
    }
}