{
    "counter": {
        "ACTIVE": 32859,
        "INACTIVE": 41364,
        "INVALID": 0,
        "MALICIOUS": 0,
        "SANE": 0,
        "VALID": 0,
        "total": 74223
    },
    "percentage": {
        "ACTIVE": 44.27064387049836,
        "INACTIVE": 55.72935612950164,
        "INVALID": 0.0,
        "MALICIOUS": 0.0,
        "SANE": 0.0,
        "VALID": 0.0,
        "total": 100.0
    }
}