{
    "counter": {
        "ACTIVE": 18454,
        "INACTIVE": 23544,
        "INVALID": 0,
        "MALICIOUS": 0,
        "SANE": 0,
        "VALID": 0,
        "total": 41998
    },
    "percentage": {
        "ACTIVE": 43.94018762798228,
        "INACTIVE": 56.06114722480177,
        "INVALID": 0,
        "MALICIOUS": 0,
        "SANE": 0,
        "VALID": 0,
        "total": 100.00133485278405
    }
}