{
    "counter": {
        "ACTIVE": 24989,
        "INACTIVE": 30955,
        "INVALID": 0,
        "MALICIOUS": 0,
        "SANE": 0,
        "VALID": 0,
        "total": 55944
    },
    "percentage": {
        "ACTIVE": 44.66788216788217,
        "INACTIVE": 55.33211783211783,
        "INVALID": 0.0,
        "MALICIOUS": 0.0,
        "SANE": 0.0,
        "VALID": 0.0,
        "total": 100.0
    }
}