{
    "counter": {
        "ACTIVE": 40131,
        "INACTIVE": 51048,
        "INVALID": 0,
        "MALICIOUS": 0,
        "SANE": 0,
        "VALID": 0,
        "total": 91179
    },
    "percentage": {
        "ACTIVE": 44.0134241437173,
        "INACTIVE": 55.9865758562827,
        "INVALID": 0.0,
        "MALICIOUS": 0.0,
        "SANE": 0.0,
        "VALID": 0.0,
        "total": 100.0
    }
}