{
    "counter": {
        "ACTIVE": 30677,
        "INACTIVE": 38452,
        "INVALID": 0,
        "MALICIOUS": 0,
        "SANE": 0,
        "VALID": 0,
        "total": 69129
    },
    "percentage": {
        "ACTIVE": 44.37645561197182,
        "INACTIVE": 55.62515370260535,
        "INVALID": 0.0,
        "MALICIOUS": 0.0,
        "SANE": 0.0,
        "VALID": 0.0,
        "total": 100.00160931457717
    }
}