{
    "counter": {
        "ACTIVE": 25134,
        "INACTIVE": 31212,
        "INVALID": 0,
        "MALICIOUS": 0,
        "SANE": 0,
        "VALID": 0,
        "total": 56346
    },
    "percentage": {
        "ACTIVE": 44.60653817484826,
        "INACTIVE": 55.39346182515174,
        "INVALID": 0.0,
        "MALICIOUS": 0.0,
        "SANE": 0.0,
        "VALID": 0.0,
        "total": 100.0
    }
}