{
    "counter": {
        "ACTIVE": 24128,
        "INACTIVE": 29862,
        "INVALID": 0,
        "MALICIOUS": 0,
        "SANE": 0,
        "VALID": 0,
        "total": 53990
    },
    "percentage": {
        "ACTIVE": 44.68975736247453,
        "INACTIVE": 55.31024263752547,
        "INVALID": 0.0,
        "MALICIOUS": 0.0,
        "SANE": 0.0,
        "VALID": 0.0,
        "total": 100.0
    }
}