{
    "counter": {
        "ACTIVE": 17428,
        "INACTIVE": 22533,
        "INVALID": 0,
        "MALICIOUS": 0,
        "SANE": 0,
        "VALID": 0,
        "total": 39961
    },
    "percentage": {
        "ACTIVE": 43.61797977775553,
        "INACTIVE": 56.38747779084608,
        "INVALID": 0,
        "MALICIOUS": 0,
        "SANE": 0,
        "VALID": 0,
        "total": 100.0054575686016
    }
}