{
    "counter": {
        "ACTIVE": 18038,
        "INACTIVE": 23162,
        "INVALID": 0,
        "MALICIOUS": 0,
        "SANE": 0,
        "VALID": 0,
        "total": 41200
    },
    "percentage": {
        "ACTIVE": 43.78155339805825,
        "INACTIVE": 56.22117578523229,
        "INVALID": 0,
        "MALICIOUS": 0,
        "SANE": 0,
        "VALID": 0,
        "total": 100.00272918329054
    }
}