{
    "counter": {
        "ACTIVE": 12969,
        "INACTIVE": 16430,
        "INVALID": 0,
        "MALICIOUS": 0,
        "SANE": 0,
        "VALID": 0,
        "total": 29399
    },
    "percentage": {
        "ACTIVE": 44.115245935097626,
        "INACTIVE": 55.88625463451138,
        "INVALID": 0,
        "MALICIOUS": 0,
        "SANE": 0,
        "VALID": 0,
        "total": 100.00150056960901
    }
}