{
    "counter": {
        "ACTIVE": 11176,
        "INACTIVE": 13894,
        "INVALID": 0,
        "MALICIOUS": 0,
        "SANE": 0,
        "VALID": 0,
        "total": 25070
    },
    "percentage": {
        "ACTIVE": 44.582734960906336,
        "INACTIVE": 55.42082169924212,
        "INVALID": 0,
        "MALICIOUS": 0,
        "SANE": 0,
        "VALID": 0,
        "total": 100.00355666014846
    }
}