{
    "counter": {
        "ACTIVE": 9333,
        "INACTIVE": 12452,
        "INVALID": 0,
        "MALICIOUS": 0,
        "SANE": 0,
        "VALID": 0,
        "total": 21785
    },
    "percentage": {
        "ACTIVE": 42.84140463621758,
        "INACTIVE": 57.161219243481455,
        "INVALID": 0,
        "MALICIOUS": 0,
        "SANE": 0,
        "VALID": 0,
        "total": 100.00262387969903
    }
}