{
    "counter": {
        "ACTIVE": 38524,
        "INACTIVE": 47568,
        "INVALID": 0,
        "MALICIOUS": 0,
        "SANE": 0,
        "VALID": 0,
        "total": 86092
    },
    "percentage": {
        "ACTIVE": 44.74747944059843,
        "INACTIVE": 55.25252055940157,
        "INVALID": 0.0,
        "MALICIOUS": 0.0,
        "SANE": 0.0,
        "VALID": 0.0,
        "total": 100.0
    }
}