{
    "counter": {
        "ACTIVE": 21047,
        "INACTIVE": 25973,
        "INVALID": 0,
        "MALICIOUS": 0,
        "SANE": 0,
        "VALID": 0,
        "total": 47020
    },
    "percentage": {
        "ACTIVE": 44.7618034878775,
        "INACTIVE": 55.23937131797784,
        "INVALID": 0,
        "MALICIOUS": 0,
        "SANE": 0,
        "VALID": 0,
        "total": 100.00117480585534
    }
}