{
    "counter": {
        "ACTIVE": 31451,
        "INACTIVE": 39420,
        "INVALID": 0,
        "MALICIOUS": 0,
        "SANE": 0,
        "VALID": 0,
        "total": 70871
    },
    "percentage": {
        "ACTIVE": 44.378439396077326,
        "INACTIVE": 55.62218679008339,
        "INVALID": 0.0,
        "MALICIOUS": 0.0,
        "SANE": 0.0,
        "VALID": 0.0,
        "total": 100.00062618616072
    }
}