{
    "counter": {
        "ACTIVE": 36497,
        "INACTIVE": 45638,
        "INVALID": 0,
        "MALICIOUS": 0,
        "SANE": 0,
        "VALID": 0,
        "total": 82135
    },
    "percentage": {
        "ACTIVE": 44.435380775552446,
        "INACTIVE": 55.564619224447554,
        "INVALID": 0.0,
        "MALICIOUS": 0.0,
        "SANE": 0.0,
        "VALID": 0.0,
        "total": 100.0
    }
}