{
    "counter": {
        "ACTIVE": 39376,
        "INACTIVE": 48940,
        "INVALID": 0,
        "MALICIOUS": 0,
        "SANE": 0,
        "VALID": 0,
        "total": 88316
    },
    "percentage": {
        "ACTIVE": 44.585352597490825,
        "INACTIVE": 55.414647402509175,
        "INVALID": 0.0,
        "MALICIOUS": 0.0,
        "SANE": 0.0,
        "VALID": 0.0,
        "total": 100.0
    }
}