{
    "counter": {
        "ACTIVE": 27211,
        "INACTIVE": 34852,
        "INVALID": 0,
        "MALICIOUS": 0,
        "SANE": 0,
        "VALID": 0,
        "total": 62063
    },
    "percentage": {
        "ACTIVE": 43.8441583552197,
        "INACTIVE": 56.1558416447803,
        "INVALID": 0.0,
        "MALICIOUS": 0.0,
        "SANE": 0.0,
        "VALID": 0.0,
        "total": 100.0
    }
}