{
    "counter": {
        "ACTIVE": 19741,
        "INACTIVE": 24854,
        "INVALID": 0,
        "MALICIOUS": 0,
        "SANE": 0,
        "VALID": 0,
        "total": 44595
    },
    "percentage": {
        "ACTIVE": 44.268287213526484,
        "INACTIVE": 55.73270546025339,
        "INVALID": 0,
        "MALICIOUS": 0,
        "SANE": 0,
        "VALID": 0,
        "total": 100.00099267377988
    }
}