{
    "counter": {
        "ACTIVE": 24327,
        "INACTIVE": 30251,
        "INVALID": 0,
        "MALICIOUS": 0,
        "SANE": 0,
        "VALID": 0,
        "total": 54578
    },
    "percentage": {
        "ACTIVE": 44.57290483344938,
        "INACTIVE": 55.42709516655062,
        "INVALID": 0.0,
        "MALICIOUS": 0.0,
        "SANE": 0.0,
        "VALID": 0.0,
        "total": 100.0
    }
}