{
    "counter": {
        "ACTIVE": 33185,
        "INACTIVE": 41858,
        "INVALID": 0,
        "MALICIOUS": 0,
        "SANE": 0,
        "VALID": 0,
        "total": 75043
    },
    "percentage": {
        "ACTIVE": 44.221313113814745,
        "INACTIVE": 55.778686886185255,
        "INVALID": 0.0,
        "MALICIOUS": 0.0,
        "SANE": 0.0,
        "VALID": 0.0,
        "total": 100.0
    }
}