{
    "counter": {
        "ACTIVE": 38980,
        "INACTIVE": 48177,
        "INVALID": 0,
        "MALICIOUS": 0,
        "SANE": 0,
        "VALID": 0,
        "total": 87157
    },
    "percentage": {
        "ACTIVE": 44.723889073740494,
        "INACTIVE": 55.276110926259506,
        "INVALID": 0.0,
        "MALICIOUS": 0.0,
        "SANE": 0.0,
        "VALID": 0.0,
        "total": 100.0
    }
}