{
    "counter": {
        "ACTIVE": 39316,
        "INACTIVE": 48784,
        "INVALID": 0,
        "MALICIOUS": 0,
        "SANE": 0,
        "VALID": 0,
        "total": 88100
    },
    "percentage": {
        "ACTIVE": 44.62656072644722,
        "INACTIVE": 55.37343927355278,
        "INVALID": 0.0,
        "MALICIOUS": 0.0,
        "SANE": 0.0,
        "VALID": 0.0,
        "total": 100.0
    }
}