{
    "counter": {
        "ACTIVE": 24113,
        "INACTIVE": 29795,
        "INVALID": 0,
        "MALICIOUS": 0,
        "SANE": 0,
        "VALID": 0,
        "total": 53908
    },
    "percentage": {
        "ACTIVE": 44.729910217407436,
        "INACTIVE": 55.270089782592564,
        "INVALID": 0.0,
        "MALICIOUS": 0.0,
        "SANE": 0.0,
        "VALID": 0.0,
        "total": 100.0
    }
}