{
    "counter": {
        "ACTIVE": 5229,
        "INACTIVE": 6550,
        "INVALID": 0,
        "MALICIOUS": 0,
        "SANE": 0,
        "VALID": 0,
        "total": 11779
    },
    "percentage": {
        "ACTIVE": 44.40010189352127,
        "INACTIVE": 55.607436964088635,
        "INVALID": 0,
        "MALICIOUS": 0,
        "SANE": 0,
        "VALID": 0,
        "total": 100.0075388576099
    }
}