{
    "counter": {
        "ACTIVE": 8344,
        "INACTIVE": 11147,
        "INVALID": 0,
        "MALICIOUS": 0,
        "SANE": 0,
        "VALID": 0,
        "total": 19491
    },
    "percentage": {
        "ACTIVE": 42.81389501770229,
        "INACTIVE": 57.19049817864656,
        "INVALID": 0,
        "MALICIOUS": 0,
        "SANE": 0,
        "VALID": 0,
        "total": 100.00439319634884
    }
}