{
    "counter": {
        "ACTIVE": 24650,
        "INACTIVE": 30510,
        "INVALID": 0,
        "MALICIOUS": 0,
        "SANE": 0,
        "VALID": 0,
        "total": 55160
    },
    "percentage": {
        "ACTIVE": 44.6881798404641,
        "INACTIVE": 55.3118201595359,
        "INVALID": 0.0,
        "MALICIOUS": 0.0,
        "SANE": 0.0,
        "VALID": 0.0,
        "total": 100.0
    }
}