{
    "counter": {
        "ACTIVE": 33734,
        "INACTIVE": 42577,
        "INVALID": 0,
        "MALICIOUS": 0,
        "SANE": 0,
        "VALID": 0,
        "total": 76311
    },
    "percentage": {
        "ACTIVE": 44.205946718035406,
        "INACTIVE": 55.794053281964594,
        "INVALID": 0.0,
        "MALICIOUS": 0.0,
        "SANE": 0.0,
        "VALID": 0.0,
        "total": 100.0
    }
}