{
    "counter": {
        "ACTIVE": 40094,
        "INACTIVE": 50801,
        "INVALID": 0,
        "MALICIOUS": 0,
        "SANE": 0,
        "VALID": 0,
        "total": 90895
    },
    "percentage": {
        "ACTIVE": 44.11023708674845,
        "INACTIVE": 55.88976291325155,
        "INVALID": 0.0,
        "MALICIOUS": 0.0,
        "SANE": 0.0,
        "VALID": 0.0,
        "total": 100.0
    }
}