{
    "counter": {
        "ACTIVE": 40275,
        "INACTIVE": 52239,
        "INVALID": 0,
        "MALICIOUS": 0,
        "SANE": 0,
        "VALID": 0,
        "total": 92514
    },
    "percentage": {
        "ACTIVE": 43.53395161813347,
        "INACTIVE": 56.46604838186653,
        "INVALID": 0.0,
        "MALICIOUS": 0.0,
        "SANE": 0.0,
        "VALID": 0.0,
        "total": 100.0
    }
}