{
    "counter": {
        "ACTIVE": 26673,
        "INACTIVE": 34105,
        "INVALID": 0,
        "MALICIOUS": 0,
        "SANE": 0,
        "VALID": 0,
        "total": 60778
    },
    "percentage": {
        "ACTIVE": 43.88594557241107,
        "INACTIVE": 56.11405442758893,
        "INVALID": 0.0,
        "MALICIOUS": 0.0,
        "SANE": 0.0,
        "VALID": 0.0,
        "total": 100.0
    }
}