{
    "counter": {
        "ACTIVE": 27354,
        "INACTIVE": 35055,
        "INVALID": 0,
        "MALICIOUS": 0,
        "SANE": 0,
        "VALID": 0,
        "total": 62409
    },
    "percentage": {
        "ACTIVE": 43.83021679565447,
        "INACTIVE": 56.16978320434553,
        "INVALID": 0.0,
        "MALICIOUS": 0.0,
        "SANE": 0.0,
        "VALID": 0.0,
        "total": 100.0
    }
}