{
    "counter": {
        "ACTIVE": 15968,
        "INACTIVE": 21144,
        "INVALID": 0,
        "MALICIOUS": 0,
        "SANE": 0,
        "VALID": 0,
        "total": 37112
    },
    "percentage": {
        "ACTIVE": 43.02767373555011,
        "INACTIVE": 56.97348566501401,
        "INVALID": 0,
        "MALICIOUS": 0,
        "SANE": 0,
        "VALID": 0,
        "total": 100.00115940056412
    }
}