{
    "counter": {
        "ACTIVE": 24747,
        "INACTIVE": 30671,
        "INVALID": 0,
        "MALICIOUS": 0,
        "SANE": 0,
        "VALID": 0,
        "total": 55418
    },
    "percentage": {
        "ACTIVE": 44.65516619149013,
        "INACTIVE": 55.34483380850987,
        "INVALID": 0.0,
        "MALICIOUS": 0.0,
        "SANE": 0.0,
        "VALID": 0.0,
        "total": 100.0
    }
}