{
    "counter": {
        "ACTIVE": 33095,
        "INACTIVE": 41721,
        "INVALID": 0,
        "MALICIOUS": 0,
        "SANE": 0,
        "VALID": 0,
        "total": 74816
    },
    "percentage": {
        "ACTIVE": 44.235190333618476,
        "INACTIVE": 55.764809666381524,
        "INVALID": 0.0,
        "MALICIOUS": 0.0,
        "SANE": 0.0,
        "VALID": 0.0,
        "total": 100.0
    }
}