{
    "counter": {
        "ACTIVE": 26702,
        "INACTIVE": 34128,
        "INVALID": 0,
        "MALICIOUS": 0,
        "SANE": 0,
        "VALID": 0,
        "total": 60830
    },
    "percentage": {
        "ACTIVE": 43.896103896103895,
        "INACTIVE": 56.103896103896105,
        "INVALID": 0.0,
        "MALICIOUS": 0.0,
        "SANE": 0.0,
        "VALID": 0.0,
        "total": 100.0
    }
}