{
    "counter": {
        "ACTIVE": 4003,
        "INACTIVE": 5032,
        "INVALID": 0,
        "MALICIOUS": 0,
        "SANE": 0,
        "VALID": 0,
        "total": 9035
    },
    "percentage": {
        "ACTIVE": 44.315288387025355,
        "INACTIVE": 55.6945213060321,
        "INVALID": 0,
        "MALICIOUS": 0,
        "SANE": 0,
        "VALID": 0,
        "total": 100.00980969305746
    }
}