{
    "counter": {
        "ACTIVE": 43162,
        "INACTIVE": 57576,
        "INVALID": 0,
        "MALICIOUS": 0,
        "SANE": 0,
        "VALID": 0,
        "total": 100738
    },
    "percentage": {
        "ACTIVE": 42.84579801068117,
        "INACTIVE": 57.15420198931883,
        "INVALID": 0.0,
        "MALICIOUS": 0.0,
        "SANE": 0.0,
        "VALID": 0.0,
        "total": 100.0
    }
}