{
    "counter": {
        "ACTIVE": 11760,
        "INACTIVE": 14553,
        "INVALID": 0,
        "MALICIOUS": 0,
        "SANE": 0,
        "VALID": 0,
        "total": 26313
    },
    "percentage": {
        "ACTIVE": 44.6927374301676,
        "INACTIVE": 55.30936454849498,
        "INVALID": 0,
        "MALICIOUS": 0,
        "SANE": 0,
        "VALID": 0,
        "total": 100.00210197866258
    }
}