{
    "counter": {
        "ACTIVE": 14206,
        "INACTIVE": 18982,
        "INVALID": 0,
        "MALICIOUS": 0,
        "SANE": 0,
        "VALID": 0,
        "total": 33188
    },
    "percentage": {
        "ACTIVE": 42.80462817885983,
        "INACTIVE": 57.197095248139334,
        "INVALID": 0,
        "MALICIOUS": 0,
        "SANE": 0,
        "VALID": 0,
        "total": 100.00172342699916
    }
}