{
    "counter": {
        "ACTIVE": 17958,
        "INACTIVE": 23087,
        "INVALID": 0,
        "MALICIOUS": 0,
        "SANE": 0,
        "VALID": 0,
        "total": 41045
    },
    "percentage": {
        "ACTIVE": 43.75411154155398,
        "INACTIVE": 56.24802046534292,
        "INVALID": 0,
        "MALICIOUS": 0,
        "SANE": 0,
        "VALID": 0,
        "total": 100.0021320068969
    }
}