{
    "counter": {
        "ACTIVE": 37223,
        "INACTIVE": 46149,
        "INVALID": 0,
        "MALICIOUS": 0,
        "SANE": 0,
        "VALID": 0,
        "total": 83372
    },
    "percentage": {
        "ACTIVE": 44.6468838458955,
        "INACTIVE": 55.3531161541045,
        "INVALID": 0.0,
        "MALICIOUS": 0.0,
        "SANE": 0.0,
        "VALID": 0.0,
        "total": 100.0
    }
}