{
    "counter": {
        "ACTIVE": 38682,
        "INACTIVE": 47740,
        "INVALID": 0,
        "MALICIOUS": 0,
        "SANE": 0,
        "VALID": 0,
        "total": 86422
    },
    "percentage": {
        "ACTIVE": 44.75943625465738,
        "INACTIVE": 55.24056374534262,
        "INVALID": 0.0,
        "MALICIOUS": 0.0,
        "SANE": 0.0,
        "VALID": 0.0,
        "total": 100.0
    }
}