{
    "counter": {
        "ACTIVE": 3735,
        "INACTIVE": 4566,
        "INVALID": 0,
        "MALICIOUS": 0,
        "SANE": 0,
        "VALID": 0,
        "total": 8301
    },
    "percentage": {
        "ACTIVE": 44.99457896638959,
        "INACTIVE": 55.01204819277108,
        "INVALID": 0,
        "MALICIOUS": 0,
        "SANE": 0,
        "VALID": 0,
        "total": 100.00662715916067
    }
}