{
    "counter": {
        "ACTIVE": 37702,
        "INACTIVE": 46547,
        "INVALID": 0,
        "MALICIOUS": 0,
        "SANE": 0,
        "VALID": 0,
        "total": 84249
    },
    "percentage": {
        "ACTIVE": 44.75067953328823,
        "INACTIVE": 55.24932046671177,
        "INVALID": 0.0,
        "MALICIOUS": 0.0,
        "SANE": 0.0,
        "VALID": 0.0,
        "total": 100.0
    }
}