{
    "counter": {
        "ACTIVE": 17569,
        "INACTIVE": 22684,
        "INVALID": 0,
        "MALICIOUS": 0,
        "SANE": 0,
        "VALID": 0,
        "total": 40253
    },
    "percentage": {
        "ACTIVE": 43.6486050036024,
        "INACTIVE": 56.35356370953718,
        "INVALID": 0,
        "MALICIOUS": 0,
        "SANE": 0,
        "VALID": 0,
        "total": 100.00216871313958
    }
}