{
    "counter": {
        "ACTIVE": 39465,
        "INACTIVE": 49162,
        "INVALID": 0,
        "MALICIOUS": 0,
        "SANE": 0,
        "VALID": 0,
        "total": 88627
    },
    "percentage": {
        "ACTIVE": 44.52931950759926,
        "INACTIVE": 55.47068049240074,
        "INVALID": 0.0,
        "MALICIOUS": 0.0,
        "SANE": 0.0,
        "VALID": 0.0,
        "total": 100.0
    }
}