{
    "counter": {
        "ACTIVE": 3006,
        "INACTIVE": 3713,
        "INVALID": 0,
        "MALICIOUS": 0,
        "SANE": 0,
        "VALID": 0,
        "total": 6719
    },
    "percentage": {
        "ACTIVE": 44.752121482804824,
        "INACTIVE": 55.26119958327132,
        "INVALID": 0,
        "MALICIOUS": 0,
        "SANE": 0,
        "VALID": 0,
        "total": 100.01332106607614
    }
}