{
    "counter": {
        "ACTIVE": 3867,
        "INACTIVE": 4800,
        "INVALID": 0,
        "MALICIOUS": 0,
        "SANE": 0,
        "VALID": 0,
        "total": 8667
    },
    "percentage": {
        "ACTIVE": 44.61751471097266,
        "INACTIVE": 55.3888760673898,
        "INVALID": 0,
        "MALICIOUS": 0,
        "SANE": 0,
        "VALID": 0,
        "total": 100.00639077836246
    }
}