{
    "counter": {
        "ACTIVE": 7141,
        "INACTIVE": 9449,
        "INVALID": 0,
        "MALICIOUS": 0,
        "SANE": 0,
        "VALID": 0,
        "total": 16590
    },
    "percentage": {
        "ACTIVE": 43.04659714268491,
        "INACTIVE": 56.95599758890898,
        "INVALID": 0,
        "MALICIOUS": 0,
        "SANE": 0,
        "VALID": 0,
        "total": 100.00259473159389
    }
}