{
    "counter": {
        "ACTIVE": 1360,
        "INACTIVE": 1498,
        "INVALID": 0,
        "MALICIOUS": 0,
        "SANE": 0,
        "VALID": 0,
        "total": 2858
    },
    "percentage": {
        "ACTIVE": 47.585724282715184,
        "INACTIVE": 52.450980392156865,
        "INVALID": 0,
        "MALICIOUS": 0,
        "SANE": 0,
        "VALID": 0,
        "total": 100.03670467487206
    }
}