{
    "counter": {
        "ACTIVE": 19838,
        "INACTIVE": 24979,
        "INVALID": 0,
        "MALICIOUS": 0,
        "SANE": 0,
        "VALID": 0,
        "total": 44817
    },
    "percentage": {
        "ACTIVE": 44.26445322087601,
        "INACTIVE": 55.736790431988574,
        "INVALID": 0,
        "MALICIOUS": 0,
        "SANE": 0,
        "VALID": 0,
        "total": 100.00124365286459
    }
}