{
    "counter": {
        "ACTIVE": 30929,
        "INACTIVE": 38719,
        "INVALID": 0,
        "MALICIOUS": 0,
        "SANE": 0,
        "VALID": 0,
        "total": 69648
    },
    "percentage": {
        "ACTIVE": 44.40759246496669,
        "INACTIVE": 55.596398776617896,
        "INVALID": 0.0,
        "MALICIOUS": 0.0,
        "SANE": 0.0,
        "VALID": 0.0,
        "total": 100.00399124158459
    }
}