{
    "counter": {
        "ACTIVE": 30583,
        "INACTIVE": 38344,
        "INVALID": 0,
        "MALICIOUS": 0,
        "SANE": 0,
        "VALID": 0,
        "total": 68927
    },
    "percentage": {
        "ACTIVE": 44.37206198131275,
        "INACTIVE": 55.62986928199399,
        "INVALID": 0.0,
        "MALICIOUS": 0.0,
        "SANE": 0.0,
        "VALID": 0.0,
        "total": 100.00193126330674
    }
}