{
    "counter": {
        "ACTIVE": 3668,
        "INACTIVE": 4515,
        "INVALID": 0,
        "MALICIOUS": 0,
        "SANE": 0,
        "VALID": 0,
        "total": 8183
    },
    "percentage": {
        "ACTIVE": 44.82463644140291,
        "INACTIVE": 55.18885221855519,
        "INVALID": 0,
        "MALICIOUS": 0,
        "SANE": 0,
        "VALID": 0,
        "total": 100.0134886599581
    }
}