{
    "counter": {
        "ACTIVE": 9426,
        "INACTIVE": 12606,
        "INVALID": 0,
        "MALICIOUS": 0,
        "SANE": 0,
        "VALID": 0,
        "total": 22032
    },
    "percentage": {
        "ACTIVE": 42.78516635649766,
        "INACTIVE": 57.21677559912854,
        "INVALID": 0,
        "MALICIOUS": 0,
        "SANE": 0,
        "VALID": 0,
        "total": 100.0019419556262
    }
}