{
    "counter": {
        "ACTIVE": 40037,
        "INACTIVE": 50433,
        "INVALID": 0,
        "MALICIOUS": 0,
        "SANE": 0,
        "VALID": 0,
        "total": 90470
    },
    "percentage": {
        "ACTIVE": 44.25444898861501,
        "INACTIVE": 55.74555101138499,
        "INVALID": 0.0,
        "MALICIOUS": 0.0,
        "SANE": 0.0,
        "VALID": 0.0,
        "total": 100.0
    }
}