{
    "counter": {
        "ACTIVE": 31074,
        "INACTIVE": 38834,
        "INVALID": 0,
        "MALICIOUS": 0,
        "SANE": 0,
        "VALID": 0,
        "total": 69908
    },
    "percentage": {
        "ACTIVE": 44.453027767048624,
        "INACTIVE": 55.55015162785375,
        "INVALID": 0.0,
        "MALICIOUS": 0.0,
        "SANE": 0.0,
        "VALID": 0.0,
        "total": 100.00317939490238
    }
}