{
    "counter": {
        "ACTIVE": 26392,
        "INACTIVE": 33790,
        "INVALID": 0,
        "MALICIOUS": 0,
        "SANE": 0,
        "VALID": 0,
        "total": 60182
    },
    "percentage": {
        "ACTIVE": 43.85364394669502,
        "INACTIVE": 56.14635605330498,
        "INVALID": 0.0,
        "MALICIOUS": 0.0,
        "SANE": 0.0,
        "VALID": 0.0,
        "total": 100.0
    }
}