{
    "counter": {
        "ACTIVE": 16388,
        "INACTIVE": 21480,
        "INVALID": 0,
        "MALICIOUS": 0,
        "SANE": 0,
        "VALID": 0,
        "total": 37868
    },
    "percentage": {
        "ACTIVE": 43.28121698711177,
        "INACTIVE": 56.7233548114503,
        "INVALID": 0,
        "MALICIOUS": 0,
        "SANE": 0,
        "VALID": 0,
        "total": 100.00457179856207
    }
}