{
    "counter": {
        "ACTIVE": 38839,
        "INACTIVE": 47958,
        "INVALID": 0,
        "MALICIOUS": 0,
        "SANE": 0,
        "VALID": 0,
        "total": 86797
    },
    "percentage": {
        "ACTIVE": 44.746938258234735,
        "INACTIVE": 55.253061741765265,
        "INVALID": 0.0,
        "MALICIOUS": 0.0,
        "SANE": 0.0,
        "VALID": 0.0,
        "total": 100.0
    }
}