{
    "counter": {
        "ACTIVE": 19790,
        "INACTIVE": 24914,
        "INVALID": 0,
        "MALICIOUS": 0,
        "SANE": 0,
        "VALID": 0,
        "total": 44704
    },
    "percentage": {
        "ACTIVE": 44.26896921975662,
        "INACTIVE": 55.73477103420505,
        "INVALID": 0,
        "MALICIOUS": 0,
        "SANE": 0,
        "VALID": 0,
        "total": 100.00374025396167
    }
}