{
    "counter": {
        "ACTIVE": 2354,
        "INACTIVE": 3087,
        "INVALID": 0,
        "MALICIOUS": 0,
        "SANE": 0,
        "VALID": 0,
        "total": 5441
    },
    "percentage": {
        "ACTIVE": 43.26410586289285,
        "INACTIVE": 56.74632352941177,
        "INVALID": 0,
        "MALICIOUS": 0,
        "SANE": 0,
        "VALID": 0,
        "total": 100.01042939230462
    }
}