{
    "counter": {
        "ACTIVE": 25377,
        "INACTIVE": 32027,
        "INVALID": 0,
        "MALICIOUS": 0,
        "SANE": 0,
        "VALID": 0,
        "total": 57404
    },
    "percentage": {
        "ACTIVE": 44.207720716326385,
        "INACTIVE": 55.792279283673615,
        "INVALID": 0.0,
        "MALICIOUS": 0.0,
        "SANE": 0.0,
        "VALID": 0.0,
        "total": 100.0
    }
}