{
    "counter": {
        "ACTIVE": 39213,
        "INACTIVE": 48536,
        "INVALID": 0,
        "MALICIOUS": 0,
        "SANE": 0,
        "VALID": 0,
        "total": 87749
    },
    "percentage": {
        "ACTIVE": 44.68768874858973,
        "INACTIVE": 55.31231125141027,
        "INVALID": 0.0,
        "MALICIOUS": 0.0,
        "SANE": 0.0,
        "VALID": 0.0,
        "total": 100.0
    }
}