{
    "counter": {
        "ACTIVE": 29406,
        "INACTIVE": 37228,
        "INVALID": 0,
        "MALICIOUS": 0,
        "SANE": 0,
        "VALID": 0,
        "total": 66634
    },
    "percentage": {
        "ACTIVE": 44.132610946856566,
        "INACTIVE": 55.869375994237174,
        "INVALID": 0.0,
        "MALICIOUS": 0.0,
        "SANE": 0.0,
        "VALID": 0.0,
        "total": 100.00198694109375
    }
}