{
    "counter": {
        "ACTIVE": 34981,
        "INACTIVE": 43629,
        "INVALID": 0,
        "MALICIOUS": 0,
        "SANE": 0,
        "VALID": 0,
        "total": 78610
    },
    "percentage": {
        "ACTIVE": 44.499427553746344,
        "INACTIVE": 55.500572446253656,
        "INVALID": 0.0,
        "MALICIOUS": 0.0,
        "SANE": 0.0,
        "VALID": 0.0,
        "total": 100.0
    }
}