{
    "counter": {
        "ACTIVE": 25137,
        "INACTIVE": 31250,
        "INVALID": 0,
        "MALICIOUS": 0,
        "SANE": 0,
        "VALID": 0,
        "total": 56387
    },
    "percentage": {
        "ACTIVE": 44.57942433539645,
        "INACTIVE": 55.42057566460355,
        "INVALID": 0.0,
        "MALICIOUS": 0.0,
        "SANE": 0.0,
        "VALID": 0.0,
        "total": 100.0
    }
}