{
    "counter": {
        "ACTIVE": 5594,
        "INACTIVE": 7009,
        "INVALID": 0,
        "MALICIOUS": 0,
        "SANE": 0,
        "VALID": 0,
        "total": 12603
    },
    "percentage": {
        "ACTIVE": 44.3968253968254,
        "INACTIVE": 55.6137427596604,
        "INVALID": 0,
        "MALICIOUS": 0,
        "SANE": 0,
        "VALID": 0,
        "total": 100.01056815648579
    }
}