{
    "counter": {
        "ACTIVE": 25613,
        "INACTIVE": 32540,
        "INVALID": 0,
        "MALICIOUS": 0,
        "SANE": 0,
        "VALID": 0,
        "total": 58153
    },
    "percentage": {
        "ACTIVE": 44.044159372689286,
        "INACTIVE": 55.955840627310714,
        "INVALID": 0.0,
        "MALICIOUS": 0.0,
        "SANE": 0.0,
        "VALID": 0.0,
        "total": 100.0
    }
}