{
    "counter": {
        "ACTIVE": 802,
        "INACTIVE": 1067,
        "INVALID": 0,
        "MALICIOUS": 0,
        "SANE": 0,
        "VALID": 0,
        "total": 1869
    },
    "percentage": {
        "ACTIVE": 43.002680965147455,
        "INACTIVE": 57.08935259497057,
        "INVALID": 0,
        "MALICIOUS": 0,
        "SANE": 0,
        "VALID": 0,
        "total": 100.09203356011803
    }
}