{
    "counter": {
        "ACTIVE": 40585,
        "INACTIVE": 53892,
        "INVALID": 0,
        "MALICIOUS": 0,
        "SANE": 0,
        "VALID": 0,
        "total": 94477
    },
    "percentage": {
        "ACTIVE": 42.95754522264678,
        "INACTIVE": 57.04245477735322,
        "INVALID": 0.0,
        "MALICIOUS": 0.0,
        "SANE": 0.0,
        "VALID": 0.0,
        "total": 100.0
    }
}