{
    "counter": {
        "ACTIVE": 40343,
        "INACTIVE": 52842,
        "INVALID": 0,
        "MALICIOUS": 0,
        "SANE": 0,
        "VALID": 0,
        "total": 93185
    },
    "percentage": {
        "ACTIVE": 43.293448516392125,
        "INACTIVE": 56.706551483607875,
        "INVALID": 0.0,
        "MALICIOUS": 0.0,
        "SANE": 0.0,
        "VALID": 0.0,
        "total": 100.0
    }
}