{
    "counter": {
        "ACTIVE": 40175,
        "INACTIVE": 51685,
        "INVALID": 0,
        "MALICIOUS": 0,
        "SANE": 0,
        "VALID": 0,
        "total": 91860
    },
    "percentage": {
        "ACTIVE": 43.7350315697801,
        "INACTIVE": 56.2649684302199,
        "INVALID": 0.0,
        "MALICIOUS": 0.0,
        "SANE": 0.0,
        "VALID": 0.0,
        "total": 100.0
    }
}