{
    "counter": {
        "ACTIVE": 32736,
        "INACTIVE": 41184,
        "INVALID": 0,
        "MALICIOUS": 0,
        "SANE": 0,
        "VALID": 0,
        "total": 73920
    },
    "percentage": {
        "ACTIVE": 44.285714285714285,
        "INACTIVE": 55.714285714285715,
        "INVALID": 0.0,
        "MALICIOUS": 0.0,
        "SANE": 0.0,
        "VALID": 0.0,
        "total": 100.0
    }
}