{
    "counter": {
        "ACTIVE": 33394,
        "INACTIVE": 42146,
        "INVALID": 0,
        "MALICIOUS": 0,
        "SANE": 0,
        "VALID": 0,
        "total": 75540
    },
    "percentage": {
        "ACTIVE": 44.20704262642309,
        "INACTIVE": 55.79295737357691,
        "INVALID": 0.0,
        "MALICIOUS": 0.0,
        "SANE": 0.0,
        "VALID": 0.0,
        "total": 100.0
    }
}