{
    "counter": {
        "ACTIVE": 40696,
        "INACTIVE": 54405,
        "INVALID": 0,
        "MALICIOUS": 0,
        "SANE": 0,
        "VALID": 0,
        "total": 95101
    },
    "percentage": {
        "ACTIVE": 42.792399659309574,
        "INACTIVE": 57.207600340690426,
        "INVALID": 0.0,
        "MALICIOUS": 0.0,
        "SANE": 0.0,
        "VALID": 0.0,
        "total": 100.0
    }
}