{
    "counter": {
        "ACTIVE": 43590,
        "INACTIVE": 58462,
        "INVALID": 0,
        "MALICIOUS": 0,
        "SANE": 0,
        "VALID": 0,
        "total": 102052
    },
    "percentage": {
        "ACTIVE": 42.71351859836162,
        "INACTIVE": 57.28648140163838,
        "INVALID": 0.0,
        "MALICIOUS": 0.0,
        "SANE": 0.0,
        "VALID": 0.0,
        "total": 100.0
    }
}