{
    "counter": {
        "ACTIVE": 37184,
        "INACTIVE": 46134,
        "INVALID": 0,
        "MALICIOUS": 0,
        "SANE": 0,
        "VALID": 0,
        "total": 83318
    },
    "percentage": {
        "ACTIVE": 44.62901173815982,
        "INACTIVE": 55.37098826184018,
        "INVALID": 0.0,
        "MALICIOUS": 0.0,
        "SANE": 0.0,
        "VALID": 0.0,
        "total": 100.0
    }
}