{
    "counter": {
        "ACTIVE": 14048,
        "INACTIVE": 18647,
        "INVALID": 0,
        "MALICIOUS": 0,
        "SANE": 0,
        "VALID": 0,
        "total": 32695
    },
    "percentage": {
        "ACTIVE": 42.96812870863155,
        "INACTIVE": 57.033185502370394,
        "INVALID": 0,
        "MALICIOUS": 0,
        "SANE": 0,
        "VALID": 0,
        "total": 100.00131421100195
    }
}