{
    "counter": {
        "ACTIVE": 7956,
        "INACTIVE": 10470,
        "INVALID": 0,
        "MALICIOUS": 0,
        "SANE": 0,
        "VALID": 0,
        "total": 18426
    },
    "percentage": {
        "ACTIVE": 43.18280503690838,
        "INACTIVE": 56.821882123086944,
        "INVALID": 0,
        "MALICIOUS": 0,
        "SANE": 0,
        "VALID": 0,
        "total": 100.00468715999531
    }
}