{
    "counter": {
        "ACTIVE": 4727,
        "INACTIVE": 6072,
        "INVALID": 0,
        "MALICIOUS": 0,
        "SANE": 0,
        "VALID": 0,
        "total": 10799
    },
    "percentage": {
        "ACTIVE": 43.788791106993976,
        "INACTIVE": 56.22742846559866,
        "INVALID": 0,
        "MALICIOUS": 0,
        "SANE": 0,
        "VALID": 0,
        "total": 100.01621957259263
    }
}