{
    "counter": {
        "ACTIVE": 12549,
        "INACTIVE": 15644,
        "INVALID": 0,
        "MALICIOUS": 0,
        "SANE": 0,
        "VALID": 0,
        "total": 28193
    },
    "percentage": {
        "ACTIVE": 44.51262769580023,
        "INACTIVE": 55.48895115808889,
        "INVALID": 0,
        "MALICIOUS": 0,
        "SANE": 0,
        "VALID": 0,
        "total": 100.00157885388911
    }
}