{
    "counter": {
        "ACTIVE": 19591,
        "INACTIVE": 24677,
        "INVALID": 0,
        "MALICIOUS": 0,
        "SANE": 0,
        "VALID": 0,
        "total": 44268
    },
    "percentage": {
        "ACTIVE": 44.262443234450195,
        "INACTIVE": 55.74455588687088,
        "INVALID": 0,
        "MALICIOUS": 0,
        "SANE": 0,
        "VALID": 0,
        "total": 100.00699912132107
    }
}