{
    "counter": {
        "ACTIVE": 37916,
        "INACTIVE": 46901,
        "INVALID": 0,
        "MALICIOUS": 0,
        "SANE": 0,
        "VALID": 0,
        "total": 84817
    },
    "percentage": {
        "ACTIVE": 44.703302403999196,
        "INACTIVE": 55.296697596000804,
        "INVALID": 0.0,
        "MALICIOUS": 0.0,
        "SANE": 0.0,
        "VALID": 0.0,
        "total": 100.0
    }
}