{
    "counter": {
        "ACTIVE": 21840,
        "INACTIVE": 26810,
        "INVALID": 0,
        "MALICIOUS": 0,
        "SANE": 0,
        "VALID": 0,
        "total": 48650
    },
    "percentage": {
        "ACTIVE": 44.89208633093525,
        "INACTIVE": 55.10791366906475,
        "INVALID": 0.0,
        "MALICIOUS": 0.0,
        "SANE": 0.0,
        "VALID": 0.0,
        "total": 100.0
    }
}