{
    "counter": {
        "ACTIVE": 7381,
        "INACTIVE": 9759,
        "INVALID": 0,
        "MALICIOUS": 0,
        "SANE": 0,
        "VALID": 0,
        "total": 17140
    },
    "percentage": {
        "ACTIVE": 43.06301050175029,
        "INACTIVE": 56.94695687693295,
        "INVALID": 0,
        "MALICIOUS": 0,
        "SANE": 0,
        "VALID": 0,
        "total": 100.00996737868324
    }
}