{
    "counter": {
        "ACTIVE": 2633,
        "INACTIVE": 3333,
        "INVALID": 0,
        "MALICIOUS": 0,
        "SANE": 0,
        "VALID": 0,
        "total": 5966
    },
    "percentage": {
        "ACTIVE": 44.13342272879651,
        "INACTIVE": 55.94159113796576,
        "INVALID": 0,
        "MALICIOUS": 0,
        "SANE": 0,
        "VALID": 0,
        "total": 100.07501386676228
    }
}