{
    "counter": {
        "ACTIVE": 34113,
        "INACTIVE": 42819,
        "INVALID": 0,
        "MALICIOUS": 0,
        "SANE": 0,
        "VALID": 0,
        "total": 76932
    },
    "percentage": {
        "ACTIVE": 44.34175635626267,
        "INACTIVE": 55.65824364373733,
        "INVALID": 0.0,
        "MALICIOUS": 0.0,
        "SANE": 0.0,
        "VALID": 0.0,
        "total": 100.0
    }
}