{
    "counter": {
        "ACTIVE": 8789,
        "INACTIVE": 11834,
        "INVALID": 0,
        "MALICIOUS": 0,
        "SANE": 0,
        "VALID": 0,
        "total": 20623
    },
    "percentage": {
        "ACTIVE": 42.621599340478156,
        "INACTIVE": 57.382534063909226,
        "INVALID": 0,
        "MALICIOUS": 0,
        "SANE": 0,
        "VALID": 0,
        "total": 100.00413340438737
    }
}