{
    "counter": {
        "ACTIVE": 16335,
        "INACTIVE": 21398,
        "INVALID": 0,
        "MALICIOUS": 0,
        "SANE": 0,
        "VALID": 0,
        "total": 37733
    },
    "percentage": {
        "ACTIVE": 43.29101847189463,
        "INACTIVE": 56.71048446941588,
        "INVALID": 0,
        "MALICIOUS": 0,
        "SANE": 0,
        "VALID": 0,
        "total": 100.00150294131052
    }
}