{
    "counter": {
        "ACTIVE": 9995,
        "INACTIVE": 12981,
        "INVALID": 0,
        "MALICIOUS": 0,
        "SANE": 0,
        "VALID": 0,
        "total": 22976
    },
    "percentage": {
        "ACTIVE": 43.51138391885421,
        "INACTIVE": 56.49808495821727,
        "INVALID": 0,
        "MALICIOUS": 0,
        "SANE": 0,
        "VALID": 0,
        "total": 100.00946887707147
    }
}