{
    "counter": {
        "ACTIVE": 4123,
        "INACTIVE": 5150,
        "INVALID": 0,
        "MALICIOUS": 0,
        "SANE": 0,
        "VALID": 0,
        "total": 9273
    },
    "percentage": {
        "ACTIVE": 44.46241777202631,
        "INACTIVE": 55.543572044866266,
        "INVALID": 0,
        "MALICIOUS": 0,
        "SANE": 0,
        "VALID": 0,
        "total": 100.00598981689258
    }
}