{
    "counter": {
        "ACTIVE": 22435,
        "INACTIVE": 27585,
        "INVALID": 0,
        "MALICIOUS": 0,
        "SANE": 0,
        "VALID": 0,
        "total": 50020
    },
    "percentage": {
        "ACTIVE": 44.85205917632947,
        "INACTIVE": 55.14794082367053,
        "INVALID": 0.0,
        "MALICIOUS": 0.0,
        "SANE": 0.0,
        "VALID": 0.0,
        "total": 100.0
    }
}