{
    "counter": {
        "ACTIVE": 38407,
        "INACTIVE": 47435,
        "INVALID": 0,
        "MALICIOUS": 0,
        "SANE": 0,
        "VALID": 0,
        "total": 85842
    },
    "percentage": {
        "ACTIVE": 44.741501828941544,
        "INACTIVE": 55.258498171058456,
        "INVALID": 0.0,
        "MALICIOUS": 0.0,
        "SANE": 0.0,
        "VALID": 0.0,
        "total": 100.0
    }
}