{
    "counter": {
        "ACTIVE": 33118,
        "INACTIVE": 41765,
        "INVALID": 0,
        "MALICIOUS": 0,
        "SANE": 0,
        "VALID": 0,
        "total": 74883
    },
    "percentage": {
        "ACTIVE": 44.226326402521266,
        "INACTIVE": 55.773673597478734,
        "INVALID": 0.0,
        "MALICIOUS": 0.0,
        "SANE": 0.0,
        "VALID": 0.0,
        "total": 100.0
    }
}