{
    "counter": {
        "ACTIVE": 15307,
        "INACTIVE": 20452,
        "INVALID": 0,
        "MALICIOUS": 0,
        "SANE": 0,
        "VALID": 0,
        "total": 35759
    },
    "percentage": {
        "ACTIVE": 42.80720398232563,
        "INACTIVE": 57.193993120612994,
        "INVALID": 0,
        "MALICIOUS": 0,
        "SANE": 0,
        "VALID": 0,
        "total": 100.00119710293862
    }
}