{
    "counter": {
        "ACTIVE": 98,
        "INACTIVE": 168,
        "INVALID": 0,
        "MALICIOUS": 0,
        "SANE": 0,
        "VALID": 0,
        "total": 266
    },
    "percentage": {
        "ACTIVE": 36.8421052631579,
        "INACTIVE": 63.87832699619772,
        "INVALID": 0,
        "MALICIOUS": 0,
        "SANE": 0,
        "VALID": 0,
        "total": 100.72043225935562
    }
}