{
    "counter": {
        "ACTIVE": 13199,
        "INACTIVE": 17077,
        "INVALID": 0,
        "MALICIOUS": 0,
        "SANE": 0,
        "VALID": 0,
        "total": 30276
    },
    "percentage": {
        "ACTIVE": 43.59558726383934,
        "INACTIVE": 56.40627580511973,
        "INVALID": 0,
        "MALICIOUS": 0,
        "SANE": 0,
        "VALID": 0,
        "total": 100.00186306895907
    }
}