{
    "counter": {
        "ACTIVE": 34644,
        "INACTIVE": 43232,
        "INVALID": 0,
        "MALICIOUS": 0,
        "SANE": 0,
        "VALID": 0,
        "total": 77876
    },
    "percentage": {
        "ACTIVE": 44.486106117417435,
        "INACTIVE": 55.513893882582565,
        "INVALID": 0.0,
        "MALICIOUS": 0.0,
        "SANE": 0.0,
        "VALID": 0.0,
        "total": 100.0
    }
}