{
    "counter": {
        "ACTIVE": 36310,
        "INACTIVE": 45432,
        "INVALID": 0,
        "MALICIOUS": 0,
        "SANE": 0,
        "VALID": 0,
        "total": 81742
    },
    "percentage": {
        "ACTIVE": 44.42024907636221,
        "INACTIVE": 55.57975092363779,
        "INVALID": 0.0,
        "MALICIOUS": 0.0,
        "SANE": 0.0,
        "VALID": 0.0,
        "total": 100.0
    }
}