{
    "counter": {
        "ACTIVE": 44422,
        "INACTIVE": 59541,
        "INVALID": 0,
        "MALICIOUS": 0,
        "SANE": 0,
        "VALID": 0,
        "total": 103963
    },
    "percentage": {
        "ACTIVE": 42.72866308205804,
        "INACTIVE": 57.27133691794196,
        "INVALID": 0.0,
        "MALICIOUS": 0.0,
        "SANE": 0.0,
        "VALID": 0.0,
        "total": 100.0
    }
}