{
    "counter": {
        "ACTIVE": 22049,
        "INACTIVE": 27027,
        "INVALID": 0,
        "MALICIOUS": 0,
        "SANE": 0,
        "VALID": 0,
        "total": 49076
    },
    "percentage": {
        "ACTIVE": 44.92827451300025,
        "INACTIVE": 55.07172548699975,
        "INVALID": 0.0,
        "MALICIOUS": 0.0,
        "SANE": 0.0,
        "VALID": 0.0,
        "total": 100.0
    }
}