{
    "counter": {
        "ACTIVE": 6591,
        "INACTIVE": 8654,
        "INVALID": 0,
        "MALICIOUS": 0,
        "SANE": 0,
        "VALID": 0,
        "total": 15245
    },
    "percentage": {
        "ACTIVE": 43.23951977957095,
        "INACTIVE": 56.76615283699574,
        "INVALID": 0,
        "MALICIOUS": 0,
        "SANE": 0,
        "VALID": 0,
        "total": 100.00567261656668
    }
}