{
    "counter": {
        "ACTIVE": 33452,
        "INACTIVE": 42213,
        "INVALID": 0,
        "MALICIOUS": 0,
        "SANE": 0,
        "VALID": 0,
        "total": 75665
    },
    "percentage": {
        "ACTIVE": 44.21066543315932,
        "INACTIVE": 55.78933456684068,
        "INVALID": 0.0,
        "MALICIOUS": 0.0,
        "SANE": 0.0,
        "VALID": 0.0,
        "total": 100.0
    }
}