{
    "counter": {
        "ACTIVE": 22202,
        "INACTIVE": 27276,
        "INVALID": 0,
        "MALICIOUS": 0,
        "SANE": 0,
        "VALID": 0,
        "total": 49478
    },
    "percentage": {
        "ACTIVE": 44.872468571890536,
        "INACTIVE": 55.127531428109464,
        "INVALID": 0.0,
        "MALICIOUS": 0.0,
        "SANE": 0.0,
        "VALID": 0.0,
        "total": 100.0
    }
}