{
    "counter": {
        "ACTIVE": 43042,
        "INACTIVE": 57428,
        "INVALID": 0,
        "MALICIOUS": 0,
        "SANE": 0,
        "VALID": 0,
        "total": 100470
    },
    "percentage": {
        "ACTIVE": 42.84064894993531,
        "INACTIVE": 57.15935105006469,
        "INVALID": 0.0,
        "MALICIOUS": 0.0,
        "SANE": 0.0,
        "VALID": 0.0,
        "total": 100.0
    }
}