{
    "counter": {
        "ACTIVE": 42711,
        "INACTIVE": 56851,
        "INVALID": 0,
        "MALICIOUS": 0,
        "SANE": 0,
        "VALID": 0,
        "total": 99562
    },
    "percentage": {
        "ACTIVE": 42.89889716960286,
        "INACTIVE": 57.10110283039714,
        "INVALID": 0.0,
        "MALICIOUS": 0.0,
        "SANE": 0.0,
        "VALID": 0.0,
        "total": 100.0
    }
}