{
    "counter": {
        "ACTIVE": 30976,
        "INACTIVE": 38737,
        "INVALID": 0,
        "MALICIOUS": 0,
        "SANE": 0,
        "VALID": 0,
        "total": 69713
    },
    "percentage": {
        "ACTIVE": 44.43424374569658,
        "INACTIVE": 55.5663936425057,
        "INVALID": 0.0,
        "MALICIOUS": 0.0,
        "SANE": 0.0,
        "VALID": 0.0,
        "total": 100.00063738820228
    }
}