{
    "counter": {
        "ACTIVE": 1048,
        "INACTIVE": 1301,
        "INVALID": 0,
        "MALICIOUS": 0,
        "SANE": 0,
        "VALID": 0,
        "total": 2349
    },
    "percentage": {
        "ACTIVE": 44.61472967220094,
        "INACTIVE": 55.43246697912228,
        "INVALID": 0,
        "MALICIOUS": 0,
        "SANE": 0,
        "VALID": 0,
        "total": 100.04719665132322
    }
}