{
    "counter": {
        "ACTIVE": 18240,
        "INACTIVE": 23369,
        "INVALID": 0,
        "MALICIOUS": 0,
        "SANE": 0,
        "VALID": 0,
        "total": 41609
    },
    "percentage": {
        "ACTIVE": 43.83877712884851,
        "INACTIVE": 56.16333004878752,
        "INVALID": 0,
        "MALICIOUS": 0,
        "SANE": 0,
        "VALID": 0,
        "total": 100.00210717763603
    }
}