{
    "counter": {
        "ACTIVE": 34133,
        "INACTIVE": 42839,
        "INVALID": 0,
        "MALICIOUS": 0,
        "SANE": 0,
        "VALID": 0,
        "total": 76972
    },
    "percentage": {
        "ACTIVE": 44.344696772852465,
        "INACTIVE": 55.655303227147535,
        "INVALID": 0.0,
        "MALICIOUS": 0.0,
        "SANE": 0.0,
        "VALID": 0.0,
        "total": 100.0
    }
}