{
    "counter": {
        "ACTIVE": 5657,
        "INACTIVE": 7072,
        "INVALID": 0,
        "MALICIOUS": 0,
        "SANE": 0,
        "VALID": 0,
        "total": 12729
    },
    "percentage": {
        "ACTIVE": 44.46627888696746,
        "INACTIVE": 55.558174247780656,
        "INVALID": 0,
        "MALICIOUS": 0,
        "SANE": 0,
        "VALID": 0,
        "total": 100.02445313474811
    }
}