{
    "counter": {
        "ACTIVE": 724,
        "INACTIVE": 945,
        "INVALID": 0,
        "MALICIOUS": 0,
        "SANE": 0,
        "VALID": 0,
        "total": 1669
    },
    "percentage": {
        "ACTIVE": 43.45738295318127,
        "INACTIVE": 56.620730976632714,
        "INVALID": 0,
        "MALICIOUS": 0,
        "SANE": 0,
        "VALID": 0,
        "total": 100.07811392981398
    }
}