{
    "counter": {
        "ACTIVE": 20293,
        "INACTIVE": 25375,
        "INVALID": 0,
        "MALICIOUS": 0,
        "SANE": 0,
        "VALID": 0,
        "total": 45668
    },
    "percentage": {
        "ACTIVE": 44.435928877988964,
        "INACTIVE": 55.565287844614275,
        "INVALID": 0,
        "MALICIOUS": 0,
        "SANE": 0,
        "VALID": 0,
        "total": 100.00121672260323
    }
}