{
    "counter": {
        "ACTIVE": 15073,
        "INACTIVE": 20169,
        "INVALID": 0,
        "MALICIOUS": 0,
        "SANE": 0,
        "VALID": 0,
        "total": 35242
    },
    "percentage": {
        "ACTIVE": 42.76999035242041,
        "INACTIVE": 57.23325766174801,
        "INVALID": 0,
        "MALICIOUS": 0,
        "SANE": 0,
        "VALID": 0,
        "total": 100.00324801416842
    }
}