{
    "counter": {
        "ACTIVE": 34008,
        "INACTIVE": 42752,
        "INVALID": 0,
        "MALICIOUS": 0,
        "SANE": 0,
        "VALID": 0,
        "total": 76760
    },
    "percentage": {
        "ACTIVE": 44.30432516935904,
        "INACTIVE": 55.69567483064096,
        "INVALID": 0.0,
        "MALICIOUS": 0.0,
        "SANE": 0.0,
        "VALID": 0.0,
        "total": 100.0
    }
}