{
    "counter": {
        "ACTIVE": 24724,
        "INACTIVE": 30624,
        "INVALID": 0,
        "MALICIOUS": 0,
        "SANE": 0,
        "VALID": 0,
        "total": 55348
    },
    "percentage": {
        "ACTIVE": 44.670087446700876,
        "INACTIVE": 55.329912553299124,
        "INVALID": 0.0,
        "MALICIOUS": 0.0,
        "SANE": 0.0,
        "VALID": 0.0,
        "total": 100.0
    }
}