{
    "counter": {
        "ACTIVE": 1657,
        "INACTIVE": 1823,
        "INVALID": 0,
        "MALICIOUS": 0,
        "SANE": 0,
        "VALID": 0,
        "total": 3480
    },
    "percentage": {
        "ACTIVE": 47.61494252873563,
        "INACTIVE": 52.40011497556769,
        "INVALID": 0,
        "MALICIOUS": 0,
        "SANE": 0,
        "VALID": 0,
        "total": 100.01505750430331
    }
}