{
    "counter": {
        "ACTIVE": 36641,
        "INACTIVE": 45848,
        "INVALID": 0,
        "MALICIOUS": 0,
        "SANE": 0,
        "VALID": 0,
        "total": 82489
    },
    "percentage": {
        "ACTIVE": 44.41925590078677,
        "INACTIVE": 55.58074409921323,
        "INVALID": 0.0,
        "MALICIOUS": 0.0,
        "SANE": 0.0,
        "VALID": 0.0,
        "total": 100.0
    }
}