{
    "counter": {
        "ACTIVE": 25383,
        "INACTIVE": 32048,
        "INVALID": 0,
        "MALICIOUS": 0,
        "SANE": 0,
        "VALID": 0,
        "total": 57431
    },
    "percentage": {
        "ACTIVE": 44.19738468771221,
        "INACTIVE": 55.80261531228779,
        "INVALID": 0.0,
        "MALICIOUS": 0.0,
        "SANE": 0.0,
        "VALID": 0.0,
        "total": 100.0
    }
}