{
    "counter": {
        "ACTIVE": 32758,
        "INACTIVE": 41204,
        "INVALID": 0,
        "MALICIOUS": 0,
        "SANE": 0,
        "VALID": 0,
        "total": 73962
    },
    "percentage": {
        "ACTIVE": 44.29031124090749,
        "INACTIVE": 55.70968875909251,
        "INVALID": 0.0,
        "MALICIOUS": 0.0,
        "SANE": 0.0,
        "VALID": 0.0,
        "total": 100.0
    }
}