{
    "counter": {
        "ACTIVE": 21815,
        "INACTIVE": 26789,
        "INVALID": 0,
        "MALICIOUS": 0,
        "SANE": 0,
        "VALID": 0,
        "total": 48604
    },
    "percentage": {
        "ACTIVE": 44.8831371903547,
        "INACTIVE": 55.1168628096453,
        "INVALID": 0.0,
        "MALICIOUS": 0.0,
        "SANE": 0.0,
        "VALID": 0.0,
        "total": 100.0
    }
}