{
    "counter": {
        "ACTIVE": 19789,
        "INACTIVE": 24914,
        "INVALID": 0,
        "MALICIOUS": 0,
        "SANE": 0,
        "VALID": 0,
        "total": 44703
    },
    "percentage": {
        "ACTIVE": 44.26772252421538,
        "INACTIVE": 55.73477103420505,
        "INVALID": 0,
        "MALICIOUS": 0,
        "SANE": 0,
        "VALID": 0,
        "total": 100.00249355842044
    }
}