{
    "counter": {
        "ACTIVE": 32897,
        "INACTIVE": 41430,
        "INVALID": 0,
        "MALICIOUS": 0,
        "SANE": 0,
        "VALID": 0,
        "total": 74327
    },
    "percentage": {
        "ACTIVE": 44.25982482812437,
        "INACTIVE": 55.74017517187563,
        "INVALID": 0.0,
        "MALICIOUS": 0.0,
        "SANE": 0.0,
        "VALID": 0.0,
        "total": 100.0
    }
}