{
    "counter": {
        "ACTIVE": 33559,
        "INACTIVE": 42389,
        "INVALID": 0,
        "MALICIOUS": 0,
        "SANE": 0,
        "VALID": 0,
        "total": 75948
    },
    "percentage": {
        "ACTIVE": 44.186812029283196,
        "INACTIVE": 55.813187970716804,
        "INVALID": 0.0,
        "MALICIOUS": 0.0,
        "SANE": 0.0,
        "VALID": 0.0,
        "total": 100.0
    }
}