{
    "counter": {
        "ACTIVE": 28878,
        "INACTIVE": 36856,
        "INVALID": 0,
        "MALICIOUS": 0,
        "SANE": 0,
        "VALID": 0,
        "total": 65734
    },
    "percentage": {
        "ACTIVE": 43.93227146182283,
        "INACTIVE": 56.06839687224267,
        "INVALID": 0.0,
        "MALICIOUS": 0.0,
        "SANE": 0.0,
        "VALID": 0.0,
        "total": 100.0006683340655
    }
}