{
    "counter": {
        "ACTIVE": 17794,
        "INACTIVE": 22941,
        "INVALID": 0,
        "MALICIOUS": 0,
        "SANE": 0,
        "VALID": 0,
        "total": 40735
    },
    "percentage": {
        "ACTIVE": 43.68233705658525,
        "INACTIVE": 56.319045514803356,
        "INVALID": 0,
        "MALICIOUS": 0,
        "SANE": 0,
        "VALID": 0,
        "total": 100.0013825713886
    }
}