{
    "counter": {
        "ACTIVE": 24236,
        "INACTIVE": 30127,
        "INVALID": 0,
        "MALICIOUS": 0,
        "SANE": 0,
        "VALID": 0,
        "total": 54363
    },
    "percentage": {
        "ACTIVE": 44.58179276346044,
        "INACTIVE": 55.41820723653956,
        "INVALID": 0.0,
        "MALICIOUS": 0.0,
        "SANE": 0.0,
        "VALID": 0.0,
        "total": 100.0
    }
}