{
    "counter": {
        "ACTIVE": 35157,
        "INACTIVE": 44010,
        "INVALID": 0,
        "MALICIOUS": 0,
        "SANE": 0,
        "VALID": 0,
        "total": 79167
    },
    "percentage": {
        "ACTIVE": 44.40865512145212,
        "INACTIVE": 55.59134487854788,
        "INVALID": 0.0,
        "MALICIOUS": 0.0,
        "SANE": 0.0,
        "VALID": 0.0,
        "total": 100.0
    }
}