{
    "counter": {
        "ACTIVE": 28327,
        "INACTIVE": 36214,
        "INVALID": 0,
        "MALICIOUS": 0,
        "SANE": 0,
        "VALID": 0,
        "total": 64541
    },
    "percentage": {
        "ACTIVE": 43.889930431818534,
        "INACTIVE": 56.11180836393498,
        "INVALID": 0.0,
        "MALICIOUS": 0.0,
        "SANE": 0.0,
        "VALID": 0.0,
        "total": 100.00173879575351
    }
}