{
    "counter": {
        "ACTIVE": 32562,
        "INACTIVE": 40863,
        "INVALID": 0,
        "MALICIOUS": 0,
        "SANE": 0,
        "VALID": 0,
        "total": 73425
    },
    "percentage": {
        "ACTIVE": 44.34729315628192,
        "INACTIVE": 55.65270684371808,
        "INVALID": 0.0,
        "MALICIOUS": 0.0,
        "SANE": 0.0,
        "VALID": 0.0,
        "total": 100.0
    }
}