{
    "counter": {
        "ACTIVE": 13107,
        "INACTIVE": 16855,
        "INVALID": 0,
        "MALICIOUS": 0,
        "SANE": 0,
        "VALID": 0,
        "total": 29962
    },
    "percentage": {
        "ACTIVE": 43.74687093221188,
        "INACTIVE": 56.25458914625192,
        "INVALID": 0,
        "MALICIOUS": 0,
        "SANE": 0,
        "VALID": 0,
        "total": 100.0014600784638
    }
}