{
    "counter": {
        "ACTIVE": 40905,
        "INACTIVE": 54589,
        "INVALID": 0,
        "MALICIOUS": 0,
        "SANE": 0,
        "VALID": 0,
        "total": 95494
    },
    "percentage": {
        "ACTIVE": 42.835151946719165,
        "INACTIVE": 57.164848053280835,
        "INVALID": 0.0,
        "MALICIOUS": 0.0,
        "SANE": 0.0,
        "VALID": 0.0,
        "total": 100.0
    }
}