{
    "counter": {
        "ACTIVE": 635,
        "INACTIVE": 863,
        "INVALID": 0,
        "MALICIOUS": 0,
        "SANE": 0,
        "VALID": 0,
        "total": 1498
    },
    "percentage": {
        "ACTIVE": 42.50334672021419,
        "INACTIVE": 57.61014686248331,
        "INVALID": 0,
        "MALICIOUS": 0,
        "SANE": 0,
        "VALID": 0,
        "total": 100.1134935826975
    }
}