{
    "counter": {
        "ACTIVE": 14095,
        "INACTIVE": 18771,
        "INVALID": 0,
        "MALICIOUS": 0,
        "SANE": 0,
        "VALID": 0,
        "total": 32866
    },
    "percentage": {
        "ACTIVE": 42.886265441489684,
        "INACTIVE": 57.11547238703788,
        "INVALID": 0,
        "MALICIOUS": 0,
        "SANE": 0,
        "VALID": 0,
        "total": 100.00173782852757
    }
}