{
    "counter": {
        "ACTIVE": 33142,
        "INACTIVE": 41806,
        "INVALID": 0,
        "MALICIOUS": 0,
        "SANE": 0,
        "VALID": 0,
        "total": 74948
    },
    "percentage": {
        "ACTIVE": 44.21999252815285,
        "INACTIVE": 55.78000747184715,
        "INVALID": 0.0,
        "MALICIOUS": 0.0,
        "SANE": 0.0,
        "VALID": 0.0,
        "total": 100.0
    }
}