{
    "counter": {
        "ACTIVE": 22202,
        "INACTIVE": 27274,
        "INVALID": 0,
        "MALICIOUS": 0,
        "SANE": 0,
        "VALID": 0,
        "total": 49476
    },
    "percentage": {
        "ACTIVE": 44.874282480394534,
        "INACTIVE": 55.125717519605466,
        "INVALID": 0.0,
        "MALICIOUS": 0.0,
        "SANE": 0.0,
        "VALID": 0.0,
        "total": 100.0
    }
}