{
    "counter": {
        "ACTIVE": 40311,
        "INACTIVE": 52601,
        "INVALID": 0,
        "MALICIOUS": 0,
        "SANE": 0,
        "VALID": 0,
        "total": 92912
    },
    "percentage": {
        "ACTIVE": 43.38621491303599,
        "INACTIVE": 56.61378508696401,
        "INVALID": 0.0,
        "MALICIOUS": 0.0,
        "SANE": 0.0,
        "VALID": 0.0,
        "total": 100.0
    }
}