{
    "counter": {
        "ACTIVE": 4559,
        "INACTIVE": 5779,
        "INVALID": 0,
        "MALICIOUS": 0,
        "SANE": 0,
        "VALID": 0,
        "total": 10338
    },
    "percentage": {
        "ACTIVE": 44.10370513688691,
        "INACTIVE": 55.90056103695105,
        "INVALID": 0,
        "MALICIOUS": 0,
        "SANE": 0,
        "VALID": 0,
        "total": 100.00426617383796
    }
}