{
    "counter": {
        "ACTIVE": 13465,
        "INACTIVE": 17600,
        "INVALID": 0,
        "MALICIOUS": 0,
        "SANE": 0,
        "VALID": 0,
        "total": 31065
    },
    "percentage": {
        "ACTIVE": 43.35297337325735,
        "INACTIVE": 56.65539996780943,
        "INVALID": 0,
        "MALICIOUS": 0,
        "SANE": 0,
        "VALID": 0,
        "total": 100.00837334106677
    }
}