{
    "counter": {
        "ACTIVE": 36381,
        "INACTIVE": 45496,
        "INVALID": 0,
        "MALICIOUS": 0,
        "SANE": 0,
        "VALID": 0,
        "total": 81877
    },
    "percentage": {
        "ACTIVE": 44.433723756366255,
        "INACTIVE": 55.566276243633745,
        "INVALID": 0.0,
        "MALICIOUS": 0.0,
        "SANE": 0.0,
        "VALID": 0.0,
        "total": 100.0
    }
}