{
    "counter": {
        "ACTIVE": 25734,
        "INACTIVE": 32722,
        "INVALID": 0,
        "MALICIOUS": 0,
        "SANE": 0,
        "VALID": 0,
        "total": 58456
    },
    "percentage": {
        "ACTIVE": 44.02285479677022,
        "INACTIVE": 55.97714520322978,
        "INVALID": 0.0,
        "MALICIOUS": 0.0,
        "SANE": 0.0,
        "VALID": 0.0,
        "total": 100.0
    }
}