{
    "counter": {
        "ACTIVE": 22120,
        "INACTIVE": 27129,
        "INVALID": 0,
        "MALICIOUS": 0,
        "SANE": 0,
        "VALID": 0,
        "total": 49249
    },
    "percentage": {
        "ACTIVE": 44.91461755568641,
        "INACTIVE": 55.08538244431359,
        "INVALID": 0.0,
        "MALICIOUS": 0.0,
        "SANE": 0.0,
        "VALID": 0.0,
        "total": 100.0
    }
}