{
    "counter": {
        "ACTIVE": 18654,
        "INACTIVE": 23716,
        "INVALID": 0,
        "MALICIOUS": 0,
        "SANE": 0,
        "VALID": 0,
        "total": 42370
    },
    "percentage": {
        "ACTIVE": 44.02643379749823,
        "INACTIVE": 55.97488729967665,
        "INVALID": 0,
        "MALICIOUS": 0,
        "SANE": 0,
        "VALID": 0,
        "total": 100.00132109717488
    }
}