{
    "counter": {
        "ACTIVE": 33210,
        "INACTIVE": 41877,
        "INVALID": 0,
        "MALICIOUS": 0,
        "SANE": 0,
        "VALID": 0,
        "total": 75087
    },
    "percentage": {
        "ACTIVE": 44.228694714131606,
        "INACTIVE": 55.771305285868394,
        "INVALID": 0.0,
        "MALICIOUS": 0.0,
        "SANE": 0.0,
        "VALID": 0.0,
        "total": 100.0
    }
}