{
    "counter": {
        "ACTIVE": 34431,
        "INACTIVE": 43117,
        "INVALID": 0,
        "MALICIOUS": 0,
        "SANE": 0,
        "VALID": 0,
        "total": 77548
    },
    "percentage": {
        "ACTIVE": 44.39959766854078,
        "INACTIVE": 55.60040233145922,
        "INVALID": 0.0,
        "MALICIOUS": 0.0,
        "SANE": 0.0,
        "VALID": 0.0,
        "total": 100.0
    }
}