{
    "counter": {
        "ACTIVE": 14025,
        "INACTIVE": 18580,
        "INVALID": 0,
        "MALICIOUS": 0,
        "SANE": 0,
        "VALID": 0,
        "total": 32605
    },
    "percentage": {
        "ACTIVE": 43.02015275605043,
        "INACTIVE": 56.98512498083116,
        "INVALID": 0,
        "MALICIOUS": 0,
        "SANE": 0,
        "VALID": 0,
        "total": 100.0052777368816
    }
}