{
    "counter": {
        "ACTIVE": 20097,
        "INACTIVE": 25197,
        "INVALID": 0,
        "MALICIOUS": 0,
        "SANE": 0,
        "VALID": 0,
        "total": 45294
    },
    "percentage": {
        "ACTIVE": 44.37109487117215,
        "INACTIVE": 55.62988475294741,
        "INVALID": 0,
        "MALICIOUS": 0,
        "SANE": 0,
        "VALID": 0,
        "total": 100.00097962411957
    }
}