{
    "counter": {
        "ACTIVE": 4437,
        "INACTIVE": 5625,
        "INVALID": 0,
        "MALICIOUS": 0,
        "SANE": 0,
        "VALID": 0,
        "total": 10062
    },
    "percentage": {
        "ACTIVE": 44.09660107334526,
        "INACTIVE": 55.9089553722294,
        "INVALID": 0,
        "MALICIOUS": 0,
        "SANE": 0,
        "VALID": 0,
        "total": 100.00555644557465
    }
}