{
    "counter": {
        "ACTIVE": 12909,
        "INACTIVE": 16329,
        "INVALID": 0,
        "MALICIOUS": 0,
        "SANE": 0,
        "VALID": 0,
        "total": 29238
    },
    "percentage": {
        "ACTIVE": 44.15597742432016,
        "INACTIVE": 55.848553252616455,
        "INVALID": 0,
        "MALICIOUS": 0,
        "SANE": 0,
        "VALID": 0,
        "total": 100.00453067693661
    }
}