{
    "counter": {
        "ACTIVE": 16539,
        "INACTIVE": 21612,
        "INVALID": 0,
        "MALICIOUS": 0,
        "SANE": 0,
        "VALID": 0,
        "total": 38151
    },
    "percentage": {
        "ACTIVE": 43.352555701179554,
        "INACTIVE": 56.64858064008807,
        "INVALID": 0,
        "MALICIOUS": 0,
        "SANE": 0,
        "VALID": 0,
        "total": 100.00113634126762
    }
}