{
    "counter": {
        "ACTIVE": 24117,
        "INACTIVE": 29826,
        "INVALID": 0,
        "MALICIOUS": 0,
        "SANE": 0,
        "VALID": 0,
        "total": 53943
    },
    "percentage": {
        "ACTIVE": 44.70830320894277,
        "INACTIVE": 55.29169679105723,
        "INVALID": 0.0,
        "MALICIOUS": 0.0,
        "SANE": 0.0,
        "VALID": 0.0,
        "total": 100.0
    }
}