{
    "counter": {
        "ACTIVE": 16831,
        "INACTIVE": 21891,
        "INVALID": 0,
        "MALICIOUS": 0,
        "SANE": 0,
        "VALID": 0,
        "total": 38722
    },
    "percentage": {
        "ACTIVE": 43.47073712485149,
        "INACTIVE": 56.533753421827384,
        "INVALID": 0,
        "MALICIOUS": 0,
        "SANE": 0,
        "VALID": 0,
        "total": 100.00449054667888
    }
}