{
    "counter": {
        "ACTIVE": 5096,
        "INACTIVE": 6407,
        "INVALID": 0,
        "MALICIOUS": 0,
        "SANE": 0,
        "VALID": 0,
        "total": 11503
    },
    "percentage": {
        "ACTIVE": 44.30919050517346,
        "INACTIVE": 55.6985134312788,
        "INVALID": 0,
        "MALICIOUS": 0,
        "SANE": 0,
        "VALID": 0,
        "total": 100.00770393645226
    }
}