{
    "counter": {
        "ACTIVE": 16970,
        "INACTIVE": 22011,
        "INVALID": 0,
        "MALICIOUS": 0,
        "SANE": 0,
        "VALID": 0,
        "total": 38981
    },
    "percentage": {
        "ACTIVE": 43.53849706237011,
        "INACTIVE": 56.465970601062054,
        "INVALID": 0,
        "MALICIOUS": 0,
        "SANE": 0,
        "VALID": 0,
        "total": 100.00446766343217
    }
}