{
    "counter": {
        "ACTIVE": 35750,
        "INACTIVE": 44811,
        "INVALID": 0,
        "MALICIOUS": 0,
        "SANE": 0,
        "VALID": 0,
        "total": 80561
    },
    "percentage": {
        "ACTIVE": 44.37631111828304,
        "INACTIVE": 55.62368888171696,
        "INVALID": 0.0,
        "MALICIOUS": 0.0,
        "SANE": 0.0,
        "VALID": 0.0,
        "total": 100.0
    }
}