{
    "counter": {
        "ACTIVE": 20126,
        "INACTIVE": 25229,
        "INVALID": 0,
        "MALICIOUS": 0,
        "SANE": 0,
        "VALID": 0,
        "total": 45355
    },
    "percentage": {
        "ACTIVE": 44.3743798919634,
        "INACTIVE": 55.62807311533967,
        "INVALID": 0,
        "MALICIOUS": 0,
        "SANE": 0,
        "VALID": 0,
        "total": 100.00245300730307
    }
}