{
    "counter": {
        "ACTIVE": 19711,
        "INACTIVE": 24823,
        "INVALID": 0,
        "MALICIOUS": 0,
        "SANE": 0,
        "VALID": 0,
        "total": 44534
    },
    "percentage": {
        "ACTIVE": 44.26056496160237,
        "INACTIVE": 55.74068668178654,
        "INVALID": 0,
        "MALICIOUS": 0,
        "SANE": 0,
        "VALID": 0,
        "total": 100.00125164338891
    }
}