{
    "counter": {
        "ACTIVE": 21993,
        "INACTIVE": 26962,
        "INVALID": 0,
        "MALICIOUS": 0,
        "SANE": 0,
        "VALID": 0,
        "total": 48955
    },
    "percentage": {
        "ACTIVE": 44.92493105913594,
        "INACTIVE": 55.07506894086406,
        "INVALID": 0.0,
        "MALICIOUS": 0.0,
        "SANE": 0.0,
        "VALID": 0.0,
        "total": 100.0
    }
}