{
    "counter": {
        "ACTIVE": 19733,
        "INACTIVE": 24845,
        "INVALID": 0,
        "MALICIOUS": 0,
        "SANE": 0,
        "VALID": 0,
        "total": 44578
    },
    "percentage": {
        "ACTIVE": 44.26821608040201,
        "INACTIVE": 55.733770021086634,
        "INVALID": 0,
        "MALICIOUS": 0,
        "SANE": 0,
        "VALID": 0,
        "total": 100.00198610148865
    }
}