{
    "counter": {
        "ACTIVE": 13061,
        "INACTIVE": 16624,
        "INVALID": 0,
        "MALICIOUS": 0,
        "SANE": 0,
        "VALID": 0,
        "total": 29685
    },
    "percentage": {
        "ACTIVE": 44.00161708722164,
        "INACTIVE": 56.00134748189321,
        "INVALID": 0,
        "MALICIOUS": 0,
        "SANE": 0,
        "VALID": 0,
        "total": 100.00296456911485
    }
}