{
    "counter": {
        "ACTIVE": 10503,
        "INACTIVE": 13424,
        "INVALID": 0,
        "MALICIOUS": 0,
        "SANE": 0,
        "VALID": 0,
        "total": 23927
    },
    "percentage": {
        "ACTIVE": 43.896017051866096,
        "INACTIVE": 56.10632784418624,
        "INVALID": 0,
        "MALICIOUS": 0,
        "SANE": 0,
        "VALID": 0,
        "total": 100.00234489605234
    }
}