{
    "counter": {
        "ACTIVE": 31359,
        "INACTIVE": 39260,
        "INVALID": 0,
        "MALICIOUS": 0,
        "SANE": 0,
        "VALID": 0,
        "total": 70619
    },
    "percentage": {
        "ACTIVE": 44.4058964301392,
        "INACTIVE": 55.59489082103713,
        "INVALID": 0.0,
        "MALICIOUS": 0.0,
        "SANE": 0.0,
        "VALID": 0.0,
        "total": 100.00078725117633
    }
}