{
    "counter": {
        "ACTIVE": 31924,
        "INACTIVE": 39955,
        "INVALID": 0,
        "MALICIOUS": 0,
        "SANE": 0,
        "VALID": 0,
        "total": 71879
    },
    "percentage": {
        "ACTIVE": 44.41352829059948,
        "INACTIVE": 55.588018420356995,
        "INVALID": 0.0,
        "MALICIOUS": 0.0,
        "SANE": 0.0,
        "VALID": 0.0,
        "total": 100.00154671095648
    }
}