{
    "counter": {
        "ACTIVE": 30179,
        "INACTIVE": 37940,
        "INVALID": 0,
        "MALICIOUS": 0,
        "SANE": 0,
        "VALID": 0,
        "total": 68119
    },
    "percentage": {
        "ACTIVE": 44.30335148783746,
        "INACTIVE": 55.69746616166065,
        "INVALID": 0.0,
        "MALICIOUS": 0.0,
        "SANE": 0.0,
        "VALID": 0.0,
        "total": 100.00081764949812
    }
}