{
    "counter": {
        "ACTIVE": 2189,
        "INACTIVE": 2852,
        "INVALID": 0,
        "MALICIOUS": 0,
        "SANE": 0,
        "VALID": 0,
        "total": 5041
    },
    "percentage": {
        "ACTIVE": 43.432539682539684,
        "INACTIVE": 56.57607617536203,
        "INVALID": 0,
        "MALICIOUS": 0,
        "SANE": 0,
        "VALID": 0,
        "total": 100.00861585790172
    }
}