{
    "counter": {
        "ACTIVE": 9759,
        "INACTIVE": 12800,
        "INVALID": 0,
        "MALICIOUS": 0,
        "SANE": 0,
        "VALID": 0,
        "total": 22559
    },
    "percentage": {
        "ACTIVE": 43.261813990602,
        "INACTIVE": 56.740103728002126,
        "INVALID": 0,
        "MALICIOUS": 0,
        "SANE": 0,
        "VALID": 0,
        "total": 100.00191771860412
    }
}