{
    "counter": {
        "ACTIVE": 4731,
        "INACTIVE": 6087,
        "INVALID": 0,
        "MALICIOUS": 0,
        "SANE": 0,
        "VALID": 0,
        "total": 10818
    },
    "percentage": {
        "ACTIVE": 43.752890039766946,
        "INACTIVE": 56.26733222407099,
        "INVALID": 0,
        "MALICIOUS": 0,
        "SANE": 0,
        "VALID": 0,
        "total": 100.02022226383794
    }
}