{
    "counter": {
        "ACTIVE": 39177,
        "INACTIVE": 48475,
        "INVALID": 0,
        "MALICIOUS": 0,
        "SANE": 0,
        "VALID": 0,
        "total": 87652
    },
    "percentage": {
        "ACTIVE": 44.696070825537355,
        "INACTIVE": 55.303929174462645,
        "INVALID": 0.0,
        "MALICIOUS": 0.0,
        "SANE": 0.0,
        "VALID": 0.0,
        "total": 100.0
    }
}