{
    "counter": {
        "ACTIVE": 35334,
        "INACTIVE": 44239,
        "INVALID": 0,
        "MALICIOUS": 0,
        "SANE": 0,
        "VALID": 0,
        "total": 79573
    },
    "percentage": {
        "ACTIVE": 44.40450906714589,
        "INACTIVE": 55.59549093285411,
        "INVALID": 0.0,
        "MALICIOUS": 0.0,
        "SANE": 0.0,
        "VALID": 0.0,
        "total": 100.0
    }
}