{
    "counter": {
        "ACTIVE": 38447,
        "INACTIVE": 47493,
        "INVALID": 0,
        "MALICIOUS": 0,
        "SANE": 0,
        "VALID": 0,
        "total": 85940
    },
    "percentage": {
        "ACTIVE": 44.7370258319758,
        "INACTIVE": 55.2629741680242,
        "INVALID": 0.0,
        "MALICIOUS": 0.0,
        "SANE": 0.0,
        "VALID": 0.0,
        "total": 100.0
    }
}