{
    "counter": {
        "ACTIVE": 276,
        "INACTIVE": 373,
        "INVALID": 0,
        "MALICIOUS": 0,
        "SANE": 0,
        "VALID": 0,
        "total": 649
    },
    "percentage": {
        "ACTIVE": 42.526964560862865,
        "INACTIVE": 57.56172839506173,
        "INVALID": 0,
        "MALICIOUS": 0,
        "SANE": 0,
        "VALID": 0,
        "total": 100.08869295592459
    }
}