{
    "counter": {
        "ACTIVE": 42943,
        "INACTIVE": 57246,
        "INVALID": 0,
        "MALICIOUS": 0,
        "SANE": 0,
        "VALID": 0,
        "total": 100189
    },
    "percentage": {
        "ACTIVE": 42.86199083731747,
        "INACTIVE": 57.13800916268253,
        "INVALID": 0.0,
        "MALICIOUS": 0.0,
        "SANE": 0.0,
        "VALID": 0.0,
        "total": 100.0
    }
}