{
    "counter": {
        "ACTIVE": 35264,
        "INACTIVE": 44201,
        "INVALID": 0,
        "MALICIOUS": 0,
        "SANE": 0,
        "VALID": 0,
        "total": 79465
    },
    "percentage": {
        "ACTIVE": 44.376769647014406,
        "INACTIVE": 55.623230352985594,
        "INVALID": 0.0,
        "MALICIOUS": 0.0,
        "SANE": 0.0,
        "VALID": 0.0,
        "total": 100.0
    }
}