{
    "counter": {
        "ACTIVE": 15756,
        "INACTIVE": 21020,
        "INVALID": 0,
        "MALICIOUS": 0,
        "SANE": 0,
        "VALID": 0,
        "total": 36776
    },
    "percentage": {
        "ACTIVE": 42.84315858168371,
        "INACTIVE": 57.1708325400495,
        "INVALID": 0,
        "MALICIOUS": 0,
        "SANE": 0,
        "VALID": 0,
        "total": 100.01399112173321
    }
}