{
    "counter": {
        "ACTIVE": 27414,
        "INACTIVE": 35169,
        "INVALID": 0,
        "MALICIOUS": 0,
        "SANE": 0,
        "VALID": 0,
        "total": 62583
    },
    "percentage": {
        "ACTIVE": 43.804227985235606,
        "INACTIVE": 56.195772014764394,
        "INVALID": 0.0,
        "MALICIOUS": 0.0,
        "SANE": 0.0,
        "VALID": 0.0,
        "total": 100.0
    }
}