{
    "counter": {
        "ACTIVE": 36531,
        "INACTIVE": 45684,
        "INVALID": 0,
        "MALICIOUS": 0,
        "SANE": 0,
        "VALID": 0,
        "total": 82215
    },
    "percentage": {
        "ACTIVE": 44.433497536945815,
        "INACTIVE": 55.566502463054185,
        "INVALID": 0.0,
        "MALICIOUS": 0.0,
        "SANE": 0.0,
        "VALID": 0.0,
        "total": 100.0
    }
}