{
    "counter": {
        "ACTIVE": 22505,
        "INACTIVE": 27655,
        "INVALID": 0,
        "MALICIOUS": 0,
        "SANE": 0,
        "VALID": 0,
        "total": 50160
    },
    "percentage": {
        "ACTIVE": 44.86642743221691,
        "INACTIVE": 55.13357256778309,
        "INVALID": 0.0,
        "MALICIOUS": 0.0,
        "SANE": 0.0,
        "VALID": 0.0,
        "total": 100.0
    }
}