{
    "counter": {
        "ACTIVE": 14664,
        "INACTIVE": 19629,
        "INVALID": 0,
        "MALICIOUS": 0,
        "SANE": 0,
        "VALID": 0,
        "total": 34293
    },
    "percentage": {
        "ACTIVE": 42.76091330592249,
        "INACTIVE": 57.240755861425406,
        "INVALID": 0,
        "MALICIOUS": 0,
        "SANE": 0,
        "VALID": 0,
        "total": 100.0016691673479
    }
}