{
    "counter": {
        "ACTIVE": 18362,
        "INACTIVE": 23463,
        "INVALID": 0,
        "MALICIOUS": 0,
        "SANE": 0,
        "VALID": 0,
        "total": 41825
    },
    "percentage": {
        "ACTIVE": 43.90197250448296,
        "INACTIVE": 56.10071013557133,
        "INVALID": 0,
        "MALICIOUS": 0,
        "SANE": 0,
        "VALID": 0,
        "total": 100.0026826400543
    }
}