{
    "counter": {
        "ACTIVE": 15543,
        "INACTIVE": 20949,
        "INVALID": 0,
        "MALICIOUS": 0,
        "SANE": 0,
        "VALID": 0,
        "total": 36492
    },
    "percentage": {
        "ACTIVE": 42.592897073331144,
        "INACTIVE": 57.41024938339271,
        "INVALID": 0,
        "MALICIOUS": 0,
        "SANE": 0,
        "VALID": 0,
        "total": 100.00314645672385
    }
}