{
    "counter": {
        "ACTIVE": 42744,
        "INACTIVE": 56887,
        "INVALID": 0,
        "MALICIOUS": 0,
        "SANE": 0,
        "VALID": 0,
        "total": 99631
    },
    "percentage": {
        "ACTIVE": 42.90230952213668,
        "INACTIVE": 57.09769047786332,
        "INVALID": 0.0,
        "MALICIOUS": 0.0,
        "SANE": 0.0,
        "VALID": 0.0,
        "total": 100.0
    }
}