{
    "counter": {
        "ACTIVE": 7478,
        "INACTIVE": 9882,
        "INVALID": 0,
        "MALICIOUS": 0,
        "SANE": 0,
        "VALID": 0,
        "total": 17360
    },
    "percentage": {
        "ACTIVE": 43.0785183478311,
        "INACTIVE": 56.923963133640555,
        "INVALID": 0,
        "MALICIOUS": 0,
        "SANE": 0,
        "VALID": 0,
        "total": 100.00248148147165
    }
}