{
    "counter": {
        "ACTIVE": 18369,
        "INACTIVE": 23466,
        "INVALID": 0,
        "MALICIOUS": 0,
        "SANE": 0,
        "VALID": 0,
        "total": 41835
    },
    "percentage": {
        "ACTIVE": 43.909260410192665,
        "INACTIVE": 56.09178917174614,
        "INVALID": 0,
        "MALICIOUS": 0,
        "SANE": 0,
        "VALID": 0,
        "total": 100.00104958193882
    }
}