{
    "counter": {
        "ACTIVE": 14071,
        "INACTIVE": 18713,
        "INVALID": 0,
        "MALICIOUS": 0,
        "SANE": 0,
        "VALID": 0,
        "total": 32784
    },
    "percentage": {
        "ACTIVE": 42.92163621389135,
        "INACTIVE": 57.07967301122499,
        "INVALID": 0,
        "MALICIOUS": 0,
        "SANE": 0,
        "VALID": 0,
        "total": 100.00130922511633
    }
}