{
    "counter": {
        "ACTIVE": 36352,
        "INACTIVE": 45474,
        "INVALID": 0,
        "MALICIOUS": 0,
        "SANE": 0,
        "VALID": 0,
        "total": 81826
    },
    "percentage": {
        "ACTIVE": 44.42597707330189,
        "INACTIVE": 55.57402292669811,
        "INVALID": 0.0,
        "MALICIOUS": 0.0,
        "SANE": 0.0,
        "VALID": 0.0,
        "total": 100.0
    }
}