{
    "counter": {
        "ACTIVE": 14373,
        "INACTIVE": 19189,
        "INVALID": 0,
        "MALICIOUS": 0,
        "SANE": 0,
        "VALID": 0,
        "total": 33562
    },
    "percentage": {
        "ACTIVE": 42.82904734944426,
        "INACTIVE": 57.17478100232406,
        "INVALID": 0,
        "MALICIOUS": 0,
        "SANE": 0,
        "VALID": 0,
        "total": 100.00382835176832
    }
}