{
    "counter": {
        "ACTIVE": 25281,
        "INACTIVE": 31827,
        "INVALID": 0,
        "MALICIOUS": 0,
        "SANE": 0,
        "VALID": 0,
        "total": 57108
    },
    "percentage": {
        "ACTIVE": 44.26875393990334,
        "INACTIVE": 55.73124606009666,
        "INVALID": 0.0,
        "MALICIOUS": 0.0,
        "SANE": 0.0,
        "VALID": 0.0,
        "total": 100.0
    }
}