{
    "counter": {
        "ACTIVE": 11128,
        "INACTIVE": 13860,
        "INVALID": 0,
        "MALICIOUS": 0,
        "SANE": 0,
        "VALID": 0,
        "total": 24988
    },
    "percentage": {
        "ACTIVE": 44.53337602048983,
        "INACTIVE": 55.47550432276657,
        "INVALID": 0,
        "MALICIOUS": 0,
        "SANE": 0,
        "VALID": 0,
        "total": 100.00888034325641
    }
}