{
    "counter": {
        "ACTIVE": 16978,
        "INACTIVE": 22023,
        "INVALID": 0,
        "MALICIOUS": 0,
        "SANE": 0,
        "VALID": 0,
        "total": 39001
    },
    "percentage": {
        "ACTIVE": 43.5377987485896,
        "INACTIVE": 56.46778287736212,
        "INVALID": 0,
        "MALICIOUS": 0,
        "SANE": 0,
        "VALID": 0,
        "total": 100.00558162595172
    }
}