{
    "counter": {
        "ACTIVE": 30757,
        "INACTIVE": 38567,
        "INVALID": 0,
        "MALICIOUS": 0,
        "SANE": 0,
        "VALID": 0,
        "total": 69324
    },
    "percentage": {
        "ACTIVE": 44.36959030582804,
        "INACTIVE": 55.63296982286077,
        "INVALID": 0.0,
        "MALICIOUS": 0.0,
        "SANE": 0.0,
        "VALID": 0.0,
        "total": 100.00256012868881
    }
}