{
    "counter": {
        "ACTIVE": 30618,
        "INACTIVE": 38392,
        "INVALID": 0,
        "MALICIOUS": 0,
        "SANE": 0,
        "VALID": 0,
        "total": 69010
    },
    "percentage": {
        "ACTIVE": 44.367482973482105,
        "INACTIVE": 55.634129376304195,
        "INVALID": 0.0,
        "MALICIOUS": 0.0,
        "SANE": 0.0,
        "VALID": 0.0,
        "total": 100.0016123497863
    }
}