{
    "counter": {
        "ACTIVE": 6391,
        "INACTIVE": 8185,
        "INVALID": 0,
        "MALICIOUS": 0,
        "SANE": 0,
        "VALID": 0,
        "total": 14576
    },
    "percentage": {
        "ACTIVE": 43.8550744527551,
        "INACTIVE": 56.153951701427005,
        "INVALID": 0,
        "MALICIOUS": 0,
        "SANE": 0,
        "VALID": 0,
        "total": 100.0090261541821
    }
}