{
    "counter": {
        "ACTIVE": 43945,
        "INACTIVE": 58989,
        "INVALID": 0,
        "MALICIOUS": 0,
        "SANE": 0,
        "VALID": 0,
        "total": 102934
    },
    "percentage": {
        "ACTIVE": 42.69240484193755,
        "INACTIVE": 57.30759515806245,
        "INVALID": 0.0,
        "MALICIOUS": 0.0,
        "SANE": 0.0,
        "VALID": 0.0,
        "total": 100.0
    }
}