{
    "counter": {
        "ACTIVE": 30116,
        "INACTIVE": 37894,
        "INVALID": 0,
        "MALICIOUS": 0,
        "SANE": 0,
        "VALID": 0,
        "total": 68010
    },
    "percentage": {
        "ACTIVE": 44.282374391624636,
        "INACTIVE": 55.718276724011176,
        "INVALID": 0.0,
        "MALICIOUS": 0.0,
        "SANE": 0.0,
        "VALID": 0.0,
        "total": 100.0006511156358
    }
}