{
    "counter": {
        "ACTIVE": 7368,
        "INACTIVE": 9737,
        "INVALID": 0,
        "MALICIOUS": 0,
        "SANE": 0,
        "VALID": 0,
        "total": 17105
    },
    "percentage": {
        "ACTIVE": 43.080161375197335,
        "INACTIVE": 56.9248757673195,
        "INVALID": 0,
        "MALICIOUS": 0,
        "SANE": 0,
        "VALID": 0,
        "total": 100.00503714251684
    }
}