{
    "counter": {
        "ACTIVE": 1861,
        "INACTIVE": 2273,
        "INVALID": 0,
        "MALICIOUS": 0,
        "SANE": 0,
        "VALID": 0,
        "total": 4134
    },
    "percentage": {
        "ACTIVE": 45.03872216844143,
        "INACTIVE": 54.98306724721819,
        "INVALID": 0,
        "MALICIOUS": 0,
        "SANE": 0,
        "VALID": 0,
        "total": 100.02178941565961
    }
}