{
    "counter": {
        "ACTIVE": 13145,
        "INACTIVE": 16949,
        "INVALID": 0,
        "MALICIOUS": 0,
        "SANE": 0,
        "VALID": 0,
        "total": 30094
    },
    "percentage": {
        "ACTIVE": 43.691417935252275,
        "INACTIVE": 56.32019671695355,
        "INVALID": 0,
        "MALICIOUS": 0,
        "SANE": 0,
        "VALID": 0,
        "total": 100.01161465220582
    }
}