{
    "counter": {
        "ACTIVE": 33394,
        "INACTIVE": 42144,
        "INVALID": 0,
        "MALICIOUS": 0,
        "SANE": 0,
        "VALID": 0,
        "total": 75538
    },
    "percentage": {
        "ACTIVE": 44.208213084804996,
        "INACTIVE": 55.791786915195004,
        "INVALID": 0.0,
        "MALICIOUS": 0.0,
        "SANE": 0.0,
        "VALID": 0.0,
        "total": 100.0
    }
}