{
    "counter": {
        "ACTIVE": 16954,
        "INACTIVE": 21983,
        "INVALID": 0,
        "MALICIOUS": 0,
        "SANE": 0,
        "VALID": 0,
        "total": 38937
    },
    "percentage": {
        "ACTIVE": 43.54213216221075,
        "INACTIVE": 56.46511866844755,
        "INVALID": 0,
        "MALICIOUS": 0,
        "SANE": 0,
        "VALID": 0,
        "total": 100.00725083065831
    }
}