{
    "counter": {
        "ACTIVE": 2266,
        "INACTIVE": 2963,
        "INVALID": 0,
        "MALICIOUS": 0,
        "SANE": 0,
        "VALID": 0,
        "total": 5229
    },
    "percentage": {
        "ACTIVE": 43.3352457448843,
        "INACTIVE": 56.675592960979344,
        "INVALID": 0,
        "MALICIOUS": 0,
        "SANE": 0,
        "VALID": 0,
        "total": 100.01083870586365
    }
}