{
    "counter": {
        "ACTIVE": 1762,
        "INACTIVE": 1959,
        "INVALID": 0,
        "MALICIOUS": 0,
        "SANE": 0,
        "VALID": 0,
        "total": 3721
    },
    "percentage": {
        "ACTIVE": 47.41657696447793,
        "INACTIVE": 52.64713786616501,
        "INVALID": 0,
        "MALICIOUS": 0,
        "SANE": 0,
        "VALID": 0,
        "total": 100.06371483064294
    }
}