{
    "counter": {
        "ACTIVE": 28364,
        "INACTIVE": 36264,
        "INVALID": 0,
        "MALICIOUS": 0,
        "SANE": 0,
        "VALID": 0,
        "total": 64628
    },
    "percentage": {
        "ACTIVE": 43.888098038002106,
        "INACTIVE": 56.11277020440373,
        "INVALID": 0.0,
        "MALICIOUS": 0.0,
        "SANE": 0.0,
        "VALID": 0.0,
        "total": 100.00086824240583
    }
}