{
    "counter": {
        "ACTIVE": 29737,
        "INACTIVE": 37611,
        "INVALID": 0,
        "MALICIOUS": 0,
        "SANE": 0,
        "VALID": 0,
        "total": 67348
    },
    "percentage": {
        "ACTIVE": 44.154243630100375,
        "INACTIVE": 55.848244116118494,
        "INVALID": 0.0,
        "MALICIOUS": 0.0,
        "SANE": 0.0,
        "VALID": 0.0,
        "total": 100.00248774621886
    }
}