{
    "counter": {
        "ACTIVE": 13614,
        "INACTIVE": 17781,
        "INVALID": 0,
        "MALICIOUS": 0,
        "SANE": 0,
        "VALID": 0,
        "total": 31395
    },
    "percentage": {
        "ACTIVE": 43.36497419889151,
        "INACTIVE": 56.63640707118968,
        "INVALID": 0,
        "MALICIOUS": 0,
        "SANE": 0,
        "VALID": 0,
        "total": 100.0013812700812
    }
}