{
    "counter": {
        "ACTIVE": 31588,
        "INACTIVE": 39590,
        "INVALID": 0,
        "MALICIOUS": 0,
        "SANE": 0,
        "VALID": 0,
        "total": 71178
    },
    "percentage": {
        "ACTIVE": 44.37888111495125,
        "INACTIVE": 55.62190033297273,
        "INVALID": 0.0,
        "MALICIOUS": 0.0,
        "SANE": 0.0,
        "VALID": 0.0,
        "total": 100.00078144792397
    }
}