{
    "counter": {
        "ACTIVE": 27540,
        "INACTIVE": 35235,
        "INVALID": 0,
        "MALICIOUS": 0,
        "SANE": 0,
        "VALID": 0,
        "total": 62775
    },
    "percentage": {
        "ACTIVE": 43.87096774193548,
        "INACTIVE": 56.12903225806452,
        "INVALID": 0.0,
        "MALICIOUS": 0.0,
        "SANE": 0.0,
        "VALID": 0.0,
        "total": 100.0
    }
}