{
    "counter": {
        "ACTIVE": 23905,
        "INACTIVE": 29255,
        "INVALID": 0,
        "MALICIOUS": 0,
        "SANE": 0,
        "VALID": 0,
        "total": 53160
    },
    "percentage": {
        "ACTIVE": 44.96802106847254,
        "INACTIVE": 55.03197893152746,
        "INVALID": 0.0,
        "MALICIOUS": 0.0,
        "SANE": 0.0,
        "VALID": 0.0,
        "total": 100.0
    }
}