{
    "counter": {
        "ACTIVE": 24087,
        "INACTIVE": 29651,
        "INVALID": 0,
        "MALICIOUS": 0,
        "SANE": 0,
        "VALID": 0,
        "total": 53738
    },
    "percentage": {
        "ACTIVE": 44.82303025791805,
        "INACTIVE": 55.17696974208195,
        "INVALID": 0.0,
        "MALICIOUS": 0.0,
        "SANE": 0.0,
        "VALID": 0.0,
        "total": 100.0
    }
}