{
    "counter": {
        "ACTIVE": 34467,
        "INACTIVE": 43147,
        "INVALID": 0,
        "MALICIOUS": 0,
        "SANE": 0,
        "VALID": 0,
        "total": 77614
    },
    "percentage": {
        "ACTIVE": 44.408225320174196,
        "INACTIVE": 55.591774679825804,
        "INVALID": 0.0,
        "MALICIOUS": 0.0,
        "SANE": 0.0,
        "VALID": 0.0,
        "total": 100.0
    }
}