{
    "counter": {
        "ACTIVE": 1802,
        "INACTIVE": 2097,
        "INVALID": 0,
        "MALICIOUS": 0,
        "SANE": 0,
        "VALID": 0,
        "total": 3899
    },
    "percentage": {
        "ACTIVE": 46.228835300153925,
        "INACTIVE": 53.78302128750962,
        "INVALID": 0,
        "MALICIOUS": 0,
        "SANE": 0,
        "VALID": 0,
        "total": 100.01185658766354
    }
}