{
    "counter": {
        "ACTIVE": 8536,
        "INACTIVE": 11443,
        "INVALID": 0,
        "MALICIOUS": 0,
        "SANE": 0,
        "VALID": 0,
        "total": 19979
    },
    "percentage": {
        "ACTIVE": 42.72699969966963,
        "INACTIVE": 57.275138895840634,
        "INVALID": 0,
        "MALICIOUS": 0,
        "SANE": 0,
        "VALID": 0,
        "total": 100.00213859551027
    }
}