{
    "counter": {
        "ACTIVE": 40164,
        "INACTIVE": 51588,
        "INVALID": 0,
        "MALICIOUS": 0,
        "SANE": 0,
        "VALID": 0,
        "total": 91752
    },
    "percentage": {
        "ACTIVE": 43.77452262620978,
        "INACTIVE": 56.22547737379022,
        "INVALID": 0.0,
        "MALICIOUS": 0.0,
        "SANE": 0.0,
        "VALID": 0.0,
        "total": 100.0
    }
}