{
    "counter": {
        "ACTIVE": 28469,
        "INACTIVE": 36346,
        "INVALID": 0,
        "MALICIOUS": 0,
        "SANE": 0,
        "VALID": 0,
        "total": 64815
    },
    "percentage": {
        "ACTIVE": 43.92347450435856,
        "INACTIVE": 56.078255905451066,
        "INVALID": 0.0,
        "MALICIOUS": 0.0,
        "SANE": 0.0,
        "VALID": 0.0,
        "total": 100.00173040980962
    }
}