{
    "counter": {
        "ACTIVE": 2448,
        "INACTIVE": 3182,
        "INVALID": 0,
        "MALICIOUS": 0,
        "SANE": 0,
        "VALID": 0,
        "total": 5630
    },
    "percentage": {
        "ACTIVE": 43.49680170575693,
        "INACTIVE": 56.51865008880995,
        "INVALID": 0,
        "MALICIOUS": 0,
        "SANE": 0,
        "VALID": 0,
        "total": 100.01545179456687
    }
}