{
    "counter": {
        "ACTIVE": 41120,
        "INACTIVE": 54851,
        "INVALID": 0,
        "MALICIOUS": 0,
        "SANE": 0,
        "VALID": 0,
        "total": 95971
    },
    "percentage": {
        "ACTIVE": 42.846276479353136,
        "INACTIVE": 57.153723520646864,
        "INVALID": 0.0,
        "MALICIOUS": 0.0,
        "SANE": 0.0,
        "VALID": 0.0,
        "total": 100.0
    }
}