{
    "counter": {
        "ACTIVE": 6844,
        "INACTIVE": 9061,
        "INVALID": 0,
        "MALICIOUS": 0,
        "SANE": 0,
        "VALID": 0,
        "total": 15905
    },
    "percentage": {
        "ACTIVE": 43.0304935554857,
        "INACTIVE": 56.97308853118712,
        "INVALID": 0,
        "MALICIOUS": 0,
        "SANE": 0,
        "VALID": 0,
        "total": 100.00358208667282
    }
}