{
    "counter": {
        "ACTIVE": 5513,
        "INACTIVE": 6895,
        "INVALID": 0,
        "MALICIOUS": 0,
        "SANE": 0,
        "VALID": 0,
        "total": 12408
    },
    "percentage": {
        "ACTIVE": 44.45250766005483,
        "INACTIVE": 55.56898774983881,
        "INVALID": 0,
        "MALICIOUS": 0,
        "SANE": 0,
        "VALID": 0,
        "total": 100.02149540989365
    }
}