{
    "counter": {
        "ACTIVE": 21590,
        "INACTIVE": 26532,
        "INVALID": 0,
        "MALICIOUS": 0,
        "SANE": 0,
        "VALID": 0,
        "total": 48122
    },
    "percentage": {
        "ACTIVE": 44.86513444993974,
        "INACTIVE": 55.13486555006026,
        "INVALID": 0.0,
        "MALICIOUS": 0.0,
        "SANE": 0.0,
        "VALID": 0.0,
        "total": 100.0
    }
}