{
    "counter": {
        "ACTIVE": 16507,
        "INACTIVE": 21569,
        "INVALID": 0,
        "MALICIOUS": 0,
        "SANE": 0,
        "VALID": 0,
        "total": 38076
    },
    "percentage": {
        "ACTIVE": 43.3561841725107,
        "INACTIVE": 56.647231852085305,
        "INVALID": 0,
        "MALICIOUS": 0,
        "SANE": 0,
        "VALID": 0,
        "total": 100.003416024596
    }
}