{
    "counter": {
        "ACTIVE": 3002,
        "INACTIVE": 3700,
        "INVALID": 0,
        "MALICIOUS": 0,
        "SANE": 0,
        "VALID": 0,
        "total": 6702
    },
    "percentage": {
        "ACTIVE": 44.79259922411221,
        "INACTIVE": 55.223880597014926,
        "INVALID": 0,
        "MALICIOUS": 0,
        "SANE": 0,
        "VALID": 0,
        "total": 100.01647982112713
    }
}