{
    "counter": {
        "ACTIVE": 18685,
        "INACTIVE": 23741,
        "INVALID": 0,
        "MALICIOUS": 0,
        "SANE": 0,
        "VALID": 0,
        "total": 42426
    },
    "percentage": {
        "ACTIVE": 44.04242781378904,
        "INACTIVE": 55.95861028614529,
        "INVALID": 0,
        "MALICIOUS": 0,
        "SANE": 0,
        "VALID": 0,
        "total": 100.00103809993433
    }
}