{
    "counter": {
        "ACTIVE": 15922,
        "INACTIVE": 21111,
        "INVALID": 0,
        "MALICIOUS": 0,
        "SANE": 0,
        "VALID": 0,
        "total": 37033
    },
    "percentage": {
        "ACTIVE": 42.99408635541274,
        "INACTIVE": 57.013611321162365,
        "INVALID": 0,
        "MALICIOUS": 0,
        "SANE": 0,
        "VALID": 0,
        "total": 100.0076976765751
    }
}