{
    "counter": {
        "ACTIVE": 37777,
        "INACTIVE": 46745,
        "INVALID": 0,
        "MALICIOUS": 0,
        "SANE": 0,
        "VALID": 0,
        "total": 84522
    },
    "percentage": {
        "ACTIVE": 44.69487234092899,
        "INACTIVE": 55.30512765907101,
        "INVALID": 0.0,
        "MALICIOUS": 0.0,
        "SANE": 0.0,
        "VALID": 0.0,
        "total": 100.0
    }
}