{
    "counter": {
        "ACTIVE": 35507,
        "INACTIVE": 44461,
        "INVALID": 0,
        "MALICIOUS": 0,
        "SANE": 0,
        "VALID": 0,
        "total": 79968
    },
    "percentage": {
        "ACTIVE": 44.40151060424169,
        "INACTIVE": 55.59848939575831,
        "INVALID": 0.0,
        "MALICIOUS": 0.0,
        "SANE": 0.0,
        "VALID": 0.0,
        "total": 100.0
    }
}