{
    "counter": {
        "ACTIVE": 29116,
        "INACTIVE": 37023,
        "INVALID": 0,
        "MALICIOUS": 0,
        "SANE": 0,
        "VALID": 0,
        "total": 66139
    },
    "percentage": {
        "ACTIVE": 44.0237688434613,
        "INACTIVE": 55.97756240644703,
        "INVALID": 0.0,
        "MALICIOUS": 0.0,
        "SANE": 0.0,
        "VALID": 0.0,
        "total": 100.00133124990833
    }
}