{
    "counter": {
        "ACTIVE": 23445,
        "INACTIVE": 28790,
        "INVALID": 0,
        "MALICIOUS": 0,
        "SANE": 0,
        "VALID": 0,
        "total": 52235
    },
    "percentage": {
        "ACTIVE": 44.88369866947449,
        "INACTIVE": 55.11630133052551,
        "INVALID": 0.0,
        "MALICIOUS": 0.0,
        "SANE": 0.0,
        "VALID": 0.0,
        "total": 100.0
    }
}