{
    "counter": {
        "ACTIVE": 37777,
        "INACTIVE": 46743,
        "INVALID": 0,
        "MALICIOUS": 0,
        "SANE": 0,
        "VALID": 0,
        "total": 84520
    },
    "percentage": {
        "ACTIVE": 44.695929957406534,
        "INACTIVE": 55.304070042593466,
        "INVALID": 0.0,
        "MALICIOUS": 0.0,
        "SANE": 0.0,
        "VALID": 0.0,
        "total": 100.0
    }
}