{
    "counter": {
        "ACTIVE": 3538,
        "INACTIVE": 4330,
        "INVALID": 0,
        "MALICIOUS": 0,
        "SANE": 0,
        "VALID": 0,
        "total": 7868
    },
    "percentage": {
        "ACTIVE": 44.97838799898297,
        "INACTIVE": 55.03304524656838,
        "INVALID": 0,
        "MALICIOUS": 0,
        "SANE": 0,
        "VALID": 0,
        "total": 100.01143324555134
    }
}