{
    "counter": {
        "ACTIVE": 31222,
        "INACTIVE": 39044,
        "INVALID": 0,
        "MALICIOUS": 0,
        "SANE": 0,
        "VALID": 0,
        "total": 70266
    },
    "percentage": {
        "ACTIVE": 44.434007912788545,
        "INACTIVE": 55.56678289333239,
        "INVALID": 0.0,
        "MALICIOUS": 0.0,
        "SANE": 0.0,
        "VALID": 0.0,
        "total": 100.00079080612093
    }
}