{
    "counter": {
        "ACTIVE": 4555,
        "INACTIVE": 5777,
        "INVALID": 0,
        "MALICIOUS": 0,
        "SANE": 0,
        "VALID": 0,
        "total": 10332
    },
    "percentage": {
        "ACTIVE": 44.09060110347498,
        "INACTIVE": 55.91366627951994,
        "INVALID": 0,
        "MALICIOUS": 0,
        "SANE": 0,
        "VALID": 0,
        "total": 100.00426738299493
    }
}