{
    "counter": {
        "ACTIVE": 40533,
        "INACTIVE": 53661,
        "INVALID": 0,
        "MALICIOUS": 0,
        "SANE": 0,
        "VALID": 0,
        "total": 94194
    },
    "percentage": {
        "ACTIVE": 43.03140327409389,
        "INACTIVE": 56.96859672590611,
        "INVALID": 0.0,
        "MALICIOUS": 0.0,
        "SANE": 0.0,
        "VALID": 0.0,
        "total": 100.0
    }
}