{
    "counter": {
        "ACTIVE": 40576,
        "INACTIVE": 53848,
        "INVALID": 0,
        "MALICIOUS": 0,
        "SANE": 0,
        "VALID": 0,
        "total": 94424
    },
    "percentage": {
        "ACTIVE": 42.97212573074642,
        "INACTIVE": 57.02787426925358,
        "INVALID": 0.0,
        "MALICIOUS": 0.0,
        "SANE": 0.0,
        "VALID": 0.0,
        "total": 100.0
    }
}