{
    "counter": {
        "ACTIVE": 16562,
        "INACTIVE": 21642,
        "INVALID": 0,
        "MALICIOUS": 0,
        "SANE": 0,
        "VALID": 0,
        "total": 38204
    },
    "percentage": {
        "ACTIVE": 43.3537511125072,
        "INACTIVE": 56.64851847974034,
        "INVALID": 0,
        "MALICIOUS": 0,
        "SANE": 0,
        "VALID": 0,
        "total": 100.00226959224753
    }
}