{
    "counter": {
        "ACTIVE": 16704,
        "INACTIVE": 21775,
        "INVALID": 0,
        "MALICIOUS": 0,
        "SANE": 0,
        "VALID": 0,
        "total": 38479
    },
    "percentage": {
        "ACTIVE": 43.4106915460381,
        "INACTIVE": 56.59372076099387,
        "INVALID": 0,
        "MALICIOUS": 0,
        "SANE": 0,
        "VALID": 0,
        "total": 100.00441230703197
    }
}