{
    "counter": {
        "ACTIVE": 19365,
        "INACTIVE": 24241,
        "INVALID": 0,
        "MALICIOUS": 0,
        "SANE": 0,
        "VALID": 0,
        "total": 43606
    },
    "percentage": {
        "ACTIVE": 44.409026280787046,
        "INACTIVE": 55.59607357460667,
        "INVALID": 0,
        "MALICIOUS": 0,
        "SANE": 0,
        "VALID": 0,
        "total": 100.00509985539372
    }
}