{
    "counter": {
        "ACTIVE": 35609,
        "INACTIVE": 44606,
        "INVALID": 0,
        "MALICIOUS": 0,
        "SANE": 0,
        "VALID": 0,
        "total": 80215
    },
    "percentage": {
        "ACTIVE": 44.391946643395876,
        "INACTIVE": 55.608053356604124,
        "INVALID": 0.0,
        "MALICIOUS": 0.0,
        "SANE": 0.0,
        "VALID": 0.0,
        "total": 100.0
    }
}