{
    "counter": {
        "ACTIVE": 38727,
        "INACTIVE": 47773,
        "INVALID": 0,
        "MALICIOUS": 0,
        "SANE": 0,
        "VALID": 0,
        "total": 86500
    },
    "percentage": {
        "ACTIVE": 44.77109826589595,
        "INACTIVE": 55.22890173410405,
        "INVALID": 0.0,
        "MALICIOUS": 0.0,
        "SANE": 0.0,
        "VALID": 0.0,
        "total": 100.0
    }
}