{
    "counter": {
        "ACTIVE": 848,
        "INACTIVE": 1132,
        "INVALID": 0,
        "MALICIOUS": 0,
        "SANE": 0,
        "VALID": 0,
        "total": 1980
    },
    "percentage": {
        "ACTIVE": 42.849924204143505,
        "INACTIVE": 57.17171717171717,
        "INVALID": 0,
        "MALICIOUS": 0,
        "SANE": 0,
        "VALID": 0,
        "total": 100.02164137586067
    }
}