{
    "counter": {
        "ACTIVE": 13773,
        "INACTIVE": 18069,
        "INVALID": 0,
        "MALICIOUS": 0,
        "SANE": 0,
        "VALID": 0,
        "total": 31842
    },
    "percentage": {
        "ACTIVE": 43.25419257584323,
        "INACTIVE": 56.74937185929648,
        "INVALID": 0,
        "MALICIOUS": 0,
        "SANE": 0,
        "VALID": 0,
        "total": 100.00356443513971
    }
}