{
    "counter": {
        "ACTIVE": 6606,
        "INACTIVE": 8673,
        "INVALID": 0,
        "MALICIOUS": 0,
        "SANE": 0,
        "VALID": 0,
        "total": 15279
    },
    "percentage": {
        "ACTIVE": 43.23581386216375,
        "INACTIVE": 56.771617464161814,
        "INVALID": 0,
        "MALICIOUS": 0,
        "SANE": 0,
        "VALID": 0,
        "total": 100.00743132632556
    }
}