{
    "counter": {
        "ACTIVE": 40735,
        "INACTIVE": 54467,
        "INVALID": 0,
        "MALICIOUS": 0,
        "SANE": 0,
        "VALID": 0,
        "total": 95202
    },
    "percentage": {
        "ACTIVE": 42.78796663935631,
        "INACTIVE": 57.21203336064369,
        "INVALID": 0.0,
        "MALICIOUS": 0.0,
        "SANE": 0.0,
        "VALID": 0.0,
        "total": 100.0
    }
}