{
    "counter": {
        "ACTIVE": 1741,
        "INACTIVE": 1913,
        "INVALID": 0,
        "MALICIOUS": 0,
        "SANE": 0,
        "VALID": 0,
        "total": 3654
    },
    "percentage": {
        "ACTIVE": 47.6464148877942,
        "INACTIVE": 52.38225629791895,
        "INVALID": 0,
        "MALICIOUS": 0,
        "SANE": 0,
        "VALID": 0,
        "total": 100.02867118571315
    }
}