{
    "counter": {
        "ACTIVE": 5108,
        "INACTIVE": 6420,
        "INVALID": 0,
        "MALICIOUS": 0,
        "SANE": 0,
        "VALID": 0,
        "total": 11528
    },
    "percentage": {
        "ACTIVE": 44.309507286606525,
        "INACTIVE": 55.695324021861715,
        "INVALID": 0,
        "MALICIOUS": 0,
        "SANE": 0,
        "VALID": 0,
        "total": 100.00483130846824
    }
}