{
    "counter": {
        "ACTIVE": 24183,
        "INACTIVE": 30013,
        "INVALID": 0,
        "MALICIOUS": 0,
        "SANE": 0,
        "VALID": 0,
        "total": 54196
    },
    "percentage": {
        "ACTIVE": 44.62137427116392,
        "INACTIVE": 55.37862572883608,
        "INVALID": 0.0,
        "MALICIOUS": 0.0,
        "SANE": 0.0,
        "VALID": 0.0,
        "total": 100.0
    }
}