{
    "counter": {
        "ACTIVE": 33057,
        "INACTIVE": 41659,
        "INVALID": 0,
        "MALICIOUS": 0,
        "SANE": 0,
        "VALID": 0,
        "total": 74716
    },
    "percentage": {
        "ACTIVE": 44.24353552117351,
        "INACTIVE": 55.75646447882649,
        "INVALID": 0.0,
        "MALICIOUS": 0.0,
        "SANE": 0.0,
        "VALID": 0.0,
        "total": 100.0
    }
}