{
    "counter": {
        "ACTIVE": 26557,
        "INACTIVE": 33963,
        "INVALID": 0,
        "MALICIOUS": 0,
        "SANE": 0,
        "VALID": 0,
        "total": 60520
    },
    "percentage": {
        "ACTIVE": 43.881361533377394,
        "INACTIVE": 56.118638466622606,
        "INVALID": 0.0,
        "MALICIOUS": 0.0,
        "SANE": 0.0,
        "VALID": 0.0,
        "total": 100.0
    }
}