{
    "counter": {
        "ACTIVE": 18426,
        "INACTIVE": 23520,
        "INVALID": 0,
        "MALICIOUS": 0,
        "SANE": 0,
        "VALID": 0,
        "total": 41946
    },
    "percentage": {
        "ACTIVE": 43.9310492811673,
        "INACTIVE": 56.072092690602204,
        "INVALID": 0,
        "MALICIOUS": 0,
        "SANE": 0,
        "VALID": 0,
        "total": 100.00314197176951
    }
}