{
    "counter": {
        "ACTIVE": 26119,
        "INACTIVE": 33451,
        "INVALID": 0,
        "MALICIOUS": 0,
        "SANE": 0,
        "VALID": 0,
        "total": 59570
    },
    "percentage": {
        "ACTIVE": 43.84589558502602,
        "INACTIVE": 56.15410441497398,
        "INVALID": 0.0,
        "MALICIOUS": 0.0,
        "SANE": 0.0,
        "VALID": 0.0,
        "total": 100.0
    }
}