{
    "counter": {
        "ACTIVE": 40355,
        "INACTIVE": 52963,
        "INVALID": 0,
        "MALICIOUS": 0,
        "SANE": 0,
        "VALID": 0,
        "total": 93318
    },
    "percentage": {
        "ACTIVE": 43.24460447073448,
        "INACTIVE": 56.75539552926552,
        "INVALID": 0.0,
        "MALICIOUS": 0.0,
        "SANE": 0.0,
        "VALID": 0.0,
        "total": 100.0
    }
}