{
    "counter": {
        "ACTIVE": 32023,
        "INACTIVE": 40154,
        "INVALID": 0,
        "MALICIOUS": 0,
        "SANE": 0,
        "VALID": 0,
        "total": 72177
    },
    "percentage": {
        "ACTIVE": 44.36731922911731,
        "INACTIVE": 55.634993210851555,
        "INVALID": 0.0,
        "MALICIOUS": 0.0,
        "SANE": 0.0,
        "VALID": 0.0,
        "total": 100.00231243996886
    }
}