{
    "counter": {
        "ACTIVE": 26440,
        "INACTIVE": 33832,
        "INVALID": 0,
        "MALICIOUS": 0,
        "SANE": 0,
        "VALID": 0,
        "total": 60272
    },
    "percentage": {
        "ACTIVE": 43.86779930979559,
        "INACTIVE": 56.13220069020441,
        "INVALID": 0.0,
        "MALICIOUS": 0.0,
        "SANE": 0.0,
        "VALID": 0.0,
        "total": 100.0
    }
}