{
    "counter": {
        "ACTIVE": 16671,
        "INACTIVE": 21756,
        "INVALID": 0,
        "MALICIOUS": 0,
        "SANE": 0,
        "VALID": 0,
        "total": 38427
    },
    "percentage": {
        "ACTIVE": 43.38355843547506,
        "INACTIVE": 56.61791495341696,
        "INVALID": 0,
        "MALICIOUS": 0,
        "SANE": 0,
        "VALID": 0,
        "total": 100.00147338889201
    }
}