{
    "counter": {
        "ACTIVE": 1103,
        "INACTIVE": 1351,
        "INVALID": 0,
        "MALICIOUS": 0,
        "SANE": 0,
        "VALID": 0,
        "total": 2454
    },
    "percentage": {
        "ACTIVE": 44.9653485527925,
        "INACTIVE": 55.05297473512633,
        "INVALID": 0,
        "MALICIOUS": 0,
        "SANE": 0,
        "VALID": 0,
        "total": 100.01832328791883
    }
}