{
    "counter": {
        "ACTIVE": 18230,
        "INACTIVE": 23343,
        "INVALID": 0,
        "MALICIOUS": 0,
        "SANE": 0,
        "VALID": 0,
        "total": 41573
    },
    "percentage": {
        "ACTIVE": 43.8505760950617,
        "INACTIVE": 56.15212527964206,
        "INVALID": 0,
        "MALICIOUS": 0,
        "SANE": 0,
        "VALID": 0,
        "total": 100.00270137470375
    }
}