{
    "counter": {
        "ACTIVE": 9296,
        "INACTIVE": 12373,
        "INVALID": 0,
        "MALICIOUS": 0,
        "SANE": 0,
        "VALID": 0,
        "total": 21669
    },
    "percentage": {
        "ACTIVE": 42.901975263060734,
        "INACTIVE": 57.10000461488763,
        "INVALID": 0,
        "MALICIOUS": 0,
        "SANE": 0,
        "VALID": 0,
        "total": 100.00197987794837
    }
}