{
    "counter": {
        "ACTIVE": 31329,
        "INACTIVE": 39216,
        "INVALID": 0,
        "MALICIOUS": 0,
        "SANE": 0,
        "VALID": 0,
        "total": 70545
    },
    "percentage": {
        "ACTIVE": 44.40995109504571,
        "INACTIVE": 55.59162496633259,
        "INVALID": 0.0,
        "MALICIOUS": 0.0,
        "SANE": 0.0,
        "VALID": 0.0,
        "total": 100.0015760613783
    }
}