{
    "counter": {
        "ACTIVE": 41895,
        "INACTIVE": 55673,
        "INVALID": 0,
        "MALICIOUS": 0,
        "SANE": 0,
        "VALID": 0,
        "total": 97568
    },
    "percentage": {
        "ACTIVE": 42.93928337159724,
        "INACTIVE": 57.06071662840276,
        "INVALID": 0.0,
        "MALICIOUS": 0.0,
        "SANE": 0.0,
        "VALID": 0.0,
        "total": 100.0
    }
}