{
    "counter": {
        "ACTIVE": 655,
        "INACTIVE": 883,
        "INVALID": 0,
        "MALICIOUS": 0,
        "SANE": 0,
        "VALID": 0,
        "total": 1538
    },
    "percentage": {
        "ACTIVE": 42.58777633289987,
        "INACTIVE": 57.486979166666664,
        "INVALID": 0,
        "MALICIOUS": 0,
        "SANE": 0,
        "VALID": 0,
        "total": 100.07475549956654
    }
}