{
    "counter": {
        "ACTIVE": 34266,
        "INACTIVE": 42957,
        "INVALID": 0,
        "MALICIOUS": 0,
        "SANE": 0,
        "VALID": 0,
        "total": 77223
    },
    "percentage": {
        "ACTIVE": 44.37279048987996,
        "INACTIVE": 55.62720951012004,
        "INVALID": 0.0,
        "MALICIOUS": 0.0,
        "SANE": 0.0,
        "VALID": 0.0,
        "total": 100.0
    }
}