{
    "counter": {
        "ACTIVE": 12948,
        "INACTIVE": 16392,
        "INVALID": 0,
        "MALICIOUS": 0,
        "SANE": 0,
        "VALID": 0,
        "total": 29340
    },
    "percentage": {
        "ACTIVE": 44.13087934560327,
        "INACTIVE": 55.8710249156413,
        "INVALID": 0,
        "MALICIOUS": 0,
        "SANE": 0,
        "VALID": 0,
        "total": 100.00190426124456
    }
}