{
    "counter": {
        "ACTIVE": 645,
        "INACTIVE": 872,
        "INVALID": 0,
        "MALICIOUS": 0,
        "SANE": 0,
        "VALID": 0,
        "total": 1517
    },
    "percentage": {
        "ACTIVE": 42.51812788398154,
        "INACTIVE": 57.710125744540036,
        "INVALID": 0,
        "MALICIOUS": 0,
        "SANE": 0,
        "VALID": 0,
        "total": 100.22825362852157
    }
}