{
    "counter": {
        "ACTIVE": 8588,
        "INACTIVE": 11538,
        "INVALID": 0,
        "MALICIOUS": 0,
        "SANE": 0,
        "VALID": 0,
        "total": 20126
    },
    "percentage": {
        "ACTIVE": 42.6754124428543,
        "INACTIVE": 57.32882838119845,
        "INVALID": 0,
        "MALICIOUS": 0,
        "SANE": 0,
        "VALID": 0,
        "total": 100.00424082405274
    }
}