{
    "counter": {
        "ACTIVE": 33800,
        "INACTIVE": 42620,
        "INVALID": 0,
        "MALICIOUS": 0,
        "SANE": 0,
        "VALID": 0,
        "total": 76420
    },
    "percentage": {
        "ACTIVE": 44.22925935618948,
        "INACTIVE": 55.77074064381052,
        "INVALID": 0.0,
        "MALICIOUS": 0.0,
        "SANE": 0.0,
        "VALID": 0.0,
        "total": 100.0
    }
}