{
    "counter": {
        "ACTIVE": 34328,
        "INACTIVE": 43023,
        "INVALID": 0,
        "MALICIOUS": 0,
        "SANE": 0,
        "VALID": 0,
        "total": 77351
    },
    "percentage": {
        "ACTIVE": 44.379516748329046,
        "INACTIVE": 55.620483251670954,
        "INVALID": 0.0,
        "MALICIOUS": 0.0,
        "SANE": 0.0,
        "VALID": 0.0,
        "total": 100.0
    }
}