{
    "counter": {
        "ACTIVE": 40307,
        "INACTIVE": 52557,
        "INVALID": 0,
        "MALICIOUS": 0,
        "SANE": 0,
        "VALID": 0,
        "total": 92864
    },
    "percentage": {
        "ACTIVE": 43.40433321847002,
        "INACTIVE": 56.59566678152998,
        "INVALID": 0.0,
        "MALICIOUS": 0.0,
        "SANE": 0.0,
        "VALID": 0.0,
        "total": 100.0
    }
}