{
    "counter": {
        "ACTIVE": 8613,
        "INACTIVE": 11570,
        "INVALID": 0,
        "MALICIOUS": 0,
        "SANE": 0,
        "VALID": 0,
        "total": 20183
    },
    "percentage": {
        "ACTIVE": 42.67452806817619,
        "INACTIVE": 57.32831235754633,
        "INVALID": 0,
        "MALICIOUS": 0,
        "SANE": 0,
        "VALID": 0,
        "total": 100.00284042572252
    }
}