{
    "counter": {
        "ACTIVE": 6631,
        "INACTIVE": 8723,
        "INVALID": 0,
        "MALICIOUS": 0,
        "SANE": 0,
        "VALID": 0,
        "total": 15354
    },
    "percentage": {
        "ACTIVE": 43.19588300436454,
        "INACTIVE": 56.81255698840693,
        "INVALID": 0,
        "MALICIOUS": 0,
        "SANE": 0,
        "VALID": 0,
        "total": 100.00843999277147
    }
}