{
    "counter": {
        "ACTIVE": 27218,
        "INACTIVE": 34875,
        "INVALID": 0,
        "MALICIOUS": 0,
        "SANE": 0,
        "VALID": 0,
        "total": 62093
    },
    "percentage": {
        "ACTIVE": 43.83424862705941,
        "INACTIVE": 56.16575137294059,
        "INVALID": 0.0,
        "MALICIOUS": 0.0,
        "SANE": 0.0,
        "VALID": 0.0,
        "total": 100.0
    }
}