{
    "counter": {
        "ACTIVE": 40175,
        "INACTIVE": 51688,
        "INVALID": 0,
        "MALICIOUS": 0,
        "SANE": 0,
        "VALID": 0,
        "total": 91863
    },
    "percentage": {
        "ACTIVE": 43.73360330056715,
        "INACTIVE": 56.26639669943285,
        "INVALID": 0.0,
        "MALICIOUS": 0.0,
        "SANE": 0.0,
        "VALID": 0.0,
        "total": 100.0
    }
}