{
    "counter": {
        "ACTIVE": 28693,
        "INACTIVE": 36561,
        "INVALID": 0,
        "MALICIOUS": 0,
        "SANE": 0,
        "VALID": 0,
        "total": 65254
    },
    "percentage": {
        "ACTIVE": 43.97125080454838,
        "INACTIVE": 56.02960783412257,
        "INVALID": 0.0,
        "MALICIOUS": 0.0,
        "SANE": 0.0,
        "VALID": 0.0,
        "total": 100.00085863867096
    }
}