{
    "counter": {
        "ACTIVE": 16339,
        "INACTIVE": 21418,
        "INVALID": 0,
        "MALICIOUS": 0,
        "SANE": 0,
        "VALID": 0,
        "total": 37757
    },
    "percentage": {
        "ACTIVE": 43.27409486982546,
        "INACTIVE": 56.72740756436063,
        "INVALID": 0,
        "MALICIOUS": 0,
        "SANE": 0,
        "VALID": 0,
        "total": 100.0015024341861
    }
}