{
    "counter": {
        "ACTIVE": 17360,
        "INACTIVE": 22450,
        "INVALID": 0,
        "MALICIOUS": 0,
        "SANE": 0,
        "VALID": 0,
        "total": 39810
    },
    "percentage": {
        "ACTIVE": 43.60822929488307,
        "INACTIVE": 56.392866114041695,
        "INVALID": 0,
        "MALICIOUS": 0,
        "SANE": 0,
        "VALID": 0,
        "total": 100.00109540892475
    }
}