{
    "counter": {
        "ACTIVE": 39159,
        "INACTIVE": 48444,
        "INVALID": 0,
        "MALICIOUS": 0,
        "SANE": 0,
        "VALID": 0,
        "total": 87603
    },
    "percentage": {
        "ACTIVE": 44.70052395465909,
        "INACTIVE": 55.29947604534091,
        "INVALID": 0.0,
        "MALICIOUS": 0.0,
        "SANE": 0.0,
        "VALID": 0.0,
        "total": 100.0
    }
}