{
    "counter": {
        "ACTIVE": 32749,
        "INACTIVE": 41195,
        "INVALID": 0,
        "MALICIOUS": 0,
        "SANE": 0,
        "VALID": 0,
        "total": 73944
    },
    "percentage": {
        "ACTIVE": 44.288921345883374,
        "INACTIVE": 55.711078654116626,
        "INVALID": 0.0,
        "MALICIOUS": 0.0,
        "SANE": 0.0,
        "VALID": 0.0,
        "total": 100.0
    }
}