{
    "counter": {
        "ACTIVE": 40915,
        "INACTIVE": 54597,
        "INVALID": 0,
        "MALICIOUS": 0,
        "SANE": 0,
        "VALID": 0,
        "total": 95512
    },
    "percentage": {
        "ACTIVE": 42.837549208476425,
        "INACTIVE": 57.162450791523575,
        "INVALID": 0.0,
        "MALICIOUS": 0.0,
        "SANE": 0.0,
        "VALID": 0.0,
        "total": 100.0
    }
}