{
    "counter": {
        "ACTIVE": 23760,
        "INACTIVE": 29102,
        "INVALID": 0,
        "MALICIOUS": 0,
        "SANE": 0,
        "VALID": 0,
        "total": 52862
    },
    "percentage": {
        "ACTIVE": 44.9472210661723,
        "INACTIVE": 55.0527789338277,
        "INVALID": 0.0,
        "MALICIOUS": 0.0,
        "SANE": 0.0,
        "VALID": 0.0,
        "total": 100.0
    }
}