{
    "counter": {
        "ACTIVE": 41611,
        "INACTIVE": 55361,
        "INVALID": 0,
        "MALICIOUS": 0,
        "SANE": 0,
        "VALID": 0,
        "total": 96972
    },
    "percentage": {
        "ACTIVE": 42.91032462979004,
        "INACTIVE": 57.08967537020996,
        "INVALID": 0.0,
        "MALICIOUS": 0.0,
        "SANE": 0.0,
        "VALID": 0.0,
        "total": 100.0
    }
}