{
    "counter": {
        "ACTIVE": 34225,
        "INACTIVE": 42909,
        "INVALID": 0,
        "MALICIOUS": 0,
        "SANE": 0,
        "VALID": 0,
        "total": 77134
    },
    "percentage": {
        "ACTIVE": 44.37083516996396,
        "INACTIVE": 55.62916483003604,
        "INVALID": 0.0,
        "MALICIOUS": 0.0,
        "SANE": 0.0,
        "VALID": 0.0,
        "total": 100.0
    }
}