{
    "counter": {
        "ACTIVE": 40430,
        "INACTIVE": 53464,
        "INVALID": 0,
        "MALICIOUS": 0,
        "SANE": 0,
        "VALID": 0,
        "total": 93894
    },
    "percentage": {
        "ACTIVE": 43.05919441071847,
        "INACTIVE": 56.94080558928153,
        "INVALID": 0.0,
        "MALICIOUS": 0.0,
        "SANE": 0.0,
        "VALID": 0.0,
        "total": 100.0
    }
}