{
    "counter": {
        "ACTIVE": 21105,
        "INACTIVE": 26053,
        "INVALID": 0,
        "MALICIOUS": 0,
        "SANE": 0,
        "VALID": 0,
        "total": 47158
    },
    "percentage": {
        "ACTIVE": 44.75380635311082,
        "INACTIVE": 55.24736518438408,
        "INVALID": 0,
        "MALICIOUS": 0,
        "SANE": 0,
        "VALID": 0,
        "total": 100.0011715374949
    }
}