{
    "counter": {
        "ACTIVE": 39330,
        "INACTIVE": 48821,
        "INVALID": 0,
        "MALICIOUS": 0,
        "SANE": 0,
        "VALID": 0,
        "total": 88151
    },
    "percentage": {
        "ACTIVE": 44.61662374788715,
        "INACTIVE": 55.38337625211285,
        "INVALID": 0.0,
        "MALICIOUS": 0.0,
        "SANE": 0.0,
        "VALID": 0.0,
        "total": 100.0
    }
}