{
    "counter": {
        "ACTIVE": 40286,
        "INACTIVE": 52381,
        "INVALID": 0,
        "MALICIOUS": 0,
        "SANE": 0,
        "VALID": 0,
        "total": 92667
    },
    "percentage": {
        "ACTIVE": 43.473944338329716,
        "INACTIVE": 56.526055661670284,
        "INVALID": 0.0,
        "MALICIOUS": 0.0,
        "SANE": 0.0,
        "VALID": 0.0,
        "total": 100.0
    }
}