{
    "counter": {
        "ACTIVE": 167,
        "INACTIVE": 279,
        "INVALID": 0,
        "MALICIOUS": 0,
        "SANE": 0,
        "VALID": 0,
        "total": 446
    },
    "percentage": {
        "ACTIVE": 37.44394618834081,
        "INACTIVE": 62.69662921348315,
        "INVALID": 0,
        "MALICIOUS": 0,
        "SANE": 0,
        "VALID": 0,
        "total": 100.14057540182395
    }
}