{
    "counter": {
        "ACTIVE": 35112,
        "INACTIVE": 43950,
        "INVALID": 0,
        "MALICIOUS": 0,
        "SANE": 0,
        "VALID": 0,
        "total": 79062
    },
    "percentage": {
        "ACTIVE": 44.41071564088943,
        "INACTIVE": 55.58928435911057,
        "INVALID": 0.0,
        "MALICIOUS": 0.0,
        "SANE": 0.0,
        "VALID": 0.0,
        "total": 100.0
    }
}