{
    "counter": {
        "ACTIVE": 9943,
        "INACTIVE": 12909,
        "INVALID": 0,
        "MALICIOUS": 0,
        "SANE": 0,
        "VALID": 0,
        "total": 22852
    },
    "percentage": {
        "ACTIVE": 43.51041484333975,
        "INACTIVE": 56.4970020569828,
        "INVALID": 0,
        "MALICIOUS": 0,
        "SANE": 0,
        "VALID": 0,
        "total": 100.00741690032255
    }
}