{
    "counter": {
        "ACTIVE": 23160,
        "INACTIVE": 28400,
        "INVALID": 0,
        "MALICIOUS": 0,
        "SANE": 0,
        "VALID": 0,
        "total": 51560
    },
    "percentage": {
        "ACTIVE": 44.91854150504267,
        "INACTIVE": 55.08145849495733,
        "INVALID": 0.0,
        "MALICIOUS": 0.0,
        "SANE": 0.0,
        "VALID": 0.0,
        "total": 100.0
    }
}