{
    "counter": {
        "ACTIVE": 13240,
        "INACTIVE": 17126,
        "INVALID": 0,
        "MALICIOUS": 0,
        "SANE": 0,
        "VALID": 0,
        "total": 30366
    },
    "percentage": {
        "ACTIVE": 43.602832208134366,
        "INACTIVE": 56.398603701508264,
        "INVALID": 0,
        "MALICIOUS": 0,
        "SANE": 0,
        "VALID": 0,
        "total": 100.00143590964262
    }
}