{
    "counter": {
        "ACTIVE": 17048,
        "INACTIVE": 22115,
        "INVALID": 0,
        "MALICIOUS": 0,
        "SANE": 0,
        "VALID": 0,
        "total": 39163
    },
    "percentage": {
        "ACTIVE": 43.535330319977525,
        "INACTIVE": 56.46911625769221,
        "INVALID": 0,
        "MALICIOUS": 0,
        "SANE": 0,
        "VALID": 0,
        "total": 100.00444657766974
    }
}