{
    "counter": {
        "ACTIVE": 40282,
        "INACTIVE": 52313,
        "INVALID": 0,
        "MALICIOUS": 0,
        "SANE": 0,
        "VALID": 0,
        "total": 92595
    },
    "percentage": {
        "ACTIVE": 43.50342891084832,
        "INACTIVE": 56.49657108915168,
        "INVALID": 0.0,
        "MALICIOUS": 0.0,
        "SANE": 0.0,
        "VALID": 0.0,
        "total": 100.0
    }
}