{
    "counter": {
        "ACTIVE": 41823,
        "INACTIVE": 55570,
        "INVALID": 0,
        "MALICIOUS": 0,
        "SANE": 0,
        "VALID": 0,
        "total": 97393
    },
    "percentage": {
        "ACTIVE": 42.94251126877702,
        "INACTIVE": 57.05748873122298,
        "INVALID": 0.0,
        "MALICIOUS": 0.0,
        "SANE": 0.0,
        "VALID": 0.0,
        "total": 100.0
    }
}