{
    "counter": {
        "ACTIVE": 6690,
        "INACTIVE": 8835,
        "INVALID": 0,
        "MALICIOUS": 0,
        "SANE": 0,
        "VALID": 0,
        "total": 15525
    },
    "percentage": {
        "ACTIVE": 43.105670103092784,
        "INACTIVE": 56.908212560386474,
        "INVALID": 0,
        "MALICIOUS": 0,
        "SANE": 0,
        "VALID": 0,
        "total": 100.01388266347925
    }
}