{
    "counter": {
        "ACTIVE": 18094,
        "INACTIVE": 23209,
        "INVALID": 0,
        "MALICIOUS": 0,
        "SANE": 0,
        "VALID": 0,
        "total": 41303
    },
    "percentage": {
        "ACTIVE": 43.81007723783928,
        "INACTIVE": 56.19204416144106,
        "INVALID": 0,
        "MALICIOUS": 0,
        "SANE": 0,
        "VALID": 0,
        "total": 100.00212139928034
    }
}