{
    "counter": {
        "ACTIVE": 552,
        "INACTIVE": 771,
        "INVALID": 0,
        "MALICIOUS": 0,
        "SANE": 0,
        "VALID": 0,
        "total": 1323
    },
    "percentage": {
        "ACTIVE": 41.75491679273828,
        "INACTIVE": 58.276643990929706,
        "INVALID": 0,
        "MALICIOUS": 0,
        "SANE": 0,
        "VALID": 0,
        "total": 100.03156078366798
    }
}