{
    "counter": {
        "ACTIVE": 33350,
        "INACTIVE": 42089,
        "INVALID": 0,
        "MALICIOUS": 0,
        "SANE": 0,
        "VALID": 0,
        "total": 75439
    },
    "percentage": {
        "ACTIVE": 44.207903074006815,
        "INACTIVE": 55.792096925993185,
        "INVALID": 0.0,
        "MALICIOUS": 0.0,
        "SANE": 0.0,
        "VALID": 0.0,
        "total": 100.0
    }
}