{
    "counter": {
        "ACTIVE": 19519,
        "INACTIVE": 24460,
        "INVALID": 0,
        "MALICIOUS": 0,
        "SANE": 0,
        "VALID": 0,
        "total": 43979
    },
    "percentage": {
        "ACTIVE": 44.38254621523909,
        "INACTIVE": 55.61998317302226,
        "INVALID": 0,
        "MALICIOUS": 0,
        "SANE": 0,
        "VALID": 0,
        "total": 100.00252938826135
    }
}