{
    "counter": {
        "ACTIVE": 37230,
        "INACTIVE": 46153,
        "INVALID": 0,
        "MALICIOUS": 0,
        "SANE": 0,
        "VALID": 0,
        "total": 83383
    },
    "percentage": {
        "ACTIVE": 44.64938896417735,
        "INACTIVE": 55.35061103582265,
        "INVALID": 0.0,
        "MALICIOUS": 0.0,
        "SANE": 0.0,
        "VALID": 0.0,
        "total": 100.0
    }
}