{
    "counter": {
        "ACTIVE": 21254,
        "INACTIVE": 26193,
        "INVALID": 0,
        "MALICIOUS": 0,
        "SANE": 0,
        "VALID": 0,
        "total": 47447
    },
    "percentage": {
        "ACTIVE": 44.79524522098341,
        "INACTIVE": 55.20475477901659,
        "INVALID": 0.0,
        "MALICIOUS": 0.0,
        "SANE": 0.0,
        "VALID": 0.0,
        "total": 100.0
    }
}