{
    "counter": {
        "ACTIVE": 843,
        "INACTIVE": 1131,
        "INVALID": 0,
        "MALICIOUS": 0,
        "SANE": 0,
        "VALID": 0,
        "total": 1974
    },
    "percentage": {
        "ACTIVE": 42.70516717325228,
        "INACTIVE": 57.38203957382039,
        "INVALID": 0,
        "MALICIOUS": 0,
        "SANE": 0,
        "VALID": 0,
        "total": 100.08720674707267
    }
}