{
    "counter": {
        "ACTIVE": 25337,
        "INACTIVE": 31947,
        "INVALID": 0,
        "MALICIOUS": 0,
        "SANE": 0,
        "VALID": 0,
        "total": 57284
    },
    "percentage": {
        "ACTIVE": 44.2305006633615,
        "INACTIVE": 55.7694993366385,
        "INVALID": 0.0,
        "MALICIOUS": 0.0,
        "SANE": 0.0,
        "VALID": 0.0,
        "total": 100.0
    }
}