{
    "counter": {
        "ACTIVE": 19575,
        "INACTIVE": 24660,
        "INVALID": 0,
        "MALICIOUS": 0,
        "SANE": 0,
        "VALID": 0,
        "total": 44235
    },
    "percentage": {
        "ACTIVE": 44.253289324953656,
        "INACTIVE": 55.74771108850458,
        "INVALID": 0,
        "MALICIOUS": 0,
        "SANE": 0,
        "VALID": 0,
        "total": 100.00100041345823
    }
}