{
    "counter": {
        "ACTIVE": 40650,
        "INACTIVE": 54266,
        "INVALID": 0,
        "MALICIOUS": 0,
        "SANE": 0,
        "VALID": 0,
        "total": 94916
    },
    "percentage": {
        "ACTIVE": 42.82734207088373,
        "INACTIVE": 57.17265792911627,
        "INVALID": 0.0,
        "MALICIOUS": 0.0,
        "SANE": 0.0,
        "VALID": 0.0,
        "total": 100.0
    }
}