{
    "counter": {
        "ACTIVE": 25505,
        "INACTIVE": 32261,
        "INVALID": 0,
        "MALICIOUS": 0,
        "SANE": 0,
        "VALID": 0,
        "total": 57766
    },
    "percentage": {
        "ACTIVE": 44.15226950109061,
        "INACTIVE": 55.84773049890939,
        "INVALID": 0.0,
        "MALICIOUS": 0.0,
        "SANE": 0.0,
        "VALID": 0.0,
        "total": 100.0
    }
}