{
    "counter": {
        "ACTIVE": 40589,
        "INACTIVE": 53898,
        "INVALID": 0,
        "MALICIOUS": 0,
        "SANE": 0,
        "VALID": 0,
        "total": 94487
    },
    "percentage": {
        "ACTIVE": 42.957232211838665,
        "INACTIVE": 57.042767788161335,
        "INVALID": 0.0,
        "MALICIOUS": 0.0,
        "SANE": 0.0,
        "VALID": 0.0,
        "total": 100.0
    }
}