{
    "counter": {
        "ACTIVE": 23150,
        "INACTIVE": 28375,
        "INVALID": 0,
        "MALICIOUS": 0,
        "SANE": 0,
        "VALID": 0,
        "total": 51525
    },
    "percentage": {
        "ACTIVE": 44.92964580300825,
        "INACTIVE": 55.07035419699175,
        "INVALID": 0.0,
        "MALICIOUS": 0.0,
        "SANE": 0.0,
        "VALID": 0.0,
        "total": 100.0
    }
}