{
    "counter": {
        "ACTIVE": 23047,
        "INACTIVE": 28222,
        "INVALID": 0,
        "MALICIOUS": 0,
        "SANE": 0,
        "VALID": 0,
        "total": 51269
    },
    "percentage": {
        "ACTIVE": 44.95309056154792,
        "INACTIVE": 55.04690943845208,
        "INVALID": 0.0,
        "MALICIOUS": 0.0,
        "SANE": 0.0,
        "VALID": 0.0,
        "total": 100.0
    }
}