{
    "counter": {
        "ACTIVE": 17055,
        "INACTIVE": 22124,
        "INVALID": 0,
        "MALICIOUS": 0,
        "SANE": 0,
        "VALID": 0,
        "total": 39179
    },
    "percentage": {
        "ACTIVE": 43.53875216991729,
        "INACTIVE": 56.46902677454759,
        "INVALID": 0,
        "MALICIOUS": 0,
        "SANE": 0,
        "VALID": 0,
        "total": 100.00777894446487
    }
}