{
    "counter": {
        "ACTIVE": 32717,
        "INACTIVE": 41146,
        "INVALID": 0,
        "MALICIOUS": 0,
        "SANE": 0,
        "VALID": 0,
        "total": 73863
    },
    "percentage": {
        "ACTIVE": 44.294166226662874,
        "INACTIVE": 55.705833773337126,
        "INVALID": 0.0,
        "MALICIOUS": 0.0,
        "SANE": 0.0,
        "VALID": 0.0,
        "total": 100.0
    }
}