{
    "counter": {
        "ACTIVE": 4524,
        "INACTIVE": 5732,
        "INVALID": 0,
        "MALICIOUS": 0,
        "SANE": 0,
        "VALID": 0,
        "total": 10256
    },
    "percentage": {
        "ACTIVE": 44.11076443057722,
        "INACTIVE": 55.8946855192589,
        "INVALID": 0,
        "MALICIOUS": 0,
        "SANE": 0,
        "VALID": 0,
        "total": 100.00544994983612
    }
}