{
    "counter": {
        "ACTIVE": 39279,
        "INACTIVE": 48708,
        "INVALID": 0,
        "MALICIOUS": 0,
        "SANE": 0,
        "VALID": 0,
        "total": 87987
    },
    "percentage": {
        "ACTIVE": 44.641822087353816,
        "INACTIVE": 55.358177912646184,
        "INVALID": 0.0,
        "MALICIOUS": 0.0,
        "SANE": 0.0,
        "VALID": 0.0,
        "total": 100.0
    }
}