{
    "counter": {
        "ACTIVE": 43177,
        "INACTIVE": 57595,
        "INVALID": 0,
        "MALICIOUS": 0,
        "SANE": 0,
        "VALID": 0,
        "total": 100772
    },
    "percentage": {
        "ACTIVE": 42.84622712658278,
        "INACTIVE": 57.15377287341722,
        "INVALID": 0.0,
        "MALICIOUS": 0.0,
        "SANE": 0.0,
        "VALID": 0.0,
        "total": 100.0
    }
}