{
    "counter": {
        "ACTIVE": 33062,
        "INACTIVE": 41661,
        "INVALID": 0,
        "MALICIOUS": 0,
        "SANE": 0,
        "VALID": 0,
        "total": 74723
    },
    "percentage": {
        "ACTIVE": 44.24608219691394,
        "INACTIVE": 55.75391780308606,
        "INVALID": 0.0,
        "MALICIOUS": 0.0,
        "SANE": 0.0,
        "VALID": 0.0,
        "total": 100.0
    }
}