{
    "counter": {
        "ACTIVE": 40176,
        "INACTIVE": 51705,
        "INVALID": 0,
        "MALICIOUS": 0,
        "SANE": 0,
        "VALID": 0,
        "total": 91881
    },
    "percentage": {
        "ACTIVE": 43.726124008228034,
        "INACTIVE": 56.273875991771966,
        "INVALID": 0.0,
        "MALICIOUS": 0.0,
        "SANE": 0.0,
        "VALID": 0.0,
        "total": 100.0
    }
}