{
    "counter": {
        "ACTIVE": 13514,
        "INACTIVE": 17659,
        "INVALID": 0,
        "MALICIOUS": 0,
        "SANE": 0,
        "VALID": 0,
        "total": 31173
    },
    "percentage": {
        "ACTIVE": 43.35161838770731,
        "INACTIVE": 56.65019889644553,
        "INVALID": 0,
        "MALICIOUS": 0,
        "SANE": 0,
        "VALID": 0,
        "total": 100.00181728415285
    }
}