{
    "counter": {
        "ACTIVE": 18335,
        "INACTIVE": 23439,
        "INVALID": 0,
        "MALICIOUS": 0,
        "SANE": 0,
        "VALID": 0,
        "total": 41774
    },
    "percentage": {
        "ACTIVE": 43.89198764752352,
        "INACTIVE": 56.10906305357399,
        "INVALID": 0,
        "MALICIOUS": 0,
        "SANE": 0,
        "VALID": 0,
        "total": 100.00105070109751
    }
}