{
    "counter": {
        "ACTIVE": 27913,
        "INACTIVE": 35561,
        "INVALID": 0,
        "MALICIOUS": 0,
        "SANE": 0,
        "VALID": 0,
        "total": 63474
    },
    "percentage": {
        "ACTIVE": 43.976178847699025,
        "INACTIVE": 56.02451397422567,
        "INVALID": 0.0,
        "MALICIOUS": 0.0,
        "SANE": 0.0,
        "VALID": 0.0,
        "total": 100.0006928219247
    }
}