{
    "counter": {
        "ACTIVE": 20645,
        "INACTIVE": 25637,
        "INVALID": 0,
        "MALICIOUS": 0,
        "SANE": 0,
        "VALID": 0,
        "total": 46282
    },
    "percentage": {
        "ACTIVE": 44.60890233362144,
        "INACTIVE": 55.39302536623309,
        "INVALID": 0,
        "MALICIOUS": 0,
        "SANE": 0,
        "VALID": 0,
        "total": 100.00192769985452
    }
}