{
    "counter": {
        "ACTIVE": 37974,
        "INACTIVE": 46988,
        "INVALID": 0,
        "MALICIOUS": 0,
        "SANE": 0,
        "VALID": 0,
        "total": 84962
    },
    "percentage": {
        "ACTIVE": 44.69527553494503,
        "INACTIVE": 55.30472446505497,
        "INVALID": 0.0,
        "MALICIOUS": 0.0,
        "SANE": 0.0,
        "VALID": 0.0,
        "total": 100.0
    }
}