{
    "counter": {
        "ACTIVE": 19487,
        "INACTIVE": 24387,
        "INVALID": 0,
        "MALICIOUS": 0,
        "SANE": 0,
        "VALID": 0,
        "total": 43874
    },
    "percentage": {
        "ACTIVE": 44.446218410728946,
        "INACTIVE": 55.584172858640656,
        "INVALID": 0,
        "MALICIOUS": 0,
        "SANE": 0,
        "VALID": 0,
        "total": 100.0303912693696
    }
}