{
    "counter": {
        "ACTIVE": 15401,
        "INACTIVE": 20713,
        "INVALID": 0,
        "MALICIOUS": 0,
        "SANE": 0,
        "VALID": 0,
        "total": 36114
    },
    "percentage": {
        "ACTIVE": 42.649054304782474,
        "INACTIVE": 57.3544885639918,
        "INVALID": 0,
        "MALICIOUS": 0,
        "SANE": 0,
        "VALID": 0,
        "total": 100.00354286877428
    }
}