{
    "counter": {
        "ACTIVE": 16004,
        "INACTIVE": 21173,
        "INVALID": 0,
        "MALICIOUS": 0,
        "SANE": 0,
        "VALID": 0,
        "total": 37177
    },
    "percentage": {
        "ACTIVE": 43.04812115017349,
        "INACTIVE": 56.95647495561414,
        "INVALID": 0,
        "MALICIOUS": 0,
        "SANE": 0,
        "VALID": 0,
        "total": 100.00459610578764
    }
}