{
    "counter": {
        "ACTIVE": 22018,
        "INACTIVE": 26994,
        "INVALID": 0,
        "MALICIOUS": 0,
        "SANE": 0,
        "VALID": 0,
        "total": 49012
    },
    "percentage": {
        "ACTIVE": 44.92369215702277,
        "INACTIVE": 55.07630784297723,
        "INVALID": 0.0,
        "MALICIOUS": 0.0,
        "SANE": 0.0,
        "VALID": 0.0,
        "total": 100.0
    }
}