{
    "counter": {
        "ACTIVE": 35586,
        "INACTIVE": 44581,
        "INVALID": 0,
        "MALICIOUS": 0,
        "SANE": 0,
        "VALID": 0,
        "total": 80167
    },
    "percentage": {
        "ACTIVE": 44.38983621689723,
        "INACTIVE": 55.61016378310277,
        "INVALID": 0.0,
        "MALICIOUS": 0.0,
        "SANE": 0.0,
        "VALID": 0.0,
        "total": 100.0
    }
}