{
    "counter": {
        "ACTIVE": 33111,
        "INACTIVE": 41761,
        "INVALID": 0,
        "MALICIOUS": 0,
        "SANE": 0,
        "VALID": 0,
        "total": 74872
    },
    "percentage": {
        "ACTIVE": 44.22347473020622,
        "INACTIVE": 55.77652526979378,
        "INVALID": 0.0,
        "MALICIOUS": 0.0,
        "SANE": 0.0,
        "VALID": 0.0,
        "total": 100.0
    }
}