{
    "counter": {
        "ACTIVE": 23634,
        "INACTIVE": 28940,
        "INVALID": 0,
        "MALICIOUS": 0,
        "SANE": 0,
        "VALID": 0,
        "total": 52574
    },
    "percentage": {
        "ACTIVE": 44.953779434701566,
        "INACTIVE": 55.046220565298434,
        "INVALID": 0.0,
        "MALICIOUS": 0.0,
        "SANE": 0.0,
        "VALID": 0.0,
        "total": 100.0
    }
}