{
    "counter": {
        "ACTIVE": 8903,
        "INACTIVE": 11962,
        "INVALID": 0,
        "MALICIOUS": 0,
        "SANE": 0,
        "VALID": 0,
        "total": 20865
    },
    "percentage": {
        "ACTIVE": 42.673632746968316,
        "INACTIVE": 57.33045770428948,
        "INVALID": 0,
        "MALICIOUS": 0,
        "SANE": 0,
        "VALID": 0,
        "total": 100.0040904512578
    }
}