{
    "counter": {
        "ACTIVE": 27929,
        "INACTIVE": 35580,
        "INVALID": 0,
        "MALICIOUS": 0,
        "SANE": 0,
        "VALID": 0,
        "total": 63509
    },
    "percentage": {
        "ACTIVE": 43.97782921567701,
        "INACTIVE": 56.02355571651262,
        "INVALID": 0.0,
        "MALICIOUS": 0.0,
        "SANE": 0.0,
        "VALID": 0.0,
        "total": 100.00138493218964
    }
}