{
    "counter": {
        "ACTIVE": 7179,
        "INACTIVE": 9501,
        "INVALID": 0,
        "MALICIOUS": 0,
        "SANE": 0,
        "VALID": 0,
        "total": 16680
    },
    "percentage": {
        "ACTIVE": 43.042148809880686,
        "INACTIVE": 56.960431654676256,
        "INVALID": 0,
        "MALICIOUS": 0,
        "SANE": 0,
        "VALID": 0,
        "total": 100.00258046455694
    }
}