{
    "counter": {
        "ACTIVE": 36610,
        "INACTIVE": 45816,
        "INVALID": 0,
        "MALICIOUS": 0,
        "SANE": 0,
        "VALID": 0,
        "total": 82426
    },
    "percentage": {
        "ACTIVE": 44.41559702035765,
        "INACTIVE": 55.58440297964235,
        "INVALID": 0.0,
        "MALICIOUS": 0.0,
        "SANE": 0.0,
        "VALID": 0.0,
        "total": 100.0
    }
}