{
    "counter": {
        "ACTIVE": 8614,
        "INACTIVE": 11570,
        "INVALID": 0,
        "MALICIOUS": 0,
        "SANE": 0,
        "VALID": 0,
        "total": 20184
    },
    "percentage": {
        "ACTIVE": 42.6773682124455,
        "INACTIVE": 57.32831235754633,
        "INVALID": 0,
        "MALICIOUS": 0,
        "SANE": 0,
        "VALID": 0,
        "total": 100.00568056999182
    }
}