{
    "counter": {
        "ACTIVE": 29829,
        "INACTIVE": 37723,
        "INVALID": 0,
        "MALICIOUS": 0,
        "SANE": 0,
        "VALID": 0,
        "total": 67552
    },
    "percentage": {
        "ACTIVE": 44.157747479682016,
        "INACTIVE": 55.84290620558977,
        "INVALID": 0.0,
        "MALICIOUS": 0.0,
        "SANE": 0.0,
        "VALID": 0.0,
        "total": 100.00065368527179
    }
}