{
    "counter": {
        "ACTIVE": 7183,
        "INACTIVE": 9503,
        "INVALID": 0,
        "MALICIOUS": 0,
        "SANE": 0,
        "VALID": 0,
        "total": 16686
    },
    "percentage": {
        "ACTIVE": 43.05064429127959,
        "INACTIVE": 56.951935754524754,
        "INVALID": 0,
        "MALICIOUS": 0,
        "SANE": 0,
        "VALID": 0,
        "total": 100.00258004580434
    }
}