{
    "counter": {
        "ACTIVE": 17781,
        "INACTIVE": 22916,
        "INVALID": 0,
        "MALICIOUS": 0,
        "SANE": 0,
        "VALID": 0,
        "total": 40697
    },
    "percentage": {
        "ACTIVE": 43.69547588037255,
        "INACTIVE": 56.30881883185493,
        "INVALID": 0,
        "MALICIOUS": 0,
        "SANE": 0,
        "VALID": 0,
        "total": 100.00429471222748
    }
}