{
    "counter": {
        "ACTIVE": 26930,
        "INACTIVE": 34468,
        "INVALID": 0,
        "MALICIOUS": 0,
        "SANE": 0,
        "VALID": 0,
        "total": 61398
    },
    "percentage": {
        "ACTIVE": 43.86136356233102,
        "INACTIVE": 56.13863643766898,
        "INVALID": 0.0,
        "MALICIOUS": 0.0,
        "SANE": 0.0,
        "VALID": 0.0,
        "total": 100.0
    }
}