{
    "counter": {
        "ACTIVE": 23302,
        "INACTIVE": 28619,
        "INVALID": 0,
        "MALICIOUS": 0,
        "SANE": 0,
        "VALID": 0,
        "total": 51921
    },
    "percentage": {
        "ACTIVE": 44.87972111477052,
        "INACTIVE": 55.12027888522948,
        "INVALID": 0.0,
        "MALICIOUS": 0.0,
        "SANE": 0.0,
        "VALID": 0.0,
        "total": 100.0
    }
}