{
    "counter": {
        "ACTIVE": 15507,
        "INACTIVE": 20912,
        "INVALID": 0,
        "MALICIOUS": 0,
        "SANE": 0,
        "VALID": 0,
        "total": 36419
    },
    "percentage": {
        "ACTIVE": 42.57942282874324,
        "INACTIVE": 57.4237306752341,
        "INVALID": 0,
        "MALICIOUS": 0,
        "SANE": 0,
        "VALID": 0,
        "total": 100.00315350397733
    }
}