{
    "counter": {
        "ACTIVE": 32409,
        "INACTIVE": 40635,
        "INVALID": 0,
        "MALICIOUS": 0,
        "SANE": 0,
        "VALID": 0,
        "total": 73044
    },
    "percentage": {
        "ACTIVE": 44.36914736323312,
        "INACTIVE": 55.63085263676688,
        "INVALID": 0.0,
        "MALICIOUS": 0.0,
        "SANE": 0.0,
        "VALID": 0.0,
        "total": 100.0
    }
}