{
    "counter": {
        "ACTIVE": 22172,
        "INACTIVE": 27180,
        "INVALID": 0,
        "MALICIOUS": 0,
        "SANE": 0,
        "VALID": 0,
        "total": 49352
    },
    "percentage": {
        "ACTIVE": 44.92624412384503,
        "INACTIVE": 55.07375587615497,
        "INVALID": 0.0,
        "MALICIOUS": 0.0,
        "SANE": 0.0,
        "VALID": 0.0,
        "total": 100.0
    }
}