{
    "counter": {
        "ACTIVE": 39009,
        "INACTIVE": 48212,
        "INVALID": 0,
        "MALICIOUS": 0,
        "SANE": 0,
        "VALID": 0,
        "total": 87221
    },
    "percentage": {
        "ACTIVE": 44.72432097774618,
        "INACTIVE": 55.27567902225382,
        "INVALID": 0.0,
        "MALICIOUS": 0.0,
        "SANE": 0.0,
        "VALID": 0.0,
        "total": 100.0
    }
}