{
    "counter": {
        "ACTIVE": 38387,
        "INACTIVE": 47420,
        "INVALID": 0,
        "MALICIOUS": 0,
        "SANE": 0,
        "VALID": 0,
        "total": 85807
    },
    "percentage": {
        "ACTIVE": 44.736443413707505,
        "INACTIVE": 55.263556586292495,
        "INVALID": 0.0,
        "MALICIOUS": 0.0,
        "SANE": 0.0,
        "VALID": 0.0,
        "total": 100.0
    }
}