{
    "counter": {
        "ACTIVE": 42339,
        "INACTIVE": 56344,
        "INVALID": 0,
        "MALICIOUS": 0,
        "SANE": 0,
        "VALID": 0,
        "total": 98683
    },
    "percentage": {
        "ACTIVE": 42.904046289634486,
        "INACTIVE": 57.095953710365514,
        "INVALID": 0.0,
        "MALICIOUS": 0.0,
        "SANE": 0.0,
        "VALID": 0.0,
        "total": 100.0
    }
}