{
    "counter": {
        "ACTIVE": 39740,
        "INACTIVE": 49749,
        "INVALID": 0,
        "MALICIOUS": 0,
        "SANE": 0,
        "VALID": 0,
        "total": 89489
    },
    "percentage": {
        "ACTIVE": 44.40769256556672,
        "INACTIVE": 55.59230743443328,
        "INVALID": 0.0,
        "MALICIOUS": 0.0,
        "SANE": 0.0,
        "VALID": 0.0,
        "total": 100.0
    }
}