{
    "counter": {
        "ACTIVE": 23970,
        "INACTIVE": 29313,
        "INVALID": 0,
        "MALICIOUS": 0,
        "SANE": 0,
        "VALID": 0,
        "total": 53283
    },
    "percentage": {
        "ACTIVE": 44.986205731659254,
        "INACTIVE": 55.013794268340746,
        "INVALID": 0.0,
        "MALICIOUS": 0.0,
        "SANE": 0.0,
        "VALID": 0.0,
        "total": 100.0
    }
}