{
    "counter": {
        "ACTIVE": 13639,
        "INACTIVE": 17806,
        "INVALID": 0,
        "MALICIOUS": 0,
        "SANE": 0,
        "VALID": 0,
        "total": 31445
    },
    "percentage": {
        "ACTIVE": 43.37690423941736,
        "INACTIVE": 56.62585466687867,
        "INVALID": 0,
        "MALICIOUS": 0,
        "SANE": 0,
        "VALID": 0,
        "total": 100.00275890629604
    }
}