{
    "counter": {
        "ACTIVE": 7069,
        "INACTIVE": 9360,
        "INVALID": 0,
        "MALICIOUS": 0,
        "SANE": 0,
        "VALID": 0,
        "total": 16429
    },
    "percentage": {
        "ACTIVE": 43.03019235451668,
        "INACTIVE": 56.972426806257225,
        "INVALID": 0,
        "MALICIOUS": 0,
        "SANE": 0,
        "VALID": 0,
        "total": 100.0026191607739
    }
}