{
    "counter": {
        "ACTIVE": 14414,
        "INACTIVE": 19230,
        "INVALID": 0,
        "MALICIOUS": 0,
        "SANE": 0,
        "VALID": 0,
        "total": 33644
    },
    "percentage": {
        "ACTIVE": 42.84270598026394,
        "INACTIVE": 57.15899295544393,
        "INVALID": 0,
        "MALICIOUS": 0,
        "SANE": 0,
        "VALID": 0,
        "total": 100.00169893570788
    }
}