{
    "counter": {
        "ACTIVE": 40624,
        "INACTIVE": 54120,
        "INVALID": 0,
        "MALICIOUS": 0,
        "SANE": 0,
        "VALID": 0,
        "total": 94744
    },
    "percentage": {
        "ACTIVE": 42.87764924427932,
        "INACTIVE": 57.12235075572068,
        "INVALID": 0.0,
        "MALICIOUS": 0.0,
        "SANE": 0.0,
        "VALID": 0.0,
        "total": 100.0
    }
}