{
    "counter": {
        "ACTIVE": 27186,
        "INACTIVE": 34829,
        "INVALID": 0,
        "MALICIOUS": 0,
        "SANE": 0,
        "VALID": 0,
        "total": 62015
    },
    "percentage": {
        "ACTIVE": 43.837781181972105,
        "INACTIVE": 56.162218818027895,
        "INVALID": 0.0,
        "MALICIOUS": 0.0,
        "SANE": 0.0,
        "VALID": 0.0,
        "total": 100.0
    }
}