{
    "counter": {
        "ACTIVE": 38334,
        "INACTIVE": 47370,
        "INVALID": 0,
        "MALICIOUS": 0,
        "SANE": 0,
        "VALID": 0,
        "total": 85704
    },
    "percentage": {
        "ACTIVE": 44.72836740408849,
        "INACTIVE": 55.27163259591151,
        "INVALID": 0.0,
        "MALICIOUS": 0.0,
        "SANE": 0.0,
        "VALID": 0.0,
        "total": 100.0
    }
}