{
    "counter": {
        "ACTIVE": 1971,
        "INACTIVE": 2537,
        "INVALID": 0,
        "MALICIOUS": 0,
        "SANE": 0,
        "VALID": 0,
        "total": 4508
    },
    "percentage": {
        "ACTIVE": 43.751387347391784,
        "INACTIVE": 56.27772848269743,
        "INVALID": 0,
        "MALICIOUS": 0,
        "SANE": 0,
        "VALID": 0,
        "total": 100.02911583008921
    }
}