{
    "counter": {
        "ACTIVE": 22368,
        "INACTIVE": 27518,
        "INVALID": 0,
        "MALICIOUS": 0,
        "SANE": 0,
        "VALID": 0,
        "total": 49886
    },
    "percentage": {
        "ACTIVE": 44.8382311670609,
        "INACTIVE": 55.1617688329391,
        "INVALID": 0.0,
        "MALICIOUS": 0.0,
        "SANE": 0.0,
        "VALID": 0.0,
        "total": 100.0
    }
}