{
    "counter": {
        "ACTIVE": 14754,
        "INACTIVE": 19817,
        "INVALID": 0,
        "MALICIOUS": 0,
        "SANE": 0,
        "VALID": 0,
        "total": 34571
    },
    "percentage": {
        "ACTIVE": 42.677388562668135,
        "INACTIVE": 57.32426959791727,
        "INVALID": 0,
        "MALICIOUS": 0,
        "SANE": 0,
        "VALID": 0,
        "total": 100.00165816058541
    }
}