{
    "counter": {
        "ACTIVE": 2147,
        "INACTIVE": 2802,
        "INVALID": 0,
        "MALICIOUS": 0,
        "SANE": 0,
        "VALID": 0,
        "total": 4949
    },
    "percentage": {
        "ACTIVE": 43.391269199676636,
        "INACTIVE": 56.61749848454233,
        "INVALID": 0,
        "MALICIOUS": 0,
        "SANE": 0,
        "VALID": 0,
        "total": 100.00876768421897
    }
}