{
    "counter": {
        "ACTIVE": 10716,
        "INACTIVE": 13584,
        "INVALID": 0,
        "MALICIOUS": 0,
        "SANE": 0,
        "VALID": 0,
        "total": 24300
    },
    "percentage": {
        "ACTIVE": 44.102395258869045,
        "INACTIVE": 55.901234567901234,
        "INVALID": 0,
        "MALICIOUS": 0,
        "SANE": 0,
        "VALID": 0,
        "total": 100.00362982677028
    }
}