{
    "counter": {
        "ACTIVE": 36356,
        "INACTIVE": 45475,
        "INVALID": 0,
        "MALICIOUS": 0,
        "SANE": 0,
        "VALID": 0,
        "total": 81831
    },
    "percentage": {
        "ACTIVE": 44.42815070083465,
        "INACTIVE": 55.57184929916535,
        "INVALID": 0.0,
        "MALICIOUS": 0.0,
        "SANE": 0.0,
        "VALID": 0.0,
        "total": 100.0
    }
}