{
    "counter": {
        "ACTIVE": 43954,
        "INACTIVE": 59011,
        "INVALID": 0,
        "MALICIOUS": 0,
        "SANE": 0,
        "VALID": 0,
        "total": 102965
    },
    "percentage": {
        "ACTIVE": 42.68829213810518,
        "INACTIVE": 57.31170786189482,
        "INVALID": 0.0,
        "MALICIOUS": 0.0,
        "SANE": 0.0,
        "VALID": 0.0,
        "total": 100.0
    }
}