{
    "counter": {
        "ACTIVE": 26621,
        "INACTIVE": 34051,
        "INVALID": 0,
        "MALICIOUS": 0,
        "SANE": 0,
        "VALID": 0,
        "total": 60672
    },
    "percentage": {
        "ACTIVE": 43.87691191983122,
        "INACTIVE": 56.12308808016878,
        "INVALID": 0.0,
        "MALICIOUS": 0.0,
        "SANE": 0.0,
        "VALID": 0.0,
        "total": 100.0
    }
}