{
    "counter": {
        "ACTIVE": 25708,
        "INACTIVE": 32687,
        "INVALID": 0,
        "MALICIOUS": 0,
        "SANE": 0,
        "VALID": 0,
        "total": 58395
    },
    "percentage": {
        "ACTIVE": 44.024317150440964,
        "INACTIVE": 55.975682849559036,
        "INVALID": 0.0,
        "MALICIOUS": 0.0,
        "SANE": 0.0,
        "VALID": 0.0,
        "total": 100.0
    }
}