{
    "counter": {
        "ACTIVE": 8545,
        "INACTIVE": 11455,
        "INVALID": 0,
        "MALICIOUS": 0,
        "SANE": 0,
        "VALID": 0,
        "total": 20000
    },
    "percentage": {
        "ACTIVE": 42.725,
        "INACTIVE": 57.27786389319466,
        "INVALID": 0,
        "MALICIOUS": 0,
        "SANE": 0,
        "VALID": 0,
        "total": 100.00286389319467
    }
}