{
    "counter": {
        "ACTIVE": 29325,
        "INACTIVE": 37151,
        "INVALID": 0,
        "MALICIOUS": 0,
        "SANE": 0,
        "VALID": 0,
        "total": 66476
    },
    "percentage": {
        "ACTIVE": 44.11499232782742,
        "INACTIVE": 55.88633491786509,
        "INVALID": 0.0,
        "MALICIOUS": 0.0,
        "SANE": 0.0,
        "VALID": 0.0,
        "total": 100.00132724569252
    }
}