{
    "counter": {
        "ACTIVE": 32237,
        "INACTIVE": 40422,
        "INVALID": 0,
        "MALICIOUS": 0,
        "SANE": 0,
        "VALID": 0,
        "total": 72659
    },
    "percentage": {
        "ACTIVE": 44.367525014106995,
        "INACTIVE": 55.632474985893005,
        "INVALID": 0.0,
        "MALICIOUS": 0.0,
        "SANE": 0.0,
        "VALID": 0.0,
        "total": 100.0
    }
}