{
    "counter": {
        "ACTIVE": 6577,
        "INACTIVE": 8625,
        "INVALID": 0,
        "MALICIOUS": 0,
        "SANE": 0,
        "VALID": 0,
        "total": 15202
    },
    "percentage": {
        "ACTIVE": 43.264044204709904,
        "INACTIVE": 56.73968817840932,
        "INVALID": 0,
        "MALICIOUS": 0,
        "SANE": 0,
        "VALID": 0,
        "total": 100.00373238311923
    }
}