{
    "counter": {
        "ACTIVE": 26333,
        "INACTIVE": 33723,
        "INVALID": 0,
        "MALICIOUS": 0,
        "SANE": 0,
        "VALID": 0,
        "total": 60056
    },
    "percentage": {
        "ACTIVE": 43.847409084854135,
        "INACTIVE": 56.152590915145865,
        "INVALID": 0.0,
        "MALICIOUS": 0.0,
        "SANE": 0.0,
        "VALID": 0.0,
        "total": 100.0
    }
}