{
    "counter": {
        "ACTIVE": 40665,
        "INACTIVE": 54301,
        "INVALID": 0,
        "MALICIOUS": 0,
        "SANE": 0,
        "VALID": 0,
        "total": 94966
    },
    "percentage": {
        "ACTIVE": 42.82058842111914,
        "INACTIVE": 57.17941157888086,
        "INVALID": 0.0,
        "MALICIOUS": 0.0,
        "SANE": 0.0,
        "VALID": 0.0,
        "total": 100.0
    }
}