{
    "counter": {
        "ACTIVE": 38224,
        "INACTIVE": 47263,
        "INVALID": 0,
        "MALICIOUS": 0,
        "SANE": 0,
        "VALID": 0,
        "total": 85487
    },
    "percentage": {
        "ACTIVE": 44.71323125153532,
        "INACTIVE": 55.28676874846468,
        "INVALID": 0.0,
        "MALICIOUS": 0.0,
        "SANE": 0.0,
        "VALID": 0.0,
        "total": 100.0
    }
}