{
    "counter": {
        "ACTIVE": 4378,
        "INACTIVE": 5513,
        "INVALID": 0,
        "MALICIOUS": 0,
        "SANE": 0,
        "VALID": 0,
        "total": 9891
    },
    "percentage": {
        "ACTIVE": 44.28484725874975,
        "INACTIVE": 55.737539177029625,
        "INVALID": 0,
        "MALICIOUS": 0,
        "SANE": 0,
        "VALID": 0,
        "total": 100.02238643577937
    }
}