{
    "counter": {
        "ACTIVE": 30230,
        "INACTIVE": 37982,
        "INVALID": 0,
        "MALICIOUS": 0,
        "SANE": 0,
        "VALID": 0,
        "total": 68212
    },
    "percentage": {
        "ACTIVE": 44.318365073082056,
        "INACTIVE": 55.68228464199848,
        "INVALID": 0.0,
        "MALICIOUS": 0.0,
        "SANE": 0.0,
        "VALID": 0.0,
        "total": 100.00064971508053
    }
}