{
    "counter": {
        "ACTIVE": 15549,
        "INACTIVE": 20952,
        "INVALID": 0,
        "MALICIOUS": 0,
        "SANE": 0,
        "VALID": 0,
        "total": 36501
    },
    "percentage": {
        "ACTIVE": 42.598832908687434,
        "INACTIVE": 57.412177344220964,
        "INVALID": 0,
        "MALICIOUS": 0,
        "SANE": 0,
        "VALID": 0,
        "total": 100.01101025290839
    }
}