{
    "counter": {
        "ACTIVE": 42706,
        "INACTIVE": 56847,
        "INVALID": 0,
        "MALICIOUS": 0,
        "SANE": 0,
        "VALID": 0,
        "total": 99553
    },
    "percentage": {
        "ACTIVE": 42.897752955712036,
        "INACTIVE": 57.102247044287964,
        "INVALID": 0.0,
        "MALICIOUS": 0.0,
        "SANE": 0.0,
        "VALID": 0.0,
        "total": 100.0
    }
}