{
    "counter": {
        "ACTIVE": 3216,
        "INACTIVE": 4009,
        "INVALID": 0,
        "MALICIOUS": 0,
        "SANE": 0,
        "VALID": 0,
        "total": 7225
    },
    "percentage": {
        "ACTIVE": 44.5121107266436,
        "INACTIVE": 55.49557032115172,
        "INVALID": 0,
        "MALICIOUS": 0,
        "SANE": 0,
        "VALID": 0,
        "total": 100.00768104779532
    }
}