{
    "counter": {
        "ACTIVE": 19786,
        "INACTIVE": 24910,
        "INVALID": 0,
        "MALICIOUS": 0,
        "SANE": 0,
        "VALID": 0,
        "total": 44696
    },
    "percentage": {
        "ACTIVE": 44.26992437463642,
        "INACTIVE": 55.73205655987113,
        "INVALID": 0,
        "MALICIOUS": 0,
        "SANE": 0,
        "VALID": 0,
        "total": 100.00198093450754
    }
}