{
    "counter": {
        "ACTIVE": 10164,
        "INACTIVE": 13097,
        "INVALID": 0,
        "MALICIOUS": 0,
        "SANE": 0,
        "VALID": 0,
        "total": 23261
    },
    "percentage": {
        "ACTIVE": 43.69733447979364,
        "INACTIVE": 56.30454408666867,
        "INVALID": 0,
        "MALICIOUS": 0,
        "SANE": 0,
        "VALID": 0,
        "total": 100.00187856646231
    }
}