{
    "counter": {
        "ACTIVE": 24672,
        "INACTIVE": 30539,
        "INVALID": 0,
        "MALICIOUS": 0,
        "SANE": 0,
        "VALID": 0,
        "total": 55211
    },
    "percentage": {
        "ACTIVE": 44.68674720617268,
        "INACTIVE": 55.31325279382732,
        "INVALID": 0.0,
        "MALICIOUS": 0.0,
        "SANE": 0.0,
        "VALID": 0.0,
        "total": 100.0
    }
}