{
    "counter": {
        "ACTIVE": 15231,
        "INACTIVE": 20351,
        "INVALID": 0,
        "MALICIOUS": 0,
        "SANE": 0,
        "VALID": 0,
        "total": 35582
    },
    "percentage": {
        "ACTIVE": 42.80535102017874,
        "INACTIVE": 57.196256428993,
        "INVALID": 0,
        "MALICIOUS": 0,
        "SANE": 0,
        "VALID": 0,
        "total": 100.00160744917174
    }
}