{
    "counter": {
        "ACTIVE": 7458,
        "INACTIVE": 9865,
        "INVALID": 0,
        "MALICIOUS": 0,
        "SANE": 0,
        "VALID": 0,
        "total": 17323
    },
    "percentage": {
        "ACTIVE": 43.055074471770006,
        "INACTIVE": 56.947410956531776,
        "INVALID": 0,
        "MALICIOUS": 0,
        "SANE": 0,
        "VALID": 0,
        "total": 100.00248542830178
    }
}