{
    "counter": {
        "ACTIVE": 40369,
        "INACTIVE": 53114,
        "INVALID": 0,
        "MALICIOUS": 0,
        "SANE": 0,
        "VALID": 0,
        "total": 93483
    },
    "percentage": {
        "ACTIVE": 43.18325256998599,
        "INACTIVE": 56.81674743001401,
        "INVALID": 0.0,
        "MALICIOUS": 0.0,
        "SANE": 0.0,
        "VALID": 0.0,
        "total": 100.0
    }
}