{
    "counter": {
        "ACTIVE": 40067,
        "INACTIVE": 50490,
        "INVALID": 0,
        "MALICIOUS": 0,
        "SANE": 0,
        "VALID": 0,
        "total": 90557
    },
    "percentage": {
        "ACTIVE": 44.24506112172444,
        "INACTIVE": 55.75493887827556,
        "INVALID": 0.0,
        "MALICIOUS": 0.0,
        "SANE": 0.0,
        "VALID": 0.0,
        "total": 100.0
    }
}