{
    "counter": {
        "ACTIVE": 34887,
        "INACTIVE": 43490,
        "INVALID": 0,
        "MALICIOUS": 0,
        "SANE": 0,
        "VALID": 0,
        "total": 78377
    },
    "percentage": {
        "ACTIVE": 44.51178279342154,
        "INACTIVE": 55.48821720657846,
        "INVALID": 0.0,
        "MALICIOUS": 0.0,
        "SANE": 0.0,
        "VALID": 0.0,
        "total": 100.0
    }
}