{
    "counter": {
        "ACTIVE": 14599,
        "INACTIVE": 19503,
        "INVALID": 0,
        "MALICIOUS": 0,
        "SANE": 0,
        "VALID": 0,
        "total": 34102
    },
    "percentage": {
        "ACTIVE": 42.81106125920061,
        "INACTIVE": 57.190194123511816,
        "INVALID": 0,
        "MALICIOUS": 0,
        "SANE": 0,
        "VALID": 0,
        "total": 100.00125538271243
    }
}