{
    "counter": {
        "ACTIVE": 34454,
        "INACTIVE": 43141,
        "INVALID": 0,
        "MALICIOUS": 0,
        "SANE": 0,
        "VALID": 0,
        "total": 77595
    },
    "percentage": {
        "ACTIVE": 44.40234551195309,
        "INACTIVE": 55.59765448804691,
        "INVALID": 0.0,
        "MALICIOUS": 0.0,
        "SANE": 0.0,
        "VALID": 0.0,
        "total": 100.0
    }
}