{
    "counter": {
        "ACTIVE": 16912,
        "INACTIVE": 21949,
        "INVALID": 0,
        "MALICIOUS": 0,
        "SANE": 0,
        "VALID": 0,
        "total": 38861
    },
    "percentage": {
        "ACTIVE": 43.52032938754503,
        "INACTIVE": 56.480790509765576,
        "INVALID": 0,
        "MALICIOUS": 0,
        "SANE": 0,
        "VALID": 0,
        "total": 100.00111989731062
    }
}