{
    "counter": {
        "ACTIVE": 3560,
        "INACTIVE": 4342,
        "INVALID": 0,
        "MALICIOUS": 0,
        "SANE": 0,
        "VALID": 0,
        "total": 7902
    },
    "percentage": {
        "ACTIVE": 45.051885598582636,
        "INACTIVE": 54.96898341562223,
        "INVALID": 0,
        "MALICIOUS": 0,
        "SANE": 0,
        "VALID": 0,
        "total": 100.02086901420486
    }
}