{
    "counter": {
        "ACTIVE": 36726,
        "INACTIVE": 45953,
        "INVALID": 0,
        "MALICIOUS": 0,
        "SANE": 0,
        "VALID": 0,
        "total": 82679
    },
    "percentage": {
        "ACTIVE": 44.41998572793575,
        "INACTIVE": 55.58001427206425,
        "INVALID": 0.0,
        "MALICIOUS": 0.0,
        "SANE": 0.0,
        "VALID": 0.0,
        "total": 100.0
    }
}