{
    "counter": {
        "ACTIVE": 36105,
        "INACTIVE": 45184,
        "INVALID": 0,
        "MALICIOUS": 0,
        "SANE": 0,
        "VALID": 0,
        "total": 81289
    },
    "percentage": {
        "ACTIVE": 44.41560358720122,
        "INACTIVE": 55.58439641279878,
        "INVALID": 0.0,
        "MALICIOUS": 0.0,
        "SANE": 0.0,
        "VALID": 0.0,
        "total": 100.0
    }
}