{
    "counter": {
        "ACTIVE": 1742,
        "INACTIVE": 1913,
        "INVALID": 0,
        "MALICIOUS": 0,
        "SANE": 0,
        "VALID": 0,
        "total": 3655
    },
    "percentage": {
        "ACTIVE": 47.660738714090286,
        "INACTIVE": 52.3535851122058,
        "INVALID": 0,
        "MALICIOUS": 0,
        "SANE": 0,
        "VALID": 0,
        "total": 100.01432382629608
    }
}