{
    "counter": {
        "ACTIVE": 22395,
        "INACTIVE": 27556,
        "INVALID": 0,
        "MALICIOUS": 0,
        "SANE": 0,
        "VALID": 0,
        "total": 49951
    },
    "percentage": {
        "ACTIVE": 44.833937258513345,
        "INACTIVE": 55.166062741486655,
        "INVALID": 0.0,
        "MALICIOUS": 0.0,
        "SANE": 0.0,
        "VALID": 0.0,
        "total": 100.0
    }
}