{
    "counter": {
        "ACTIVE": 37556,
        "INACTIVE": 46325,
        "INVALID": 0,
        "MALICIOUS": 0,
        "SANE": 0,
        "VALID": 0,
        "total": 83881
    },
    "percentage": {
        "ACTIVE": 44.772952158414896,
        "INACTIVE": 55.227047841585104,
        "INVALID": 0.0,
        "MALICIOUS": 0.0,
        "SANE": 0.0,
        "VALID": 0.0,
        "total": 100.0
    }
}