{
    "counter": {
        "ACTIVE": 29742,
        "INACTIVE": 37615,
        "INVALID": 0,
        "MALICIOUS": 0,
        "SANE": 0,
        "VALID": 0,
        "total": 67357
    },
    "percentage": {
        "ACTIVE": 44.15576703237971,
        "INACTIVE": 55.845891173632246,
        "INVALID": 0.0,
        "MALICIOUS": 0.0,
        "SANE": 0.0,
        "VALID": 0.0,
        "total": 100.00165820601195
    }
}