{
    "counter": {
        "ACTIVE": 32098,
        "INACTIVE": 40236,
        "INVALID": 0,
        "MALICIOUS": 0,
        "SANE": 0,
        "VALID": 0,
        "total": 72334
    },
    "percentage": {
        "ACTIVE": 44.37593319692529,
        "INACTIVE": 55.62529377609423,
        "INVALID": 0.0,
        "MALICIOUS": 0.0,
        "SANE": 0.0,
        "VALID": 0.0,
        "total": 100.00122697301953
    }
}