{
    "counter": {
        "ACTIVE": 40503,
        "INACTIVE": 53616,
        "INVALID": 0,
        "MALICIOUS": 0,
        "SANE": 0,
        "VALID": 0,
        "total": 94119
    },
    "percentage": {
        "ACTIVE": 43.033818888853475,
        "INACTIVE": 56.966181111146525,
        "INVALID": 0.0,
        "MALICIOUS": 0.0,
        "SANE": 0.0,
        "VALID": 0.0,
        "total": 100.0
    }
}