{
    "counter": {
        "ACTIVE": 31290,
        "INACTIVE": 39146,
        "INVALID": 0,
        "MALICIOUS": 0,
        "SANE": 0,
        "VALID": 0,
        "total": 70436
    },
    "percentage": {
        "ACTIVE": 44.423306263842356,
        "INACTIVE": 55.578271857341626,
        "INVALID": 0.0,
        "MALICIOUS": 0.0,
        "SANE": 0.0,
        "VALID": 0.0,
        "total": 100.00157812118398
    }
}