{
    "counter": {
        "ACTIVE": 28922,
        "INACTIVE": 36883,
        "INVALID": 0,
        "MALICIOUS": 0,
        "SANE": 0,
        "VALID": 0,
        "total": 65805
    },
    "percentage": {
        "ACTIVE": 43.95240338586387,
        "INACTIVE": 56.04893245194134,
        "INVALID": 0.0,
        "MALICIOUS": 0.0,
        "SANE": 0.0,
        "VALID": 0.0,
        "total": 100.00133583780521
    }
}