{
    "counter": {
        "ACTIVE": 16793,
        "INACTIVE": 21847,
        "INVALID": 0,
        "MALICIOUS": 0,
        "SANE": 0,
        "VALID": 0,
        "total": 38640
    },
    "percentage": {
        "ACTIVE": 43.460144927536234,
        "INACTIVE": 56.54131835710034,
        "INVALID": 0,
        "MALICIOUS": 0,
        "SANE": 0,
        "VALID": 0,
        "total": 100.00146328463657
    }
}