{
    "counter": {
        "ACTIVE": 12208,
        "INACTIVE": 15092,
        "INVALID": 0,
        "MALICIOUS": 0,
        "SANE": 0,
        "VALID": 0,
        "total": 27300
    },
    "percentage": {
        "ACTIVE": 44.72777899904741,
        "INACTIVE": 55.282051282051285,
        "INVALID": 0,
        "MALICIOUS": 0,
        "SANE": 0,
        "VALID": 0,
        "total": 100.00983028109869
    }
}