{
    "counter": {
        "ACTIVE": 38069,
        "INACTIVE": 47082,
        "INVALID": 0,
        "MALICIOUS": 0,
        "SANE": 0,
        "VALID": 0,
        "total": 85151
    },
    "percentage": {
        "ACTIVE": 44.70763702129159,
        "INACTIVE": 55.29236297870841,
        "INVALID": 0.0,
        "MALICIOUS": 0.0,
        "SANE": 0.0,
        "VALID": 0.0,
        "total": 100.0
    }
}