{
    "counter": {
        "ACTIVE": 25357,
        "INACTIVE": 31970,
        "INVALID": 0,
        "MALICIOUS": 0,
        "SANE": 0,
        "VALID": 0,
        "total": 57327
    },
    "percentage": {
        "ACTIVE": 44.23221169780383,
        "INACTIVE": 55.76778830219617,
        "INVALID": 0.0,
        "MALICIOUS": 0.0,
        "SANE": 0.0,
        "VALID": 0.0,
        "total": 100.0
    }
}