{
    "counter": {
        "ACTIVE": 17188,
        "INACTIVE": 22249,
        "INVALID": 0,
        "MALICIOUS": 0,
        "SANE": 0,
        "VALID": 0,
        "total": 39437
    },
    "percentage": {
        "ACTIVE": 43.58343687400157,
        "INACTIVE": 56.42371677825117,
        "INVALID": 0,
        "MALICIOUS": 0,
        "SANE": 0,
        "VALID": 0,
        "total": 100.00715365225274
    }
}