{
    "counter": {
        "ACTIVE": 16580,
        "INACTIVE": 21660,
        "INVALID": 0,
        "MALICIOUS": 0,
        "SANE": 0,
        "VALID": 0,
        "total": 38240
    },
    "percentage": {
        "ACTIVE": 43.35774058577406,
        "INACTIVE": 56.64522203044092,
        "INVALID": 0,
        "MALICIOUS": 0,
        "SANE": 0,
        "VALID": 0,
        "total": 100.00296261621497
    }
}