{
    "counter": {
        "ACTIVE": 37844,
        "INACTIVE": 46833,
        "INVALID": 0,
        "MALICIOUS": 0,
        "SANE": 0,
        "VALID": 0,
        "total": 84677
    },
    "percentage": {
        "ACTIVE": 44.69218323747889,
        "INACTIVE": 55.30781676252111,
        "INVALID": 0.0,
        "MALICIOUS": 0.0,
        "SANE": 0.0,
        "VALID": 0.0,
        "total": 100.0
    }
}