{
    "counter": {
        "ACTIVE": 6604,
        "INACTIVE": 8670,
        "INVALID": 0,
        "MALICIOUS": 0,
        "SANE": 0,
        "VALID": 0,
        "total": 15274
    },
    "percentage": {
        "ACTIVE": 43.23687311771638,
        "INACTIVE": 56.76684344922412,
        "INVALID": 0,
        "MALICIOUS": 0,
        "SANE": 0,
        "VALID": 0,
        "total": 100.0037165669405
    }
}