{
    "counter": {
        "ACTIVE": 22793,
        "INACTIVE": 27901,
        "INVALID": 0,
        "MALICIOUS": 0,
        "SANE": 0,
        "VALID": 0,
        "total": 50694
    },
    "percentage": {
        "ACTIVE": 44.96192843334517,
        "INACTIVE": 55.03807156665483,
        "INVALID": 0.0,
        "MALICIOUS": 0.0,
        "SANE": 0.0,
        "VALID": 0.0,
        "total": 100.0
    }
}