{
    "counter": {
        "ACTIVE": 31537,
        "INACTIVE": 39513,
        "INVALID": 0,
        "MALICIOUS": 0,
        "SANE": 0,
        "VALID": 0,
        "total": 71050
    },
    "percentage": {
        "ACTIVE": 44.38705137227305,
        "INACTIVE": 55.61373136849217,
        "INVALID": 0.0,
        "MALICIOUS": 0.0,
        "SANE": 0.0,
        "VALID": 0.0,
        "total": 100.00078274076522
    }
}