{
    "counter": {
        "ACTIVE": 40307,
        "INACTIVE": 52554,
        "INVALID": 0,
        "MALICIOUS": 0,
        "SANE": 0,
        "VALID": 0,
        "total": 92861
    },
    "percentage": {
        "ACTIVE": 43.405735454065756,
        "INACTIVE": 56.594264545934244,
        "INVALID": 0.0,
        "MALICIOUS": 0.0,
        "SANE": 0.0,
        "VALID": 0.0,
        "total": 100.0
    }
}