{
    "counter": {
        "ACTIVE": 24356,
        "INACTIVE": 30271,
        "INVALID": 0,
        "MALICIOUS": 0,
        "SANE": 0,
        "VALID": 0,
        "total": 54627
    },
    "percentage": {
        "ACTIVE": 44.586010580848296,
        "INACTIVE": 55.413989419151704,
        "INVALID": 0.0,
        "MALICIOUS": 0.0,
        "SANE": 0.0,
        "VALID": 0.0,
        "total": 100.0
    }
}