{
    "counter": {
        "ACTIVE": 15335,
        "INACTIVE": 20533,
        "INVALID": 0,
        "MALICIOUS": 0,
        "SANE": 0,
        "VALID": 0,
        "total": 35868
    },
    "percentage": {
        "ACTIVE": 42.75398684063789,
        "INACTIVE": 57.24760922296261,
        "INVALID": 0,
        "MALICIOUS": 0,
        "SANE": 0,
        "VALID": 0,
        "total": 100.0015960636005
    }
}