{
    "counter": {
        "ACTIVE": 25852,
        "INACTIVE": 32953,
        "INVALID": 0,
        "MALICIOUS": 0,
        "SANE": 0,
        "VALID": 0,
        "total": 58805
    },
    "percentage": {
        "ACTIVE": 43.96224810815407,
        "INACTIVE": 56.03775189184593,
        "INVALID": 0.0,
        "MALICIOUS": 0.0,
        "SANE": 0.0,
        "VALID": 0.0,
        "total": 100.0
    }
}