{
    "counter": {
        "ACTIVE": 35557,
        "INACTIVE": 44534,
        "INVALID": 0,
        "MALICIOUS": 0,
        "SANE": 0,
        "VALID": 0,
        "total": 80091
    },
    "percentage": {
        "ACTIVE": 44.39574983456318,
        "INACTIVE": 55.60425016543682,
        "INVALID": 0.0,
        "MALICIOUS": 0.0,
        "SANE": 0.0,
        "VALID": 0.0,
        "total": 100.0
    }
}