{
    "counter": {
        "ACTIVE": 17456,
        "INACTIVE": 22550,
        "INVALID": 0,
        "MALICIOUS": 0,
        "SANE": 0,
        "VALID": 0,
        "total": 40006
    },
    "percentage": {
        "ACTIVE": 43.634545681789774,
        "INACTIVE": 56.366545018247265,
        "INVALID": 0,
        "MALICIOUS": 0,
        "SANE": 0,
        "VALID": 0,
        "total": 100.00109070003704
    }
}