{
    "counter": {
        "ACTIVE": 27009,
        "INACTIVE": 34607,
        "INVALID": 0,
        "MALICIOUS": 0,
        "SANE": 0,
        "VALID": 0,
        "total": 61616
    },
    "percentage": {
        "ACTIVE": 43.834393663983384,
        "INACTIVE": 56.165606336016616,
        "INVALID": 0.0,
        "MALICIOUS": 0.0,
        "SANE": 0.0,
        "VALID": 0.0,
        "total": 100.0
    }
}