{
    "counter": {
        "ACTIVE": 4706,
        "INACTIVE": 6057,
        "INVALID": 0,
        "MALICIOUS": 0,
        "SANE": 0,
        "VALID": 0,
        "total": 10763
    },
    "percentage": {
        "ACTIVE": 43.72386880981139,
        "INACTIVE": 56.286590465570114,
        "INVALID": 0,
        "MALICIOUS": 0,
        "SANE": 0,
        "VALID": 0,
        "total": 100.0104592753815
    }
}