{
    "counter": {
        "ACTIVE": 6855,
        "INACTIVE": 9076,
        "INVALID": 0,
        "MALICIOUS": 0,
        "SANE": 0,
        "VALID": 0,
        "total": 15931
    },
    "percentage": {
        "ACTIVE": 43.04012055000942,
        "INACTIVE": 56.97068608373611,
        "INVALID": 0,
        "MALICIOUS": 0,
        "SANE": 0,
        "VALID": 0,
        "total": 100.01080663374553
    }
}