{
    "counter": {
        "ACTIVE": 44170,
        "INACTIVE": 59256,
        "INVALID": 0,
        "MALICIOUS": 0,
        "SANE": 0,
        "VALID": 0,
        "total": 103426
    },
    "percentage": {
        "ACTIVE": 42.70686287780635,
        "INACTIVE": 57.29313712219365,
        "INVALID": 0.0,
        "MALICIOUS": 0.0,
        "SANE": 0.0,
        "VALID": 0.0,
        "total": 100.0
    }
}