{
    "counter": {
        "ACTIVE": 29025,
        "INACTIVE": 36933,
        "INVALID": 0,
        "MALICIOUS": 0,
        "SANE": 0,
        "VALID": 0,
        "total": 65958
    },
    "percentage": {
        "ACTIVE": 44.00661046758445,
        "INACTIVE": 55.99472391521878,
        "INVALID": 0.0,
        "MALICIOUS": 0.0,
        "SANE": 0.0,
        "VALID": 0.0,
        "total": 100.00133438280324
    }
}