{
    "counter": {
        "ACTIVE": 12917,
        "INACTIVE": 16356,
        "INVALID": 0,
        "MALICIOUS": 0,
        "SANE": 0,
        "VALID": 0,
        "total": 29273
    },
    "percentage": {
        "ACTIVE": 44.14257398674048,
        "INACTIVE": 55.87401359614662,
        "INVALID": 0,
        "MALICIOUS": 0,
        "SANE": 0,
        "VALID": 0,
        "total": 100.0165875828871
    }
}