{
    "counter": {
        "ACTIVE": 24961,
        "INACTIVE": 30917,
        "INVALID": 0,
        "MALICIOUS": 0,
        "SANE": 0,
        "VALID": 0,
        "total": 55878
    },
    "percentage": {
        "ACTIVE": 44.67053223093167,
        "INACTIVE": 55.32946776906833,
        "INVALID": 0.0,
        "MALICIOUS": 0.0,
        "SANE": 0.0,
        "VALID": 0.0,
        "total": 100.0
    }
}