{
    "counter": {
        "ACTIVE": 18671,
        "INACTIVE": 23722,
        "INVALID": 0,
        "MALICIOUS": 0,
        "SANE": 0,
        "VALID": 0,
        "total": 42393
    },
    "percentage": {
        "ACTIVE": 44.042648550468236,
        "INACTIVE": 55.96131163010144,
        "INVALID": 0,
        "MALICIOUS": 0,
        "SANE": 0,
        "VALID": 0,
        "total": 100.00396018056968
    }
}