{
    "counter": {
        "ACTIVE": 21165,
        "INACTIVE": 26104,
        "INVALID": 0,
        "MALICIOUS": 0,
        "SANE": 0,
        "VALID": 0,
        "total": 47269
    },
    "percentage": {
        "ACTIVE": 44.77564577207049,
        "INACTIVE": 55.22552255225523,
        "INVALID": 0,
        "MALICIOUS": 0,
        "SANE": 0,
        "VALID": 0,
        "total": 100.00116832432572
    }
}