{
    "counter": {
        "ACTIVE": 43918,
        "INACTIVE": 58922,
        "INVALID": 0,
        "MALICIOUS": 0,
        "SANE": 0,
        "VALID": 0,
        "total": 102840
    },
    "percentage": {
        "ACTIVE": 42.70517308440296,
        "INACTIVE": 57.29482691559704,
        "INVALID": 0.0,
        "MALICIOUS": 0.0,
        "SANE": 0.0,
        "VALID": 0.0,
        "total": 100.0
    }
}