{
    "counter": {
        "ACTIVE": 25729,
        "INACTIVE": 32713,
        "INVALID": 0,
        "MALICIOUS": 0,
        "SANE": 0,
        "VALID": 0,
        "total": 58442
    },
    "percentage": {
        "ACTIVE": 44.02484514561446,
        "INACTIVE": 55.97515485438554,
        "INVALID": 0.0,
        "MALICIOUS": 0.0,
        "SANE": 0.0,
        "VALID": 0.0,
        "total": 100.0
    }
}