{
    "counter": {
        "ACTIVE": 34432,
        "INACTIVE": 43120,
        "INVALID": 0,
        "MALICIOUS": 0,
        "SANE": 0,
        "VALID": 0,
        "total": 77552
    },
    "percentage": {
        "ACTIVE": 44.39859707035279,
        "INACTIVE": 55.60140292964721,
        "INVALID": 0.0,
        "MALICIOUS": 0.0,
        "SANE": 0.0,
        "VALID": 0.0,
        "total": 100.0
    }
}