{
    "counter": {
        "ACTIVE": 42329,
        "INACTIVE": 56314,
        "INVALID": 0,
        "MALICIOUS": 0,
        "SANE": 0,
        "VALID": 0,
        "total": 98643
    },
    "percentage": {
        "ACTIVE": 42.91130642823109,
        "INACTIVE": 57.08869357176891,
        "INVALID": 0.0,
        "MALICIOUS": 0.0,
        "SANE": 0.0,
        "VALID": 0.0,
        "total": 100.0
    }
}