{
    "counter": {
        "ACTIVE": 43259,
        "INACTIVE": 57704,
        "INVALID": 0,
        "MALICIOUS": 0,
        "SANE": 0,
        "VALID": 0,
        "total": 100963
    },
    "percentage": {
        "ACTIVE": 42.846389271317214,
        "INACTIVE": 57.153610728682786,
        "INVALID": 0.0,
        "MALICIOUS": 0.0,
        "SANE": 0.0,
        "VALID": 0.0,
        "total": 100.0
    }
}