{
    "counter": {
        "ACTIVE": 30807,
        "INACTIVE": 38623,
        "INVALID": 0,
        "MALICIOUS": 0,
        "SANE": 0,
        "VALID": 0,
        "total": 69430
    },
    "percentage": {
        "ACTIVE": 44.37130923232032,
        "INACTIVE": 55.62949199902058,
        "INVALID": 0.0,
        "MALICIOUS": 0.0,
        "SANE": 0.0,
        "VALID": 0.0,
        "total": 100.0008012313409
    }
}