{
    "counter": {
        "ACTIVE": 33347,
        "INACTIVE": 42082,
        "INVALID": 0,
        "MALICIOUS": 0,
        "SANE": 0,
        "VALID": 0,
        "total": 75429
    },
    "percentage": {
        "ACTIVE": 44.20978668681807,
        "INACTIVE": 55.79021331318193,
        "INVALID": 0.0,
        "MALICIOUS": 0.0,
        "SANE": 0.0,
        "VALID": 0.0,
        "total": 100.0
    }
}