{
    "counter": {
        "ACTIVE": 36032,
        "INACTIVE": 45092,
        "INVALID": 0,
        "MALICIOUS": 0,
        "SANE": 0,
        "VALID": 0,
        "total": 81124
    },
    "percentage": {
        "ACTIVE": 44.4159558207189,
        "INACTIVE": 55.5840441792811,
        "INVALID": 0.0,
        "MALICIOUS": 0.0,
        "SANE": 0.0,
        "VALID": 0.0,
        "total": 100.0
    }
}