{
    "counter": {
        "ACTIVE": 1978,
        "INACTIVE": 2551,
        "INVALID": 0,
        "MALICIOUS": 0,
        "SANE": 0,
        "VALID": 0,
        "total": 4529
    },
    "percentage": {
        "ACTIVE": 43.68374558303887,
        "INACTIVE": 56.32589975712078,
        "INVALID": 0,
        "MALICIOUS": 0,
        "SANE": 0,
        "VALID": 0,
        "total": 100.00964534015965
    }
}