{
    "counter": {
        "ACTIVE": 40827,
        "INACTIVE": 54552,
        "INVALID": 0,
        "MALICIOUS": 0,
        "SANE": 0,
        "VALID": 0,
        "total": 95379
    },
    "percentage": {
        "ACTIVE": 42.80501997295002,
        "INACTIVE": 57.19498002704998,
        "INVALID": 0.0,
        "MALICIOUS": 0.0,
        "SANE": 0.0,
        "VALID": 0.0,
        "total": 100.0
    }
}