{
    "counter": {
        "ACTIVE": 26202,
        "INACTIVE": 33589,
        "INVALID": 0,
        "MALICIOUS": 0,
        "SANE": 0,
        "VALID": 0,
        "total": 59791
    },
    "percentage": {
        "ACTIVE": 43.8226488936462,
        "INACTIVE": 56.1773511063538,
        "INVALID": 0.0,
        "MALICIOUS": 0.0,
        "SANE": 0.0,
        "VALID": 0.0,
        "total": 100.0
    }
}