{
    "counter": {
        "ACTIVE": 34329,
        "INACTIVE": 43029,
        "INVALID": 0,
        "MALICIOUS": 0,
        "SANE": 0,
        "VALID": 0,
        "total": 77358
    },
    "percentage": {
        "ACTIVE": 44.37679360893508,
        "INACTIVE": 55.62320639106492,
        "INVALID": 0.0,
        "MALICIOUS": 0.0,
        "SANE": 0.0,
        "VALID": 0.0,
        "total": 100.0
    }
}