{
    "counter": {
        "ACTIVE": 1437,
        "INACTIVE": 1539,
        "INVALID": 0,
        "MALICIOUS": 0,
        "SANE": 0,
        "VALID": 0,
        "total": 2976
    },
    "percentage": {
        "ACTIVE": 48.28629032258065,
        "INACTIVE": 51.80074049141703,
        "INVALID": 0,
        "MALICIOUS": 0,
        "SANE": 0,
        "VALID": 0,
        "total": 100.08703081399767
    }
}