{
    "counter": {
        "ACTIVE": 38926,
        "INACTIVE": 48069,
        "INVALID": 0,
        "MALICIOUS": 0,
        "SANE": 0,
        "VALID": 0,
        "total": 86995
    },
    "percentage": {
        "ACTIVE": 44.745100293120295,
        "INACTIVE": 55.254899706879705,
        "INVALID": 0.0,
        "MALICIOUS": 0.0,
        "SANE": 0.0,
        "VALID": 0.0,
        "total": 100.0
    }
}