{
    "counter": {
        "ACTIVE": 33912,
        "INACTIVE": 42708,
        "INVALID": 0,
        "MALICIOUS": 0,
        "SANE": 0,
        "VALID": 0,
        "total": 76620
    },
    "percentage": {
        "ACTIVE": 44.259984338292874,
        "INACTIVE": 55.740015661707126,
        "INVALID": 0.0,
        "MALICIOUS": 0.0,
        "SANE": 0.0,
        "VALID": 0.0,
        "total": 100.0
    }
}