{
    "counter": {
        "ACTIVE": 5470,
        "INACTIVE": 6821,
        "INVALID": 0,
        "MALICIOUS": 0,
        "SANE": 0,
        "VALID": 0,
        "total": 12291
    },
    "percentage": {
        "ACTIVE": 44.51135161526568,
        "INACTIVE": 55.495891302579125,
        "INVALID": 0,
        "MALICIOUS": 0,
        "SANE": 0,
        "VALID": 0,
        "total": 100.0072429178448
    }
}