{
    "counter": {
        "ACTIVE": 28662,
        "INACTIVE": 36539,
        "INVALID": 0,
        "MALICIOUS": 0,
        "SANE": 0,
        "VALID": 0,
        "total": 65201
    },
    "percentage": {
        "ACTIVE": 43.9601226993865,
        "INACTIVE": 56.040551525283355,
        "INVALID": 0.0,
        "MALICIOUS": 0.0,
        "SANE": 0.0,
        "VALID": 0.0,
        "total": 100.00067422466986
    }
}