{
    "counter": {
        "ACTIVE": 32636,
        "INACTIVE": 41037,
        "INVALID": 0,
        "MALICIOUS": 0,
        "SANE": 0,
        "VALID": 0,
        "total": 73673
    },
    "percentage": {
        "ACTIVE": 44.29845397906967,
        "INACTIVE": 55.70154602093033,
        "INVALID": 0.0,
        "MALICIOUS": 0.0,
        "SANE": 0.0,
        "VALID": 0.0,
        "total": 100.0
    }
}