{
    "counter": {
        "ACTIVE": 1682,
        "INACTIVE": 1858,
        "INVALID": 0,
        "MALICIOUS": 0,
        "SANE": 0,
        "VALID": 0,
        "total": 3540
    },
    "percentage": {
        "ACTIVE": 47.527550155411134,
        "INACTIVE": 52.48587570621469,
        "INVALID": 0,
        "MALICIOUS": 0,
        "SANE": 0,
        "VALID": 0,
        "total": 100.01342586162582
    }
}