{
    "counter": {
        "ACTIVE": 43987,
        "INACTIVE": 59056,
        "INVALID": 0,
        "MALICIOUS": 0,
        "SANE": 0,
        "VALID": 0,
        "total": 103043
    },
    "percentage": {
        "ACTIVE": 42.68800403714954,
        "INACTIVE": 57.31199596285046,
        "INVALID": 0.0,
        "MALICIOUS": 0.0,
        "SANE": 0.0,
        "VALID": 0.0,
        "total": 100.0
    }
}