{
    "counter": {
        "ACTIVE": 38050,
        "INACTIVE": 47061,
        "INVALID": 0,
        "MALICIOUS": 0,
        "SANE": 0,
        "VALID": 0,
        "total": 85111
    },
    "percentage": {
        "ACTIVE": 44.70632468188601,
        "INACTIVE": 55.29367531811399,
        "INVALID": 0.0,
        "MALICIOUS": 0.0,
        "SANE": 0.0,
        "VALID": 0.0,
        "total": 100.0
    }
}