{
    "counter": {
        "ACTIVE": 18342,
        "INACTIVE": 23441,
        "INVALID": 0,
        "MALICIOUS": 0,
        "SANE": 0,
        "VALID": 0,
        "total": 41783
    },
    "percentage": {
        "ACTIVE": 43.89928677420899,
        "INACTIVE": 56.101763875260275,
        "INVALID": 0,
        "MALICIOUS": 0,
        "SANE": 0,
        "VALID": 0,
        "total": 100.00105064946926
    }
}