{
    "counter": {
        "ACTIVE": 37717,
        "INACTIVE": 46602,
        "INVALID": 0,
        "MALICIOUS": 0,
        "SANE": 0,
        "VALID": 0,
        "total": 84319
    },
    "percentage": {
        "ACTIVE": 44.73131797103856,
        "INACTIVE": 55.26868202896144,
        "INVALID": 0.0,
        "MALICIOUS": 0.0,
        "SANE": 0.0,
        "VALID": 0.0,
        "total": 100.0
    }
}