{
    "counter": {
        "ACTIVE": 32824,
        "INACTIVE": 41328,
        "INVALID": 0,
        "MALICIOUS": 0,
        "SANE": 0,
        "VALID": 0,
        "total": 74152
    },
    "percentage": {
        "ACTIVE": 44.26583234437372,
        "INACTIVE": 55.73416765562628,
        "INVALID": 0.0,
        "MALICIOUS": 0.0,
        "SANE": 0.0,
        "VALID": 0.0,
        "total": 100.0
    }
}