{
    "counter": {
        "ACTIVE": 9760,
        "INACTIVE": 12799,
        "INVALID": 0,
        "MALICIOUS": 0,
        "SANE": 0,
        "VALID": 0,
        "total": 22559
    },
    "percentage": {
        "ACTIVE": 43.26432909260162,
        "INACTIVE": 56.738186009398,
        "INVALID": 0,
        "MALICIOUS": 0,
        "SANE": 0,
        "VALID": 0,
        "total": 100.00251510199962
    }
}