{
    "counter": {
        "ACTIVE": 2480,
        "INACTIVE": 3196,
        "INVALID": 0,
        "MALICIOUS": 0,
        "SANE": 0,
        "VALID": 0,
        "total": 5676
    },
    "percentage": {
        "ACTIVE": 43.692741367159975,
        "INACTIVE": 56.31718061674009,
        "INVALID": 0,
        "MALICIOUS": 0,
        "SANE": 0,
        "VALID": 0,
        "total": 100.00992198390006
    }
}