{
    "counter": {
        "ACTIVE": 17372,
        "INACTIVE": 22460,
        "INVALID": 0,
        "MALICIOUS": 0,
        "SANE": 0,
        "VALID": 0,
        "total": 39832
    },
    "percentage": {
        "ACTIVE": 43.617555488600985,
        "INACTIVE": 56.38682466358706,
        "INVALID": 0,
        "MALICIOUS": 0,
        "SANE": 0,
        "VALID": 0,
        "total": 100.00438015218805
    }
}