{
    "counter": {
        "ACTIVE": 39367,
        "INACTIVE": 48916,
        "INVALID": 0,
        "MALICIOUS": 0,
        "SANE": 0,
        "VALID": 0,
        "total": 88283
    },
    "percentage": {
        "ACTIVE": 44.59182402047959,
        "INACTIVE": 55.40817597952041,
        "INVALID": 0.0,
        "MALICIOUS": 0.0,
        "SANE": 0.0,
        "VALID": 0.0,
        "total": 100.0
    }
}