{
    "counter": {
        "ACTIVE": 36182,
        "INACTIVE": 45265,
        "INVALID": 0,
        "MALICIOUS": 0,
        "SANE": 0,
        "VALID": 0,
        "total": 81447
    },
    "percentage": {
        "ACTIVE": 44.42398123933356,
        "INACTIVE": 55.57601876066644,
        "INVALID": 0.0,
        "MALICIOUS": 0.0,
        "SANE": 0.0,
        "VALID": 0.0,
        "total": 100.0
    }
}