{
    "counter": {
        "ACTIVE": 40551,
        "INACTIVE": 53736,
        "INVALID": 0,
        "MALICIOUS": 0,
        "SANE": 0,
        "VALID": 0,
        "total": 94287
    },
    "percentage": {
        "ACTIVE": 43.00804989022877,
        "INACTIVE": 56.99195010977123,
        "INVALID": 0.0,
        "MALICIOUS": 0.0,
        "SANE": 0.0,
        "VALID": 0.0,
        "total": 100.0
    }
}