{
    "counter": {
        "ACTIVE": 32807,
        "INACTIVE": 41273,
        "INVALID": 0,
        "MALICIOUS": 0,
        "SANE": 0,
        "VALID": 0,
        "total": 74080
    },
    "percentage": {
        "ACTIVE": 44.28590712742981,
        "INACTIVE": 55.71409287257019,
        "INVALID": 0.0,
        "MALICIOUS": 0.0,
        "SANE": 0.0,
        "VALID": 0.0,
        "total": 100.0
    }
}