{
    "counter": {
        "ACTIVE": 42323,
        "INACTIVE": 56293,
        "INVALID": 0,
        "MALICIOUS": 0,
        "SANE": 0,
        "VALID": 0,
        "total": 98616
    },
    "percentage": {
        "ACTIVE": 42.91697087693681,
        "INACTIVE": 57.08302912306319,
        "INVALID": 0.0,
        "MALICIOUS": 0.0,
        "SANE": 0.0,
        "VALID": 0.0,
        "total": 100.0
    }
}