{
    "counter": {
        "ACTIVE": 29065,
        "INACTIVE": 36987,
        "INVALID": 0,
        "MALICIOUS": 0,
        "SANE": 0,
        "VALID": 0,
        "total": 66052
    },
    "percentage": {
        "ACTIVE": 44.00387579294787,
        "INACTIVE": 55.99679040755768,
        "INVALID": 0.0,
        "MALICIOUS": 0.0,
        "SANE": 0.0,
        "VALID": 0.0,
        "total": 100.00066620050555
    }
}