{
    "counter": {
        "ACTIVE": 12569,
        "INACTIVE": 15679,
        "INVALID": 0,
        "MALICIOUS": 0,
        "SANE": 0,
        "VALID": 0,
        "total": 28248
    },
    "percentage": {
        "ACTIVE": 44.495185499858394,
        "INACTIVE": 55.50677948100683,
        "INVALID": 0,
        "MALICIOUS": 0,
        "SANE": 0,
        "VALID": 0,
        "total": 100.00196498086522
    }
}