{
    "counter": {
        "ACTIVE": 40219,
        "INACTIVE": 52078,
        "INVALID": 0,
        "MALICIOUS": 0,
        "SANE": 0,
        "VALID": 0,
        "total": 92297
    },
    "percentage": {
        "ACTIVE": 43.57563084390608,
        "INACTIVE": 56.42436915609392,
        "INVALID": 0.0,
        "MALICIOUS": 0.0,
        "SANE": 0.0,
        "VALID": 0.0,
        "total": 100.0
    }
}