{
    "counter": {
        "ACTIVE": 1980,
        "INACTIVE": 2555,
        "INVALID": 0,
        "MALICIOUS": 0,
        "SANE": 0,
        "VALID": 0,
        "total": 4535
    },
    "percentage": {
        "ACTIVE": 43.67004852227613,
        "INACTIVE": 56.339581036383684,
        "INVALID": 0,
        "MALICIOUS": 0,
        "SANE": 0,
        "VALID": 0,
        "total": 100.00962955865981
    }
}