{
    "counter": {
        "ACTIVE": 4970,
        "INACTIVE": 6273,
        "INVALID": 0,
        "MALICIOUS": 0,
        "SANE": 0,
        "VALID": 0,
        "total": 11243
    },
    "percentage": {
        "ACTIVE": 44.21708185053381,
        "INACTIVE": 55.79471671262119,
        "INVALID": 0,
        "MALICIOUS": 0,
        "SANE": 0,
        "VALID": 0,
        "total": 100.011798563155
    }
}