{
    "counter": {
        "ACTIVE": 3915,
        "INACTIVE": 4870,
        "INVALID": 0,
        "MALICIOUS": 0,
        "SANE": 0,
        "VALID": 0,
        "total": 8785
    },
    "percentage": {
        "ACTIVE": 44.57474666970283,
        "INACTIVE": 55.43540125213432,
        "INVALID": 0,
        "MALICIOUS": 0,
        "SANE": 0,
        "VALID": 0,
        "total": 100.01014792183716
    }
}