{
    "counter": {
        "ACTIVE": 390,
        "INACTIVE": 564,
        "INVALID": 0,
        "MALICIOUS": 0,
        "SANE": 0,
        "VALID": 0,
        "total": 954
    },
    "percentage": {
        "ACTIVE": 40.880503144654085,
        "INACTIVE": 59.2436974789916,
        "INVALID": 0,
        "MALICIOUS": 0,
        "SANE": 0,
        "VALID": 0,
        "total": 100.12420062364569
    }
}