{
    "counter": {
        "ACTIVE": 36194,
        "INACTIVE": 45297,
        "INVALID": 0,
        "MALICIOUS": 0,
        "SANE": 0,
        "VALID": 0,
        "total": 81491
    },
    "percentage": {
        "ACTIVE": 44.4147206439975,
        "INACTIVE": 55.5852793560025,
        "INVALID": 0.0,
        "MALICIOUS": 0.0,
        "SANE": 0.0,
        "VALID": 0.0,
        "total": 100.0
    }
}