{
    "counter": {
        "ACTIVE": 10593,
        "INACTIVE": 13488,
        "INVALID": 0,
        "MALICIOUS": 0,
        "SANE": 0,
        "VALID": 0,
        "total": 24081
    },
    "percentage": {
        "ACTIVE": 43.98903700012458,
        "INACTIVE": 56.01328903654485,
        "INVALID": 0,
        "MALICIOUS": 0,
        "SANE": 0,
        "VALID": 0,
        "total": 100.00232603666943
    }
}