{
    "counter": {
        "ACTIVE": 27824,
        "INACTIVE": 35495,
        "INVALID": 0,
        "MALICIOUS": 0,
        "SANE": 0,
        "VALID": 0,
        "total": 63319
    },
    "percentage": {
        "ACTIVE": 43.94257647783446,
        "INACTIVE": 56.05830885372248,
        "INVALID": 0.0,
        "MALICIOUS": 0.0,
        "SANE": 0.0,
        "VALID": 0.0,
        "total": 100.00088533155693
    }
}