{
    "counter": {
        "ACTIVE": 33748,
        "INACTIVE": 42591,
        "INVALID": 0,
        "MALICIOUS": 0,
        "SANE": 0,
        "VALID": 0,
        "total": 76339
    },
    "percentage": {
        "ACTIVE": 44.2080718898597,
        "INACTIVE": 55.7919281101403,
        "INVALID": 0.0,
        "MALICIOUS": 0.0,
        "SANE": 0.0,
        "VALID": 0.0,
        "total": 100.0
    }
}