{
    "counter": {
        "ACTIVE": 18046,
        "INACTIVE": 23174,
        "INVALID": 0,
        "MALICIOUS": 0,
        "SANE": 0,
        "VALID": 0,
        "total": 41220
    },
    "percentage": {
        "ACTIVE": 43.780780707925956,
        "INACTIVE": 56.22028141678797,
        "INVALID": 0,
        "MALICIOUS": 0,
        "SANE": 0,
        "VALID": 0,
        "total": 100.00106212471393
    }
}