{
    "counter": {
        "ACTIVE": 2038,
        "INACTIVE": 2638,
        "INVALID": 0,
        "MALICIOUS": 0,
        "SANE": 0,
        "VALID": 0,
        "total": 4676
    },
    "percentage": {
        "ACTIVE": 43.60290971330766,
        "INACTIVE": 56.41573994867408,
        "INVALID": 0,
        "MALICIOUS": 0,
        "SANE": 0,
        "VALID": 0,
        "total": 100.01864966198174
    }
}