{
    "counter": {
        "ACTIVE": 17202,
        "INACTIVE": 22263,
        "INVALID": 0,
        "MALICIOUS": 0,
        "SANE": 0,
        "VALID": 0,
        "total": 39465
    },
    "percentage": {
        "ACTIVE": 43.587989357658685,
        "INACTIVE": 56.41344009730387,
        "INVALID": 0,
        "MALICIOUS": 0,
        "SANE": 0,
        "VALID": 0,
        "total": 100.00142945496256
    }
}