{
    "counter": {
        "ACTIVE": 44,
        "INACTIVE": 93,
        "INVALID": 0,
        "MALICIOUS": 0,
        "SANE": 0,
        "VALID": 0,
        "total": 137
    },
    "percentage": {
        "ACTIVE": 32.11678832116788,
        "INACTIVE": 68.88888888888889,
        "INVALID": 0,
        "MALICIOUS": 0,
        "SANE": 0,
        "VALID": 0,
        "total": 101.00567721005677
    }
}