{
    "counter": {
        "ACTIVE": 10684,
        "INACTIVE": 13546,
        "INVALID": 0,
        "MALICIOUS": 0,
        "SANE": 0,
        "VALID": 0,
        "total": 24230
    },
    "percentage": {
        "ACTIVE": 44.09409822534049,
        "INACTIVE": 55.90820917082834,
        "INVALID": 0,
        "MALICIOUS": 0,
        "SANE": 0,
        "VALID": 0,
        "total": 100.00230739616883
    }
}