{
    "counter": {
        "ACTIVE": 29492,
        "INACTIVE": 37343,
        "INVALID": 0,
        "MALICIOUS": 0,
        "SANE": 0,
        "VALID": 0,
        "total": 66835
    },
    "percentage": {
        "ACTIVE": 44.127240626028666,
        "INACTIVE": 55.87341961547094,
        "INVALID": 0.0,
        "MALICIOUS": 0.0,
        "SANE": 0.0,
        "VALID": 0.0,
        "total": 100.0006602414996
    }
}