{
    "counter": {
        "ACTIVE": 40174,
        "INACTIVE": 51675,
        "INVALID": 0,
        "MALICIOUS": 0,
        "SANE": 0,
        "VALID": 0,
        "total": 91849
    },
    "percentage": {
        "ACTIVE": 43.73918061165609,
        "INACTIVE": 56.26081938834391,
        "INVALID": 0.0,
        "MALICIOUS": 0.0,
        "SANE": 0.0,
        "VALID": 0.0,
        "total": 100.0
    }
}