{
    "counter": {
        "ACTIVE": 26580,
        "INACTIVE": 34006,
        "INVALID": 0,
        "MALICIOUS": 0,
        "SANE": 0,
        "VALID": 0,
        "total": 60586
    },
    "percentage": {
        "ACTIVE": 43.871521473607764,
        "INACTIVE": 56.128478526392236,
        "INVALID": 0.0,
        "MALICIOUS": 0.0,
        "SANE": 0.0,
        "VALID": 0.0,
        "total": 100.0
    }
}