{
    "counter": {
        "ACTIVE": 2820,
        "INACTIVE": 3471,
        "INVALID": 0,
        "MALICIOUS": 0,
        "SANE": 0,
        "VALID": 0,
        "total": 6291
    },
    "percentage": {
        "ACTIVE": 44.83306836248013,
        "INACTIVE": 55.17405817835002,
        "INVALID": 0,
        "MALICIOUS": 0,
        "SANE": 0,
        "VALID": 0,
        "total": 100.00712654083014
    }
}