{
    "counter": {
        "ACTIVE": 18356,
        "INACTIVE": 23454,
        "INVALID": 0,
        "MALICIOUS": 0,
        "SANE": 0,
        "VALID": 0,
        "total": 41810
    },
    "percentage": {
        "ACTIVE": 43.904422492764716,
        "INACTIVE": 56.09662760105238,
        "INVALID": 0,
        "MALICIOUS": 0,
        "SANE": 0,
        "VALID": 0,
        "total": 100.0010500938171
    }
}