{
    "counter": {
        "ACTIVE": 22227,
        "INACTIVE": 27331,
        "INVALID": 0,
        "MALICIOUS": 0,
        "SANE": 0,
        "VALID": 0,
        "total": 49558
    },
    "percentage": {
        "ACTIVE": 44.850478227531376,
        "INACTIVE": 55.149521772468624,
        "INVALID": 0.0,
        "MALICIOUS": 0.0,
        "SANE": 0.0,
        "VALID": 0.0,
        "total": 100.0
    }
}