{
    "counter": {
        "ACTIVE": 8185,
        "INACTIVE": 10822,
        "INVALID": 0,
        "MALICIOUS": 0,
        "SANE": 0,
        "VALID": 0,
        "total": 19007
    },
    "percentage": {
        "ACTIVE": 43.06534778491003,
        "INACTIVE": 56.93691797758721,
        "INVALID": 0,
        "MALICIOUS": 0,
        "SANE": 0,
        "VALID": 0,
        "total": 100.00226576249725
    }
}