{
    "counter": {
        "ACTIVE": 35755,
        "INACTIVE": 44813,
        "INVALID": 0,
        "MALICIOUS": 0,
        "SANE": 0,
        "VALID": 0,
        "total": 80568
    },
    "percentage": {
        "ACTIVE": 44.378661503326384,
        "INACTIVE": 55.621338496673616,
        "INVALID": 0.0,
        "MALICIOUS": 0.0,
        "SANE": 0.0,
        "VALID": 0.0,
        "total": 100.0
    }
}