{
    "counter": {
        "ACTIVE": 10242,
        "INACTIVE": 13163,
        "INVALID": 0,
        "MALICIOUS": 0,
        "SANE": 0,
        "VALID": 0,
        "total": 23405
    },
    "percentage": {
        "ACTIVE": 43.759880367442854,
        "INACTIVE": 56.24732928809503,
        "INVALID": 0,
        "MALICIOUS": 0,
        "SANE": 0,
        "VALID": 0,
        "total": 100.00720965553788
    }
}