{
    "counter": {
        "ACTIVE": 2332,
        "INACTIVE": 3053,
        "INVALID": 0,
        "MALICIOUS": 0,
        "SANE": 0,
        "VALID": 0,
        "total": 5385
    },
    "percentage": {
        "ACTIVE": 43.30547818012999,
        "INACTIVE": 56.715586104402746,
        "INVALID": 0,
        "MALICIOUS": 0,
        "SANE": 0,
        "VALID": 0,
        "total": 100.02106428453274
    }
}