{
    "counter": {
        "ACTIVE": 8739,
        "INACTIVE": 11732,
        "INVALID": 0,
        "MALICIOUS": 0,
        "SANE": 0,
        "VALID": 0,
        "total": 20471
    },
    "percentage": {
        "ACTIVE": 42.691744015632636,
        "INACTIVE": 57.31034145864882,
        "INVALID": 0,
        "MALICIOUS": 0,
        "SANE": 0,
        "VALID": 0,
        "total": 100.00208547428146
    }
}