{
    "counter": {
        "ACTIVE": 13708,
        "INACTIVE": 17960,
        "INVALID": 0,
        "MALICIOUS": 0,
        "SANE": 0,
        "VALID": 0,
        "total": 31668
    },
    "percentage": {
        "ACTIVE": 43.286598459012254,
        "INACTIVE": 56.72056594239515,
        "INVALID": 0,
        "MALICIOUS": 0,
        "SANE": 0,
        "VALID": 0,
        "total": 100.00716440140741
    }
}