{
    "counter": {
        "ACTIVE": 44471,
        "INACTIVE": 59593,
        "INVALID": 0,
        "MALICIOUS": 0,
        "SANE": 0,
        "VALID": 0,
        "total": 104064
    },
    "percentage": {
        "ACTIVE": 42.73427890528905,
        "INACTIVE": 57.26572109471095,
        "INVALID": 0.0,
        "MALICIOUS": 0.0,
        "SANE": 0.0,
        "VALID": 0.0,
        "total": 100.0
    }
}