{
    "counter": {
        "ACTIVE": 13970,
        "INACTIVE": 18454,
        "INVALID": 0,
        "MALICIOUS": 0,
        "SANE": 0,
        "VALID": 0,
        "total": 32424
    },
    "percentage": {
        "ACTIVE": 43.08536886257094,
        "INACTIVE": 56.916386515744996,
        "INVALID": 0,
        "MALICIOUS": 0,
        "SANE": 0,
        "VALID": 0,
        "total": 100.00175537831593
    }
}