{
    "counter": {
        "ACTIVE": 17949,
        "INACTIVE": 23069,
        "INVALID": 0,
        "MALICIOUS": 0,
        "SANE": 0,
        "VALID": 0,
        "total": 41018
    },
    "percentage": {
        "ACTIVE": 43.760971328262144,
        "INACTIVE": 56.241162416500075,
        "INVALID": 0,
        "MALICIOUS": 0,
        "SANE": 0,
        "VALID": 0,
        "total": 100.00213374476222
    }
}