{
    "counter": {
        "ACTIVE": 29499,
        "INACTIVE": 37349,
        "INVALID": 0,
        "MALICIOUS": 0,
        "SANE": 0,
        "VALID": 0,
        "total": 66848
    },
    "percentage": {
        "ACTIVE": 44.12847056007659,
        "INACTIVE": 55.87236525199336,
        "INVALID": 0.0,
        "MALICIOUS": 0.0,
        "SANE": 0.0,
        "VALID": 0.0,
        "total": 100.00083581206995
    }
}