{
    "counter": {
        "ACTIVE": 13751,
        "INACTIVE": 18038,
        "INVALID": 0,
        "MALICIOUS": 0,
        "SANE": 0,
        "VALID": 0,
        "total": 31789
    },
    "percentage": {
        "ACTIVE": 43.25846231282245,
        "INACTIVE": 56.742898486897985,
        "INVALID": 0,
        "MALICIOUS": 0,
        "SANE": 0,
        "VALID": 0,
        "total": 100.00136079972043
    }
}