{
    "counter": {
        "ACTIVE": 29747,
        "INACTIVE": 37619,
        "INVALID": 0,
        "MALICIOUS": 0,
        "SANE": 0,
        "VALID": 0,
        "total": 67366
    },
    "percentage": {
        "ACTIVE": 44.157290027610365,
        "INACTIVE": 55.8443679116442,
        "INVALID": 0.0,
        "MALICIOUS": 0.0,
        "SANE": 0.0,
        "VALID": 0.0,
        "total": 100.00165793925456
    }
}