{
    "counter": {
        "ACTIVE": 15349,
        "INACTIVE": 20544,
        "INVALID": 0,
        "MALICIOUS": 0,
        "SANE": 0,
        "VALID": 0,
        "total": 35893
    },
    "percentage": {
        "ACTIVE": 42.7632128827348,
        "INACTIVE": 57.24157146837559,
        "INVALID": 0,
        "MALICIOUS": 0,
        "SANE": 0,
        "VALID": 0,
        "total": 100.00478435111039
    }
}