{
    "counter": {
        "ACTIVE": 33826,
        "INACTIVE": 42638,
        "INVALID": 0,
        "MALICIOUS": 0,
        "SANE": 0,
        "VALID": 0,
        "total": 76464
    },
    "percentage": {
        "ACTIVE": 44.23781125758527,
        "INACTIVE": 55.76218874241473,
        "INVALID": 0.0,
        "MALICIOUS": 0.0,
        "SANE": 0.0,
        "VALID": 0.0,
        "total": 100.0
    }
}