{
    "counter": {
        "ACTIVE": 16870,
        "INACTIVE": 21923,
        "INVALID": 0,
        "MALICIOUS": 0,
        "SANE": 0,
        "VALID": 0,
        "total": 38793
    },
    "percentage": {
        "ACTIVE": 43.489469206774764,
        "INACTIVE": 56.51277292295001,
        "INVALID": 0,
        "MALICIOUS": 0,
        "SANE": 0,
        "VALID": 0,
        "total": 100.00224212972478
    }
}