{
    "counter": {
        "ACTIVE": 42287,
        "INACTIVE": 56219,
        "INVALID": 0,
        "MALICIOUS": 0,
        "SANE": 0,
        "VALID": 0,
        "total": 98506
    },
    "percentage": {
        "ACTIVE": 42.92834954215987,
        "INACTIVE": 57.07165045784013,
        "INVALID": 0.0,
        "MALICIOUS": 0.0,
        "SANE": 0.0,
        "VALID": 0.0,
        "total": 100.0
    }
}