{
    "counter": {
        "ACTIVE": 36598,
        "INACTIVE": 45800,
        "INVALID": 0,
        "MALICIOUS": 0,
        "SANE": 0,
        "VALID": 0,
        "total": 82398
    },
    "percentage": {
        "ACTIVE": 44.41612660501468,
        "INACTIVE": 55.58387339498532,
        "INVALID": 0.0,
        "MALICIOUS": 0.0,
        "SANE": 0.0,
        "VALID": 0.0,
        "total": 100.0
    }
}