{
    "counter": {
        "ACTIVE": 38129,
        "INACTIVE": 47174,
        "INVALID": 0,
        "MALICIOUS": 0,
        "SANE": 0,
        "VALID": 0,
        "total": 85303
    },
    "percentage": {
        "ACTIVE": 44.69831072764146,
        "INACTIVE": 55.30168927235854,
        "INVALID": 0.0,
        "MALICIOUS": 0.0,
        "SANE": 0.0,
        "VALID": 0.0,
        "total": 100.0
    }
}