{
    "counter": {
        "ACTIVE": 20325,
        "INACTIVE": 25399,
        "INVALID": 0,
        "MALICIOUS": 0,
        "SANE": 0,
        "VALID": 0,
        "total": 45724
    },
    "percentage": {
        "ACTIVE": 44.45246374909783,
        "INACTIVE": 55.54850844195609,
        "INVALID": 0,
        "MALICIOUS": 0,
        "SANE": 0,
        "VALID": 0,
        "total": 100.00097219105392
    }
}