{
    "counter": {
        "ACTIVE": 24218,
        "INACTIVE": 30084,
        "INVALID": 0,
        "MALICIOUS": 0,
        "SANE": 0,
        "VALID": 0,
        "total": 54302
    },
    "percentage": {
        "ACTIVE": 44.598725645464256,
        "INACTIVE": 55.401274354535744,
        "INVALID": 0.0,
        "MALICIOUS": 0.0,
        "SANE": 0.0,
        "VALID": 0.0,
        "total": 100.0
    }
}