{
    "counter": {
        "ACTIVE": 6131,
        "INACTIVE": 7714,
        "INVALID": 0,
        "MALICIOUS": 0,
        "SANE": 0,
        "VALID": 0,
        "total": 13845
    },
    "percentage": {
        "ACTIVE": 44.29273226412368,
        "INACTIVE": 55.716865294330084,
        "INVALID": 0,
        "MALICIOUS": 0,
        "SANE": 0,
        "VALID": 0,
        "total": 100.00959755845376
    }
}