{
    "counter": {
        "ACTIVE": 42157,
        "INACTIVE": 56053,
        "INVALID": 0,
        "MALICIOUS": 0,
        "SANE": 0,
        "VALID": 0,
        "total": 98210
    },
    "percentage": {
        "ACTIVE": 42.92536401588433,
        "INACTIVE": 57.07463598411567,
        "INVALID": 0.0,
        "MALICIOUS": 0.0,
        "SANE": 0.0,
        "VALID": 0.0,
        "total": 100.0
    }
}