{
    "counter": {
        "ACTIVE": 43280,
        "INACTIVE": 57765,
        "INVALID": 0,
        "MALICIOUS": 0,
        "SANE": 0,
        "VALID": 0,
        "total": 101045
    },
    "percentage": {
        "ACTIVE": 42.832401405314464,
        "INACTIVE": 57.167598594685536,
        "INVALID": 0.0,
        "MALICIOUS": 0.0,
        "SANE": 0.0,
        "VALID": 0.0,
        "total": 100.0
    }
}