{
    "counter": {
        "ACTIVE": 13556,
        "INACTIVE": 17723,
        "INVALID": 0,
        "MALICIOUS": 0,
        "SANE": 0,
        "VALID": 0,
        "total": 31279
    },
    "percentage": {
        "ACTIVE": 43.33898142523738,
        "INACTIVE": 56.662830104226614,
        "INVALID": 0,
        "MALICIOUS": 0,
        "SANE": 0,
        "VALID": 0,
        "total": 100.00181152946399
    }
}