{
    "counter": {
        "ACTIVE": 42684,
        "INACTIVE": 56830,
        "INVALID": 0,
        "MALICIOUS": 0,
        "SANE": 0,
        "VALID": 0,
        "total": 99514
    },
    "percentage": {
        "ACTIVE": 42.892457342685454,
        "INACTIVE": 57.107542657314546,
        "INVALID": 0.0,
        "MALICIOUS": 0.0,
        "SANE": 0.0,
        "VALID": 0.0,
        "total": 100.0
    }
}