{
    "counter": {
        "ACTIVE": 27877,
        "INACTIVE": 35547,
        "INVALID": 0,
        "MALICIOUS": 0,
        "SANE": 0,
        "VALID": 0,
        "total": 63424
    },
    "percentage": {
        "ACTIVE": 43.95547216221756,
        "INACTIVE": 56.04660696266397,
        "INVALID": 0.0,
        "MALICIOUS": 0.0,
        "SANE": 0.0,
        "VALID": 0.0,
        "total": 100.00207912488153
    }
}