{
    "counter": {
        "ACTIVE": 40659,
        "INACTIVE": 54290,
        "INVALID": 0,
        "MALICIOUS": 0,
        "SANE": 0,
        "VALID": 0,
        "total": 94949
    },
    "percentage": {
        "ACTIVE": 42.82193598668759,
        "INACTIVE": 57.17806401331241,
        "INVALID": 0.0,
        "MALICIOUS": 0.0,
        "SANE": 0.0,
        "VALID": 0.0,
        "total": 100.0
    }
}