{
    "counter": {
        "ACTIVE": 24032,
        "INACTIVE": 29457,
        "INVALID": 0,
        "MALICIOUS": 0,
        "SANE": 0,
        "VALID": 0,
        "total": 53489
    },
    "percentage": {
        "ACTIVE": 44.928863878554466,
        "INACTIVE": 55.071136121445534,
        "INVALID": 0.0,
        "MALICIOUS": 0.0,
        "SANE": 0.0,
        "VALID": 0.0,
        "total": 100.0
    }
}