{
    "counter": {
        "ACTIVE": 7142,
        "INACTIVE": 9454,
        "INVALID": 0,
        "MALICIOUS": 0,
        "SANE": 0,
        "VALID": 0,
        "total": 16596
    },
    "percentage": {
        "ACTIVE": 43.042246730549024,
        "INACTIVE": 56.965533863581584,
        "INVALID": 0,
        "MALICIOUS": 0,
        "SANE": 0,
        "VALID": 0,
        "total": 100.00778059413061
    }
}