{
    "counter": {
        "ACTIVE": 17988,
        "INACTIVE": 23108,
        "INVALID": 0,
        "MALICIOUS": 0,
        "SANE": 0,
        "VALID": 0,
        "total": 41096
    },
    "percentage": {
        "ACTIVE": 43.77068327817793,
        "INACTIVE": 56.23342175066313,
        "INVALID": 0,
        "MALICIOUS": 0,
        "SANE": 0,
        "VALID": 0,
        "total": 100.00410502884105
    }
}