{
    "counter": {
        "ACTIVE": 18095,
        "INACTIVE": 23210,
        "INVALID": 0,
        "MALICIOUS": 0,
        "SANE": 0,
        "VALID": 0,
        "total": 41305
    },
    "percentage": {
        "ACTIVE": 43.80825565912117,
        "INACTIVE": 56.19310478404029,
        "INVALID": 0,
        "MALICIOUS": 0,
        "SANE": 0,
        "VALID": 0,
        "total": 100.00136044316146
    }
}