{
    "counter": {
        "ACTIVE": 20302,
        "INACTIVE": 25382,
        "INVALID": 0,
        "MALICIOUS": 0,
        "SANE": 0,
        "VALID": 0,
        "total": 45684
    },
    "percentage": {
        "ACTIVE": 44.440066544085454,
        "INACTIVE": 55.56358223331363,
        "INVALID": 0,
        "MALICIOUS": 0,
        "SANE": 0,
        "VALID": 0,
        "total": 100.00364877739909
    }
}