{
    "counter": {
        "ACTIVE": 10727,
        "INACTIVE": 13601,
        "INVALID": 0,
        "MALICIOUS": 0,
        "SANE": 0,
        "VALID": 0,
        "total": 24328
    },
    "percentage": {
        "ACTIVE": 44.09503843466108,
        "INACTIVE": 55.90677408747123,
        "INVALID": 0,
        "MALICIOUS": 0,
        "SANE": 0,
        "VALID": 0,
        "total": 100.0018125221323
    }
}