{
    "counter": {
        "ACTIVE": 11677,
        "INACTIVE": 14462,
        "INVALID": 0,
        "MALICIOUS": 0,
        "SANE": 0,
        "VALID": 0,
        "total": 26139
    },
    "percentage": {
        "ACTIVE": 44.67783899602082,
        "INACTIVE": 55.327288725658974,
        "INVALID": 0,
        "MALICIOUS": 0,
        "SANE": 0,
        "VALID": 0,
        "total": 100.0051277216798
    }
}