{
    "counter": {
        "ACTIVE": 23958,
        "INACTIVE": 29290,
        "INVALID": 0,
        "MALICIOUS": 0,
        "SANE": 0,
        "VALID": 0,
        "total": 53248
    },
    "percentage": {
        "ACTIVE": 44.99323918269231,
        "INACTIVE": 55.00676081730769,
        "INVALID": 0.0,
        "MALICIOUS": 0.0,
        "SANE": 0.0,
        "VALID": 0.0,
        "total": 100.0
    }
}