{
    "counter": {
        "ACTIVE": 3786,
        "INACTIVE": 4640,
        "INVALID": 0,
        "MALICIOUS": 0,
        "SANE": 0,
        "VALID": 0,
        "total": 8426
    },
    "percentage": {
        "ACTIVE": 44.9323522430572,
        "INACTIVE": 55.074183976261125,
        "INVALID": 0,
        "MALICIOUS": 0,
        "SANE": 0,
        "VALID": 0,
        "total": 100.00653621931832
    }
}