{
    "counter": {
        "ACTIVE": 15519,
        "INACTIVE": 20937,
        "INVALID": 0,
        "MALICIOUS": 0,
        "SANE": 0,
        "VALID": 0,
        "total": 36456
    },
    "percentage": {
        "ACTIVE": 42.5761316872428,
        "INACTIVE": 57.43087557603687,
        "INVALID": 0,
        "MALICIOUS": 0,
        "SANE": 0,
        "VALID": 0,
        "total": 100.00700726327966
    }
}