{
    "counter": {
        "ACTIVE": 11391,
        "INACTIVE": 14134,
        "INVALID": 0,
        "MALICIOUS": 0,
        "SANE": 0,
        "VALID": 0,
        "total": 25525
    },
    "percentage": {
        "ACTIVE": 44.628584861307004,
        "INACTIVE": 55.373163565132224,
        "INVALID": 0,
        "MALICIOUS": 0,
        "SANE": 0,
        "VALID": 0,
        "total": 100.00174842643924
    }
}