{
    "counter": {
        "ACTIVE": 3200,
        "INACTIVE": 3974,
        "INVALID": 0,
        "MALICIOUS": 0,
        "SANE": 0,
        "VALID": 0,
        "total": 7174
    },
    "percentage": {
        "ACTIVE": 44.642857142857146,
        "INACTIVE": 55.39448006690828,
        "INVALID": 0,
        "MALICIOUS": 0,
        "SANE": 0,
        "VALID": 0,
        "total": 100.03733720976543
    }
}