{
    "counter": {
        "ACTIVE": 38867,
        "INACTIVE": 47995,
        "INVALID": 0,
        "MALICIOUS": 0,
        "SANE": 0,
        "VALID": 0,
        "total": 86862
    },
    "percentage": {
        "ACTIVE": 44.74568856346849,
        "INACTIVE": 55.25431143653151,
        "INVALID": 0.0,
        "MALICIOUS": 0.0,
        "SANE": 0.0,
        "VALID": 0.0,
        "total": 100.0
    }
}