{
    "counter": {
        "ACTIVE": 12364,
        "INACTIVE": 15254,
        "INVALID": 0,
        "MALICIOUS": 0,
        "SANE": 0,
        "VALID": 0,
        "total": 27618
    },
    "percentage": {
        "ACTIVE": 44.7679049894996,
        "INACTIVE": 55.234094941521526,
        "INVALID": 0,
        "MALICIOUS": 0,
        "SANE": 0,
        "VALID": 0,
        "total": 100.00199993102112
    }
}