{
    "counter": {
        "ACTIVE": 32366,
        "INACTIVE": 40585,
        "INVALID": 0,
        "MALICIOUS": 0,
        "SANE": 0,
        "VALID": 0,
        "total": 72951
    },
    "percentage": {
        "ACTIVE": 44.36676673383504,
        "INACTIVE": 55.63323326616496,
        "INVALID": 0.0,
        "MALICIOUS": 0.0,
        "SANE": 0.0,
        "VALID": 0.0,
        "total": 100.0
    }
}