{
    "counter": {
        "ACTIVE": 8903,
        "INACTIVE": 11961,
        "INVALID": 0,
        "MALICIOUS": 0,
        "SANE": 0,
        "VALID": 0,
        "total": 20864
    },
    "percentage": {
        "ACTIVE": 42.673632746968316,
        "INACTIVE": 57.328412576687114,
        "INVALID": 0,
        "MALICIOUS": 0,
        "SANE": 0,
        "VALID": 0,
        "total": 100.00204532365544
    }
}