{
    "counter": {
        "ACTIVE": 31788,
        "INACTIVE": 39784,
        "INVALID": 0,
        "MALICIOUS": 0,
        "SANE": 0,
        "VALID": 0,
        "total": 71572
    },
    "percentage": {
        "ACTIVE": 44.41401665455765,
        "INACTIVE": 55.58753667737879,
        "INVALID": 0.0,
        "MALICIOUS": 0.0,
        "SANE": 0.0,
        "VALID": 0.0,
        "total": 100.00155333193644
    }
}