{
    "counter": {
        "ACTIVE": 19207,
        "INACTIVE": 24108,
        "INVALID": 0,
        "MALICIOUS": 0,
        "SANE": 0,
        "VALID": 0,
        "total": 43315
    },
    "percentage": {
        "ACTIVE": 44.34260648736004,
        "INACTIVE": 55.66124861470262,
        "INVALID": 0,
        "MALICIOUS": 0,
        "SANE": 0,
        "VALID": 0,
        "total": 100.00385510206266
    }
}