{
    "counter": {
        "ACTIVE": 15962,
        "INACTIVE": 21141,
        "INVALID": 0,
        "MALICIOUS": 0,
        "SANE": 0,
        "VALID": 0,
        "total": 37103
    },
    "percentage": {
        "ACTIVE": 43.021939518085276,
        "INACTIVE": 56.97922000916368,
        "INVALID": 0,
        "MALICIOUS": 0,
        "SANE": 0,
        "VALID": 0,
        "total": 100.00115952724896
    }
}