{
    "counter": {
        "ACTIVE": 17690,
        "INACTIVE": 22821,
        "INVALID": 0,
        "MALICIOUS": 0,
        "SANE": 0,
        "VALID": 0,
        "total": 40511
    },
    "percentage": {
        "ACTIVE": 43.673620540673994,
        "INACTIVE": 56.332847868480165,
        "INVALID": 0,
        "MALICIOUS": 0,
        "SANE": 0,
        "VALID": 0,
        "total": 100.00646840915417
    }
}