{
    "counter": {
        "ACTIVE": 27824,
        "INACTIVE": 35496,
        "INVALID": 0,
        "MALICIOUS": 0,
        "SANE": 0,
        "VALID": 0,
        "total": 63320
    },
    "percentage": {
        "ACTIVE": 43.94257647783446,
        "INACTIVE": 56.05811749842072,
        "INVALID": 0.0,
        "MALICIOUS": 0.0,
        "SANE": 0.0,
        "VALID": 0.0,
        "total": 100.00069397625518
    }
}