{
    "counter": {
        "ACTIVE": 38756,
        "INACTIVE": 47797,
        "INVALID": 0,
        "MALICIOUS": 0,
        "SANE": 0,
        "VALID": 0,
        "total": 86553
    },
    "percentage": {
        "ACTIVE": 44.77718854343581,
        "INACTIVE": 55.22281145656419,
        "INVALID": 0.0,
        "MALICIOUS": 0.0,
        "SANE": 0.0,
        "VALID": 0.0,
        "total": 100.0
    }
}