{
    "counter": {
        "ACTIVE": 14191,
        "INACTIVE": 18963,
        "INVALID": 0,
        "MALICIOUS": 0,
        "SANE": 0,
        "VALID": 0,
        "total": 33154
    },
    "percentage": {
        "ACTIVE": 42.80328165530555,
        "INACTIVE": 57.20016891891892,
        "INVALID": 0,
        "MALICIOUS": 0,
        "SANE": 0,
        "VALID": 0,
        "total": 100.00345057422447
    }
}