{
    "counter": {
        "ACTIVE": 7369,
        "INACTIVE": 9739,
        "INVALID": 0,
        "MALICIOUS": 0,
        "SANE": 0,
        "VALID": 0,
        "total": 17108
    },
    "percentage": {
        "ACTIVE": 43.07593382825744,
        "INACTIVE": 56.92658405424363,
        "INVALID": 0,
        "MALICIOUS": 0,
        "SANE": 0,
        "VALID": 0,
        "total": 100.00251788250107
    }
}