{
    "counter": {
        "ACTIVE": 33185,
        "INACTIVE": 41857,
        "INVALID": 0,
        "MALICIOUS": 0,
        "SANE": 0,
        "VALID": 0,
        "total": 75042
    },
    "percentage": {
        "ACTIVE": 44.22190240132193,
        "INACTIVE": 55.77809759867807,
        "INVALID": 0.0,
        "MALICIOUS": 0.0,
        "SANE": 0.0,
        "VALID": 0.0,
        "total": 100.0
    }
}