{
    "counter": {
        "ACTIVE": 4950,
        "INACTIVE": 6258,
        "INVALID": 0,
        "MALICIOUS": 0,
        "SANE": 0,
        "VALID": 0,
        "total": 11208
    },
    "percentage": {
        "ACTIVE": 44.16882305701794,
        "INACTIVE": 55.83511777301927,
        "INVALID": 0,
        "MALICIOUS": 0,
        "SANE": 0,
        "VALID": 0,
        "total": 100.00394083003721
    }
}