{
    "counter": {
        "ACTIVE": 37605,
        "INACTIVE": 46401,
        "INVALID": 0,
        "MALICIOUS": 0,
        "SANE": 0,
        "VALID": 0,
        "total": 84006
    },
    "percentage": {
        "ACTIVE": 44.76465966716663,
        "INACTIVE": 55.23534033283337,
        "INVALID": 0.0,
        "MALICIOUS": 0.0,
        "SANE": 0.0,
        "VALID": 0.0,
        "total": 100.0
    }
}