{
    "counter": {
        "ACTIVE": 35410,
        "INACTIVE": 44360,
        "INVALID": 0,
        "MALICIOUS": 0,
        "SANE": 0,
        "VALID": 0,
        "total": 79770
    },
    "percentage": {
        "ACTIVE": 44.39012159959885,
        "INACTIVE": 55.60987840040115,
        "INVALID": 0.0,
        "MALICIOUS": 0.0,
        "SANE": 0.0,
        "VALID": 0.0,
        "total": 100.0
    }
}