{
    "counter": {
        "ACTIVE": 27867,
        "INACTIVE": 35540,
        "INVALID": 0,
        "MALICIOUS": 0,
        "SANE": 0,
        "VALID": 0,
        "total": 63407
    },
    "percentage": {
        "ACTIVE": 43.9494062169792,
        "INACTIVE": 56.05147777812825,
        "INVALID": 0.0,
        "MALICIOUS": 0.0,
        "SANE": 0.0,
        "VALID": 0.0,
        "total": 100.00088399510744
    }
}