{
    "counter": {
        "ACTIVE": 9305,
        "INACTIVE": 12390,
        "INVALID": 0,
        "MALICIOUS": 0,
        "SANE": 0,
        "VALID": 0,
        "total": 21695
    },
    "percentage": {
        "ACTIVE": 42.892043883101316,
        "INACTIVE": 57.10993316432358,
        "INVALID": 0,
        "MALICIOUS": 0,
        "SANE": 0,
        "VALID": 0,
        "total": 100.0019770474249
    }
}