{
    "counter": {
        "ACTIVE": 10359,
        "INACTIVE": 13255,
        "INVALID": 0,
        "MALICIOUS": 0,
        "SANE": 0,
        "VALID": 0,
        "total": 23614
    },
    "percentage": {
        "ACTIVE": 43.868044380452275,
        "INACTIVE": 56.141465480728506,
        "INVALID": 0,
        "MALICIOUS": 0,
        "SANE": 0,
        "VALID": 0,
        "total": 100.00950986118079
    }
}