{
    "counter": {
        "ACTIVE": 35123,
        "INACTIVE": 43960,
        "INVALID": 0,
        "MALICIOUS": 0,
        "SANE": 0,
        "VALID": 0,
        "total": 79083
    },
    "percentage": {
        "ACTIVE": 44.41283208780648,
        "INACTIVE": 55.58716791219352,
        "INVALID": 0.0,
        "MALICIOUS": 0.0,
        "SANE": 0.0,
        "VALID": 0.0,
        "total": 100.0
    }
}