{
    "counter": {
        "ACTIVE": 40201,
        "INACTIVE": 51968,
        "INVALID": 0,
        "MALICIOUS": 0,
        "SANE": 0,
        "VALID": 0,
        "total": 92169
    },
    "percentage": {
        "ACTIVE": 43.616617300827826,
        "INACTIVE": 56.383382699172174,
        "INVALID": 0.0,
        "MALICIOUS": 0.0,
        "SANE": 0.0,
        "VALID": 0.0,
        "total": 100.0
    }
}