{
    "counter": {
        "ACTIVE": 36706,
        "INACTIVE": 45935,
        "INVALID": 0,
        "MALICIOUS": 0,
        "SANE": 0,
        "VALID": 0,
        "total": 82641
    },
    "percentage": {
        "ACTIVE": 44.41620987161336,
        "INACTIVE": 55.58379012838664,
        "INVALID": 0.0,
        "MALICIOUS": 0.0,
        "SANE": 0.0,
        "VALID": 0.0,
        "total": 100.0
    }
}