{
    "counter": {
        "ACTIVE": 34236,
        "INACTIVE": 42941,
        "INVALID": 0,
        "MALICIOUS": 0,
        "SANE": 0,
        "VALID": 0,
        "total": 77177
    },
    "percentage": {
        "ACTIVE": 44.36036643041321,
        "INACTIVE": 55.63963356958679,
        "INVALID": 0.0,
        "MALICIOUS": 0.0,
        "SANE": 0.0,
        "VALID": 0.0,
        "total": 100.0
    }
}