{
    "counter": {
        "ACTIVE": 16583,
        "INACTIVE": 21665,
        "INVALID": 0,
        "MALICIOUS": 0,
        "SANE": 0,
        "VALID": 0,
        "total": 38248
    },
    "percentage": {
        "ACTIVE": 43.35991632893189,
        "INACTIVE": 56.643484626647144,
        "INVALID": 0,
        "MALICIOUS": 0,
        "SANE": 0,
        "VALID": 0,
        "total": 100.00340095557902
    }
}