{
    "counter": {
        "ACTIVE": 13635,
        "INACTIVE": 17801,
        "INVALID": 0,
        "MALICIOUS": 0,
        "SANE": 0,
        "VALID": 0,
        "total": 31436
    },
    "percentage": {
        "ACTIVE": 43.37797855756689,
        "INACTIVE": 56.6261610891971,
        "INVALID": 0,
        "MALICIOUS": 0,
        "SANE": 0,
        "VALID": 0,
        "total": 100.00413964676399
    }
}