{
    "counter": {
        "ACTIVE": 40443,
        "INACTIVE": 53497,
        "INVALID": 0,
        "MALICIOUS": 0,
        "SANE": 0,
        "VALID": 0,
        "total": 93940
    },
    "percentage": {
        "ACTIVE": 43.05194805194805,
        "INACTIVE": 56.94805194805195,
        "INVALID": 0.0,
        "MALICIOUS": 0.0,
        "SANE": 0.0,
        "VALID": 0.0,
        "total": 100.0
    }
}