{
    "counter": {
        "ACTIVE": 26945,
        "INACTIVE": 34501,
        "INVALID": 0,
        "MALICIOUS": 0,
        "SANE": 0,
        "VALID": 0,
        "total": 61446
    },
    "percentage": {
        "ACTIVE": 43.85151189662468,
        "INACTIVE": 56.14848810337532,
        "INVALID": 0.0,
        "MALICIOUS": 0.0,
        "SANE": 0.0,
        "VALID": 0.0,
        "total": 100.0
    }
}