{
    "counter": {
        "ACTIVE": 41453,
        "INACTIVE": 55224,
        "INVALID": 0,
        "MALICIOUS": 0,
        "SANE": 0,
        "VALID": 0,
        "total": 96677
    },
    "percentage": {
        "ACTIVE": 42.87783030089887,
        "INACTIVE": 57.12216969910113,
        "INVALID": 0.0,
        "MALICIOUS": 0.0,
        "SANE": 0.0,
        "VALID": 0.0,
        "total": 100.0
    }
}