{
    "counter": {
        "ACTIVE": 16968,
        "INACTIVE": 22006,
        "INVALID": 0,
        "MALICIOUS": 0,
        "SANE": 0,
        "VALID": 0,
        "total": 38974
    },
    "percentage": {
        "ACTIVE": 43.53671678554934,
        "INACTIVE": 56.464731993944525,
        "INVALID": 0,
        "MALICIOUS": 0,
        "SANE": 0,
        "VALID": 0,
        "total": 100.00144877949387
    }
}