{
    "counter": {
        "ACTIVE": 18624,
        "INACTIVE": 23696,
        "INVALID": 0,
        "MALICIOUS": 0,
        "SANE": 0,
        "VALID": 0,
        "total": 42320
    },
    "percentage": {
        "ACTIVE": 44.007561436672965,
        "INACTIVE": 55.99508483387684,
        "INVALID": 0,
        "MALICIOUS": 0,
        "SANE": 0,
        "VALID": 0,
        "total": 100.0026462705498
    }
}