{
    "counter": {
        "ACTIVE": 9284,
        "INACTIVE": 12354,
        "INVALID": 0,
        "MALICIOUS": 0,
        "SANE": 0,
        "VALID": 0,
        "total": 21638
    },
    "percentage": {
        "ACTIVE": 42.90599870598022,
        "INACTIVE": 57.09664001478948,
        "INVALID": 0,
        "MALICIOUS": 0,
        "SANE": 0,
        "VALID": 0,
        "total": 100.0026387207697
    }
}