{
    "counter": {
        "ACTIVE": 3607,
        "INACTIVE": 4394,
        "INVALID": 0,
        "MALICIOUS": 0,
        "SANE": 0,
        "VALID": 0,
        "total": 8001
    },
    "percentage": {
        "ACTIVE": 45.11005502751376,
        "INACTIVE": 54.91813523309586,
        "INVALID": 0,
        "MALICIOUS": 0,
        "SANE": 0,
        "VALID": 0,
        "total": 100.02819026060962
    }
}