{
    "counter": {
        "ACTIVE": 6046,
        "INACTIVE": 7583,
        "INVALID": 0,
        "MALICIOUS": 0,
        "SANE": 0,
        "VALID": 0,
        "total": 13629
    },
    "percentage": {
        "ACTIVE": 44.37105533538823,
        "INACTIVE": 55.638711570914964,
        "INVALID": 0,
        "MALICIOUS": 0,
        "SANE": 0,
        "VALID": 0,
        "total": 100.00976690630318
    }
}