{
    "counter": {
        "ACTIVE": 25427,
        "INACTIVE": 32105,
        "INVALID": 0,
        "MALICIOUS": 0,
        "SANE": 0,
        "VALID": 0,
        "total": 57532
    },
    "percentage": {
        "ACTIVE": 44.19627337829382,
        "INACTIVE": 55.80372662170618,
        "INVALID": 0.0,
        "MALICIOUS": 0.0,
        "SANE": 0.0,
        "VALID": 0.0,
        "total": 100.0
    }
}