{
    "counter": {
        "ACTIVE": 20030,
        "INACTIVE": 25132,
        "INVALID": 0,
        "MALICIOUS": 0,
        "SANE": 0,
        "VALID": 0,
        "total": 45162
    },
    "percentage": {
        "ACTIVE": 44.354392258464536,
        "INACTIVE": 55.64855409414995,
        "INVALID": 0,
        "MALICIOUS": 0,
        "SANE": 0,
        "VALID": 0,
        "total": 100.00294635261449
    }
}