{
    "counter": {
        "ACTIVE": 10954,
        "INACTIVE": 13733,
        "INVALID": 0,
        "MALICIOUS": 0,
        "SANE": 0,
        "VALID": 0,
        "total": 24687
    },
    "percentage": {
        "ACTIVE": 44.37332901239569,
        "INACTIVE": 55.62846842467695,
        "INVALID": 0,
        "MALICIOUS": 0,
        "SANE": 0,
        "VALID": 0,
        "total": 100.00179743707264
    }
}