{
    "counter": {
        "ACTIVE": 4138,
        "INACTIVE": 5164,
        "INVALID": 0,
        "MALICIOUS": 0,
        "SANE": 0,
        "VALID": 0,
        "total": 9302
    },
    "percentage": {
        "ACTIVE": 44.50419445041945,
        "INACTIVE": 55.514943023005806,
        "INVALID": 0,
        "MALICIOUS": 0,
        "SANE": 0,
        "VALID": 0,
        "total": 100.01913747342525
    }
}