{
    "counter": {
        "ACTIVE": 39174,
        "INACTIVE": 48468,
        "INVALID": 0,
        "MALICIOUS": 0,
        "SANE": 0,
        "VALID": 0,
        "total": 87642
    },
    "percentage": {
        "ACTIVE": 44.69774765523379,
        "INACTIVE": 55.30225234476621,
        "INVALID": 0.0,
        "MALICIOUS": 0.0,
        "SANE": 0.0,
        "VALID": 0.0,
        "total": 100.0
    }
}