{
    "counter": {
        "ACTIVE": 36623,
        "INACTIVE": 45827,
        "INVALID": 0,
        "MALICIOUS": 0,
        "SANE": 0,
        "VALID": 0,
        "total": 82450
    },
    "percentage": {
        "ACTIVE": 44.41843541540327,
        "INACTIVE": 55.58156458459673,
        "INVALID": 0.0,
        "MALICIOUS": 0.0,
        "SANE": 0.0,
        "VALID": 0.0,
        "total": 100.0
    }
}