{
    "counter": {
        "ACTIVE": 43681,
        "INACTIVE": 58616,
        "INVALID": 0,
        "MALICIOUS": 0,
        "SANE": 0,
        "VALID": 0,
        "total": 102297
    },
    "percentage": {
        "ACTIVE": 42.70017693578502,
        "INACTIVE": 57.29982306421498,
        "INVALID": 0.0,
        "MALICIOUS": 0.0,
        "SANE": 0.0,
        "VALID": 0.0,
        "total": 100.0
    }
}