{
    "counter": {
        "ACTIVE": 32255,
        "INACTIVE": 40444,
        "INVALID": 0,
        "MALICIOUS": 0,
        "SANE": 0,
        "VALID": 0,
        "total": 72699
    },
    "percentage": {
        "ACTIVE": 44.367873010632884,
        "INACTIVE": 55.632126989367116,
        "INVALID": 0.0,
        "MALICIOUS": 0.0,
        "SANE": 0.0,
        "VALID": 0.0,
        "total": 100.0
    }
}