{
    "counter": {
        "ACTIVE": 26946,
        "INACTIVE": 34510,
        "INVALID": 0,
        "MALICIOUS": 0,
        "SANE": 0,
        "VALID": 0,
        "total": 61456
    },
    "percentage": {
        "ACTIVE": 43.84600364488414,
        "INACTIVE": 56.15399635511586,
        "INVALID": 0.0,
        "MALICIOUS": 0.0,
        "SANE": 0.0,
        "VALID": 0.0,
        "total": 100.0
    }
}