{
    "counter": {
        "ACTIVE": 29563,
        "INACTIVE": 37416,
        "INVALID": 0,
        "MALICIOUS": 0,
        "SANE": 0,
        "VALID": 0,
        "total": 66979
    },
    "percentage": {
        "ACTIVE": 44.13771480613327,
        "INACTIVE": 55.863119233181045,
        "INVALID": 0.0,
        "MALICIOUS": 0.0,
        "SANE": 0.0,
        "VALID": 0.0,
        "total": 100.00083403931431
    }
}