{
    "counter": {
        "ACTIVE": 14213,
        "INACTIVE": 18998,
        "INVALID": 0,
        "MALICIOUS": 0,
        "SANE": 0,
        "VALID": 0,
        "total": 33211
    },
    "percentage": {
        "ACTIVE": 42.802505571282296,
        "INACTIVE": 57.20393845412664,
        "INVALID": 0,
        "MALICIOUS": 0,
        "SANE": 0,
        "VALID": 0,
        "total": 100.00644402540894
    }
}