{
    "counter": {
        "ACTIVE": 29023,
        "INACTIVE": 36928,
        "INVALID": 0,
        "MALICIOUS": 0,
        "SANE": 0,
        "VALID": 0,
        "total": 65951
    },
    "percentage": {
        "ACTIVE": 44.006914224196755,
        "INACTIVE": 55.99563292290896,
        "INVALID": 0.0,
        "MALICIOUS": 0.0,
        "SANE": 0.0,
        "VALID": 0.0,
        "total": 100.00254714710572
    }
}