{
    "counter": {
        "ACTIVE": 42237,
        "INACTIVE": 56158,
        "INVALID": 0,
        "MALICIOUS": 0,
        "SANE": 0,
        "VALID": 0,
        "total": 98395
    },
    "percentage": {
        "ACTIVE": 42.925961685044975,
        "INACTIVE": 57.074038314955025,
        "INVALID": 0.0,
        "MALICIOUS": 0.0,
        "SANE": 0.0,
        "VALID": 0.0,
        "total": 100.0
    }
}