{
    "counter": {
        "ACTIVE": 27441,
        "INACTIVE": 35183,
        "INVALID": 0,
        "MALICIOUS": 0,
        "SANE": 0,
        "VALID": 0,
        "total": 62624
    },
    "percentage": {
        "ACTIVE": 43.81866377107818,
        "INACTIVE": 56.18133622892182,
        "INVALID": 0.0,
        "MALICIOUS": 0.0,
        "SANE": 0.0,
        "VALID": 0.0,
        "total": 100.0
    }
}