{
    "counter": {
        "ACTIVE": 23532,
        "INACTIVE": 28853,
        "INVALID": 0,
        "MALICIOUS": 0,
        "SANE": 0,
        "VALID": 0,
        "total": 52385
    },
    "percentage": {
        "ACTIVE": 44.92125608475709,
        "INACTIVE": 55.07874391524291,
        "INVALID": 0.0,
        "MALICIOUS": 0.0,
        "SANE": 0.0,
        "VALID": 0.0,
        "total": 100.0
    }
}