{
    "counter": {
        "ACTIVE": 8055,
        "INACTIVE": 10651,
        "INVALID": 0,
        "MALICIOUS": 0,
        "SANE": 0,
        "VALID": 0,
        "total": 18706
    },
    "percentage": {
        "ACTIVE": 43.06795701224402,
        "INACTIVE": 56.93895006949642,
        "INVALID": 0,
        "MALICIOUS": 0,
        "SANE": 0,
        "VALID": 0,
        "total": 100.00690708174045
    }
}