{
    "counter": {
        "ACTIVE": 38964,
        "INACTIVE": 48144,
        "INVALID": 0,
        "MALICIOUS": 0,
        "SANE": 0,
        "VALID": 0,
        "total": 87108
    },
    "percentage": {
        "ACTIVE": 44.730679156908664,
        "INACTIVE": 55.269320843091336,
        "INVALID": 0.0,
        "MALICIOUS": 0.0,
        "SANE": 0.0,
        "VALID": 0.0,
        "total": 100.0
    }
}