{
    "counter": {
        "ACTIVE": 39465,
        "INACTIVE": 49155,
        "INVALID": 0,
        "MALICIOUS": 0,
        "SANE": 0,
        "VALID": 0,
        "total": 88620
    },
    "percentage": {
        "ACTIVE": 44.53283683141503,
        "INACTIVE": 55.46716316858497,
        "INVALID": 0.0,
        "MALICIOUS": 0.0,
        "SANE": 0.0,
        "VALID": 0.0,
        "total": 100.0
    }
}