{
    "counter": {
        "ACTIVE": 6645,
        "INACTIVE": 8752,
        "INVALID": 0,
        "MALICIOUS": 0,
        "SANE": 0,
        "VALID": 0,
        "total": 15397
    },
    "percentage": {
        "ACTIVE": 43.163364728808055,
        "INACTIVE": 56.842241995193866,
        "INVALID": 0,
        "MALICIOUS": 0,
        "SANE": 0,
        "VALID": 0,
        "total": 100.00560672400192
    }
}