{
    "counter": {
        "ACTIVE": 14047,
        "INACTIVE": 18646,
        "INVALID": 0,
        "MALICIOUS": 0,
        "SANE": 0,
        "VALID": 0,
        "total": 32693
    },
    "percentage": {
        "ACTIVE": 42.983476132190944,
        "INACTIVE": 57.03361575872511,
        "INVALID": 0,
        "MALICIOUS": 0,
        "SANE": 0,
        "VALID": 0,
        "total": 100.01709189091605
    }
}