{
    "counter": {
        "ACTIVE": 25197,
        "INACTIVE": 31579,
        "INVALID": 0,
        "MALICIOUS": 0,
        "SANE": 0,
        "VALID": 0,
        "total": 56776
    },
    "percentage": {
        "ACTIVE": 44.37966746512611,
        "INACTIVE": 55.62033253487389,
        "INVALID": 0.0,
        "MALICIOUS": 0.0,
        "SANE": 0.0,
        "VALID": 0.0,
        "total": 100.0
    }
}