{
    "counter": {
        "ACTIVE": 23009,
        "INACTIVE": 28167,
        "INVALID": 0,
        "MALICIOUS": 0,
        "SANE": 0,
        "VALID": 0,
        "total": 51176
    },
    "percentage": {
        "ACTIVE": 44.960528372674695,
        "INACTIVE": 55.039471627325305,
        "INVALID": 0.0,
        "MALICIOUS": 0.0,
        "SANE": 0.0,
        "VALID": 0.0,
        "total": 100.0
    }
}