{
    "counter": {
        "ACTIVE": 25234,
        "INACTIVE": 31743,
        "INVALID": 0,
        "MALICIOUS": 0,
        "SANE": 0,
        "VALID": 0,
        "total": 56977
    },
    "percentage": {
        "ACTIVE": 44.28804605367078,
        "INACTIVE": 55.71195394632922,
        "INVALID": 0.0,
        "MALICIOUS": 0.0,
        "SANE": 0.0,
        "VALID": 0.0,
        "total": 100.0
    }
}