{
    "counter": {
        "ACTIVE": 12437,
        "INACTIVE": 15354,
        "INVALID": 0,
        "MALICIOUS": 0,
        "SANE": 0,
        "VALID": 0,
        "total": 27791
    },
    "percentage": {
        "ACTIVE": 44.75189809650606,
        "INACTIVE": 55.2540665035267,
        "INVALID": 0,
        "MALICIOUS": 0,
        "SANE": 0,
        "VALID": 0,
        "total": 100.00596460003277
    }
}