{
    "counter": {
        "ACTIVE": 34384,
        "INACTIVE": 43091,
        "INVALID": 0,
        "MALICIOUS": 0,
        "SANE": 0,
        "VALID": 0,
        "total": 77475
    },
    "percentage": {
        "ACTIVE": 44.38076798967409,
        "INACTIVE": 55.61923201032591,
        "INVALID": 0.0,
        "MALICIOUS": 0.0,
        "SANE": 0.0,
        "VALID": 0.0,
        "total": 100.0
    }
}