{
    "counter": {
        "ACTIVE": 9323,
        "INACTIVE": 12432,
        "INVALID": 0,
        "MALICIOUS": 0,
        "SANE": 0,
        "VALID": 0,
        "total": 21755
    },
    "percentage": {
        "ACTIVE": 42.86042662743656,
        "INACTIVE": 57.145483796828316,
        "INVALID": 0,
        "MALICIOUS": 0,
        "SANE": 0,
        "VALID": 0,
        "total": 100.00591042426487
    }
}