{
    "counter": {
        "ACTIVE": 13570,
        "INACTIVE": 17740,
        "INVALID": 0,
        "MALICIOUS": 0,
        "SANE": 0,
        "VALID": 0,
        "total": 31310
    },
    "percentage": {
        "ACTIVE": 43.34078569147238,
        "INACTIVE": 56.670074111934575,
        "INVALID": 0,
        "MALICIOUS": 0,
        "SANE": 0,
        "VALID": 0,
        "total": 100.01085980340696
    }
}