{
    "counter": {
        "ACTIVE": 26802,
        "INACTIVE": 34258,
        "INVALID": 0,
        "MALICIOUS": 0,
        "SANE": 0,
        "VALID": 0,
        "total": 61060
    },
    "percentage": {
        "ACTIVE": 43.8945299705208,
        "INACTIVE": 56.1054700294792,
        "INVALID": 0.0,
        "MALICIOUS": 0.0,
        "SANE": 0.0,
        "VALID": 0.0,
        "total": 100.0
    }
}