{
    "counter": {
        "ACTIVE": 20934,
        "INACTIVE": 25888,
        "INVALID": 0,
        "MALICIOUS": 0,
        "SANE": 0,
        "VALID": 0,
        "total": 46822
    },
    "percentage": {
        "ACTIVE": 44.71452677446227,
        "INACTIVE": 55.29024817393533,
        "INVALID": 0,
        "MALICIOUS": 0,
        "SANE": 0,
        "VALID": 0,
        "total": 100.0047749483976
    }
}