{
    "counter": {
        "ACTIVE": 32760,
        "INACTIVE": 41205,
        "INVALID": 0,
        "MALICIOUS": 0,
        "SANE": 0,
        "VALID": 0,
        "total": 73965
    },
    "percentage": {
        "ACTIVE": 44.29121881971203,
        "INACTIVE": 55.70878118028797,
        "INVALID": 0.0,
        "MALICIOUS": 0.0,
        "SANE": 0.0,
        "VALID": 0.0,
        "total": 100.0
    }
}