{
    "counter": {
        "ACTIVE": 11586,
        "INACTIVE": 14373,
        "INVALID": 0,
        "MALICIOUS": 0,
        "SANE": 0,
        "VALID": 0,
        "total": 25959
    },
    "percentage": {
        "ACTIVE": 44.640517839254066,
        "INACTIVE": 55.36808043453138,
        "INVALID": 0,
        "MALICIOUS": 0,
        "SANE": 0,
        "VALID": 0,
        "total": 100.00859827378545
    }
}