{
    "counter": {
        "ACTIVE": 36040,
        "INACTIVE": 45103,
        "INVALID": 0,
        "MALICIOUS": 0,
        "SANE": 0,
        "VALID": 0,
        "total": 81143
    },
    "percentage": {
        "ACTIVE": 44.41541476159373,
        "INACTIVE": 55.58458523840627,
        "INVALID": 0.0,
        "MALICIOUS": 0.0,
        "SANE": 0.0,
        "VALID": 0.0,
        "total": 100.0
    }
}