{
    "counter": {
        "ACTIVE": 7222,
        "INACTIVE": 9543,
        "INVALID": 0,
        "MALICIOUS": 0,
        "SANE": 0,
        "VALID": 0,
        "total": 16765
    },
    "percentage": {
        "ACTIVE": 43.08298037344151,
        "INACTIVE": 56.922159260363856,
        "INVALID": 0,
        "MALICIOUS": 0,
        "SANE": 0,
        "VALID": 0,
        "total": 100.00513963380536
    }
}