{
    "counter": {
        "ACTIVE": 31033,
        "INACTIVE": 38801,
        "INVALID": 0,
        "MALICIOUS": 0,
        "SANE": 0,
        "VALID": 0,
        "total": 69834
    },
    "percentage": {
        "ACTIVE": 44.43887560322484,
        "INACTIVE": 55.56176074691411,
        "INVALID": 0.0,
        "MALICIOUS": 0.0,
        "SANE": 0.0,
        "VALID": 0.0,
        "total": 100.00063635013895
    }
}