{
    "counter": {
        "ACTIVE": 32559,
        "INACTIVE": 40862,
        "INVALID": 0,
        "MALICIOUS": 0,
        "SANE": 0,
        "VALID": 0,
        "total": 73421
    },
    "percentage": {
        "ACTIVE": 44.34562318682666,
        "INACTIVE": 55.65437681317334,
        "INVALID": 0.0,
        "MALICIOUS": 0.0,
        "SANE": 0.0,
        "VALID": 0.0,
        "total": 100.0
    }
}