{
    "counter": {
        "ACTIVE": 21175,
        "INACTIVE": 26110,
        "INVALID": 0,
        "MALICIOUS": 0,
        "SANE": 0,
        "VALID": 0,
        "total": 47285
    },
    "percentage": {
        "ACTIVE": 44.78164322723908,
        "INACTIVE": 55.22069242645348,
        "INVALID": 0,
        "MALICIOUS": 0,
        "SANE": 0,
        "VALID": 0,
        "total": 100.00233565369257
    }
}