{
    "counter": {
        "ACTIVE": 34764,
        "INACTIVE": 43349,
        "INVALID": 0,
        "MALICIOUS": 0,
        "SANE": 0,
        "VALID": 0,
        "total": 78113
    },
    "percentage": {
        "ACTIVE": 44.504755930510925,
        "INACTIVE": 55.495244069489075,
        "INVALID": 0.0,
        "MALICIOUS": 0.0,
        "SANE": 0.0,
        "VALID": 0.0,
        "total": 100.0
    }
}