{
    "counter": {
        "ACTIVE": 43045,
        "INACTIVE": 57434,
        "INVALID": 0,
        "MALICIOUS": 0,
        "SANE": 0,
        "VALID": 0,
        "total": 100479
    },
    "percentage": {
        "ACTIVE": 42.83979737059485,
        "INACTIVE": 57.16020262940515,
        "INVALID": 0.0,
        "MALICIOUS": 0.0,
        "SANE": 0.0,
        "VALID": 0.0,
        "total": 100.0
    }
}