{
    "counter": {
        "ACTIVE": 23114,
        "INACTIVE": 28323,
        "INVALID": 0,
        "MALICIOUS": 0,
        "SANE": 0,
        "VALID": 0,
        "total": 51437
    },
    "percentage": {
        "ACTIVE": 44.936524291852166,
        "INACTIVE": 55.063475708147834,
        "INVALID": 0.0,
        "MALICIOUS": 0.0,
        "SANE": 0.0,
        "VALID": 0.0,
        "total": 100.0
    }
}