{
    "counter": {
        "ACTIVE": 40144,
        "INACTIVE": 51188,
        "INVALID": 0,
        "MALICIOUS": 0,
        "SANE": 0,
        "VALID": 0,
        "total": 91332
    },
    "percentage": {
        "ACTIVE": 43.95392633469102,
        "INACTIVE": 56.04607366530898,
        "INVALID": 0.0,
        "MALICIOUS": 0.0,
        "SANE": 0.0,
        "VALID": 0.0,
        "total": 100.0
    }
}