{
    "counter": {
        "ACTIVE": 28230,
        "INACTIVE": 36119,
        "INVALID": 0,
        "MALICIOUS": 0,
        "SANE": 0,
        "VALID": 0,
        "total": 64349
    },
    "percentage": {
        "ACTIVE": 43.87082737614222,
        "INACTIVE": 56.129854387791575,
        "INVALID": 0.0,
        "MALICIOUS": 0.0,
        "SANE": 0.0,
        "VALID": 0.0,
        "total": 100.0006817639338
    }
}