{
    "counter": {
        "ACTIVE": 33862,
        "INACTIVE": 42666,
        "INVALID": 0,
        "MALICIOUS": 0,
        "SANE": 0,
        "VALID": 0,
        "total": 76528
    },
    "percentage": {
        "ACTIVE": 44.24785699351871,
        "INACTIVE": 55.75214300648129,
        "INVALID": 0.0,
        "MALICIOUS": 0.0,
        "SANE": 0.0,
        "VALID": 0.0,
        "total": 100.0
    }
}