{
    "counter": {
        "ACTIVE": 37700,
        "INACTIVE": 46534,
        "INVALID": 0,
        "MALICIOUS": 0,
        "SANE": 0,
        "VALID": 0,
        "total": 84234
    },
    "percentage": {
        "ACTIVE": 44.75627418856994,
        "INACTIVE": 55.24372581143006,
        "INVALID": 0.0,
        "MALICIOUS": 0.0,
        "SANE": 0.0,
        "VALID": 0.0,
        "total": 100.0
    }
}