{
    "counter": {
        "ACTIVE": 36114,
        "INACTIVE": 45200,
        "INVALID": 0,
        "MALICIOUS": 0,
        "SANE": 0,
        "VALID": 0,
        "total": 81314
    },
    "percentage": {
        "ACTIVE": 44.41301620877094,
        "INACTIVE": 55.58698379122906,
        "INVALID": 0.0,
        "MALICIOUS": 0.0,
        "SANE": 0.0,
        "VALID": 0.0,
        "total": 100.0
    }
}