{
    "counter": {
        "ACTIVE": 39678,
        "INACTIVE": 49663,
        "INVALID": 0,
        "MALICIOUS": 0,
        "SANE": 0,
        "VALID": 0,
        "total": 89341
    },
    "percentage": {
        "ACTIVE": 44.41186017617891,
        "INACTIVE": 55.58813982382109,
        "INVALID": 0.0,
        "MALICIOUS": 0.0,
        "SANE": 0.0,
        "VALID": 0.0,
        "total": 100.0
    }
}