{
    "counter": {
        "ACTIVE": 6528,
        "INACTIVE": 8540,
        "INVALID": 0,
        "MALICIOUS": 0,
        "SANE": 0,
        "VALID": 0,
        "total": 15068
    },
    "percentage": {
        "ACTIVE": 43.32935085623258,
        "INACTIVE": 56.67640031855588,
        "INVALID": 0,
        "MALICIOUS": 0,
        "SANE": 0,
        "VALID": 0,
        "total": 100.00575117478846
    }
}