{
    "counter": {
        "ACTIVE": 9127,
        "INACTIVE": 12216,
        "INVALID": 0,
        "MALICIOUS": 0,
        "SANE": 0,
        "VALID": 0,
        "total": 21343
    },
    "percentage": {
        "ACTIVE": 42.763435318371364,
        "INACTIVE": 57.24192868187995,
        "INVALID": 0,
        "MALICIOUS": 0,
        "SANE": 0,
        "VALID": 0,
        "total": 100.00536400025132
    }
}