{
    "counter": {
        "ACTIVE": 37823,
        "INACTIVE": 46808,
        "INVALID": 0,
        "MALICIOUS": 0,
        "SANE": 0,
        "VALID": 0,
        "total": 84631
    },
    "percentage": {
        "ACTIVE": 44.69166144793279,
        "INACTIVE": 55.30833855206721,
        "INVALID": 0.0,
        "MALICIOUS": 0.0,
        "SANE": 0.0,
        "VALID": 0.0,
        "total": 100.0
    }
}