{
    "counter": {
        "ACTIVE": 3027,
        "INACTIVE": 3755,
        "INVALID": 0,
        "MALICIOUS": 0,
        "SANE": 0,
        "VALID": 0,
        "total": 6782
    },
    "percentage": {
        "ACTIVE": 44.65260362885381,
        "INACTIVE": 55.36714833382483,
        "INVALID": 0,
        "MALICIOUS": 0,
        "SANE": 0,
        "VALID": 0,
        "total": 100.01975196267864
    }
}