{
    "counter": {
        "ACTIVE": 5539,
        "INACTIVE": 6919,
        "INVALID": 0,
        "MALICIOUS": 0,
        "SANE": 0,
        "VALID": 0,
        "total": 12458
    },
    "percentage": {
        "ACTIVE": 44.46139027131161,
        "INACTIVE": 55.560909017907335,
        "INVALID": 0,
        "MALICIOUS": 0,
        "SANE": 0,
        "VALID": 0,
        "total": 100.02229928921895
    }
}