{
    "counter": {
        "ACTIVE": 40075,
        "INACTIVE": 50636,
        "INVALID": 0,
        "MALICIOUS": 0,
        "SANE": 0,
        "VALID": 0,
        "total": 90711
    },
    "percentage": {
        "ACTIVE": 44.17876553009007,
        "INACTIVE": 55.82123446990993,
        "INVALID": 0.0,
        "MALICIOUS": 0.0,
        "SANE": 0.0,
        "VALID": 0.0,
        "total": 100.0
    }
}