{
    "counter": {
        "ACTIVE": 19727,
        "INACTIVE": 24843,
        "INVALID": 0,
        "MALICIOUS": 0,
        "SANE": 0,
        "VALID": 0,
        "total": 44570
    },
    "percentage": {
        "ACTIVE": 44.261706567345016,
        "INACTIVE": 55.73928651559345,
        "INVALID": 0,
        "MALICIOUS": 0,
        "SANE": 0,
        "VALID": 0,
        "total": 100.00099308293846
    }
}