{
    "counter": {
        "ACTIVE": 32237,
        "INACTIVE": 40423,
        "INVALID": 0,
        "MALICIOUS": 0,
        "SANE": 0,
        "VALID": 0,
        "total": 72660
    },
    "percentage": {
        "ACTIVE": 44.36691439581613,
        "INACTIVE": 55.63308560418387,
        "INVALID": 0.0,
        "MALICIOUS": 0.0,
        "SANE": 0.0,
        "VALID": 0.0,
        "total": 100.0
    }
}