{
    "counter": {
        "ACTIVE": 8128,
        "INACTIVE": 10733,
        "INVALID": 0,
        "MALICIOUS": 0,
        "SANE": 0,
        "VALID": 0,
        "total": 18861
    },
    "percentage": {
        "ACTIVE": 43.0942155771168,
        "INACTIVE": 56.92087399236318,
        "INVALID": 0,
        "MALICIOUS": 0,
        "SANE": 0,
        "VALID": 0,
        "total": 100.01508956947998
    }
}