{
    "counter": {
        "ACTIVE": 40846,
        "INACTIVE": 54565,
        "INVALID": 0,
        "MALICIOUS": 0,
        "SANE": 0,
        "VALID": 0,
        "total": 95411
    },
    "percentage": {
        "ACTIVE": 42.81057739673623,
        "INACTIVE": 57.18942260326377,
        "INVALID": 0.0,
        "MALICIOUS": 0.0,
        "SANE": 0.0,
        "VALID": 0.0,
        "total": 100.0
    }
}