{
    "counter": {
        "ACTIVE": 31944,
        "INACTIVE": 39987,
        "INVALID": 0,
        "MALICIOUS": 0,
        "SANE": 0,
        "VALID": 0,
        "total": 71931
    },
    "percentage": {
        "ACTIVE": 44.411695190957495,
        "INACTIVE": 55.59077449222171,
        "INVALID": 0.0,
        "MALICIOUS": 0.0,
        "SANE": 0.0,
        "VALID": 0.0,
        "total": 100.00246968317921
    }
}