{
    "counter": {
        "ACTIVE": 11319,
        "INACTIVE": 14024,
        "INVALID": 0,
        "MALICIOUS": 0,
        "SANE": 0,
        "VALID": 0,
        "total": 25343
    },
    "percentage": {
        "ACTIVE": 44.66498303212059,
        "INACTIVE": 55.33677938681293,
        "INVALID": 0,
        "MALICIOUS": 0,
        "SANE": 0,
        "VALID": 0,
        "total": 100.00176241893351
    }
}