{
    "counter": {
        "ACTIVE": 32396,
        "INACTIVE": 40619,
        "INVALID": 0,
        "MALICIOUS": 0,
        "SANE": 0,
        "VALID": 0,
        "total": 73015
    },
    "percentage": {
        "ACTIVE": 44.368965281106625,
        "INACTIVE": 55.631034718893375,
        "INVALID": 0.0,
        "MALICIOUS": 0.0,
        "SANE": 0.0,
        "VALID": 0.0,
        "total": 100.0
    }
}