{
    "counter": {
        "ACTIVE": 29817,
        "INACTIVE": 37686,
        "INVALID": 0,
        "MALICIOUS": 0,
        "SANE": 0,
        "VALID": 0,
        "total": 67503
    },
    "percentage": {
        "ACTIVE": 44.171370161326166,
        "INACTIVE": 55.830283995792655,
        "INVALID": 0.0,
        "MALICIOUS": 0.0,
        "SANE": 0.0,
        "VALID": 0.0,
        "total": 100.00165415711882
    }
}