{
    "counter": {
        "ACTIVE": 25334,
        "INACTIVE": 31942,
        "INVALID": 0,
        "MALICIOUS": 0,
        "SANE": 0,
        "VALID": 0,
        "total": 57276
    },
    "percentage": {
        "ACTIVE": 44.23144074306865,
        "INACTIVE": 55.76855925693135,
        "INVALID": 0.0,
        "MALICIOUS": 0.0,
        "SANE": 0.0,
        "VALID": 0.0,
        "total": 100.0
    }
}