{
    "counter": {
        "ACTIVE": 26720,
        "INACTIVE": 34143,
        "INVALID": 0,
        "MALICIOUS": 0,
        "SANE": 0,
        "VALID": 0,
        "total": 60863
    },
    "percentage": {
        "ACTIVE": 43.90187798826874,
        "INACTIVE": 56.09812201173126,
        "INVALID": 0.0,
        "MALICIOUS": 0.0,
        "SANE": 0.0,
        "VALID": 0.0,
        "total": 100.0
    }
}