{
    "counter": {
        "ACTIVE": 37311,
        "INACTIVE": 46175,
        "INVALID": 0,
        "MALICIOUS": 0,
        "SANE": 0,
        "VALID": 0,
        "total": 83486
    },
    "percentage": {
        "ACTIVE": 44.69132549169921,
        "INACTIVE": 55.30867450830079,
        "INVALID": 0.0,
        "MALICIOUS": 0.0,
        "SANE": 0.0,
        "VALID": 0.0,
        "total": 100.0
    }
}