{
    "counter": {
        "ACTIVE": 13078,
        "INACTIVE": 16734,
        "INVALID": 0,
        "MALICIOUS": 0,
        "SANE": 0,
        "VALID": 0,
        "total": 29812
    },
    "percentage": {
        "ACTIVE": 43.87265590928914,
        "INACTIVE": 56.131759023212126,
        "INVALID": 0,
        "MALICIOUS": 0,
        "SANE": 0,
        "VALID": 0,
        "total": 100.00441493250128
    }
}