{
    "counter": {
        "ACTIVE": 35099,
        "INACTIVE": 43926,
        "INVALID": 0,
        "MALICIOUS": 0,
        "SANE": 0,
        "VALID": 0,
        "total": 79025
    },
    "percentage": {
        "ACTIVE": 44.41505852578298,
        "INACTIVE": 55.58494147421702,
        "INVALID": 0.0,
        "MALICIOUS": 0.0,
        "SANE": 0.0,
        "VALID": 0.0,
        "total": 100.0
    }
}