{
    "counter": {
        "ACTIVE": 10353,
        "INACTIVE": 13250,
        "INVALID": 0,
        "MALICIOUS": 0,
        "SANE": 0,
        "VALID": 0,
        "total": 23603
    },
    "percentage": {
        "ACTIVE": 43.86864406779661,
        "INACTIVE": 56.136931745964496,
        "INVALID": 0,
        "MALICIOUS": 0,
        "SANE": 0,
        "VALID": 0,
        "total": 100.00557581376111
    }
}