{
    "counter": {
        "ACTIVE": 11084,
        "INACTIVE": 13829,
        "INVALID": 0,
        "MALICIOUS": 0,
        "SANE": 0,
        "VALID": 0,
        "total": 24913
    },
    "percentage": {
        "ACTIVE": 44.49261400128452,
        "INACTIVE": 55.5091719182756,
        "INVALID": 0,
        "MALICIOUS": 0,
        "SANE": 0,
        "VALID": 0,
        "total": 100.00178591956012
    }
}