{
    "counter": {
        "ACTIVE": 2027,
        "INACTIVE": 2616,
        "INVALID": 0,
        "MALICIOUS": 0,
        "SANE": 0,
        "VALID": 0,
        "total": 4643
    },
    "percentage": {
        "ACTIVE": 43.6665230504093,
        "INACTIVE": 56.342881757484385,
        "INVALID": 0,
        "MALICIOUS": 0,
        "SANE": 0,
        "VALID": 0,
        "total": 100.00940480789369
    }
}