{
    "counter": {
        "ACTIVE": 24997,
        "INACTIVE": 30967,
        "INVALID": 0,
        "MALICIOUS": 0,
        "SANE": 0,
        "VALID": 0,
        "total": 55964
    },
    "percentage": {
        "ACTIVE": 44.66621399471089,
        "INACTIVE": 55.33378600528911,
        "INVALID": 0.0,
        "MALICIOUS": 0.0,
        "SANE": 0.0,
        "VALID": 0.0,
        "total": 100.0
    }
}