{
    "counter": {
        "ACTIVE": 37368,
        "INACTIVE": 46213,
        "INVALID": 0,
        "MALICIOUS": 0,
        "SANE": 0,
        "VALID": 0,
        "total": 83581
    },
    "percentage": {
        "ACTIVE": 44.708725667316735,
        "INACTIVE": 55.291274332683265,
        "INVALID": 0.0,
        "MALICIOUS": 0.0,
        "SANE": 0.0,
        "VALID": 0.0,
        "total": 100.0
    }
}