{
    "counter": {
        "ACTIVE": 14145,
        "INACTIVE": 18865,
        "INVALID": 0,
        "MALICIOUS": 0,
        "SANE": 0,
        "VALID": 0,
        "total": 33010
    },
    "percentage": {
        "ACTIVE": 42.85194946832682,
        "INACTIVE": 57.14934868221751,
        "INVALID": 0,
        "MALICIOUS": 0,
        "SANE": 0,
        "VALID": 0,
        "total": 100.00129815054433
    }
}