{
    "counter": {
        "ACTIVE": 6424,
        "INACTIVE": 8251,
        "INVALID": 0,
        "MALICIOUS": 0,
        "SANE": 0,
        "VALID": 0,
        "total": 14675
    },
    "percentage": {
        "ACTIVE": 43.77811094452774,
        "INACTIVE": 56.22487223168654,
        "INVALID": 0,
        "MALICIOUS": 0,
        "SANE": 0,
        "VALID": 0,
        "total": 100.00298317621429
    }
}