{
    "counter": {
        "ACTIVE": 35426,
        "INACTIVE": 44375,
        "INVALID": 0,
        "MALICIOUS": 0,
        "SANE": 0,
        "VALID": 0,
        "total": 79801
    },
    "percentage": {
        "ACTIVE": 44.39292740692473,
        "INACTIVE": 55.60707259307527,
        "INVALID": 0.0,
        "MALICIOUS": 0.0,
        "SANE": 0.0,
        "VALID": 0.0,
        "total": 100.0
    }
}