{
    "counter": {
        "ACTIVE": 27738,
        "INACTIVE": 35400,
        "INVALID": 0,
        "MALICIOUS": 0,
        "SANE": 0,
        "VALID": 0,
        "total": 63138
    },
    "percentage": {
        "ACTIVE": 43.93233868668631,
        "INACTIVE": 56.069437404967054,
        "INVALID": 0.0,
        "MALICIOUS": 0.0,
        "SANE": 0.0,
        "VALID": 0.0,
        "total": 100.00177609165337
    }
}