{
    "counter": {
        "ACTIVE": 30912,
        "INACTIVE": 38709,
        "INVALID": 0,
        "MALICIOUS": 0,
        "SANE": 0,
        "VALID": 0,
        "total": 69621
    },
    "percentage": {
        "ACTIVE": 44.400396432111,
        "INACTIVE": 55.60199948289235,
        "INVALID": 0.0,
        "MALICIOUS": 0.0,
        "SANE": 0.0,
        "VALID": 0.0,
        "total": 100.00239591500335
    }
}