{
    "counter": {
        "ACTIVE": 11471,
        "INACTIVE": 14234,
        "INVALID": 0,
        "MALICIOUS": 0,
        "SANE": 0,
        "VALID": 0,
        "total": 25705
    },
    "percentage": {
        "ACTIVE": 44.62729536258948,
        "INACTIVE": 55.374440770278156,
        "INVALID": 0,
        "MALICIOUS": 0,
        "SANE": 0,
        "VALID": 0,
        "total": 100.00173613286763
    }
}