{
    "counter": {
        "ACTIVE": 32187,
        "INACTIVE": 40367,
        "INVALID": 0,
        "MALICIOUS": 0,
        "SANE": 0,
        "VALID": 0,
        "total": 72554
    },
    "percentage": {
        "ACTIVE": 44.362819417261626,
        "INACTIVE": 55.637180582738374,
        "INVALID": 0.0,
        "MALICIOUS": 0.0,
        "SANE": 0.0,
        "VALID": 0.0,
        "total": 100.0
    }
}