{
    "counter": {
        "ACTIVE": 3981,
        "INACTIVE": 5008,
        "INVALID": 0,
        "MALICIOUS": 0,
        "SANE": 0,
        "VALID": 0,
        "total": 8989
    },
    "percentage": {
        "ACTIVE": 44.28746245411058,
        "INACTIVE": 55.718736092567866,
        "INVALID": 0,
        "MALICIOUS": 0,
        "SANE": 0,
        "VALID": 0,
        "total": 100.00619854667845
    }
}