{
    "counter": {
        "ACTIVE": 6052,
        "INACTIVE": 7606,
        "INVALID": 0,
        "MALICIOUS": 0,
        "SANE": 0,
        "VALID": 0,
        "total": 13658
    },
    "percentage": {
        "ACTIVE": 44.311026504612684,
        "INACTIVE": 55.697129466900996,
        "INVALID": 0,
        "MALICIOUS": 0,
        "SANE": 0,
        "VALID": 0,
        "total": 100.00815597151367
    }
}