{
    "counter": {
        "ACTIVE": 6883,
        "INACTIVE": 9141,
        "INVALID": 0,
        "MALICIOUS": 0,
        "SANE": 0,
        "VALID": 0,
        "total": 16024
    },
    "percentage": {
        "ACTIVE": 42.95699931348686,
        "INACTIVE": 57.045681477783326,
        "INVALID": 0,
        "MALICIOUS": 0,
        "SANE": 0,
        "VALID": 0,
        "total": 100.0026807912702
    }
}