{
    "counter": {
        "ACTIVE": 23276,
        "INACTIVE": 28596,
        "INVALID": 0,
        "MALICIOUS": 0,
        "SANE": 0,
        "VALID": 0,
        "total": 51872
    },
    "percentage": {
        "ACTIVE": 44.87199259716225,
        "INACTIVE": 55.12800740283775,
        "INVALID": 0.0,
        "MALICIOUS": 0.0,
        "SANE": 0.0,
        "VALID": 0.0,
        "total": 100.0
    }
}