{
    "counter": {
        "ACTIVE": 24612,
        "INACTIVE": 30456,
        "INVALID": 0,
        "MALICIOUS": 0,
        "SANE": 0,
        "VALID": 0,
        "total": 55068
    },
    "percentage": {
        "ACTIVE": 44.6938330791022,
        "INACTIVE": 55.3061669208978,
        "INVALID": 0.0,
        "MALICIOUS": 0.0,
        "SANE": 0.0,
        "VALID": 0.0,
        "total": 100.0
    }
}