{
    "counter": {
        "ACTIVE": 27449,
        "INACTIVE": 35190,
        "INVALID": 0,
        "MALICIOUS": 0,
        "SANE": 0,
        "VALID": 0,
        "total": 62639
    },
    "percentage": {
        "ACTIVE": 43.820942224492725,
        "INACTIVE": 56.179057775507275,
        "INVALID": 0.0,
        "MALICIOUS": 0.0,
        "SANE": 0.0,
        "VALID": 0.0,
        "total": 100.0
    }
}