{
    "counter": {
        "ACTIVE": 7319,
        "INACTIVE": 9646,
        "INVALID": 0,
        "MALICIOUS": 0,
        "SANE": 0,
        "VALID": 0,
        "total": 16965
    },
    "percentage": {
        "ACTIVE": 43.14176245210728,
        "INACTIVE": 56.86158924781891,
        "INVALID": 0,
        "MALICIOUS": 0,
        "SANE": 0,
        "VALID": 0,
        "total": 100.00335169992618
    }
}