{
    "counter": {
        "ACTIVE": 21829,
        "INACTIVE": 26800,
        "INVALID": 0,
        "MALICIOUS": 0,
        "SANE": 0,
        "VALID": 0,
        "total": 48629
    },
    "percentage": {
        "ACTIVE": 44.88885233091365,
        "INACTIVE": 55.11114766908635,
        "INVALID": 0.0,
        "MALICIOUS": 0.0,
        "SANE": 0.0,
        "VALID": 0.0,
        "total": 100.0
    }
}