{
    "counter": {
        "ACTIVE": 12171,
        "INACTIVE": 15033,
        "INVALID": 0,
        "MALICIOUS": 0,
        "SANE": 0,
        "VALID": 0,
        "total": 27204
    },
    "percentage": {
        "ACTIVE": 44.73974415527128,
        "INACTIVE": 55.26228724773003,
        "INVALID": 0,
        "MALICIOUS": 0,
        "SANE": 0,
        "VALID": 0,
        "total": 100.00203140300131
    }
}