{
    "counter": {
        "ACTIVE": 40533,
        "INACTIVE": 53674,
        "INVALID": 0,
        "MALICIOUS": 0,
        "SANE": 0,
        "VALID": 0,
        "total": 94207
    },
    "percentage": {
        "ACTIVE": 43.02546519897672,
        "INACTIVE": 56.97453480102328,
        "INVALID": 0.0,
        "MALICIOUS": 0.0,
        "SANE": 0.0,
        "VALID": 0.0,
        "total": 100.0
    }
}