{
    "counter": {
        "ACTIVE": 25831,
        "INACTIVE": 32915,
        "INVALID": 0,
        "MALICIOUS": 0,
        "SANE": 0,
        "VALID": 0,
        "total": 58746
    },
    "percentage": {
        "ACTIVE": 43.97065332107718,
        "INACTIVE": 56.02934667892282,
        "INVALID": 0.0,
        "MALICIOUS": 0.0,
        "SANE": 0.0,
        "VALID": 0.0,
        "total": 100.0
    }
}