{
    "counter": {
        "ACTIVE": 15774,
        "INACTIVE": 21026,
        "INVALID": 0,
        "MALICIOUS": 0,
        "SANE": 0,
        "VALID": 0,
        "total": 36800
    },
    "percentage": {
        "ACTIVE": 42.86529525258839,
        "INACTIVE": 57.13586956521739,
        "INVALID": 0,
        "MALICIOUS": 0,
        "SANE": 0,
        "VALID": 0,
        "total": 100.00116481780577
    }
}