{
    "counter": {
        "ACTIVE": 14681,
        "INACTIVE": 19647,
        "INVALID": 0,
        "MALICIOUS": 0,
        "SANE": 0,
        "VALID": 0,
        "total": 34328
    },
    "percentage": {
        "ACTIVE": 42.768083432866256,
        "INACTIVE": 57.2331624329993,
        "INVALID": 0,
        "MALICIOUS": 0,
        "SANE": 0,
        "VALID": 0,
        "total": 100.00124586586556
    }
}