{
    "counter": {
        "ACTIVE": 8606,
        "INACTIVE": 11567,
        "INVALID": 0,
        "MALICIOUS": 0,
        "SANE": 0,
        "VALID": 0,
        "total": 20173
    },
    "percentage": {
        "ACTIVE": 42.66098250136321,
        "INACTIVE": 57.3475458601884,
        "INVALID": 0,
        "MALICIOUS": 0,
        "SANE": 0,
        "VALID": 0,
        "total": 100.00852836155161
    }
}