{
    "counter": {
        "ACTIVE": 40396,
        "INACTIVE": 53206,
        "INVALID": 0,
        "MALICIOUS": 0,
        "SANE": 0,
        "VALID": 0,
        "total": 93602
    },
    "percentage": {
        "ACTIVE": 43.157197495780004,
        "INACTIVE": 56.842802504219996,
        "INVALID": 0.0,
        "MALICIOUS": 0.0,
        "SANE": 0.0,
        "VALID": 0.0,
        "total": 100.0
    }
}