{
    "counter": {
        "ACTIVE": 14955,
        "INACTIVE": 20039,
        "INVALID": 0,
        "MALICIOUS": 0,
        "SANE": 0,
        "VALID": 0,
        "total": 34994
    },
    "percentage": {
        "ACTIVE": 42.73834019204389,
        "INACTIVE": 57.2641024175573,
        "INVALID": 0,
        "MALICIOUS": 0,
        "SANE": 0,
        "VALID": 0,
        "total": 100.00244260960119
    }
}