{
    "counter": {
        "ACTIVE": 41778,
        "INACTIVE": 55498,
        "INVALID": 0,
        "MALICIOUS": 0,
        "SANE": 0,
        "VALID": 0,
        "total": 97276
    },
    "percentage": {
        "ACTIVE": 42.94790081829023,
        "INACTIVE": 57.05209918170977,
        "INVALID": 0.0,
        "MALICIOUS": 0.0,
        "SANE": 0.0,
        "VALID": 0.0,
        "total": 100.0
    }
}