{
    "counter": {
        "ACTIVE": 21121,
        "INACTIVE": 26064,
        "INVALID": 0,
        "MALICIOUS": 0,
        "SANE": 0,
        "VALID": 0,
        "total": 47185
    },
    "percentage": {
        "ACTIVE": 44.76210660167426,
        "INACTIVE": 55.239064089521875,
        "INVALID": 0,
        "MALICIOUS": 0,
        "SANE": 0,
        "VALID": 0,
        "total": 100.00117069119614
    }
}