{
    "counter": {
        "ACTIVE": 21082,
        "INACTIVE": 26015,
        "INVALID": 0,
        "MALICIOUS": 0,
        "SANE": 0,
        "VALID": 0,
        "total": 47097
    },
    "percentage": {
        "ACTIVE": 44.76388652964158,
        "INACTIVE": 55.23706393188526,
        "INVALID": 0,
        "MALICIOUS": 0,
        "SANE": 0,
        "VALID": 0,
        "total": 100.00095046152684
    }
}