{
    "counter": {
        "ACTIVE": 37972,
        "INACTIVE": 46983,
        "INVALID": 0,
        "MALICIOUS": 0,
        "SANE": 0,
        "VALID": 0,
        "total": 84955
    },
    "percentage": {
        "ACTIVE": 44.69660408451533,
        "INACTIVE": 55.30339591548467,
        "INVALID": 0.0,
        "MALICIOUS": 0.0,
        "SANE": 0.0,
        "VALID": 0.0,
        "total": 100.0
    }
}