{
    "counter": {
        "ACTIVE": 11370,
        "INACTIVE": 14100,
        "INVALID": 0,
        "MALICIOUS": 0,
        "SANE": 0,
        "VALID": 0,
        "total": 25470
    },
    "percentage": {
        "ACTIVE": 44.64075382803298,
        "INACTIVE": 55.3635935291346,
        "INVALID": 0,
        "MALICIOUS": 0,
        "SANE": 0,
        "VALID": 0,
        "total": 100.00434735716757
    }
}