{
    "counter": {
        "ACTIVE": 5117,
        "INACTIVE": 6427,
        "INVALID": 0,
        "MALICIOUS": 0,
        "SANE": 0,
        "VALID": 0,
        "total": 11544
    },
    "percentage": {
        "ACTIVE": 44.32605682605683,
        "INACTIVE": 55.688415215319296,
        "INVALID": 0,
        "MALICIOUS": 0,
        "SANE": 0,
        "VALID": 0,
        "total": 100.01447204137612
    }
}