{
    "counter": {
        "ACTIVE": 18568,
        "INACTIVE": 23634,
        "INVALID": 0,
        "MALICIOUS": 0,
        "SANE": 0,
        "VALID": 0,
        "total": 42202
    },
    "percentage": {
        "ACTIVE": 43.99791479076821,
        "INACTIVE": 56.00473933649289,
        "INVALID": 0,
        "MALICIOUS": 0,
        "SANE": 0,
        "VALID": 0,
        "total": 100.00265412726111
    }
}