{
    "counter": {
        "ACTIVE": 36997,
        "INACTIVE": 46027,
        "INVALID": 0,
        "MALICIOUS": 0,
        "SANE": 0,
        "VALID": 0,
        "total": 83024
    },
    "percentage": {
        "ACTIVE": 44.56181345153209,
        "INACTIVE": 55.43818654846791,
        "INVALID": 0.0,
        "MALICIOUS": 0.0,
        "SANE": 0.0,
        "VALID": 0.0,
        "total": 100.0
    }
}