{
    "counter": {
        "ACTIVE": 23316,
        "INACTIVE": 28632,
        "INVALID": 0,
        "MALICIOUS": 0,
        "SANE": 0,
        "VALID": 0,
        "total": 51948
    },
    "percentage": {
        "ACTIVE": 44.88334488334488,
        "INACTIVE": 55.11665511665512,
        "INVALID": 0.0,
        "MALICIOUS": 0.0,
        "SANE": 0.0,
        "VALID": 0.0,
        "total": 100.0
    }
}