{
    "counter": {
        "ACTIVE": 40420,
        "INACTIVE": 53390,
        "INVALID": 0,
        "MALICIOUS": 0,
        "SANE": 0,
        "VALID": 0,
        "total": 93810
    },
    "percentage": {
        "ACTIVE": 43.08709092847244,
        "INACTIVE": 56.91290907152756,
        "INVALID": 0.0,
        "MALICIOUS": 0.0,
        "SANE": 0.0,
        "VALID": 0.0,
        "total": 100.0
    }
}