{
    "counter": {
        "ACTIVE": 7040,
        "INACTIVE": 9317,
        "INVALID": 0,
        "MALICIOUS": 0,
        "SANE": 0,
        "VALID": 0,
        "total": 16357
    },
    "percentage": {
        "ACTIVE": 43.04757245933717,
        "INACTIVE": 56.96032279757902,
        "INVALID": 0,
        "MALICIOUS": 0,
        "SANE": 0,
        "VALID": 0,
        "total": 100.00789525691619
    }
}