{
    "counter": {
        "ACTIVE": 29815,
        "INACTIVE": 37684,
        "INVALID": 0,
        "MALICIOUS": 0,
        "SANE": 0,
        "VALID": 0,
        "total": 67499
    },
    "percentage": {
        "ACTIVE": 44.17102475592231,
        "INACTIVE": 55.82980236451451,
        "INVALID": 0.0,
        "MALICIOUS": 0.0,
        "SANE": 0.0,
        "VALID": 0.0,
        "total": 100.00082712043681
    }
}