{
    "counter": {
        "ACTIVE": 1011,
        "INACTIVE": 1258,
        "INVALID": 0,
        "MALICIOUS": 0,
        "SANE": 0,
        "VALID": 0,
        "total": 2269
    },
    "percentage": {
        "ACTIVE": 44.55707360070516,
        "INACTIVE": 55.467372134038804,
        "INVALID": 0,
        "MALICIOUS": 0,
        "SANE": 0,
        "VALID": 0,
        "total": 100.02444573474396
    }
}