{
    "counter": {
        "ACTIVE": 12022,
        "INACTIVE": 14784,
        "INVALID": 0,
        "MALICIOUS": 0,
        "SANE": 0,
        "VALID": 0,
        "total": 26806
    },
    "percentage": {
        "ACTIVE": 44.848168320525254,
        "INACTIVE": 55.15388919977616,
        "INVALID": 0,
        "MALICIOUS": 0,
        "SANE": 0,
        "VALID": 0,
        "total": 100.0020575203014
    }
}