{
    "counter": {
        "ACTIVE": 33437,
        "INACTIVE": 42208,
        "INVALID": 0,
        "MALICIOUS": 0,
        "SANE": 0,
        "VALID": 0,
        "total": 75645
    },
    "percentage": {
        "ACTIVE": 44.20252495207879,
        "INACTIVE": 55.79747504792121,
        "INVALID": 0.0,
        "MALICIOUS": 0.0,
        "SANE": 0.0,
        "VALID": 0.0,
        "total": 100.0
    }
}