{
    "counter": {
        "ACTIVE": 42602,
        "INACTIVE": 56751,
        "INVALID": 0,
        "MALICIOUS": 0,
        "SANE": 0,
        "VALID": 0,
        "total": 99353
    },
    "percentage": {
        "ACTIVE": 42.87942991152758,
        "INACTIVE": 57.12057008847242,
        "INVALID": 0.0,
        "MALICIOUS": 0.0,
        "SANE": 0.0,
        "VALID": 0.0,
        "total": 100.0
    }
}