{
    "counter": {
        "ACTIVE": 32819,
        "INACTIVE": 41308,
        "INVALID": 0,
        "MALICIOUS": 0,
        "SANE": 0,
        "VALID": 0,
        "total": 74127
    },
    "percentage": {
        "ACTIVE": 44.274016215414086,
        "INACTIVE": 55.725983784585914,
        "INVALID": 0.0,
        "MALICIOUS": 0.0,
        "SANE": 0.0,
        "VALID": 0.0,
        "total": 100.0
    }
}