{
    "counter": {
        "ACTIVE": 40162,
        "INACTIVE": 51540,
        "INVALID": 0,
        "MALICIOUS": 0,
        "SANE": 0,
        "VALID": 0,
        "total": 91702
    },
    "percentage": {
        "ACTIVE": 43.79620946108046,
        "INACTIVE": 56.20379053891954,
        "INVALID": 0.0,
        "MALICIOUS": 0.0,
        "SANE": 0.0,
        "VALID": 0.0,
        "total": 100.0
    }
}