{
    "counter": {
        "ACTIVE": 22120,
        "INACTIVE": 27126,
        "INVALID": 0,
        "MALICIOUS": 0,
        "SANE": 0,
        "VALID": 0,
        "total": 49246
    },
    "percentage": {
        "ACTIVE": 44.91735369370101,
        "INACTIVE": 55.08264630629899,
        "INVALID": 0.0,
        "MALICIOUS": 0.0,
        "SANE": 0.0,
        "VALID": 0.0,
        "total": 100.0
    }
}