{
    "counter": {
        "ACTIVE": 8458,
        "INACTIVE": 11322,
        "INVALID": 0,
        "MALICIOUS": 0,
        "SANE": 0,
        "VALID": 0,
        "total": 19780
    },
    "percentage": {
        "ACTIVE": 42.77333872762213,
        "INACTIVE": 57.23963599595551,
        "INVALID": 0,
        "MALICIOUS": 0,
        "SANE": 0,
        "VALID": 0,
        "total": 100.01297472357764
    }
}