{
    "counter": {
        "ACTIVE": 42859,
        "INACTIVE": 57034,
        "INVALID": 0,
        "MALICIOUS": 0,
        "SANE": 0,
        "VALID": 0,
        "total": 99893
    },
    "percentage": {
        "ACTIVE": 42.904908251829454,
        "INACTIVE": 57.095091748170546,
        "INVALID": 0.0,
        "MALICIOUS": 0.0,
        "SANE": 0.0,
        "VALID": 0.0,
        "total": 100.0
    }
}