{
    "counter": {
        "ACTIVE": 24499,
        "INACTIVE": 30381,
        "INVALID": 0,
        "MALICIOUS": 0,
        "SANE": 0,
        "VALID": 0,
        "total": 54880
    },
    "percentage": {
        "ACTIVE": 44.64103498542274,
        "INACTIVE": 55.35896501457726,
        "INVALID": 0.0,
        "MALICIOUS": 0.0,
        "SANE": 0.0,
        "VALID": 0.0,
        "total": 100.0
    }
}