{
    "counter": {
        "ACTIVE": 13730,
        "INACTIVE": 17989,
        "INVALID": 0,
        "MALICIOUS": 0,
        "SANE": 0,
        "VALID": 0,
        "total": 31719
    },
    "percentage": {
        "ACTIVE": 43.287723059461506,
        "INACTIVE": 56.7136416658785,
        "INVALID": 0,
        "MALICIOUS": 0,
        "SANE": 0,
        "VALID": 0,
        "total": 100.00136472534001
    }
}