{
    "counter": {
        "ACTIVE": 38959,
        "INACTIVE": 48132,
        "INVALID": 0,
        "MALICIOUS": 0,
        "SANE": 0,
        "VALID": 0,
        "total": 87091
    },
    "percentage": {
        "ACTIVE": 44.73366938030336,
        "INACTIVE": 55.26633061969664,
        "INVALID": 0.0,
        "MALICIOUS": 0.0,
        "SANE": 0.0,
        "VALID": 0.0,
        "total": 100.0
    }
}