{
    "counter": {
        "ACTIVE": 15462,
        "INACTIVE": 20838,
        "INVALID": 0,
        "MALICIOUS": 0,
        "SANE": 0,
        "VALID": 0,
        "total": 36300
    },
    "percentage": {
        "ACTIVE": 42.599735508044965,
        "INACTIVE": 57.40495867768595,
        "INVALID": 0,
        "MALICIOUS": 0,
        "SANE": 0,
        "VALID": 0,
        "total": 100.00469418573091
    }
}