{
    "counter": {
        "ACTIVE": 33124,
        "INACTIVE": 41765,
        "INVALID": 0,
        "MALICIOUS": 0,
        "SANE": 0,
        "VALID": 0,
        "total": 74889
    },
    "percentage": {
        "ACTIVE": 44.23079490979984,
        "INACTIVE": 55.76920509020016,
        "INVALID": 0.0,
        "MALICIOUS": 0.0,
        "SANE": 0.0,
        "VALID": 0.0,
        "total": 100.0
    }
}