{
    "counter": {
        "ACTIVE": 16690,
        "INACTIVE": 21767,
        "INVALID": 0,
        "MALICIOUS": 0,
        "SANE": 0,
        "VALID": 0,
        "total": 38457
    },
    "percentage": {
        "ACTIVE": 43.39912109628936,
        "INACTIVE": 56.602350738506345,
        "INVALID": 0,
        "MALICIOUS": 0,
        "SANE": 0,
        "VALID": 0,
        "total": 100.00147183479571
    }
}