{
    "counter": {
        "ACTIVE": 33022,
        "INACTIVE": 41624,
        "INVALID": 0,
        "MALICIOUS": 0,
        "SANE": 0,
        "VALID": 0,
        "total": 74646
    },
    "percentage": {
        "ACTIVE": 44.23813734158562,
        "INACTIVE": 55.76186265841438,
        "INVALID": 0.0,
        "MALICIOUS": 0.0,
        "SANE": 0.0,
        "VALID": 0.0,
        "total": 100.0
    }
}