{
    "counter": {
        "ACTIVE": 5395,
        "INACTIVE": 6720,
        "INVALID": 0,
        "MALICIOUS": 0,
        "SANE": 0,
        "VALID": 0,
        "total": 12115
    },
    "percentage": {
        "ACTIVE": 44.53524847284134,
        "INACTIVE": 55.468427569129176,
        "INVALID": 0,
        "MALICIOUS": 0,
        "SANE": 0,
        "VALID": 0,
        "total": 100.00367604197052
    }
}