{
    "counter": {
        "ACTIVE": 8808,
        "INACTIVE": 11860,
        "INVALID": 0,
        "MALICIOUS": 0,
        "SANE": 0,
        "VALID": 0,
        "total": 20668
    },
    "percentage": {
        "ACTIVE": 42.61866744084773,
        "INACTIVE": 57.38339461970195,
        "INVALID": 0,
        "MALICIOUS": 0,
        "SANE": 0,
        "VALID": 0,
        "total": 100.00206206054969
    }
}