{
    "counter": {
        "ACTIVE": 22930,
        "INACTIVE": 28051,
        "INVALID": 0,
        "MALICIOUS": 0,
        "SANE": 0,
        "VALID": 0,
        "total": 50981
    },
    "percentage": {
        "ACTIVE": 44.97754065239992,
        "INACTIVE": 55.02245934760008,
        "INVALID": 0.0,
        "MALICIOUS": 0.0,
        "SANE": 0.0,
        "VALID": 0.0,
        "total": 100.0
    }
}