{
    "counter": {
        "ACTIVE": 26654,
        "INACTIVE": 34083,
        "INVALID": 0,
        "MALICIOUS": 0,
        "SANE": 0,
        "VALID": 0,
        "total": 60737
    },
    "percentage": {
        "ACTIVE": 43.88428799578511,
        "INACTIVE": 56.11571200421489,
        "INVALID": 0.0,
        "MALICIOUS": 0.0,
        "SANE": 0.0,
        "VALID": 0.0,
        "total": 100.0
    }
}