{
    "counter": {
        "ACTIVE": 34964,
        "INACTIVE": 43611,
        "INVALID": 0,
        "MALICIOUS": 0,
        "SANE": 0,
        "VALID": 0,
        "total": 78575
    },
    "percentage": {
        "ACTIVE": 44.49761374482978,
        "INACTIVE": 55.50238625517022,
        "INVALID": 0.0,
        "MALICIOUS": 0.0,
        "SANE": 0.0,
        "VALID": 0.0,
        "total": 100.0
    }
}