{
    "counter": {
        "ACTIVE": 4642,
        "INACTIVE": 5958,
        "INVALID": 0,
        "MALICIOUS": 0,
        "SANE": 0,
        "VALID": 0,
        "total": 10600
    },
    "percentage": {
        "ACTIVE": 43.79658458345127,
        "INACTIVE": 56.20754716981132,
        "INVALID": 0,
        "MALICIOUS": 0,
        "SANE": 0,
        "VALID": 0,
        "total": 100.00413175326258
    }
}