{
    "counter": {
        "ACTIVE": 12963,
        "INACTIVE": 16418,
        "INVALID": 0,
        "MALICIOUS": 0,
        "SANE": 0,
        "VALID": 0,
        "total": 29381
    },
    "percentage": {
        "ACTIVE": 44.1233534157051,
        "INACTIVE": 55.87965011401926,
        "INVALID": 0,
        "MALICIOUS": 0,
        "SANE": 0,
        "VALID": 0,
        "total": 100.00300352972437
    }
}