{
    "counter": {
        "ACTIVE": 39392,
        "INACTIVE": 48974,
        "INVALID": 0,
        "MALICIOUS": 0,
        "SANE": 0,
        "VALID": 0,
        "total": 88366
    },
    "percentage": {
        "ACTIVE": 44.57823144648394,
        "INACTIVE": 55.42176855351606,
        "INVALID": 0.0,
        "MALICIOUS": 0.0,
        "SANE": 0.0,
        "VALID": 0.0,
        "total": 100.0
    }
}