{
    "counter": {
        "ACTIVE": 9749,
        "INACTIVE": 12794,
        "INVALID": 0,
        "MALICIOUS": 0,
        "SANE": 0,
        "VALID": 0,
        "total": 22543
    },
    "percentage": {
        "ACTIVE": 43.24624051812093,
        "INACTIVE": 56.766350164167186,
        "INVALID": 0,
        "MALICIOUS": 0,
        "SANE": 0,
        "VALID": 0,
        "total": 100.0125906822881
    }
}