{
    "counter": {
        "ACTIVE": 38064,
        "INACTIVE": 47075,
        "INVALID": 0,
        "MALICIOUS": 0,
        "SANE": 0,
        "VALID": 0,
        "total": 85139
    },
    "percentage": {
        "ACTIVE": 44.70806563384583,
        "INACTIVE": 55.29193436615417,
        "INVALID": 0.0,
        "MALICIOUS": 0.0,
        "SANE": 0.0,
        "VALID": 0.0,
        "total": 100.0
    }
}