{
    "counter": {
        "ACTIVE": 8661,
        "INACTIVE": 11623,
        "INVALID": 0,
        "MALICIOUS": 0,
        "SANE": 0,
        "VALID": 0,
        "total": 20284
    },
    "percentage": {
        "ACTIVE": 42.70078390770596,
        "INACTIVE": 57.301321238414516,
        "INVALID": 0,
        "MALICIOUS": 0,
        "SANE": 0,
        "VALID": 0,
        "total": 100.00210514612047
    }
}