{
    "counter": {
        "ACTIVE": 36105,
        "INACTIVE": 45186,
        "INVALID": 0,
        "MALICIOUS": 0,
        "SANE": 0,
        "VALID": 0,
        "total": 81291
    },
    "percentage": {
        "ACTIVE": 44.414510831457356,
        "INACTIVE": 55.585489168542644,
        "INVALID": 0.0,
        "MALICIOUS": 0.0,
        "SANE": 0.0,
        "VALID": 0.0,
        "total": 100.0
    }
}