{
    "counter": {
        "ACTIVE": 42745,
        "INACTIVE": 56890,
        "INVALID": 0,
        "MALICIOUS": 0,
        "SANE": 0,
        "VALID": 0,
        "total": 99635
    },
    "percentage": {
        "ACTIVE": 42.90159080644352,
        "INACTIVE": 57.09840919355648,
        "INVALID": 0.0,
        "MALICIOUS": 0.0,
        "SANE": 0.0,
        "VALID": 0.0,
        "total": 100.0
    }
}