{
    "counter": {
        "ACTIVE": 11939,
        "INACTIVE": 14684,
        "INVALID": 0,
        "MALICIOUS": 0,
        "SANE": 0,
        "VALID": 0,
        "total": 26623
    },
    "percentage": {
        "ACTIVE": 44.844683168688725,
        "INACTIVE": 55.17396858796123,
        "INVALID": 0,
        "MALICIOUS": 0,
        "SANE": 0,
        "VALID": 0,
        "total": 100.01865175664994
    }
}