{
    "counter": {
        "ACTIVE": 36126,
        "INACTIVE": 45211,
        "INVALID": 0,
        "MALICIOUS": 0,
        "SANE": 0,
        "VALID": 0,
        "total": 81337
    },
    "percentage": {
        "ACTIVE": 44.415210789677516,
        "INACTIVE": 55.584789210322484,
        "INVALID": 0.0,
        "MALICIOUS": 0.0,
        "SANE": 0.0,
        "VALID": 0.0,
        "total": 100.0
    }
}