{
    "counter": {
        "ACTIVE": 22026,
        "INACTIVE": 27000,
        "INVALID": 0,
        "MALICIOUS": 0,
        "SANE": 0,
        "VALID": 0,
        "total": 49026
    },
    "percentage": {
        "ACTIVE": 44.927181495532984,
        "INACTIVE": 55.072818504467016,
        "INVALID": 0.0,
        "MALICIOUS": 0.0,
        "SANE": 0.0,
        "VALID": 0.0,
        "total": 100.0
    }
}