{
    "counter": {
        "ACTIVE": 33702,
        "INACTIVE": 42547,
        "INVALID": 0,
        "MALICIOUS": 0,
        "SANE": 0,
        "VALID": 0,
        "total": 76249
    },
    "percentage": {
        "ACTIVE": 44.199923933428636,
        "INACTIVE": 55.800076066571364,
        "INVALID": 0.0,
        "MALICIOUS": 0.0,
        "SANE": 0.0,
        "VALID": 0.0,
        "total": 100.0
    }
}