{
    "counter": {
        "ACTIVE": 16490,
        "INACTIVE": 21563,
        "INVALID": 0,
        "MALICIOUS": 0,
        "SANE": 0,
        "VALID": 0,
        "total": 38053
    },
    "percentage": {
        "ACTIVE": 43.33543571954168,
        "INACTIVE": 56.66570309831025,
        "INVALID": 0,
        "MALICIOUS": 0,
        "SANE": 0,
        "VALID": 0,
        "total": 100.00113881785194
    }
}