{
    "counter": {
        "ACTIVE": 12551,
        "INACTIVE": 15655,
        "INVALID": 0,
        "MALICIOUS": 0,
        "SANE": 0,
        "VALID": 0,
        "total": 28206
    },
    "percentage": {
        "ACTIVE": 44.50709219858156,
        "INACTIVE": 55.50237538112459,
        "INVALID": 0,
        "MALICIOUS": 0,
        "SANE": 0,
        "VALID": 0,
        "total": 100.00946757970615
    }
}