{
    "counter": {
        "ACTIVE": 21235,
        "INACTIVE": 26181,
        "INVALID": 0,
        "MALICIOUS": 0,
        "SANE": 0,
        "VALID": 0,
        "total": 47416
    },
    "percentage": {
        "ACTIVE": 44.78446094145436,
        "INACTIVE": 55.21553905854564,
        "INVALID": 0.0,
        "MALICIOUS": 0.0,
        "SANE": 0.0,
        "VALID": 0.0,
        "total": 100.0
    }
}