{
    "counter": {
        "ACTIVE": 5246,
        "INACTIVE": 6568,
        "INVALID": 0,
        "MALICIOUS": 0,
        "SANE": 0,
        "VALID": 0,
        "total": 11814
    },
    "percentage": {
        "ACTIVE": 44.419983065198984,
        "INACTIVE": 55.59505671237515,
        "INVALID": 0,
        "MALICIOUS": 0,
        "SANE": 0,
        "VALID": 0,
        "total": 100.01503977757413
    }
}