{
    "counter": {
        "ACTIVE": 34849,
        "INACTIVE": 43439,
        "INVALID": 0,
        "MALICIOUS": 0,
        "SANE": 0,
        "VALID": 0,
        "total": 78288
    },
    "percentage": {
        "ACTIVE": 44.51384631105661,
        "INACTIVE": 55.48615368894339,
        "INVALID": 0.0,
        "MALICIOUS": 0.0,
        "SANE": 0.0,
        "VALID": 0.0,
        "total": 100.0
    }
}