{
    "counter": {
        "ACTIVE": 27351,
        "INACTIVE": 35053,
        "INVALID": 0,
        "MALICIOUS": 0,
        "SANE": 0,
        "VALID": 0,
        "total": 62404
    },
    "percentage": {
        "ACTIVE": 43.828921222998524,
        "INACTIVE": 56.171078777001476,
        "INVALID": 0.0,
        "MALICIOUS": 0.0,
        "SANE": 0.0,
        "VALID": 0.0,
        "total": 100.0
    }
}