{
    "counter": {
        "ACTIVE": 25206,
        "INACTIVE": 31715,
        "INVALID": 0,
        "MALICIOUS": 0,
        "SANE": 0,
        "VALID": 0,
        "total": 56921
    },
    "percentage": {
        "ACTIVE": 44.282426520967654,
        "INACTIVE": 55.717573479032346,
        "INVALID": 0.0,
        "MALICIOUS": 0.0,
        "SANE": 0.0,
        "VALID": 0.0,
        "total": 100.0
    }
}