{
    "counter": {
        "ACTIVE": 23649,
        "INACTIVE": 28970,
        "INVALID": 0,
        "MALICIOUS": 0,
        "SANE": 0,
        "VALID": 0,
        "total": 52619
    },
    "percentage": {
        "ACTIVE": 44.943841578137175,
        "INACTIVE": 55.056158421862825,
        "INVALID": 0.0,
        "MALICIOUS": 0.0,
        "SANE": 0.0,
        "VALID": 0.0,
        "total": 100.0
    }
}