{
    "counter": {
        "ACTIVE": 5238,
        "INACTIVE": 6556,
        "INVALID": 0,
        "MALICIOUS": 0,
        "SANE": 0,
        "VALID": 0,
        "total": 11794
    },
    "percentage": {
        "ACTIVE": 44.41241309140241,
        "INACTIVE": 55.615880556498134,
        "INVALID": 0,
        "MALICIOUS": 0,
        "SANE": 0,
        "VALID": 0,
        "total": 100.02829364790054
    }
}