{
    "counter": {
        "ACTIVE": 28604,
        "INACTIVE": 36485,
        "INVALID": 0,
        "MALICIOUS": 0,
        "SANE": 0,
        "VALID": 0,
        "total": 65089
    },
    "percentage": {
        "ACTIVE": 43.946656833824974,
        "INACTIVE": 56.054018344113445,
        "INVALID": 0.0,
        "MALICIOUS": 0.0,
        "SANE": 0.0,
        "VALID": 0.0,
        "total": 100.00067517793842
    }
}