{
    "counter": {
        "ACTIVE": 19851,
        "INACTIVE": 24990,
        "INVALID": 0,
        "MALICIOUS": 0,
        "SANE": 0,
        "VALID": 0,
        "total": 44841
    },
    "percentage": {
        "ACTIVE": 44.269753127717934,
        "INACTIVE": 55.73148974130241,
        "INVALID": 0,
        "MALICIOUS": 0,
        "SANE": 0,
        "VALID": 0,
        "total": 100.00124286902034
    }
}