{
    "counter": {
        "ACTIVE": 40784,
        "INACTIVE": 54532,
        "INVALID": 0,
        "MALICIOUS": 0,
        "SANE": 0,
        "VALID": 0,
        "total": 95316
    },
    "percentage": {
        "ACTIVE": 42.78819925301104,
        "INACTIVE": 57.21180074698896,
        "INVALID": 0.0,
        "MALICIOUS": 0.0,
        "SANE": 0.0,
        "VALID": 0.0,
        "total": 100.0
    }
}