{
    "counter": {
        "ACTIVE": 40919,
        "INACTIVE": 54597,
        "INVALID": 0,
        "MALICIOUS": 0,
        "SANE": 0,
        "VALID": 0,
        "total": 95516
    },
    "percentage": {
        "ACTIVE": 42.839943046191216,
        "INACTIVE": 57.160056953808784,
        "INVALID": 0.0,
        "MALICIOUS": 0.0,
        "SANE": 0.0,
        "VALID": 0.0,
        "total": 100.0
    }
}