{
    "counter": {
        "ACTIVE": 16972,
        "INACTIVE": 22012,
        "INVALID": 0,
        "MALICIOUS": 0,
        "SANE": 0,
        "VALID": 0,
        "total": 38984
    },
    "percentage": {
        "ACTIVE": 43.538043199425374,
        "INACTIVE": 56.4641904371024,
        "INVALID": 0,
        "MALICIOUS": 0,
        "SANE": 0,
        "VALID": 0,
        "total": 100.00223363652778
    }
}