{
    "counter": {
        "ACTIVE": 17454,
        "INACTIVE": 22548,
        "INVALID": 0,
        "MALICIOUS": 0,
        "SANE": 0,
        "VALID": 0,
        "total": 40002
    },
    "percentage": {
        "ACTIVE": 43.635,
        "INACTIVE": 56.367181640917956,
        "INVALID": 0,
        "MALICIOUS": 0,
        "SANE": 0,
        "VALID": 0,
        "total": 100.00218164091795
    }
}