{
    "counter": {
        "ACTIVE": 26196,
        "INACTIVE": 33577,
        "INVALID": 0,
        "MALICIOUS": 0,
        "SANE": 0,
        "VALID": 0,
        "total": 59773
    },
    "percentage": {
        "ACTIVE": 43.82580763890051,
        "INACTIVE": 56.17419236109949,
        "INVALID": 0.0,
        "MALICIOUS": 0.0,
        "SANE": 0.0,
        "VALID": 0.0,
        "total": 100.0
    }
}