{
    "counter": {
        "ACTIVE": 12509,
        "INACTIVE": 15517,
        "INVALID": 0,
        "MALICIOUS": 0,
        "SANE": 0,
        "VALID": 0,
        "total": 28026
    },
    "percentage": {
        "ACTIVE": 44.64948600799543,
        "INACTIVE": 55.36644544351673,
        "INVALID": 0,
        "MALICIOUS": 0,
        "SANE": 0,
        "VALID": 0,
        "total": 100.01593145151216
    }
}