{
    "counter": {
        "ACTIVE": 35534,
        "INACTIVE": 44508,
        "INVALID": 0,
        "MALICIOUS": 0,
        "SANE": 0,
        "VALID": 0,
        "total": 80042
    },
    "percentage": {
        "ACTIVE": 44.394193048649456,
        "INACTIVE": 55.605806951350544,
        "INVALID": 0.0,
        "MALICIOUS": 0.0,
        "SANE": 0.0,
        "VALID": 0.0,
        "total": 100.0
    }
}