{
    "counter": {
        "ACTIVE": 8014,
        "INACTIVE": 10551,
        "INVALID": 0,
        "MALICIOUS": 0,
        "SANE": 0,
        "VALID": 0,
        "total": 18565
    },
    "percentage": {
        "ACTIVE": 43.1695755225167,
        "INACTIVE": 56.832749798007,
        "INVALID": 0,
        "MALICIOUS": 0,
        "SANE": 0,
        "VALID": 0,
        "total": 100.00232532052371
    }
}