{
    "counter": {
        "ACTIVE": 36685,
        "INACTIVE": 45913,
        "INVALID": 0,
        "MALICIOUS": 0,
        "SANE": 0,
        "VALID": 0,
        "total": 82598
    },
    "percentage": {
        "ACTIVE": 44.41390832707814,
        "INACTIVE": 55.58609167292186,
        "INVALID": 0.0,
        "MALICIOUS": 0.0,
        "SANE": 0.0,
        "VALID": 0.0,
        "total": 100.0
    }
}