{
    "counter": {
        "ACTIVE": 4609,
        "INACTIVE": 5868,
        "INVALID": 0,
        "MALICIOUS": 0,
        "SANE": 0,
        "VALID": 0,
        "total": 10477
    },
    "percentage": {
        "ACTIVE": 43.995799923634976,
        "INACTIVE": 56.008399350959245,
        "INVALID": 0,
        "MALICIOUS": 0,
        "SANE": 0,
        "VALID": 0,
        "total": 100.00419927459421
    }
}