{
    "counter": {
        "ACTIVE": 3203,
        "INACTIVE": 3983,
        "INVALID": 0,
        "MALICIOUS": 0,
        "SANE": 0,
        "VALID": 0,
        "total": 7186
    },
    "percentage": {
        "ACTIVE": 44.57278040634567,
        "INACTIVE": 55.43493389004871,
        "INVALID": 0,
        "MALICIOUS": 0,
        "SANE": 0,
        "VALID": 0,
        "total": 100.00771429639438
    }
}