{
    "counter": {
        "ACTIVE": 35942,
        "INACTIVE": 44995,
        "INVALID": 0,
        "MALICIOUS": 0,
        "SANE": 0,
        "VALID": 0,
        "total": 80937
    },
    "percentage": {
        "ACTIVE": 44.40737857840048,
        "INACTIVE": 55.59262142159952,
        "INVALID": 0.0,
        "MALICIOUS": 0.0,
        "SANE": 0.0,
        "VALID": 0.0,
        "total": 100.0
    }
}