{
    "counter": {
        "ACTIVE": 6516,
        "INACTIVE": 8525,
        "INVALID": 0,
        "MALICIOUS": 0,
        "SANE": 0,
        "VALID": 0,
        "total": 15041
    },
    "percentage": {
        "ACTIVE": 43.32158766039492,
        "INACTIVE": 56.682180851063826,
        "INVALID": 0,
        "MALICIOUS": 0,
        "SANE": 0,
        "VALID": 0,
        "total": 100.00376851145874
    }
}