{
    "counter": {
        "ACTIVE": 40511,
        "INACTIVE": 53633,
        "INVALID": 0,
        "MALICIOUS": 0,
        "SANE": 0,
        "VALID": 0,
        "total": 94144
    },
    "percentage": {
        "ACTIVE": 43.03088885112169,
        "INACTIVE": 56.96911114887831,
        "INVALID": 0.0,
        "MALICIOUS": 0.0,
        "SANE": 0.0,
        "VALID": 0.0,
        "total": 100.0
    }
}