{
    "counter": {
        "ACTIVE": 25704,
        "INACTIVE": 32680,
        "INVALID": 0,
        "MALICIOUS": 0,
        "SANE": 0,
        "VALID": 0,
        "total": 58384
    },
    "percentage": {
        "ACTIVE": 44.025760482323925,
        "INACTIVE": 55.974239517676075,
        "INVALID": 0.0,
        "MALICIOUS": 0.0,
        "SANE": 0.0,
        "VALID": 0.0,
        "total": 100.0
    }
}