{
    "counter": {
        "ACTIVE": 24618,
        "INACTIVE": 30468,
        "INVALID": 0,
        "MALICIOUS": 0,
        "SANE": 0,
        "VALID": 0,
        "total": 55086
    },
    "percentage": {
        "ACTIVE": 44.69012090186254,
        "INACTIVE": 55.30987909813746,
        "INVALID": 0.0,
        "MALICIOUS": 0.0,
        "SANE": 0.0,
        "VALID": 0.0,
        "total": 100.0
    }
}