{
    "counter": {
        "ACTIVE": 11273,
        "INACTIVE": 13971,
        "INVALID": 0,
        "MALICIOUS": 0,
        "SANE": 0,
        "VALID": 0,
        "total": 25244
    },
    "percentage": {
        "ACTIVE": 44.66323296354992,
        "INACTIVE": 55.343844081762,
        "INVALID": 0,
        "MALICIOUS": 0,
        "SANE": 0,
        "VALID": 0,
        "total": 100.00707704531192
    }
}