{
    "counter": {
        "ACTIVE": 35073,
        "INACTIVE": 43895,
        "INVALID": 0,
        "MALICIOUS": 0,
        "SANE": 0,
        "VALID": 0,
        "total": 78968
    },
    "percentage": {
        "ACTIVE": 44.41419309087225,
        "INACTIVE": 55.58580690912775,
        "INVALID": 0.0,
        "MALICIOUS": 0.0,
        "SANE": 0.0,
        "VALID": 0.0,
        "total": 100.0
    }
}