{
    "counter": {
        "ACTIVE": 8050,
        "INACTIVE": 10636,
        "INVALID": 0,
        "MALICIOUS": 0,
        "SANE": 0,
        "VALID": 0,
        "total": 18686
    },
    "percentage": {
        "ACTIVE": 43.084992506957825,
        "INACTIVE": 56.91961896607086,
        "INVALID": 0,
        "MALICIOUS": 0,
        "SANE": 0,
        "VALID": 0,
        "total": 100.00461147302869
    }
}