{
    "counter": {
        "ACTIVE": 20078,
        "INACTIVE": 25181,
        "INVALID": 0,
        "MALICIOUS": 0,
        "SANE": 0,
        "VALID": 0,
        "total": 45259
    },
    "percentage": {
        "ACTIVE": 44.364407715933446,
        "INACTIVE": 55.63755275193884,
        "INVALID": 0,
        "MALICIOUS": 0,
        "SANE": 0,
        "VALID": 0,
        "total": 100.0019604678723
    }
}