{
    "counter": {
        "ACTIVE": 43948,
        "INACTIVE": 59005,
        "INVALID": 0,
        "MALICIOUS": 0,
        "SANE": 0,
        "VALID": 0,
        "total": 102953
    },
    "percentage": {
        "ACTIVE": 42.687439899760086,
        "INACTIVE": 57.312560100239914,
        "INVALID": 0.0,
        "MALICIOUS": 0.0,
        "SANE": 0.0,
        "VALID": 0.0,
        "total": 100.0
    }
}