{
    "counter": {
        "ACTIVE": 40094,
        "INACTIVE": 50793,
        "INVALID": 0,
        "MALICIOUS": 0,
        "SANE": 0,
        "VALID": 0,
        "total": 90887
    },
    "percentage": {
        "ACTIVE": 44.114119731094654,
        "INACTIVE": 55.885880268905346,
        "INVALID": 0.0,
        "MALICIOUS": 0.0,
        "SANE": 0.0,
        "VALID": 0.0,
        "total": 100.0
    }
}