{
    "counter": {
        "ACTIVE": 43641,
        "INACTIVE": 58530,
        "INVALID": 0,
        "MALICIOUS": 0,
        "SANE": 0,
        "VALID": 0,
        "total": 102171
    },
    "percentage": {
        "ACTIVE": 42.713685879554866,
        "INACTIVE": 57.286314120445134,
        "INVALID": 0.0,
        "MALICIOUS": 0.0,
        "SANE": 0.0,
        "VALID": 0.0,
        "total": 100.0
    }
}