{
    "counter": {
        "ACTIVE": 30829,
        "INACTIVE": 38656,
        "INVALID": 0,
        "MALICIOUS": 0,
        "SANE": 0,
        "VALID": 0,
        "total": 69485
    },
    "percentage": {
        "ACTIVE": 44.367849176081165,
        "INACTIVE": 55.63295147084221,
        "INVALID": 0.0,
        "MALICIOUS": 0.0,
        "SANE": 0.0,
        "VALID": 0.0,
        "total": 100.00080064692338
    }
}