{
    "counter": {
        "ACTIVE": 2193,
        "INACTIVE": 2867,
        "INVALID": 0,
        "MALICIOUS": 0,
        "SANE": 0,
        "VALID": 0,
        "total": 5060
    },
    "percentage": {
        "ACTIVE": 43.3399209486166,
        "INACTIVE": 56.68248319493871,
        "INVALID": 0,
        "MALICIOUS": 0,
        "SANE": 0,
        "VALID": 0,
        "total": 100.02240414355532
    }
}