{
    "counter": {
        "ACTIVE": 4147,
        "INACTIVE": 5165,
        "INVALID": 0,
        "MALICIOUS": 0,
        "SANE": 0,
        "VALID": 0,
        "total": 9312
    },
    "percentage": {
        "ACTIVE": 44.538717645795295,
        "INACTIVE": 55.46606529209622,
        "INVALID": 0,
        "MALICIOUS": 0,
        "SANE": 0,
        "VALID": 0,
        "total": 100.00478293789152
    }
}