{
    "counter": {
        "ACTIVE": 33331,
        "INACTIVE": 42057,
        "INVALID": 0,
        "MALICIOUS": 0,
        "SANE": 0,
        "VALID": 0,
        "total": 75388
    },
    "percentage": {
        "ACTIVE": 44.21260678092004,
        "INACTIVE": 55.78739321907996,
        "INVALID": 0.0,
        "MALICIOUS": 0.0,
        "SANE": 0.0,
        "VALID": 0.0,
        "total": 100.0
    }
}