{
    "counter": {
        "ACTIVE": 3588,
        "INACTIVE": 4366,
        "INVALID": 0,
        "MALICIOUS": 0,
        "SANE": 0,
        "VALID": 0,
        "total": 7954
    },
    "percentage": {
        "ACTIVE": 45.115050924179556,
        "INACTIVE": 54.89062107115917,
        "INVALID": 0,
        "MALICIOUS": 0,
        "SANE": 0,
        "VALID": 0,
        "total": 100.00567199533873
    }
}