{
    "counter": {
        "ACTIVE": 27202,
        "INACTIVE": 34844,
        "INVALID": 0,
        "MALICIOUS": 0,
        "SANE": 0,
        "VALID": 0,
        "total": 62046
    },
    "percentage": {
        "ACTIVE": 43.841665860812945,
        "INACTIVE": 56.158334139187055,
        "INVALID": 0.0,
        "MALICIOUS": 0.0,
        "SANE": 0.0,
        "VALID": 0.0,
        "total": 100.0
    }
}