{
    "counter": {
        "ACTIVE": 43042,
        "INACTIVE": 57423,
        "INVALID": 0,
        "MALICIOUS": 0,
        "SANE": 0,
        "VALID": 0,
        "total": 100465
    },
    "percentage": {
        "ACTIVE": 42.842781068033645,
        "INACTIVE": 57.157218931966355,
        "INVALID": 0.0,
        "MALICIOUS": 0.0,
        "SANE": 0.0,
        "VALID": 0.0,
        "total": 100.0
    }
}