{
    "counter": {
        "ACTIVE": 15230,
        "INACTIVE": 20350,
        "INVALID": 0,
        "MALICIOUS": 0,
        "SANE": 0,
        "VALID": 0,
        "total": 35580
    },
    "percentage": {
        "ACTIVE": 42.80614969504483,
        "INACTIVE": 57.19505340078696,
        "INVALID": 0,
        "MALICIOUS": 0,
        "SANE": 0,
        "VALID": 0,
        "total": 100.00120309583178
    }
}