{
    "counter": {
        "ACTIVE": 38487,
        "INACTIVE": 47547,
        "INVALID": 0,
        "MALICIOUS": 0,
        "SANE": 0,
        "VALID": 0,
        "total": 86034
    },
    "percentage": {
        "ACTIVE": 44.73463979356998,
        "INACTIVE": 55.26536020643002,
        "INVALID": 0.0,
        "MALICIOUS": 0.0,
        "SANE": 0.0,
        "VALID": 0.0,
        "total": 100.0
    }
}