{
    "counter": {
        "ACTIVE": 40208,
        "INACTIVE": 52014,
        "INVALID": 0,
        "MALICIOUS": 0,
        "SANE": 0,
        "VALID": 0,
        "total": 92222
    },
    "percentage": {
        "ACTIVE": 43.599141202749884,
        "INACTIVE": 56.400858797250116,
        "INVALID": 0.0,
        "MALICIOUS": 0.0,
        "SANE": 0.0,
        "VALID": 0.0,
        "total": 100.0
    }
}