{
    "counter": {
        "ACTIVE": 32364,
        "INACTIVE": 40583,
        "INVALID": 0,
        "MALICIOUS": 0,
        "SANE": 0,
        "VALID": 0,
        "total": 72947
    },
    "percentage": {
        "ACTIVE": 44.36645783925316,
        "INACTIVE": 55.63354216074684,
        "INVALID": 0.0,
        "MALICIOUS": 0.0,
        "SANE": 0.0,
        "VALID": 0.0,
        "total": 100.0
    }
}