{
    "counter": {
        "ACTIVE": 34124,
        "INACTIVE": 42831,
        "INVALID": 0,
        "MALICIOUS": 0,
        "SANE": 0,
        "VALID": 0,
        "total": 76955
    },
    "percentage": {
        "ACTIVE": 44.34279773893834,
        "INACTIVE": 55.65720226106166,
        "INVALID": 0.0,
        "MALICIOUS": 0.0,
        "SANE": 0.0,
        "VALID": 0.0,
        "total": 100.0
    }
}