{
    "counter": {
        "ACTIVE": 22441,
        "INACTIVE": 27601,
        "INVALID": 0,
        "MALICIOUS": 0,
        "SANE": 0,
        "VALID": 0,
        "total": 50042
    },
    "percentage": {
        "ACTIVE": 44.844330762159785,
        "INACTIVE": 55.155669237840215,
        "INVALID": 0.0,
        "MALICIOUS": 0.0,
        "SANE": 0.0,
        "VALID": 0.0,
        "total": 100.0
    }
}