{
    "counter": {
        "ACTIVE": 12672,
        "INACTIVE": 15910,
        "INVALID": 0,
        "MALICIOUS": 0,
        "SANE": 0,
        "VALID": 0,
        "total": 28582
    },
    "percentage": {
        "ACTIVE": 44.34180138568129,
        "INACTIVE": 55.66440417045693,
        "INVALID": 0,
        "MALICIOUS": 0,
        "SANE": 0,
        "VALID": 0,
        "total": 100.00620555613823
    }
}