{
    "counter": {
        "ACTIVE": 26352,
        "INACTIVE": 33760,
        "INVALID": 0,
        "MALICIOUS": 0,
        "SANE": 0,
        "VALID": 0,
        "total": 60112
    },
    "percentage": {
        "ACTIVE": 43.83816875166356,
        "INACTIVE": 56.16183124833644,
        "INVALID": 0.0,
        "MALICIOUS": 0.0,
        "SANE": 0.0,
        "VALID": 0.0,
        "total": 100.0
    }
}