{
    "counter": {
        "ACTIVE": 279,
        "INACTIVE": 375,
        "INVALID": 0,
        "MALICIOUS": 0,
        "SANE": 0,
        "VALID": 0,
        "total": 654
    },
    "percentage": {
        "ACTIVE": 42.6605504587156,
        "INACTIVE": 57.42725880551302,
        "INVALID": 0,
        "MALICIOUS": 0,
        "SANE": 0,
        "VALID": 0,
        "total": 100.08780926422861
    }
}