{
    "counter": {
        "ACTIVE": 23387,
        "INACTIVE": 28725,
        "INVALID": 0,
        "MALICIOUS": 0,
        "SANE": 0,
        "VALID": 0,
        "total": 52112
    },
    "percentage": {
        "ACTIVE": 44.87833896223518,
        "INACTIVE": 55.12166103776482,
        "INVALID": 0.0,
        "MALICIOUS": 0.0,
        "SANE": 0.0,
        "VALID": 0.0,
        "total": 100.0
    }
}