{
    "counter": {
        "ACTIVE": 40089,
        "INACTIVE": 50752,
        "INVALID": 0,
        "MALICIOUS": 0,
        "SANE": 0,
        "VALID": 0,
        "total": 90841
    },
    "percentage": {
        "ACTIVE": 44.13095408460937,
        "INACTIVE": 55.86904591539063,
        "INVALID": 0.0,
        "MALICIOUS": 0.0,
        "SANE": 0.0,
        "VALID": 0.0,
        "total": 100.0
    }
}