{
    "counter": {
        "ACTIVE": 22409,
        "INACTIVE": 27561,
        "INVALID": 0,
        "MALICIOUS": 0,
        "SANE": 0,
        "VALID": 0,
        "total": 49970
    },
    "percentage": {
        "ACTIVE": 44.8449069441665,
        "INACTIVE": 55.1550930558335,
        "INVALID": 0.0,
        "MALICIOUS": 0.0,
        "SANE": 0.0,
        "VALID": 0.0,
        "total": 100.0
    }
}