{
    "counter": {
        "ACTIVE": 25201,
        "INACTIVE": 31671,
        "INVALID": 0,
        "MALICIOUS": 0,
        "SANE": 0,
        "VALID": 0,
        "total": 56872
    },
    "percentage": {
        "ACTIVE": 44.31178787452525,
        "INACTIVE": 55.68821212547475,
        "INVALID": 0.0,
        "MALICIOUS": 0.0,
        "SANE": 0.0,
        "VALID": 0.0,
        "total": 100.0
    }
}