{
    "counter": {
        "ACTIVE": 20977,
        "INACTIVE": 25917,
        "INVALID": 0,
        "MALICIOUS": 0,
        "SANE": 0,
        "VALID": 0,
        "total": 46894
    },
    "percentage": {
        "ACTIVE": 44.73661761569631,
        "INACTIVE": 55.26719836226383,
        "INVALID": 0,
        "MALICIOUS": 0,
        "SANE": 0,
        "VALID": 0,
        "total": 100.00381597796013
    }
}