{
    "counter": {
        "ACTIVE": 3262,
        "INACTIVE": 4081,
        "INVALID": 0,
        "MALICIOUS": 0,
        "SANE": 0,
        "VALID": 0,
        "total": 7343
    },
    "percentage": {
        "ACTIVE": 44.44141689373297,
        "INACTIVE": 55.5767397521449,
        "INVALID": 0,
        "MALICIOUS": 0,
        "SANE": 0,
        "VALID": 0,
        "total": 100.01815664587787
    }
}