{
    "counter": {
        "ACTIVE": 44273,
        "INACTIVE": 59364,
        "INVALID": 0,
        "MALICIOUS": 0,
        "SANE": 0,
        "VALID": 0,
        "total": 103637
    },
    "percentage": {
        "ACTIVE": 42.71929909202312,
        "INACTIVE": 57.28070090797688,
        "INVALID": 0.0,
        "MALICIOUS": 0.0,
        "SANE": 0.0,
        "VALID": 0.0,
        "total": 100.0
    }
}