{
    "counter": {
        "ACTIVE": 27858,
        "INACTIVE": 35524,
        "INVALID": 0,
        "MALICIOUS": 0,
        "SANE": 0,
        "VALID": 0,
        "total": 63382
    },
    "percentage": {
        "ACTIVE": 43.95323519666777,
        "INACTIVE": 56.04745826890915,
        "INVALID": 0.0,
        "MALICIOUS": 0.0,
        "SANE": 0.0,
        "VALID": 0.0,
        "total": 100.00069346557692
    }
}