{
    "counter": {
        "ACTIVE": 23785,
        "INACTIVE": 29123,
        "INVALID": 0,
        "MALICIOUS": 0,
        "SANE": 0,
        "VALID": 0,
        "total": 52908
    },
    "percentage": {
        "ACTIVE": 44.95539426929765,
        "INACTIVE": 55.04460573070235,
        "INVALID": 0.0,
        "MALICIOUS": 0.0,
        "SANE": 0.0,
        "VALID": 0.0,
        "total": 100.0
    }
}