{
    "counter": {
        "ACTIVE": 11503,
        "INACTIVE": 14258,
        "INVALID": 0,
        "MALICIOUS": 0,
        "SANE": 0,
        "VALID": 0,
        "total": 25761
    },
    "percentage": {
        "ACTIVE": 44.6527696906176,
        "INACTIVE": 55.35152762141387,
        "INVALID": 0,
        "MALICIOUS": 0,
        "SANE": 0,
        "VALID": 0,
        "total": 100.00429731203147
    }
}