{
    "counter": {
        "ACTIVE": 38641,
        "INACTIVE": 47697,
        "INVALID": 0,
        "MALICIOUS": 0,
        "SANE": 0,
        "VALID": 0,
        "total": 86338
    },
    "percentage": {
        "ACTIVE": 44.755495841923604,
        "INACTIVE": 55.244504158076396,
        "INVALID": 0.0,
        "MALICIOUS": 0.0,
        "SANE": 0.0,
        "VALID": 0.0,
        "total": 100.0
    }
}