{
    "counter": {
        "ACTIVE": 39719,
        "INACTIVE": 49729,
        "INVALID": 0,
        "MALICIOUS": 0,
        "SANE": 0,
        "VALID": 0,
        "total": 89448
    },
    "percentage": {
        "ACTIVE": 44.40457025310795,
        "INACTIVE": 55.59542974689205,
        "INVALID": 0.0,
        "MALICIOUS": 0.0,
        "SANE": 0.0,
        "VALID": 0.0,
        "total": 100.0
    }
}