{
    "counter": {
        "ACTIVE": 4282,
        "INACTIVE": 5315,
        "INVALID": 0,
        "MALICIOUS": 0,
        "SANE": 0,
        "VALID": 0,
        "total": 9597
    },
    "percentage": {
        "ACTIVE": 44.65533423714673,
        "INACTIVE": 55.38189017401271,
        "INVALID": 0,
        "MALICIOUS": 0,
        "SANE": 0,
        "VALID": 0,
        "total": 100.03722441115944
    }
}