{
    "counter": {
        "ACTIVE": 7807,
        "INACTIVE": 10226,
        "INVALID": 0,
        "MALICIOUS": 0,
        "SANE": 0,
        "VALID": 0,
        "total": 18033
    },
    "percentage": {
        "ACTIVE": 43.2952528837622,
        "INACTIVE": 56.707148006432654,
        "INVALID": 0,
        "MALICIOUS": 0,
        "SANE": 0,
        "VALID": 0,
        "total": 100.00240089019485
    }
}