{
    "counter": {
        "ACTIVE": 8535,
        "INACTIVE": 11443,
        "INVALID": 0,
        "MALICIOUS": 0,
        "SANE": 0,
        "VALID": 0,
        "total": 19978
    },
    "percentage": {
        "ACTIVE": 42.72841051314143,
        "INACTIVE": 57.27800580638703,
        "INVALID": 0,
        "MALICIOUS": 0,
        "SANE": 0,
        "VALID": 0,
        "total": 100.00641631952846
    }
}