{
    "counter": {
        "ACTIVE": 15891,
        "INACTIVE": 21090,
        "INVALID": 0,
        "MALICIOUS": 0,
        "SANE": 0,
        "VALID": 0,
        "total": 36981
    },
    "percentage": {
        "ACTIVE": 42.97071469132798,
        "INACTIVE": 57.030827474310435,
        "INVALID": 0,
        "MALICIOUS": 0,
        "SANE": 0,
        "VALID": 0,
        "total": 100.00154216563841
    }
}