{
    "counter": {
        "ACTIVE": 38207,
        "INACTIVE": 47245,
        "INVALID": 0,
        "MALICIOUS": 0,
        "SANE": 0,
        "VALID": 0,
        "total": 85452
    },
    "percentage": {
        "ACTIVE": 44.7116509853485,
        "INACTIVE": 55.2883490146515,
        "INVALID": 0.0,
        "MALICIOUS": 0.0,
        "SANE": 0.0,
        "VALID": 0.0,
        "total": 100.0
    }
}