{
    "counter": {
        "ACTIVE": 21491,
        "INACTIVE": 26404,
        "INVALID": 0,
        "MALICIOUS": 0,
        "SANE": 0,
        "VALID": 0,
        "total": 47895
    },
    "percentage": {
        "ACTIVE": 44.87107213696628,
        "INACTIVE": 55.12892786303372,
        "INVALID": 0.0,
        "MALICIOUS": 0.0,
        "SANE": 0.0,
        "VALID": 0.0,
        "total": 100.0
    }
}