{
    "counter": {
        "ACTIVE": 11108,
        "INACTIVE": 13846,
        "INVALID": 0,
        "MALICIOUS": 0,
        "SANE": 0,
        "VALID": 0,
        "total": 24954
    },
    "percentage": {
        "ACTIVE": 44.51747354921449,
        "INACTIVE": 55.48609441372125,
        "INVALID": 0,
        "MALICIOUS": 0,
        "SANE": 0,
        "VALID": 0,
        "total": 100.00356796293573
    }
}