{
    "counter": {
        "ACTIVE": 40628,
        "INACTIVE": 54155,
        "INVALID": 0,
        "MALICIOUS": 0,
        "SANE": 0,
        "VALID": 0,
        "total": 94783
    },
    "percentage": {
        "ACTIVE": 42.86422670732093,
        "INACTIVE": 57.13577329267907,
        "INVALID": 0.0,
        "MALICIOUS": 0.0,
        "SANE": 0.0,
        "VALID": 0.0,
        "total": 100.0
    }
}