{
    "counter": {
        "ACTIVE": 32226,
        "INACTIVE": 40409,
        "INVALID": 0,
        "MALICIOUS": 0,
        "SANE": 0,
        "VALID": 0,
        "total": 72635
    },
    "percentage": {
        "ACTIVE": 44.36704068286639,
        "INACTIVE": 55.63295931713361,
        "INVALID": 0.0,
        "MALICIOUS": 0.0,
        "SANE": 0.0,
        "VALID": 0.0,
        "total": 100.0
    }
}