{
    "counter": {
        "ACTIVE": 23953,
        "INACTIVE": 29286,
        "INVALID": 0,
        "MALICIOUS": 0,
        "SANE": 0,
        "VALID": 0,
        "total": 53239
    },
    "percentage": {
        "ACTIVE": 44.991453633614455,
        "INACTIVE": 55.008546366385545,
        "INVALID": 0.0,
        "MALICIOUS": 0.0,
        "SANE": 0.0,
        "VALID": 0.0,
        "total": 100.0
    }
}