{
    "counter": {
        "ACTIVE": 38096,
        "INACTIVE": 47116,
        "INVALID": 0,
        "MALICIOUS": 0,
        "SANE": 0,
        "VALID": 0,
        "total": 85212
    },
    "percentage": {
        "ACTIVE": 44.70731821809135,
        "INACTIVE": 55.29268178190865,
        "INVALID": 0.0,
        "MALICIOUS": 0.0,
        "SANE": 0.0,
        "VALID": 0.0,
        "total": 100.0
    }
}