{
    "counter": {
        "ACTIVE": 38698,
        "INACTIVE": 47747,
        "INVALID": 0,
        "MALICIOUS": 0,
        "SANE": 0,
        "VALID": 0,
        "total": 86445
    },
    "percentage": {
        "ACTIVE": 44.76603620799352,
        "INACTIVE": 55.23396379200648,
        "INVALID": 0.0,
        "MALICIOUS": 0.0,
        "SANE": 0.0,
        "VALID": 0.0,
        "total": 100.0
    }
}