{
    "counter": {
        "ACTIVE": 2381,
        "INACTIVE": 3117,
        "INVALID": 0,
        "MALICIOUS": 0,
        "SANE": 0,
        "VALID": 0,
        "total": 5498
    },
    "percentage": {
        "ACTIVE": 43.30665696616951,
        "INACTIVE": 56.713973799126634,
        "INVALID": 0,
        "MALICIOUS": 0,
        "SANE": 0,
        "VALID": 0,
        "total": 100.02063076529615
    }
}