{
    "counter": {
        "ACTIVE": 16972,
        "INACTIVE": 22011,
        "INVALID": 0,
        "MALICIOUS": 0,
        "SANE": 0,
        "VALID": 0,
        "total": 38983
    },
    "percentage": {
        "ACTIVE": 43.538043199425374,
        "INACTIVE": 56.46307364748736,
        "INVALID": 0,
        "MALICIOUS": 0,
        "SANE": 0,
        "VALID": 0,
        "total": 100.00111684691274
    }
}