{
    "counter": {
        "ACTIVE": 27739,
        "INACTIVE": 35401,
        "INVALID": 0,
        "MALICIOUS": 0,
        "SANE": 0,
        "VALID": 0,
        "total": 63140
    },
    "percentage": {
        "ACTIVE": 43.933226690318186,
        "INACTIVE": 56.067469116249605,
        "INVALID": 0.0,
        "MALICIOUS": 0.0,
        "SANE": 0.0,
        "VALID": 0.0,
        "total": 100.00069580656779
    }
}