{
    "counter": {
        "ACTIVE": 22706,
        "INACTIVE": 27832,
        "INVALID": 0,
        "MALICIOUS": 0,
        "SANE": 0,
        "VALID": 0,
        "total": 50538
    },
    "percentage": {
        "ACTIVE": 44.928568601844155,
        "INACTIVE": 55.071431398155845,
        "INVALID": 0.0,
        "MALICIOUS": 0.0,
        "SANE": 0.0,
        "VALID": 0.0,
        "total": 100.0
    }
}