{
    "counter": {
        "ACTIVE": 10379,
        "INACTIVE": 13282,
        "INVALID": 0,
        "MALICIOUS": 0,
        "SANE": 0,
        "VALID": 0,
        "total": 23661
    },
    "percentage": {
        "ACTIVE": 43.87284947372871,
        "INACTIVE": 56.13456743163856,
        "INVALID": 0,
        "MALICIOUS": 0,
        "SANE": 0,
        "VALID": 0,
        "total": 100.00741690536726
    }
}