{
    "counter": {
        "ACTIVE": 40625,
        "INACTIVE": 54126,
        "INVALID": 0,
        "MALICIOUS": 0,
        "SANE": 0,
        "VALID": 0,
        "total": 94751
    },
    "percentage": {
        "ACTIVE": 42.87553693364714,
        "INACTIVE": 57.12446306635286,
        "INVALID": 0.0,
        "MALICIOUS": 0.0,
        "SANE": 0.0,
        "VALID": 0.0,
        "total": 100.0
    }
}