{
    "counter": {
        "ACTIVE": 14482,
        "INACTIVE": 19310,
        "INVALID": 0,
        "MALICIOUS": 0,
        "SANE": 0,
        "VALID": 0,
        "total": 33792
    },
    "percentage": {
        "ACTIVE": 42.857565623982715,
        "INACTIVE": 57.14370265151515,
        "INVALID": 0,
        "MALICIOUS": 0,
        "SANE": 0,
        "VALID": 0,
        "total": 100.00126827549786
    }
}