{
    "counter": {
        "ACTIVE": 35262,
        "INACTIVE": 44199,
        "INVALID": 0,
        "MALICIOUS": 0,
        "SANE": 0,
        "VALID": 0,
        "total": 79461
    },
    "percentage": {
        "ACTIVE": 44.37648657832144,
        "INACTIVE": 55.62351342167856,
        "INVALID": 0.0,
        "MALICIOUS": 0.0,
        "SANE": 0.0,
        "VALID": 0.0,
        "total": 100.0
    }
}