{
    "counter": {
        "ACTIVE": 40187,
        "INACTIVE": 51768,
        "INVALID": 0,
        "MALICIOUS": 0,
        "SANE": 0,
        "VALID": 0,
        "total": 91955
    },
    "percentage": {
        "ACTIVE": 43.702898156707086,
        "INACTIVE": 56.297101843292914,
        "INVALID": 0.0,
        "MALICIOUS": 0.0,
        "SANE": 0.0,
        "VALID": 0.0,
        "total": 100.0
    }
}