{
    "counter": {
        "ACTIVE": 42956,
        "INACTIVE": 57279,
        "INVALID": 0,
        "MALICIOUS": 0,
        "SANE": 0,
        "VALID": 0,
        "total": 100235
    },
    "percentage": {
        "ACTIVE": 42.8552900683394,
        "INACTIVE": 57.1447099316606,
        "INVALID": 0.0,
        "MALICIOUS": 0.0,
        "SANE": 0.0,
        "VALID": 0.0,
        "total": 100.0
    }
}