{
    "counter": {
        "ACTIVE": 37287,
        "INACTIVE": 46163,
        "INVALID": 0,
        "MALICIOUS": 0,
        "SANE": 0,
        "VALID": 0,
        "total": 83450
    },
    "percentage": {
        "ACTIVE": 44.68184541641702,
        "INACTIVE": 55.31815458358298,
        "INVALID": 0.0,
        "MALICIOUS": 0.0,
        "SANE": 0.0,
        "VALID": 0.0,
        "total": 100.0
    }
}