{
    "counter": {
        "ACTIVE": 37115,
        "INACTIVE": 46093,
        "INVALID": 0,
        "MALICIOUS": 0,
        "SANE": 0,
        "VALID": 0,
        "total": 83208
    },
    "percentage": {
        "ACTIVE": 44.605086049418325,
        "INACTIVE": 55.394913950581675,
        "INVALID": 0.0,
        "MALICIOUS": 0.0,
        "SANE": 0.0,
        "VALID": 0.0,
        "total": 100.0
    }
}