{
    "counter": {
        "ACTIVE": 40624,
        "INACTIVE": 54100,
        "INVALID": 0,
        "MALICIOUS": 0,
        "SANE": 0,
        "VALID": 0,
        "total": 94724
    },
    "percentage": {
        "ACTIVE": 42.88670241966133,
        "INACTIVE": 57.11329758033867,
        "INVALID": 0.0,
        "MALICIOUS": 0.0,
        "SANE": 0.0,
        "VALID": 0.0,
        "total": 100.0
    }
}