{
    "counter": {
        "ACTIVE": 6833,
        "INACTIVE": 9041,
        "INVALID": 0,
        "MALICIOUS": 0,
        "SANE": 0,
        "VALID": 0,
        "total": 15874
    },
    "percentage": {
        "ACTIVE": 43.04523119566587,
        "INACTIVE": 56.976304512225866,
        "INVALID": 0,
        "MALICIOUS": 0,
        "SANE": 0,
        "VALID": 0,
        "total": 100.02153570789173
    }
}