{
    "counter": {
        "ACTIVE": 38111,
        "INACTIVE": 47141,
        "INVALID": 0,
        "MALICIOUS": 0,
        "SANE": 0,
        "VALID": 0,
        "total": 85252
    },
    "percentage": {
        "ACTIVE": 44.703936564538076,
        "INACTIVE": 55.296063435461924,
        "INVALID": 0.0,
        "MALICIOUS": 0.0,
        "SANE": 0.0,
        "VALID": 0.0,
        "total": 100.0
    }
}