{
    "counter": {
        "ACTIVE": 25313,
        "INACTIVE": 31892,
        "INVALID": 0,
        "MALICIOUS": 0,
        "SANE": 0,
        "VALID": 0,
        "total": 57205
    },
    "percentage": {
        "ACTIVE": 44.24962852897474,
        "INACTIVE": 55.75037147102526,
        "INVALID": 0.0,
        "MALICIOUS": 0.0,
        "SANE": 0.0,
        "VALID": 0.0,
        "total": 100.0
    }
}