{
    "counter": {
        "ACTIVE": 6697,
        "INACTIVE": 8838,
        "INVALID": 0,
        "MALICIOUS": 0,
        "SANE": 0,
        "VALID": 0,
        "total": 15535
    },
    "percentage": {
        "ACTIVE": 43.109108464757,
        "INACTIVE": 56.901879989698685,
        "INVALID": 0,
        "MALICIOUS": 0,
        "SANE": 0,
        "VALID": 0,
        "total": 100.01098845445568
    }
}