{
    "counter": {
        "ACTIVE": 37926,
        "INACTIVE": 46934,
        "INVALID": 0,
        "MALICIOUS": 0,
        "SANE": 0,
        "VALID": 0,
        "total": 84860
    },
    "percentage": {
        "ACTIVE": 44.692434598161675,
        "INACTIVE": 55.307565401838325,
        "INVALID": 0.0,
        "MALICIOUS": 0.0,
        "SANE": 0.0,
        "VALID": 0.0,
        "total": 100.0
    }
}