{
    "counter": {
        "ACTIVE": 6941,
        "INACTIVE": 9199,
        "INVALID": 0,
        "MALICIOUS": 0,
        "SANE": 0,
        "VALID": 0,
        "total": 16140
    },
    "percentage": {
        "ACTIVE": 43.01028628082786,
        "INACTIVE": 56.99504337050806,
        "INVALID": 0,
        "MALICIOUS": 0,
        "SANE": 0,
        "VALID": 0,
        "total": 100.00532965133593
    }
}