{
    "counter": {
        "ACTIVE": 13067,
        "INACTIVE": 16696,
        "INVALID": 0,
        "MALICIOUS": 0,
        "SANE": 0,
        "VALID": 0,
        "total": 29763
    },
    "percentage": {
        "ACTIVE": 43.92416551816868,
        "INACTIVE": 56.096495648960115,
        "INVALID": 0,
        "MALICIOUS": 0,
        "SANE": 0,
        "VALID": 0,
        "total": 100.0206611671288
    }
}