{
    "counter": {
        "ACTIVE": 42245,
        "INACTIVE": 56163,
        "INVALID": 0,
        "MALICIOUS": 0,
        "SANE": 0,
        "VALID": 0,
        "total": 98408
    },
    "percentage": {
        "ACTIVE": 42.928420453621655,
        "INACTIVE": 57.071579546378345,
        "INVALID": 0.0,
        "MALICIOUS": 0.0,
        "SANE": 0.0,
        "VALID": 0.0,
        "total": 100.0
    }
}