{
    "counter": {
        "ACTIVE": 40040,
        "INACTIVE": 50439,
        "INVALID": 0,
        "MALICIOUS": 0,
        "SANE": 0,
        "VALID": 0,
        "total": 90479
    },
    "percentage": {
        "ACTIVE": 44.25336265873849,
        "INACTIVE": 55.74663734126151,
        "INVALID": 0.0,
        "MALICIOUS": 0.0,
        "SANE": 0.0,
        "VALID": 0.0,
        "total": 100.0
    }
}