{
    "counter": {
        "ACTIVE": 32579,
        "INACTIVE": 40912,
        "INVALID": 0,
        "MALICIOUS": 0,
        "SANE": 0,
        "VALID": 0,
        "total": 73491
    },
    "percentage": {
        "ACTIVE": 44.3305983045543,
        "INACTIVE": 55.6694016954457,
        "INVALID": 0.0,
        "MALICIOUS": 0.0,
        "SANE": 0.0,
        "VALID": 0.0,
        "total": 100.0
    }
}