{
    "counter": {
        "ACTIVE": 40155,
        "INACTIVE": 51517,
        "INVALID": 0,
        "MALICIOUS": 0,
        "SANE": 0,
        "VALID": 0,
        "total": 91672
    },
    "percentage": {
        "ACTIVE": 43.802906012741076,
        "INACTIVE": 56.197093987258924,
        "INVALID": 0.0,
        "MALICIOUS": 0.0,
        "SANE": 0.0,
        "VALID": 0.0,
        "total": 100.0
    }
}