{
    "counter": {
        "ACTIVE": 7041,
        "INACTIVE": 9318,
        "INVALID": 0,
        "MALICIOUS": 0,
        "SANE": 0,
        "VALID": 0,
        "total": 16359
    },
    "percentage": {
        "ACTIVE": 43.0405281496424,
        "INACTIVE": 56.96295390634552,
        "INVALID": 0,
        "MALICIOUS": 0,
        "SANE": 0,
        "VALID": 0,
        "total": 100.00348205598792
    }
}