{
    "counter": {
        "ACTIVE": 25741,
        "INACTIVE": 32737,
        "INVALID": 0,
        "MALICIOUS": 0,
        "SANE": 0,
        "VALID": 0,
        "total": 58478
    },
    "percentage": {
        "ACTIVE": 44.0182632784979,
        "INACTIVE": 55.9817367215021,
        "INVALID": 0.0,
        "MALICIOUS": 0.0,
        "SANE": 0.0,
        "VALID": 0.0,
        "total": 100.0
    }
}