{
    "counter": {
        "ACTIVE": 26199,
        "INACTIVE": 33582,
        "INVALID": 0,
        "MALICIOUS": 0,
        "SANE": 0,
        "VALID": 0,
        "total": 59781
    },
    "percentage": {
        "ACTIVE": 43.82496110804436,
        "INACTIVE": 56.17503889195564,
        "INVALID": 0.0,
        "MALICIOUS": 0.0,
        "SANE": 0.0,
        "VALID": 0.0,
        "total": 100.0
    }
}