{
    "counter": {
        "ACTIVE": 41123,
        "INACTIVE": 54856,
        "INVALID": 0,
        "MALICIOUS": 0,
        "SANE": 0,
        "VALID": 0,
        "total": 95979
    },
    "percentage": {
        "ACTIVE": 42.8458308588337,
        "INACTIVE": 57.1541691411663,
        "INVALID": 0.0,
        "MALICIOUS": 0.0,
        "SANE": 0.0,
        "VALID": 0.0,
        "total": 100.0
    }
}