{
    "counter": {
        "ACTIVE": 4671,
        "INACTIVE": 6002,
        "INVALID": 0,
        "MALICIOUS": 0,
        "SANE": 0,
        "VALID": 0,
        "total": 10673
    },
    "percentage": {
        "ACTIVE": 43.768740629685155,
        "INACTIVE": 56.235360254848686,
        "INVALID": 0,
        "MALICIOUS": 0,
        "SANE": 0,
        "VALID": 0,
        "total": 100.00410088453384
    }
}