{
    "counter": {
        "ACTIVE": 18482,
        "INACTIVE": 23562,
        "INVALID": 0,
        "MALICIOUS": 0,
        "SANE": 0,
        "VALID": 0,
        "total": 42044
    },
    "percentage": {
        "ACTIVE": 43.95870992293788,
        "INACTIVE": 56.042623028803845,
        "INVALID": 0,
        "MALICIOUS": 0,
        "SANE": 0,
        "VALID": 0,
        "total": 100.00133295174172
    }
}