{
    "counter": {
        "ACTIVE": 14765,
        "INACTIVE": 19824,
        "INVALID": 0,
        "MALICIOUS": 0,
        "SANE": 0,
        "VALID": 0,
        "total": 34589
    },
    "percentage": {
        "ACTIVE": 42.68821556609229,
        "INACTIVE": 57.313018589725054,
        "INVALID": 0,
        "MALICIOUS": 0,
        "SANE": 0,
        "VALID": 0,
        "total": 100.00123415581734
    }
}