{
    "counter": {
        "ACTIVE": 17478,
        "INACTIVE": 22567,
        "INVALID": 0,
        "MALICIOUS": 0,
        "SANE": 0,
        "VALID": 0,
        "total": 40045
    },
    "percentage": {
        "ACTIVE": 43.64589836434012,
        "INACTIVE": 56.35550894016582,
        "INVALID": 0,
        "MALICIOUS": 0,
        "SANE": 0,
        "VALID": 0,
        "total": 100.00140730450593
    }
}