{
    "counter": {
        "ACTIVE": 25196,
        "INACTIVE": 31533,
        "INVALID": 0,
        "MALICIOUS": 0,
        "SANE": 0,
        "VALID": 0,
        "total": 56729
    },
    "percentage": {
        "ACTIVE": 44.41467327116642,
        "INACTIVE": 55.58532672883358,
        "INVALID": 0.0,
        "MALICIOUS": 0.0,
        "SANE": 0.0,
        "VALID": 0.0,
        "total": 100.0
    }
}