{
    "counter": {
        "ACTIVE": 15461,
        "INACTIVE": 20830,
        "INVALID": 0,
        "MALICIOUS": 0,
        "SANE": 0,
        "VALID": 0,
        "total": 36291
    },
    "percentage": {
        "ACTIVE": 42.604023146872414,
        "INACTIVE": 57.397150808740456,
        "INVALID": 0,
        "MALICIOUS": 0,
        "SANE": 0,
        "VALID": 0,
        "total": 100.00117395561287
    }
}