{
    "counter": {
        "ACTIVE": 19278,
        "INACTIVE": 24159,
        "INVALID": 0,
        "MALICIOUS": 0,
        "SANE": 0,
        "VALID": 0,
        "total": 43437
    },
    "percentage": {
        "ACTIVE": 44.38253982871351,
        "INACTIVE": 55.61848193936045,
        "INVALID": 0,
        "MALICIOUS": 0,
        "SANE": 0,
        "VALID": 0,
        "total": 100.00102176807397
    }
}