{
    "counter": {
        "ACTIVE": 21097,
        "INACTIVE": 26042,
        "INVALID": 0,
        "MALICIOUS": 0,
        "SANE": 0,
        "VALID": 0,
        "total": 47139
    },
    "percentage": {
        "ACTIVE": 44.75487388362078,
        "INACTIVE": 55.247470140229545,
        "INVALID": 0,
        "MALICIOUS": 0,
        "SANE": 0,
        "VALID": 0,
        "total": 100.00234402385033
    }
}