{
    "counter": {
        "ACTIVE": 30265,
        "INACTIVE": 38020,
        "INVALID": 0,
        "MALICIOUS": 0,
        "SANE": 0,
        "VALID": 0,
        "total": 68285
    },
    "percentage": {
        "ACTIVE": 44.32159332210588,
        "INACTIVE": 55.67922207252065,
        "INVALID": 0.0,
        "MALICIOUS": 0.0,
        "SANE": 0.0,
        "VALID": 0.0,
        "total": 100.00081539462653
    }
}