{
    "counter": {
        "ACTIVE": 32691,
        "INACTIVE": 41113,
        "INVALID": 0,
        "MALICIOUS": 0,
        "SANE": 0,
        "VALID": 0,
        "total": 73804
    },
    "percentage": {
        "ACTIVE": 44.29434718985421,
        "INACTIVE": 55.70565281014579,
        "INVALID": 0.0,
        "MALICIOUS": 0.0,
        "SANE": 0.0,
        "VALID": 0.0,
        "total": 100.0
    }
}