{
    "counter": {
        "ACTIVE": 5750,
        "INACTIVE": 7182,
        "INVALID": 0,
        "MALICIOUS": 0,
        "SANE": 0,
        "VALID": 0,
        "total": 12932
    },
    "percentage": {
        "ACTIVE": 44.463346736776984,
        "INACTIVE": 55.54094810919496,
        "INVALID": 0,
        "MALICIOUS": 0,
        "SANE": 0,
        "VALID": 0,
        "total": 100.00429484597194
    }
}