{
    "counter": {
        "ACTIVE": 2471,
        "INACTIVE": 3194,
        "INVALID": 0,
        "MALICIOUS": 0,
        "SANE": 0,
        "VALID": 0,
        "total": 5665
    },
    "percentage": {
        "ACTIVE": 43.61871138570168,
        "INACTIVE": 56.39124293785311,
        "INVALID": 0,
        "MALICIOUS": 0,
        "SANE": 0,
        "VALID": 0,
        "total": 100.00995432355478
    }
}