{
    "counter": {
        "ACTIVE": 17283,
        "INACTIVE": 22349,
        "INVALID": 0,
        "MALICIOUS": 0,
        "SANE": 0,
        "VALID": 0,
        "total": 39632
    },
    "percentage": {
        "ACTIVE": 43.61420243773185,
        "INACTIVE": 56.39129995962858,
        "INVALID": 0,
        "MALICIOUS": 0,
        "SANE": 0,
        "VALID": 0,
        "total": 100.00550239736043
    }
}