{
    "counter": {
        "ACTIVE": 24911,
        "INACTIVE": 30882,
        "INVALID": 0,
        "MALICIOUS": 0,
        "SANE": 0,
        "VALID": 0,
        "total": 55793
    },
    "percentage": {
        "ACTIVE": 44.64897030093381,
        "INACTIVE": 55.35102969906619,
        "INVALID": 0.0,
        "MALICIOUS": 0.0,
        "SANE": 0.0,
        "VALID": 0.0,
        "total": 100.0
    }
}