{
    "counter": {
        "ACTIVE": 40817,
        "INACTIVE": 54546,
        "INVALID": 0,
        "MALICIOUS": 0,
        "SANE": 0,
        "VALID": 0,
        "total": 95363
    },
    "percentage": {
        "ACTIVE": 42.8017155500561,
        "INACTIVE": 57.1982844499439,
        "INVALID": 0.0,
        "MALICIOUS": 0.0,
        "SANE": 0.0,
        "VALID": 0.0,
        "total": 100.0
    }
}