{
    "counter": {
        "ACTIVE": 35697,
        "INACTIVE": 44722,
        "INVALID": 0,
        "MALICIOUS": 0,
        "SANE": 0,
        "VALID": 0,
        "total": 80419
    },
    "percentage": {
        "ACTIVE": 44.388763849339085,
        "INACTIVE": 55.611236150660915,
        "INVALID": 0.0,
        "MALICIOUS": 0.0,
        "SANE": 0.0,
        "VALID": 0.0,
        "total": 100.0
    }
}