{
    "counter": {
        "ACTIVE": 32670,
        "INACTIVE": 41076,
        "INVALID": 0,
        "MALICIOUS": 0,
        "SANE": 0,
        "VALID": 0,
        "total": 73746
    },
    "percentage": {
        "ACTIVE": 44.30070783500122,
        "INACTIVE": 55.69929216499878,
        "INVALID": 0.0,
        "MALICIOUS": 0.0,
        "SANE": 0.0,
        "VALID": 0.0,
        "total": 100.0
    }
}