{
    "counter": {
        "ACTIVE": 35033,
        "INACTIVE": 43794,
        "INVALID": 0,
        "MALICIOUS": 0,
        "SANE": 0,
        "VALID": 0,
        "total": 78827
    },
    "percentage": {
        "ACTIVE": 44.44289393228209,
        "INACTIVE": 55.55710606771791,
        "INVALID": 0.0,
        "MALICIOUS": 0.0,
        "SANE": 0.0,
        "VALID": 0.0,
        "total": 100.0
    }
}