{
    "counter": {
        "ACTIVE": 28589,
        "INACTIVE": 36477,
        "INVALID": 0,
        "MALICIOUS": 0,
        "SANE": 0,
        "VALID": 0,
        "total": 65066
    },
    "percentage": {
        "ACTIVE": 43.94116381297839,
        "INACTIVE": 56.06153751575324,
        "INVALID": 0.0,
        "MALICIOUS": 0.0,
        "SANE": 0.0,
        "VALID": 0.0,
        "total": 100.00270132873163
    }
}