{
    "counter": {
        "ACTIVE": 25941,
        "INACTIVE": 33125,
        "INVALID": 0,
        "MALICIOUS": 0,
        "SANE": 0,
        "VALID": 0,
        "total": 59066
    },
    "percentage": {
        "ACTIVE": 43.91866725358074,
        "INACTIVE": 56.08133274641926,
        "INVALID": 0.0,
        "MALICIOUS": 0.0,
        "SANE": 0.0,
        "VALID": 0.0,
        "total": 100.0
    }
}