{
    "counter": {
        "ACTIVE": 39137,
        "INACTIVE": 48403,
        "INVALID": 0,
        "MALICIOUS": 0,
        "SANE": 0,
        "VALID": 0,
        "total": 87540
    },
    "percentage": {
        "ACTIVE": 44.70756225725383,
        "INACTIVE": 55.29243774274617,
        "INVALID": 0.0,
        "MALICIOUS": 0.0,
        "SANE": 0.0,
        "VALID": 0.0,
        "total": 100.0
    }
}