{
    "counter": {
        "ACTIVE": 25953,
        "INACTIVE": 33150,
        "INVALID": 0,
        "MALICIOUS": 0,
        "SANE": 0,
        "VALID": 0,
        "total": 59103
    },
    "percentage": {
        "ACTIVE": 43.911476574793156,
        "INACTIVE": 56.088523425206844,
        "INVALID": 0.0,
        "MALICIOUS": 0.0,
        "SANE": 0.0,
        "VALID": 0.0,
        "total": 100.0
    }
}