{
    "counter": {
        "ACTIVE": 39476,
        "INACTIVE": 49200,
        "INVALID": 0,
        "MALICIOUS": 0,
        "SANE": 0,
        "VALID": 0,
        "total": 88676
    },
    "percentage": {
        "ACTIVE": 44.517118498804635,
        "INACTIVE": 55.482881501195365,
        "INVALID": 0.0,
        "MALICIOUS": 0.0,
        "SANE": 0.0,
        "VALID": 0.0,
        "total": 100.0
    }
}