{
    "counter": {
        "ACTIVE": 40197,
        "INACTIVE": 51811,
        "INVALID": 0,
        "MALICIOUS": 0,
        "SANE": 0,
        "VALID": 0,
        "total": 92008
    },
    "percentage": {
        "ACTIVE": 43.68859229632206,
        "INACTIVE": 56.31140770367794,
        "INVALID": 0.0,
        "MALICIOUS": 0.0,
        "SANE": 0.0,
        "VALID": 0.0,
        "total": 100.0
    }
}