{
    "counter": {
        "ACTIVE": 8367,
        "INACTIVE": 11206,
        "INVALID": 0,
        "MALICIOUS": 0,
        "SANE": 0,
        "VALID": 0,
        "total": 19573
    },
    "percentage": {
        "ACTIVE": 42.74766259643386,
        "INACTIVE": 57.25526262006949,
        "INVALID": 0,
        "MALICIOUS": 0,
        "SANE": 0,
        "VALID": 0,
        "total": 100.00292521650334
    }
}