{
    "counter": {
        "ACTIVE": 36556,
        "INACTIVE": 45729,
        "INVALID": 0,
        "MALICIOUS": 0,
        "SANE": 0,
        "VALID": 0,
        "total": 82285
    },
    "percentage": {
        "ACTIVE": 44.42608008750076,
        "INACTIVE": 55.57391991249924,
        "INVALID": 0.0,
        "MALICIOUS": 0.0,
        "SANE": 0.0,
        "VALID": 0.0,
        "total": 100.0
    }
}