{
    "counter": {
        "ACTIVE": 11558,
        "INACTIVE": 14334,
        "INVALID": 0,
        "MALICIOUS": 0,
        "SANE": 0,
        "VALID": 0,
        "total": 25892
    },
    "percentage": {
        "ACTIVE": 44.63927081724085,
        "INACTIVE": 55.37142194924093,
        "INVALID": 0,
        "MALICIOUS": 0,
        "SANE": 0,
        "VALID": 0,
        "total": 100.01069276648178
    }
}