{
    "counter": {
        "ACTIVE": 38823,
        "INACTIVE": 47945,
        "INVALID": 0,
        "MALICIOUS": 0,
        "SANE": 0,
        "VALID": 0,
        "total": 86768
    },
    "percentage": {
        "ACTIVE": 44.74345380785543,
        "INACTIVE": 55.25654619214457,
        "INVALID": 0.0,
        "MALICIOUS": 0.0,
        "SANE": 0.0,
        "VALID": 0.0,
        "total": 100.0
    }
}