{
    "counter": {
        "ACTIVE": 32724,
        "INACTIVE": 41165,
        "INVALID": 0,
        "MALICIOUS": 0,
        "SANE": 0,
        "VALID": 0,
        "total": 73889
    },
    "percentage": {
        "ACTIVE": 44.288053702174885,
        "INACTIVE": 55.711946297825115,
        "INVALID": 0.0,
        "MALICIOUS": 0.0,
        "SANE": 0.0,
        "VALID": 0.0,
        "total": 100.0
    }
}