{
    "counter": {
        "ACTIVE": 27508,
        "INACTIVE": 35219,
        "INVALID": 0,
        "MALICIOUS": 0,
        "SANE": 0,
        "VALID": 0,
        "total": 62727
    },
    "percentage": {
        "ACTIVE": 43.85352400082899,
        "INACTIVE": 56.14647599917101,
        "INVALID": 0.0,
        "MALICIOUS": 0.0,
        "SANE": 0.0,
        "VALID": 0.0,
        "total": 100.0
    }
}