{
    "counter": {
        "ACTIVE": 9320,
        "INACTIVE": 12424,
        "INVALID": 0,
        "MALICIOUS": 0,
        "SANE": 0,
        "VALID": 0,
        "total": 21744
    },
    "percentage": {
        "ACTIVE": 42.870285188592455,
        "INACTIVE": 57.13760117733628,
        "INVALID": 0,
        "MALICIOUS": 0,
        "SANE": 0,
        "VALID": 0,
        "total": 100.00788636592873
    }
}