{
    "counter": {
        "ACTIVE": 17694,
        "INACTIVE": 22836,
        "INVALID": 0,
        "MALICIOUS": 0,
        "SANE": 0,
        "VALID": 0,
        "total": 40530
    },
    "percentage": {
        "ACTIVE": 43.658705092775364,
        "INACTIVE": 56.34344929681717,
        "INVALID": 0,
        "MALICIOUS": 0,
        "SANE": 0,
        "VALID": 0,
        "total": 100.00215438959253
    }
}