{
    "counter": {
        "ACTIVE": 7309,
        "INACTIVE": 9631,
        "INVALID": 0,
        "MALICIOUS": 0,
        "SANE": 0,
        "VALID": 0,
        "total": 16940
    },
    "percentage": {
        "ACTIVE": 43.146399055489965,
        "INACTIVE": 56.87038677295542,
        "INVALID": 0,
        "MALICIOUS": 0,
        "SANE": 0,
        "VALID": 0,
        "total": 100.01678582844539
    }
}