{
    "counter": {
        "ACTIVE": 1205,
        "INACTIVE": 1393,
        "INVALID": 0,
        "MALICIOUS": 0,
        "SANE": 0,
        "VALID": 0,
        "total": 2598
    },
    "percentage": {
        "ACTIVE": 46.399691952252596,
        "INACTIVE": 53.61816782140108,
        "INVALID": 0,
        "MALICIOUS": 0,
        "SANE": 0,
        "VALID": 0,
        "total": 100.01785977365367
    }
}