{
    "counter": {
        "ACTIVE": 21929,
        "INACTIVE": 26891,
        "INVALID": 0,
        "MALICIOUS": 0,
        "SANE": 0,
        "VALID": 0,
        "total": 48820
    },
    "percentage": {
        "ACTIVE": 44.918066366243345,
        "INACTIVE": 55.081933633756655,
        "INVALID": 0.0,
        "MALICIOUS": 0.0,
        "SANE": 0.0,
        "VALID": 0.0,
        "total": 100.0
    }
}