{
    "counter": {
        "ACTIVE": 14215,
        "INACTIVE": 19006,
        "INVALID": 0,
        "MALICIOUS": 0,
        "SANE": 0,
        "VALID": 0,
        "total": 33221
    },
    "percentage": {
        "ACTIVE": 42.79692909829896,
        "INACTIVE": 57.210800397339035,
        "INVALID": 0,
        "MALICIOUS": 0,
        "SANE": 0,
        "VALID": 0,
        "total": 100.00772949563799
    }
}