{
    "counter": {
        "ACTIVE": 1902,
        "INACTIVE": 2391,
        "INVALID": 0,
        "MALICIOUS": 0,
        "SANE": 0,
        "VALID": 0,
        "total": 4293
    },
    "percentage": {
        "ACTIVE": 44.3666899930021,
        "INACTIVE": 55.6953179594689,
        "INVALID": 0,
        "MALICIOUS": 0,
        "SANE": 0,
        "VALID": 0,
        "total": 100.06200795247099
    }
}