{
    "counter": {
        "ACTIVE": 39398,
        "INACTIVE": 48982,
        "INVALID": 0,
        "MALICIOUS": 0,
        "SANE": 0,
        "VALID": 0,
        "total": 88380
    },
    "percentage": {
        "ACTIVE": 44.57795881421136,
        "INACTIVE": 55.42204118578864,
        "INVALID": 0.0,
        "MALICIOUS": 0.0,
        "SANE": 0.0,
        "VALID": 0.0,
        "total": 100.0
    }
}