{
    "counter": {
        "ACTIVE": 10703,
        "INACTIVE": 13566,
        "INVALID": 0,
        "MALICIOUS": 0,
        "SANE": 0,
        "VALID": 0,
        "total": 24269
    },
    "percentage": {
        "ACTIVE": 44.10334597000165,
        "INACTIVE": 55.898471300836455,
        "INVALID": 0,
        "MALICIOUS": 0,
        "SANE": 0,
        "VALID": 0,
        "total": 100.0018172708381
    }
}