{
    "counter": {
        "ACTIVE": 8186,
        "INACTIVE": 10829,
        "INVALID": 0,
        "MALICIOUS": 0,
        "SANE": 0,
        "VALID": 0,
        "total": 19015
    },
    "percentage": {
        "ACTIVE": 43.06154655444503,
        "INACTIVE": 56.94977649224297,
        "INVALID": 0,
        "MALICIOUS": 0,
        "SANE": 0,
        "VALID": 0,
        "total": 100.011323046688
    }
}