{
    "counter": {
        "ACTIVE": 15288,
        "INACTIVE": 20429,
        "INVALID": 0,
        "MALICIOUS": 0,
        "SANE": 0,
        "VALID": 0,
        "total": 35717
    },
    "percentage": {
        "ACTIVE": 42.80554388912222,
        "INACTIVE": 57.19685303916902,
        "INVALID": 0,
        "MALICIOUS": 0,
        "SANE": 0,
        "VALID": 0,
        "total": 100.00239692829123
    }
}