{
    "counter": {
        "ACTIVE": 12931,
        "INACTIVE": 16372,
        "INVALID": 0,
        "MALICIOUS": 0,
        "SANE": 0,
        "VALID": 0,
        "total": 29303
    },
    "percentage": {
        "ACTIVE": 44.1300935089755,
        "INACTIVE": 55.87141248336348,
        "INVALID": 0,
        "MALICIOUS": 0,
        "SANE": 0,
        "VALID": 0,
        "total": 100.00150599233898
    }
}