{
    "counter": {
        "ACTIVE": 34928,
        "INACTIVE": 43516,
        "INVALID": 0,
        "MALICIOUS": 0,
        "SANE": 0,
        "VALID": 0,
        "total": 78444
    },
    "percentage": {
        "ACTIVE": 44.526031308959254,
        "INACTIVE": 55.473968691040746,
        "INVALID": 0.0,
        "MALICIOUS": 0.0,
        "SANE": 0.0,
        "VALID": 0.0,
        "total": 100.0
    }
}