{
    "counter": {
        "ACTIVE": 24576,
        "INACTIVE": 30427,
        "INVALID": 0,
        "MALICIOUS": 0,
        "SANE": 0,
        "VALID": 0,
        "total": 55003
    },
    "percentage": {
        "ACTIVE": 44.68119920731596,
        "INACTIVE": 55.31880079268404,
        "INVALID": 0.0,
        "MALICIOUS": 0.0,
        "SANE": 0.0,
        "VALID": 0.0,
        "total": 100.0
    }
}