{
    "counter": {
        "ACTIVE": 33265,
        "INACTIVE": 41950,
        "INVALID": 0,
        "MALICIOUS": 0,
        "SANE": 0,
        "VALID": 0,
        "total": 75215
    },
    "percentage": {
        "ACTIVE": 44.22655055507545,
        "INACTIVE": 55.77344944492455,
        "INVALID": 0.0,
        "MALICIOUS": 0.0,
        "SANE": 0.0,
        "VALID": 0.0,
        "total": 100.0
    }
}