{
    "counter": {
        "ACTIVE": 3260,
        "INACTIVE": 4070,
        "INVALID": 0,
        "MALICIOUS": 0,
        "SANE": 0,
        "VALID": 0,
        "total": 7330
    },
    "percentage": {
        "ACTIVE": 44.474761255115965,
        "INACTIVE": 55.53281484513576,
        "INVALID": 0,
        "MALICIOUS": 0,
        "SANE": 0,
        "VALID": 0,
        "total": 100.00757610025173
    }
}