{
    "counter": {
        "ACTIVE": 40601,
        "INACTIVE": 53918,
        "INVALID": 0,
        "MALICIOUS": 0,
        "SANE": 0,
        "VALID": 0,
        "total": 94519
    },
    "percentage": {
        "ACTIVE": 42.95538463166136,
        "INACTIVE": 57.04461536833864,
        "INVALID": 0.0,
        "MALICIOUS": 0.0,
        "SANE": 0.0,
        "VALID": 0.0,
        "total": 100.0
    }
}