{
    "counter": {
        "ACTIVE": 25609,
        "INACTIVE": 32528,
        "INVALID": 0,
        "MALICIOUS": 0,
        "SANE": 0,
        "VALID": 0,
        "total": 58137
    },
    "percentage": {
        "ACTIVE": 44.049400553864146,
        "INACTIVE": 55.950599446135854,
        "INVALID": 0.0,
        "MALICIOUS": 0.0,
        "SANE": 0.0,
        "VALID": 0.0,
        "total": 100.0
    }
}