{
    "counter": {
        "ACTIVE": 13096,
        "INACTIVE": 16805,
        "INVALID": 0,
        "MALICIOUS": 0,
        "SANE": 0,
        "VALID": 0,
        "total": 29901
    },
    "percentage": {
        "ACTIVE": 43.8051913299438,
        "INACTIVE": 56.202133707902746,
        "INVALID": 0,
        "MALICIOUS": 0,
        "SANE": 0,
        "VALID": 0,
        "total": 100.00732503784656
    }
}