{
    "counter": {
        "ACTIVE": 6661,
        "INACTIVE": 8788,
        "INVALID": 0,
        "MALICIOUS": 0,
        "SANE": 0,
        "VALID": 0,
        "total": 15449
    },
    "percentage": {
        "ACTIVE": 43.11605929186355,
        "INACTIVE": 56.88762299326774,
        "INVALID": 0,
        "MALICIOUS": 0,
        "SANE": 0,
        "VALID": 0,
        "total": 100.00368228513129
    }
}