{
    "counter": {
        "ACTIVE": 30939,
        "INACTIVE": 38723,
        "INVALID": 0,
        "MALICIOUS": 0,
        "SANE": 0,
        "VALID": 0,
        "total": 69662
    },
    "percentage": {
        "ACTIVE": 44.41302288191554,
        "INACTIVE": 55.588573069193224,
        "INVALID": 0.0,
        "MALICIOUS": 0.0,
        "SANE": 0.0,
        "VALID": 0.0,
        "total": 100.00159595110875
    }
}