{
    "counter": {
        "ACTIVE": 19210,
        "INACTIVE": 24110,
        "INVALID": 0,
        "MALICIOUS": 0,
        "SANE": 0,
        "VALID": 0,
        "total": 43320
    },
    "percentage": {
        "ACTIVE": 44.3444136657433,
        "INACTIVE": 55.65687111890856,
        "INVALID": 0,
        "MALICIOUS": 0,
        "SANE": 0,
        "VALID": 0,
        "total": 100.00128478465186
    }
}