{
    "counter": {
        "ACTIVE": 31963,
        "INACTIVE": 40021,
        "INVALID": 0,
        "MALICIOUS": 0,
        "SANE": 0,
        "VALID": 0,
        "total": 71984
    },
    "percentage": {
        "ACTIVE": 44.402922871749276,
        "INACTIVE": 55.597849492241224,
        "INVALID": 0.0,
        "MALICIOUS": 0.0,
        "SANE": 0.0,
        "VALID": 0.0,
        "total": 100.0007723639905
    }
}