{
    "counter": {
        "ACTIVE": 34534,
        "INACTIVE": 43178,
        "INVALID": 0,
        "MALICIOUS": 0,
        "SANE": 0,
        "VALID": 0,
        "total": 77712
    },
    "percentage": {
        "ACTIVE": 44.4384393658637,
        "INACTIVE": 55.5615606341363,
        "INVALID": 0.0,
        "MALICIOUS": 0.0,
        "SANE": 0.0,
        "VALID": 0.0,
        "total": 100.0
    }
}