{
    "counter": {
        "ACTIVE": 36046,
        "INACTIVE": 45108,
        "INVALID": 0,
        "MALICIOUS": 0,
        "SANE": 0,
        "VALID": 0,
        "total": 81154
    },
    "percentage": {
        "ACTIVE": 44.4167878354733,
        "INACTIVE": 55.5832121645267,
        "INVALID": 0.0,
        "MALICIOUS": 0.0,
        "SANE": 0.0,
        "VALID": 0.0,
        "total": 100.0
    }
}