{
    "counter": {
        "ACTIVE": 15115,
        "INACTIVE": 20211,
        "INVALID": 0,
        "MALICIOUS": 0,
        "SANE": 0,
        "VALID": 0,
        "total": 35326
    },
    "percentage": {
        "ACTIVE": 42.78718224537168,
        "INACTIVE": 57.21443736730361,
        "INVALID": 0,
        "MALICIOUS": 0,
        "SANE": 0,
        "VALID": 0,
        "total": 100.00161961267528
    }
}