{
    "counter": {
        "ACTIVE": 7355,
        "INACTIVE": 9710,
        "INVALID": 0,
        "MALICIOUS": 0,
        "SANE": 0,
        "VALID": 0,
        "total": 17065
    },
    "percentage": {
        "ACTIVE": 43.099912100791094,
        "INACTIVE": 56.906757311141064,
        "INVALID": 0,
        "MALICIOUS": 0,
        "SANE": 0,
        "VALID": 0,
        "total": 100.00666941193217
    }
}