{
    "counter": {
        "ACTIVE": 22362,
        "INACTIVE": 27504,
        "INVALID": 0,
        "MALICIOUS": 0,
        "SANE": 0,
        "VALID": 0,
        "total": 49866
    },
    "percentage": {
        "ACTIVE": 44.84418240885574,
        "INACTIVE": 55.15581759114426,
        "INVALID": 0.0,
        "MALICIOUS": 0.0,
        "SANE": 0.0,
        "VALID": 0.0,
        "total": 100.0
    }
}