{
    "counter": {
        "ACTIVE": 592,
        "INACTIVE": 834,
        "INVALID": 0,
        "MALICIOUS": 0,
        "SANE": 0,
        "VALID": 0,
        "total": 1426
    },
    "percentage": {
        "ACTIVE": 41.60224877020379,
        "INACTIVE": 58.48527349228611,
        "INVALID": 0,
        "MALICIOUS": 0,
        "SANE": 0,
        "VALID": 0,
        "total": 100.0875222624899
    }
}