{
    "counter": {
        "ACTIVE": 21442,
        "INACTIVE": 26348,
        "INVALID": 0,
        "MALICIOUS": 0,
        "SANE": 0,
        "VALID": 0,
        "total": 47790
    },
    "percentage": {
        "ACTIVE": 44.86712701401967,
        "INACTIVE": 55.13287298598033,
        "INVALID": 0.0,
        "MALICIOUS": 0.0,
        "SANE": 0.0,
        "VALID": 0.0,
        "total": 100.0
    }
}