{
    "counter": {
        "ACTIVE": 5525,
        "INACTIVE": 6910,
        "INVALID": 0,
        "MALICIOUS": 0,
        "SANE": 0,
        "VALID": 0,
        "total": 12435
    },
    "percentage": {
        "ACTIVE": 44.43461476596429,
        "INACTIVE": 55.56895858464013,
        "INVALID": 0,
        "MALICIOUS": 0,
        "SANE": 0,
        "VALID": 0,
        "total": 100.00357335060443
    }
}