{
    "counter": {
        "ACTIVE": 26218,
        "INACTIVE": 33608,
        "INVALID": 0,
        "MALICIOUS": 0,
        "SANE": 0,
        "VALID": 0,
        "total": 59826
    },
    "percentage": {
        "ACTIVE": 43.82375555778424,
        "INACTIVE": 56.17624444221576,
        "INVALID": 0.0,
        "MALICIOUS": 0.0,
        "SANE": 0.0,
        "VALID": 0.0,
        "total": 100.0
    }
}