{
    "counter": {
        "ACTIVE": 31222,
        "INACTIVE": 39043,
        "INVALID": 0,
        "MALICIOUS": 0,
        "SANE": 0,
        "VALID": 0,
        "total": 70265
    },
    "percentage": {
        "ACTIVE": 44.43464029032947,
        "INACTIVE": 55.56694134893187,
        "INVALID": 0.0,
        "MALICIOUS": 0.0,
        "SANE": 0.0,
        "VALID": 0.0,
        "total": 100.00158163926133
    }
}