{
    "counter": {
        "ACTIVE": 40071,
        "INACTIVE": 50585,
        "INVALID": 0,
        "MALICIOUS": 0,
        "SANE": 0,
        "VALID": 0,
        "total": 90656
    },
    "percentage": {
        "ACTIVE": 44.2011560183551,
        "INACTIVE": 55.7988439816449,
        "INVALID": 0.0,
        "MALICIOUS": 0.0,
        "SANE": 0.0,
        "VALID": 0.0,
        "total": 100.0
    }
}