{
    "counter": {
        "ACTIVE": 35670,
        "INACTIVE": 44674,
        "INVALID": 0,
        "MALICIOUS": 0,
        "SANE": 0,
        "VALID": 0,
        "total": 80344
    },
    "percentage": {
        "ACTIVE": 44.39659464303495,
        "INACTIVE": 55.60340535696505,
        "INVALID": 0.0,
        "MALICIOUS": 0.0,
        "SANE": 0.0,
        "VALID": 0.0,
        "total": 100.0
    }
}