{
    "counter": {
        "ACTIVE": 25266,
        "INACTIVE": 31805,
        "INVALID": 0,
        "MALICIOUS": 0,
        "SANE": 0,
        "VALID": 0,
        "total": 57071
    },
    "percentage": {
        "ACTIVE": 44.271170997529396,
        "INACTIVE": 55.728829002470604,
        "INVALID": 0.0,
        "MALICIOUS": 0.0,
        "SANE": 0.0,
        "VALID": 0.0,
        "total": 100.0
    }
}