{
    "counter": {
        "ACTIVE": 26922,
        "INACTIVE": 34453,
        "INVALID": 0,
        "MALICIOUS": 0,
        "SANE": 0,
        "VALID": 0,
        "total": 61375
    },
    "percentage": {
        "ACTIVE": 43.864765784114056,
        "INACTIVE": 56.135234215885944,
        "INVALID": 0.0,
        "MALICIOUS": 0.0,
        "SANE": 0.0,
        "VALID": 0.0,
        "total": 100.0
    }
}