{
    "counter": {
        "ACTIVE": 28238,
        "INACTIVE": 36123,
        "INVALID": 0,
        "MALICIOUS": 0,
        "SANE": 0,
        "VALID": 0,
        "total": 64361
    },
    "percentage": {
        "ACTIVE": 43.874395985146286,
        "INACTIVE": 56.12909240642043,
        "INVALID": 0.0,
        "MALICIOUS": 0.0,
        "SANE": 0.0,
        "VALID": 0.0,
        "total": 100.00348839156672
    }
}