{
    "counter": {
        "ACTIVE": 33167,
        "INACTIVE": 41821,
        "INVALID": 0,
        "MALICIOUS": 0,
        "SANE": 0,
        "VALID": 0,
        "total": 74988
    },
    "percentage": {
        "ACTIVE": 44.229743425614764,
        "INACTIVE": 55.770256574385236,
        "INVALID": 0.0,
        "MALICIOUS": 0.0,
        "SANE": 0.0,
        "VALID": 0.0,
        "total": 100.0
    }
}