{
    "counter": {
        "ACTIVE": 38674,
        "INACTIVE": 47736,
        "INVALID": 0,
        "MALICIOUS": 0,
        "SANE": 0,
        "VALID": 0,
        "total": 86410
    },
    "percentage": {
        "ACTIVE": 44.75639393588705,
        "INACTIVE": 55.24360606411295,
        "INVALID": 0.0,
        "MALICIOUS": 0.0,
        "SANE": 0.0,
        "VALID": 0.0,
        "total": 100.0
    }
}