{
    "counter": {
        "ACTIVE": 8569,
        "INACTIVE": 11503,
        "INVALID": 0,
        "MALICIOUS": 0,
        "SANE": 0,
        "VALID": 0,
        "total": 20072
    },
    "percentage": {
        "ACTIVE": 42.71472010368377,
        "INACTIVE": 57.30868872060582,
        "INVALID": 0,
        "MALICIOUS": 0,
        "SANE": 0,
        "VALID": 0,
        "total": 100.02340882428959
    }
}