{
    "counter": {
        "ACTIVE": 3007,
        "INACTIVE": 3718,
        "INVALID": 0,
        "MALICIOUS": 0,
        "SANE": 0,
        "VALID": 0,
        "total": 6725
    },
    "percentage": {
        "ACTIVE": 44.72705637364272,
        "INACTIVE": 55.28624535315985,
        "INVALID": 0,
        "MALICIOUS": 0,
        "SANE": 0,
        "VALID": 0,
        "total": 100.01330172680257
    }
}