{
    "counter": {
        "ACTIVE": 25959,
        "INACTIVE": 33172,
        "INVALID": 0,
        "MALICIOUS": 0,
        "SANE": 0,
        "VALID": 0,
        "total": 59131
    },
    "percentage": {
        "ACTIVE": 43.90083035970979,
        "INACTIVE": 56.09916964029021,
        "INVALID": 0.0,
        "MALICIOUS": 0.0,
        "SANE": 0.0,
        "VALID": 0.0,
        "total": 100.0
    }
}