{
    "counter": {
        "ACTIVE": 12562,
        "INACTIVE": 15676,
        "INVALID": 0,
        "MALICIOUS": 0,
        "SANE": 0,
        "VALID": 0,
        "total": 28238
    },
    "percentage": {
        "ACTIVE": 44.48615341029818,
        "INACTIVE": 55.517778722198614,
        "INVALID": 0,
        "MALICIOUS": 0,
        "SANE": 0,
        "VALID": 0,
        "total": 100.0039321324968
    }
}