{
    "counter": {
        "ACTIVE": 31754,
        "INACTIVE": 39755,
        "INVALID": 0,
        "MALICIOUS": 0,
        "SANE": 0,
        "VALID": 0,
        "total": 71509
    },
    "percentage": {
        "ACTIVE": 44.40746231085503,
        "INACTIVE": 55.59440070480639,
        "INVALID": 0.0,
        "MALICIOUS": 0.0,
        "SANE": 0.0,
        "VALID": 0.0,
        "total": 100.00186301566143
    }
}