{
    "counter": {
        "ACTIVE": 27033,
        "INACTIVE": 34630,
        "INVALID": 0,
        "MALICIOUS": 0,
        "SANE": 0,
        "VALID": 0,
        "total": 61663
    },
    "percentage": {
        "ACTIVE": 43.839903994291554,
        "INACTIVE": 56.160096005708446,
        "INVALID": 0.0,
        "MALICIOUS": 0.0,
        "SANE": 0.0,
        "VALID": 0.0,
        "total": 100.0
    }
}