{
    "counter": {
        "ACTIVE": 1624,
        "INACTIVE": 1749,
        "INVALID": 0,
        "MALICIOUS": 0,
        "SANE": 0,
        "VALID": 0,
        "total": 3373
    },
    "percentage": {
        "ACTIVE": 48.189910979228486,
        "INACTIVE": 51.852949896234804,
        "INVALID": 0,
        "MALICIOUS": 0,
        "SANE": 0,
        "VALID": 0,
        "total": 100.04286087546329
    }
}