{
    "counter": {
        "ACTIVE": 8819,
        "INACTIVE": 11873,
        "INVALID": 0,
        "MALICIOUS": 0,
        "SANE": 0,
        "VALID": 0,
        "total": 20692
    },
    "percentage": {
        "ACTIVE": 42.62445625906235,
        "INACTIVE": 57.379663638121016,
        "INVALID": 0,
        "MALICIOUS": 0,
        "SANE": 0,
        "VALID": 0,
        "total": 100.00411989718336
    }
}