{
    "counter": {
        "ACTIVE": 24483,
        "INACTIVE": 30372,
        "INVALID": 0,
        "MALICIOUS": 0,
        "SANE": 0,
        "VALID": 0,
        "total": 54855
    },
    "percentage": {
        "ACTIVE": 44.632212195788895,
        "INACTIVE": 55.367787804211105,
        "INVALID": 0.0,
        "MALICIOUS": 0.0,
        "SANE": 0.0,
        "VALID": 0.0,
        "total": 100.0
    }
}