{
    "counter": {
        "ACTIVE": 20069,
        "INACTIVE": 25167,
        "INVALID": 0,
        "MALICIOUS": 0,
        "SANE": 0,
        "VALID": 0,
        "total": 45236
    },
    "percentage": {
        "ACTIVE": 44.36510743655496,
        "INACTIVE": 55.639812522108244,
        "INVALID": 0,
        "MALICIOUS": 0,
        "SANE": 0,
        "VALID": 0,
        "total": 100.00491995866321
    }
}