{
    "counter": {
        "ACTIVE": 16576,
        "INACTIVE": 21658,
        "INVALID": 0,
        "MALICIOUS": 0,
        "SANE": 0,
        "VALID": 0,
        "total": 38234
    },
    "percentage": {
        "ACTIVE": 43.35408275357012,
        "INACTIVE": 56.64888051893701,
        "INVALID": 0,
        "MALICIOUS": 0,
        "SANE": 0,
        "VALID": 0,
        "total": 100.00296327250713
    }
}