{
    "counter": {
        "ACTIVE": 19441,
        "INACTIVE": 24325,
        "INVALID": 0,
        "MALICIOUS": 0,
        "SANE": 0,
        "VALID": 0,
        "total": 43766
    },
    "percentage": {
        "ACTIVE": 44.42337134108722,
        "INACTIVE": 55.579673719325505,
        "INVALID": 0,
        "MALICIOUS": 0,
        "SANE": 0,
        "VALID": 0,
        "total": 100.00304506041272
    }
}