{
    "counter": {
        "ACTIVE": 33393,
        "INACTIVE": 42141,
        "INVALID": 0,
        "MALICIOUS": 0,
        "SANE": 0,
        "VALID": 0,
        "total": 75534
    },
    "percentage": {
        "ACTIVE": 44.209230280403524,
        "INACTIVE": 55.790769719596476,
        "INVALID": 0.0,
        "MALICIOUS": 0.0,
        "SANE": 0.0,
        "VALID": 0.0,
        "total": 100.0
    }
}