{
    "counter": {
        "ACTIVE": 15118,
        "INACTIVE": 20211,
        "INVALID": 0,
        "MALICIOUS": 0,
        "SANE": 0,
        "VALID": 0,
        "total": 35329
    },
    "percentage": {
        "ACTIVE": 42.792040533272946,
        "INACTIVE": 57.21443736730361,
        "INVALID": 0,
        "MALICIOUS": 0,
        "SANE": 0,
        "VALID": 0,
        "total": 100.00647790057656
    }
}