{
    "counter": {
        "ACTIVE": 1882,
        "INACTIVE": 2331,
        "INVALID": 0,
        "MALICIOUS": 0,
        "SANE": 0,
        "VALID": 0,
        "total": 4213
    },
    "percentage": {
        "ACTIVE": 44.703087885985745,
        "INACTIVE": 55.32874436268692,
        "INVALID": 0,
        "MALICIOUS": 0,
        "SANE": 0,
        "VALID": 0,
        "total": 100.03183224867266
    }
}