{
    "counter": {
        "ACTIVE": 9825,
        "INACTIVE": 12827,
        "INVALID": 0,
        "MALICIOUS": 0,
        "SANE": 0,
        "VALID": 0,
        "total": 22652
    },
    "percentage": {
        "ACTIVE": 43.37365354052622,
        "INACTIVE": 56.62884640854708,
        "INVALID": 0,
        "MALICIOUS": 0,
        "SANE": 0,
        "VALID": 0,
        "total": 100.0024999490733
    }
}