{
    "counter": {
        "ACTIVE": 18408,
        "INACTIVE": 23502,
        "INVALID": 0,
        "MALICIOUS": 0,
        "SANE": 0,
        "VALID": 0,
        "total": 41910
    },
    "percentage": {
        "ACTIVE": 43.9226914817466,
        "INACTIVE": 56.085337915234824,
        "INVALID": 0,
        "MALICIOUS": 0,
        "SANE": 0,
        "VALID": 0,
        "total": 100.00802939698141
    }
}