{
    "counter": {
        "ACTIVE": 40352,
        "INACTIVE": 52908,
        "INVALID": 0,
        "MALICIOUS": 0,
        "SANE": 0,
        "VALID": 0,
        "total": 93260
    },
    "percentage": {
        "ACTIVE": 43.26828222174566,
        "INACTIVE": 56.73171777825434,
        "INVALID": 0.0,
        "MALICIOUS": 0.0,
        "SANE": 0.0,
        "VALID": 0.0,
        "total": 100.0
    }
}