{
    "counter": {
        "ACTIVE": 22442,
        "INACTIVE": 27604,
        "INVALID": 0,
        "MALICIOUS": 0,
        "SANE": 0,
        "VALID": 0,
        "total": 50046
    },
    "percentage": {
        "ACTIVE": 44.842744674899095,
        "INACTIVE": 55.157255325100905,
        "INVALID": 0.0,
        "MALICIOUS": 0.0,
        "SANE": 0.0,
        "VALID": 0.0,
        "total": 100.0
    }
}