{
    "counter": {
        "ACTIVE": 39773,
        "INACTIVE": 49830,
        "INVALID": 0,
        "MALICIOUS": 0,
        "SANE": 0,
        "VALID": 0,
        "total": 89603
    },
    "percentage": {
        "ACTIVE": 44.38802272245349,
        "INACTIVE": 55.61197727754651,
        "INVALID": 0.0,
        "MALICIOUS": 0.0,
        "SANE": 0.0,
        "VALID": 0.0,
        "total": 100.0
    }
}