{
    "counter": {
        "ACTIVE": 16333,
        "INACTIVE": 21390,
        "INVALID": 0,
        "MALICIOUS": 0,
        "SANE": 0,
        "VALID": 0,
        "total": 37723
    },
    "percentage": {
        "ACTIVE": 43.29719269411235,
        "INACTIVE": 56.70431048194688,
        "INVALID": 0,
        "MALICIOUS": 0,
        "SANE": 0,
        "VALID": 0,
        "total": 100.00150317605923
    }
}