{
    "counter": {
        "ACTIVE": 14614,
        "INACTIVE": 19538,
        "INVALID": 0,
        "MALICIOUS": 0,
        "SANE": 0,
        "VALID": 0,
        "total": 34152
    },
    "percentage": {
        "ACTIVE": 42.79355783308931,
        "INACTIVE": 57.20894823143593,
        "INVALID": 0,
        "MALICIOUS": 0,
        "SANE": 0,
        "VALID": 0,
        "total": 100.00250606452525
    }
}