{
    "counter": {
        "ACTIVE": 12684,
        "INACTIVE": 15924,
        "INVALID": 0,
        "MALICIOUS": 0,
        "SANE": 0,
        "VALID": 0,
        "total": 28608
    },
    "percentage": {
        "ACTIVE": 44.338798196245676,
        "INACTIVE": 55.66275167785235,
        "INVALID": 0,
        "MALICIOUS": 0,
        "SANE": 0,
        "VALID": 0,
        "total": 100.00154987409803
    }
}