{
    "counter": {
        "ACTIVE": 33333,
        "INACTIVE": 42065,
        "INVALID": 0,
        "MALICIOUS": 0,
        "SANE": 0,
        "VALID": 0,
        "total": 75398
    },
    "percentage": {
        "ACTIVE": 44.209395474681024,
        "INACTIVE": 55.790604525318976,
        "INVALID": 0.0,
        "MALICIOUS": 0.0,
        "SANE": 0.0,
        "VALID": 0.0,
        "total": 100.0
    }
}