{
    "counter": {
        "ACTIVE": 36638,
        "INACTIVE": 45841,
        "INVALID": 0,
        "MALICIOUS": 0,
        "SANE": 0,
        "VALID": 0,
        "total": 82479
    },
    "percentage": {
        "ACTIVE": 44.421004134385726,
        "INACTIVE": 55.578995865614274,
        "INVALID": 0.0,
        "MALICIOUS": 0.0,
        "SANE": 0.0,
        "VALID": 0.0,
        "total": 100.0
    }
}