{
    "counter": {
        "ACTIVE": 43421,
        "INACTIVE": 58104,
        "INVALID": 0,
        "MALICIOUS": 0,
        "SANE": 0,
        "VALID": 0,
        "total": 101525
    },
    "percentage": {
        "ACTIVE": 42.76877616350652,
        "INACTIVE": 57.23122383649348,
        "INVALID": 0.0,
        "MALICIOUS": 0.0,
        "SANE": 0.0,
        "VALID": 0.0,
        "total": 100.0
    }
}