{
    "counter": {
        "ACTIVE": 26845,
        "INACTIVE": 34330,
        "INVALID": 0,
        "MALICIOUS": 0,
        "SANE": 0,
        "VALID": 0,
        "total": 61175
    },
    "percentage": {
        "ACTIVE": 43.88230486309767,
        "INACTIVE": 56.11769513690233,
        "INVALID": 0.0,
        "MALICIOUS": 0.0,
        "SANE": 0.0,
        "VALID": 0.0,
        "total": 100.0
    }
}