{
    "counter": {
        "ACTIVE": 20202,
        "INACTIVE": 25299,
        "INVALID": 0,
        "MALICIOUS": 0,
        "SANE": 0,
        "VALID": 0,
        "total": 45501
    },
    "percentage": {
        "ACTIVE": 44.39902419727039,
        "INACTIVE": 55.6058641229092,
        "INVALID": 0,
        "MALICIOUS": 0,
        "SANE": 0,
        "VALID": 0,
        "total": 100.00488832017959
    }
}