{
    "counter": {
        "ACTIVE": 9384,
        "INACTIVE": 12536,
        "INVALID": 0,
        "MALICIOUS": 0,
        "SANE": 0,
        "VALID": 0,
        "total": 21920
    },
    "percentage": {
        "ACTIVE": 42.81217208814271,
        "INACTIVE": 57.18978102189781,
        "INVALID": 0,
        "MALICIOUS": 0,
        "SANE": 0,
        "VALID": 0,
        "total": 100.00195311004052
    }
}