{
    "counter": {
        "ACTIVE": 1938,
        "INACTIVE": 2476,
        "INVALID": 0,
        "MALICIOUS": 0,
        "SANE": 0,
        "VALID": 0,
        "total": 4414
    },
    "percentage": {
        "ACTIVE": 43.92565729827743,
        "INACTIVE": 56.09424558223833,
        "INVALID": 0,
        "MALICIOUS": 0,
        "SANE": 0,
        "VALID": 0,
        "total": 100.01990288051576
    }
}