{
    "counter": {
        "ACTIVE": 36582,
        "INACTIVE": 45768,
        "INVALID": 0,
        "MALICIOUS": 0,
        "SANE": 0,
        "VALID": 0,
        "total": 82350
    },
    "percentage": {
        "ACTIVE": 44.42258652094718,
        "INACTIVE": 55.57741347905282,
        "INVALID": 0.0,
        "MALICIOUS": 0.0,
        "SANE": 0.0,
        "VALID": 0.0,
        "total": 100.0
    }
}