{
    "counter": {
        "ACTIVE": 21618,
        "INACTIVE": 26572,
        "INVALID": 0,
        "MALICIOUS": 0,
        "SANE": 0,
        "VALID": 0,
        "total": 48190
    },
    "percentage": {
        "ACTIVE": 44.859929445943145,
        "INACTIVE": 55.140070554056855,
        "INVALID": 0.0,
        "MALICIOUS": 0.0,
        "SANE": 0.0,
        "VALID": 0.0,
        "total": 100.0
    }
}