{
    "counter": {
        "ACTIVE": 32975,
        "INACTIVE": 41565,
        "INVALID": 0,
        "MALICIOUS": 0,
        "SANE": 0,
        "VALID": 0,
        "total": 74540
    },
    "percentage": {
        "ACTIVE": 44.237993023879795,
        "INACTIVE": 55.762006976120205,
        "INVALID": 0.0,
        "MALICIOUS": 0.0,
        "SANE": 0.0,
        "VALID": 0.0,
        "total": 100.0
    }
}