{
    "counter": {
        "ACTIVE": 8039,
        "INACTIVE": 10611,
        "INVALID": 0,
        "MALICIOUS": 0,
        "SANE": 0,
        "VALID": 0,
        "total": 18650
    },
    "percentage": {
        "ACTIVE": 43.10455764075067,
        "INACTIVE": 56.90459591355178,
        "INVALID": 0,
        "MALICIOUS": 0,
        "SANE": 0,
        "VALID": 0,
        "total": 100.00915355430246
    }
}