{
    "counter": {
        "ACTIVE": 4786,
        "INACTIVE": 6133,
        "INVALID": 0,
        "MALICIOUS": 0,
        "SANE": 0,
        "VALID": 0,
        "total": 10919
    },
    "percentage": {
        "ACTIVE": 43.8398827516717,
        "INACTIVE": 56.16814726623317,
        "INVALID": 0,
        "MALICIOUS": 0,
        "SANE": 0,
        "VALID": 0,
        "total": 100.00803001790487
    }
}