{
    "counter": {
        "ACTIVE": 6467,
        "INACTIVE": 8353,
        "INVALID": 0,
        "MALICIOUS": 0,
        "SANE": 0,
        "VALID": 0,
        "total": 14820
    },
    "percentage": {
        "ACTIVE": 43.639921722113506,
        "INACTIVE": 56.36302294197031,
        "INVALID": 0,
        "MALICIOUS": 0,
        "SANE": 0,
        "VALID": 0,
        "total": 100.00294466408381
    }
}