{
    "counter": {
        "ACTIVE": 35608,
        "INACTIVE": 44604,
        "INVALID": 0,
        "MALICIOUS": 0,
        "SANE": 0,
        "VALID": 0,
        "total": 80212
    },
    "percentage": {
        "ACTIVE": 44.39236024534982,
        "INACTIVE": 55.60763975465018,
        "INVALID": 0.0,
        "MALICIOUS": 0.0,
        "SANE": 0.0,
        "VALID": 0.0,
        "total": 100.0
    }
}