{
    "counter": {
        "ACTIVE": 14428,
        "INACTIVE": 19252,
        "INVALID": 0,
        "MALICIOUS": 0,
        "SANE": 0,
        "VALID": 0,
        "total": 33680
    },
    "percentage": {
        "ACTIVE": 42.83975177410256,
        "INACTIVE": 57.16152019002375,
        "INVALID": 0,
        "MALICIOUS": 0,
        "SANE": 0,
        "VALID": 0,
        "total": 100.00127196412632
    }
}