{
    "counter": {
        "ACTIVE": 40289,
        "INACTIVE": 52416,
        "INVALID": 0,
        "MALICIOUS": 0,
        "SANE": 0,
        "VALID": 0,
        "total": 92705
    },
    "percentage": {
        "ACTIVE": 43.45936033655143,
        "INACTIVE": 56.54063966344857,
        "INVALID": 0.0,
        "MALICIOUS": 0.0,
        "SANE": 0.0,
        "VALID": 0.0,
        "total": 100.0
    }
}