{
    "counter": {
        "ACTIVE": 32893,
        "INACTIVE": 41421,
        "INVALID": 0,
        "MALICIOUS": 0,
        "SANE": 0,
        "VALID": 0,
        "total": 74314
    },
    "percentage": {
        "ACTIVE": 44.26218478348629,
        "INACTIVE": 55.73781521651371,
        "INVALID": 0.0,
        "MALICIOUS": 0.0,
        "SANE": 0.0,
        "VALID": 0.0,
        "total": 100.0
    }
}