{
    "counter": {
        "ACTIVE": 32939,
        "INACTIVE": 41534,
        "INVALID": 0,
        "MALICIOUS": 0,
        "SANE": 0,
        "VALID": 0,
        "total": 74473
    },
    "percentage": {
        "ACTIVE": 44.22945228472064,
        "INACTIVE": 55.77054771527936,
        "INVALID": 0.0,
        "MALICIOUS": 0.0,
        "SANE": 0.0,
        "VALID": 0.0,
        "total": 100.0
    }
}