{
    "counter": {
        "ACTIVE": 31587,
        "INACTIVE": 39585,
        "INVALID": 0,
        "MALICIOUS": 0,
        "SANE": 0,
        "VALID": 0,
        "total": 71172
    },
    "percentage": {
        "ACTIVE": 44.38121733265891,
        "INACTIVE": 55.61956414831884,
        "INVALID": 0.0,
        "MALICIOUS": 0.0,
        "SANE": 0.0,
        "VALID": 0.0,
        "total": 100.00078148097775
    }
}