{
    "counter": {
        "ACTIVE": 33628,
        "INACTIVE": 42471,
        "INVALID": 0,
        "MALICIOUS": 0,
        "SANE": 0,
        "VALID": 0,
        "total": 76099
    },
    "percentage": {
        "ACTIVE": 44.18980538509047,
        "INACTIVE": 55.81019461490953,
        "INVALID": 0.0,
        "MALICIOUS": 0.0,
        "SANE": 0.0,
        "VALID": 0.0,
        "total": 100.0
    }
}