{
    "counter": {
        "ACTIVE": 10197,
        "INACTIVE": 13127,
        "INVALID": 0,
        "MALICIOUS": 0,
        "SANE": 0,
        "VALID": 0,
        "total": 23324
    },
    "percentage": {
        "ACTIVE": 43.72079063585302,
        "INACTIVE": 56.281083862116276,
        "INVALID": 0,
        "MALICIOUS": 0,
        "SANE": 0,
        "VALID": 0,
        "total": 100.0018744979693
    }
}