{
    "counter": {
        "ACTIVE": 8210,
        "INACTIVE": 10952,
        "INVALID": 0,
        "MALICIOUS": 0,
        "SANE": 0,
        "VALID": 0,
        "total": 19162
    },
    "percentage": {
        "ACTIVE": 42.845214487005535,
        "INACTIVE": 57.15776838369605,
        "INVALID": 0,
        "MALICIOUS": 0,
        "SANE": 0,
        "VALID": 0,
        "total": 100.00298287070159
    }
}