{
    "counter": {
        "ACTIVE": 31308,
        "INACTIVE": 39182,
        "INVALID": 0,
        "MALICIOUS": 0,
        "SANE": 0,
        "VALID": 0,
        "total": 70490
    },
    "percentage": {
        "ACTIVE": 44.41733110121159,
        "INACTIVE": 55.58518938856575,
        "INVALID": 0.0,
        "MALICIOUS": 0.0,
        "SANE": 0.0,
        "VALID": 0.0,
        "total": 100.00252048977734
    }
}