{
    "counter": {
        "ACTIVE": 761,
        "INACTIVE": 970,
        "INVALID": 0,
        "MALICIOUS": 0,
        "SANE": 0,
        "VALID": 0,
        "total": 1731
    },
    "percentage": {
        "ACTIVE": 44.013880855986116,
        "INACTIVE": 56.0369728480647,
        "INVALID": 0,
        "MALICIOUS": 0,
        "SANE": 0,
        "VALID": 0,
        "total": 100.05085370405081
    }
}