{
    "counter": {
        "ACTIVE": 32802,
        "INACTIVE": 41270,
        "INVALID": 0,
        "MALICIOUS": 0,
        "SANE": 0,
        "VALID": 0,
        "total": 74072
    },
    "percentage": {
        "ACTIVE": 44.28393995031861,
        "INACTIVE": 55.71606004968139,
        "INVALID": 0.0,
        "MALICIOUS": 0.0,
        "SANE": 0.0,
        "VALID": 0.0,
        "total": 100.0
    }
}