{
    "counter": {
        "ACTIVE": 32799,
        "INACTIVE": 41258,
        "INVALID": 0,
        "MALICIOUS": 0,
        "SANE": 0,
        "VALID": 0,
        "total": 74057
    },
    "percentage": {
        "ACTIVE": 44.28885858190313,
        "INACTIVE": 55.71114141809687,
        "INVALID": 0.0,
        "MALICIOUS": 0.0,
        "SANE": 0.0,
        "VALID": 0.0,
        "total": 100.0
    }
}