{
    "counter": {
        "ACTIVE": 39493,
        "INACTIVE": 49226,
        "INVALID": 0,
        "MALICIOUS": 0,
        "SANE": 0,
        "VALID": 0,
        "total": 88719
    },
    "percentage": {
        "ACTIVE": 44.51470372749918,
        "INACTIVE": 55.48529627250082,
        "INVALID": 0.0,
        "MALICIOUS": 0.0,
        "SANE": 0.0,
        "VALID": 0.0,
        "total": 100.0
    }
}