{
    "counter": {
        "ACTIVE": 13693,
        "INACTIVE": 17912,
        "INVALID": 0,
        "MALICIOUS": 0,
        "SANE": 0,
        "VALID": 0,
        "total": 31605
    },
    "percentage": {
        "ACTIVE": 43.33227848101266,
        "INACTIVE": 56.674576807467176,
        "INVALID": 0,
        "MALICIOUS": 0,
        "SANE": 0,
        "VALID": 0,
        "total": 100.00685528847984
    }
}