{
    "counter": {
        "ACTIVE": 42573,
        "INACTIVE": 56698,
        "INVALID": 0,
        "MALICIOUS": 0,
        "SANE": 0,
        "VALID": 0,
        "total": 99271
    },
    "percentage": {
        "ACTIVE": 42.88563628854348,
        "INACTIVE": 57.11436371145652,
        "INVALID": 0.0,
        "MALICIOUS": 0.0,
        "SANE": 0.0,
        "VALID": 0.0,
        "total": 100.0
    }
}