{
    "counter": {
        "ACTIVE": 20191,
        "INACTIVE": 25294,
        "INVALID": 0,
        "MALICIOUS": 0,
        "SANE": 0,
        "VALID": 0,
        "total": 45485
    },
    "percentage": {
        "ACTIVE": 44.39045839287677,
        "INACTIVE": 55.614432400343,
        "INVALID": 0,
        "MALICIOUS": 0,
        "SANE": 0,
        "VALID": 0,
        "total": 100.00489079321977
    }
}