{
    "counter": {
        "ACTIVE": 8385,
        "INACTIVE": 11217,
        "INVALID": 0,
        "MALICIOUS": 0,
        "SANE": 0,
        "VALID": 0,
        "total": 19602
    },
    "percentage": {
        "ACTIVE": 42.77624732170187,
        "INACTIVE": 57.24419494769074,
        "INVALID": 0,
        "MALICIOUS": 0,
        "SANE": 0,
        "VALID": 0,
        "total": 100.0204422693926
    }
}