{
    "counter": {
        "ACTIVE": 3582,
        "INACTIVE": 4359,
        "INVALID": 0,
        "MALICIOUS": 0,
        "SANE": 0,
        "VALID": 0,
        "total": 7941
    },
    "percentage": {
        "ACTIVE": 45.10766905931243,
        "INACTIVE": 54.8992443324937,
        "INVALID": 0,
        "MALICIOUS": 0,
        "SANE": 0,
        "VALID": 0,
        "total": 100.00691339180614
    }
}