{
    "counter": {
        "ACTIVE": 12551,
        "INACTIVE": 15649,
        "INVALID": 0,
        "MALICIOUS": 0,
        "SANE": 0,
        "VALID": 0,
        "total": 28200
    },
    "percentage": {
        "ACTIVE": 44.50709219858156,
        "INACTIVE": 55.49487570481223,
        "INVALID": 0,
        "MALICIOUS": 0,
        "SANE": 0,
        "VALID": 0,
        "total": 100.00196790339379
    }
}