{
    "counter": {
        "ACTIVE": 32527,
        "INACTIVE": 40819,
        "INVALID": 0,
        "MALICIOUS": 0,
        "SANE": 0,
        "VALID": 0,
        "total": 73346
    },
    "percentage": {
        "ACTIVE": 44.34734000490824,
        "INACTIVE": 55.65265999509176,
        "INVALID": 0.0,
        "MALICIOUS": 0.0,
        "SANE": 0.0,
        "VALID": 0.0,
        "total": 100.0
    }
}