{
    "counter": {
        "ACTIVE": 29289,
        "INACTIVE": 37098,
        "INVALID": 0,
        "MALICIOUS": 0,
        "SANE": 0,
        "VALID": 0,
        "total": 66387
    },
    "percentage": {
        "ACTIVE": 44.11857743232862,
        "INACTIVE": 55.88226433284126,
        "INVALID": 0.0,
        "MALICIOUS": 0.0,
        "SANE": 0.0,
        "VALID": 0.0,
        "total": 100.00084176516988
    }
}