{
    "counter": {
        "ACTIVE": 21453,
        "INACTIVE": 26358,
        "INVALID": 0,
        "MALICIOUS": 0,
        "SANE": 0,
        "VALID": 0,
        "total": 47811
    },
    "percentage": {
        "ACTIVE": 44.87042730752337,
        "INACTIVE": 55.12957269247663,
        "INVALID": 0.0,
        "MALICIOUS": 0.0,
        "SANE": 0.0,
        "VALID": 0.0,
        "total": 100.0
    }
}