{
    "counter": {
        "ACTIVE": 13900,
        "INACTIVE": 18273,
        "INVALID": 0,
        "MALICIOUS": 0,
        "SANE": 0,
        "VALID": 0,
        "total": 32173
    },
    "percentage": {
        "ACTIVE": 43.20392876014049,
        "INACTIVE": 56.79783662812383,
        "INVALID": 0,
        "MALICIOUS": 0,
        "SANE": 0,
        "VALID": 0,
        "total": 100.00176538826432
    }
}