{
    "counter": {
        "ACTIVE": 39032,
        "INACTIVE": 48254,
        "INVALID": 0,
        "MALICIOUS": 0,
        "SANE": 0,
        "VALID": 0,
        "total": 87286
    },
    "percentage": {
        "ACTIVE": 44.717365900602616,
        "INACTIVE": 55.282634099397384,
        "INVALID": 0.0,
        "MALICIOUS": 0.0,
        "SANE": 0.0,
        "VALID": 0.0,
        "total": 100.0
    }
}