{
    "counter": {
        "ACTIVE": 10082,
        "INACTIVE": 13050,
        "INVALID": 0,
        "MALICIOUS": 0,
        "SANE": 0,
        "VALID": 0,
        "total": 23132
    },
    "percentage": {
        "ACTIVE": 43.58464464810652,
        "INACTIVE": 56.42023346303502,
        "INVALID": 0,
        "MALICIOUS": 0,
        "SANE": 0,
        "VALID": 0,
        "total": 100.00487811114154
    }
}