{
    "counter": {
        "ACTIVE": 44433,
        "INACTIVE": 59548,
        "INVALID": 0,
        "MALICIOUS": 0,
        "SANE": 0,
        "VALID": 0,
        "total": 103981
    },
    "percentage": {
        "ACTIVE": 42.73184524095748,
        "INACTIVE": 57.26815475904252,
        "INVALID": 0.0,
        "MALICIOUS": 0.0,
        "SANE": 0.0,
        "VALID": 0.0,
        "total": 100.0
    }
}