{
    "counter": {
        "ACTIVE": 28270,
        "INACTIVE": 36158,
        "INVALID": 0,
        "MALICIOUS": 0,
        "SANE": 0,
        "VALID": 0,
        "total": 64428
    },
    "percentage": {
        "ACTIVE": 43.880481179666276,
        "INACTIVE": 56.121562053765444,
        "INVALID": 0.0,
        "MALICIOUS": 0.0,
        "SANE": 0.0,
        "VALID": 0.0,
        "total": 100.00204323343172
    }
}