{
    "counter": {
        "ACTIVE": 33525,
        "INACTIVE": 42343,
        "INVALID": 0,
        "MALICIOUS": 0,
        "SANE": 0,
        "VALID": 0,
        "total": 75868
    },
    "percentage": {
        "ACTIVE": 44.18859071018084,
        "INACTIVE": 55.81140928981916,
        "INVALID": 0.0,
        "MALICIOUS": 0.0,
        "SANE": 0.0,
        "VALID": 0.0,
        "total": 100.0
    }
}