{
    "counter": {
        "ACTIVE": 39700,
        "INACTIVE": 49698,
        "INVALID": 0,
        "MALICIOUS": 0,
        "SANE": 0,
        "VALID": 0,
        "total": 89398
    },
    "percentage": {
        "ACTIVE": 44.408152307657886,
        "INACTIVE": 55.591847692342114,
        "INVALID": 0.0,
        "MALICIOUS": 0.0,
        "SANE": 0.0,
        "VALID": 0.0,
        "total": 100.0
    }
}