{
    "counter": {
        "ACTIVE": 38924,
        "INACTIVE": 48063,
        "INVALID": 0,
        "MALICIOUS": 0,
        "SANE": 0,
        "VALID": 0,
        "total": 86987
    },
    "percentage": {
        "ACTIVE": 44.746916205869844,
        "INACTIVE": 55.253083794130156,
        "INVALID": 0.0,
        "MALICIOUS": 0.0,
        "SANE": 0.0,
        "VALID": 0.0,
        "total": 100.0
    }
}