{
    "counter": {
        "ACTIVE": 5255,
        "INACTIVE": 6574,
        "INVALID": 0,
        "MALICIOUS": 0,
        "SANE": 0,
        "VALID": 0,
        "total": 11829
    },
    "percentage": {
        "ACTIVE": 44.43223133508075,
        "INACTIVE": 55.57528108884944,
        "INVALID": 0,
        "MALICIOUS": 0,
        "SANE": 0,
        "VALID": 0,
        "total": 100.0075124239302
    }
}