{
    "counter": {
        "ACTIVE": 19821,
        "INACTIVE": 24953,
        "INVALID": 0,
        "MALICIOUS": 0,
        "SANE": 0,
        "VALID": 0,
        "total": 44774
    },
    "percentage": {
        "ACTIVE": 44.26998414222857,
        "INACTIVE": 55.73100460088444,
        "INVALID": 0,
        "MALICIOUS": 0,
        "SANE": 0,
        "VALID": 0,
        "total": 100.00098874311301
    }
}