{
    "counter": {
        "ACTIVE": 23377,
        "INACTIVE": 28719,
        "INVALID": 0,
        "MALICIOUS": 0,
        "SANE": 0,
        "VALID": 0,
        "total": 52096
    },
    "percentage": {
        "ACTIVE": 44.87292690417691,
        "INACTIVE": 55.12707309582309,
        "INVALID": 0.0,
        "MALICIOUS": 0.0,
        "SANE": 0.0,
        "VALID": 0.0,
        "total": 100.0
    }
}