{
    "counter": {
        "ACTIVE": 39452,
        "INACTIVE": 49135,
        "INVALID": 0,
        "MALICIOUS": 0,
        "SANE": 0,
        "VALID": 0,
        "total": 88587
    },
    "percentage": {
        "ACTIVE": 44.53475114858839,
        "INACTIVE": 55.46524885141161,
        "INVALID": 0.0,
        "MALICIOUS": 0.0,
        "SANE": 0.0,
        "VALID": 0.0,
        "total": 100.0
    }
}