{
    "counter": {
        "ACTIVE": 6057,
        "INACTIVE": 7613,
        "INVALID": 0,
        "MALICIOUS": 0,
        "SANE": 0,
        "VALID": 0,
        "total": 13670
    },
    "percentage": {
        "ACTIVE": 44.31194674080035,
        "INACTIVE": 55.691294806144846,
        "INVALID": 0,
        "MALICIOUS": 0,
        "SANE": 0,
        "VALID": 0,
        "total": 100.00324154694519
    }
}