{
    "counter": {
        "ACTIVE": 35199,
        "INACTIVE": 44091,
        "INVALID": 0,
        "MALICIOUS": 0,
        "SANE": 0,
        "VALID": 0,
        "total": 79290
    },
    "percentage": {
        "ACTIVE": 44.39273552780931,
        "INACTIVE": 55.60726447219069,
        "INVALID": 0.0,
        "MALICIOUS": 0.0,
        "SANE": 0.0,
        "VALID": 0.0,
        "total": 100.0
    }
}