{
    "counter": {
        "ACTIVE": 19871,
        "INACTIVE": 25022,
        "INVALID": 0,
        "MALICIOUS": 0,
        "SANE": 0,
        "VALID": 0,
        "total": 44893
    },
    "percentage": {
        "ACTIVE": 44.26302541598913,
        "INACTIVE": 55.73821616323621,
        "INVALID": 0,
        "MALICIOUS": 0,
        "SANE": 0,
        "VALID": 0,
        "total": 100.00124157922534
    }
}