{
    "counter": {
        "ACTIVE": 9977,
        "INACTIVE": 12949,
        "INVALID": 0,
        "MALICIOUS": 0,
        "SANE": 0,
        "VALID": 0,
        "total": 22926
    },
    "percentage": {
        "ACTIVE": 43.52587034290202,
        "INACTIVE": 56.481723807031315,
        "INVALID": 0,
        "MALICIOUS": 0,
        "SANE": 0,
        "VALID": 0,
        "total": 100.00759414993334
    }
}