{
    "counter": {
        "ACTIVE": 3710,
        "INACTIVE": 4544,
        "INVALID": 0,
        "MALICIOUS": 0,
        "SANE": 0,
        "VALID": 0,
        "total": 8254
    },
    "percentage": {
        "ACTIVE": 44.9479040465229,
        "INACTIVE": 55.07878787878788,
        "INVALID": 0,
        "MALICIOUS": 0,
        "SANE": 0,
        "VALID": 0,
        "total": 100.02669192531079
    }
}