{
    "counter": {
        "ACTIVE": 30231,
        "INACTIVE": 37982,
        "INVALID": 0,
        "MALICIOUS": 0,
        "SANE": 0,
        "VALID": 0,
        "total": 68213
    },
    "percentage": {
        "ACTIVE": 44.31853165818832,
        "INACTIVE": 55.68228464199848,
        "INVALID": 0.0,
        "MALICIOUS": 0.0,
        "SANE": 0.0,
        "VALID": 0.0,
        "total": 100.0008163001868
    }
}