{
    "counter": {
        "ACTIVE": 20971,
        "INACTIVE": 25910,
        "INVALID": 0,
        "MALICIOUS": 0,
        "SANE": 0,
        "VALID": 0,
        "total": 46881
    },
    "percentage": {
        "ACTIVE": 44.73527027603566,
        "INACTIVE": 55.267592414837566,
        "INVALID": 0,
        "MALICIOUS": 0,
        "SANE": 0,
        "VALID": 0,
        "total": 100.00286269087323
    }
}