{
    "counter": {
        "ACTIVE": 30238,
        "INACTIVE": 37988,
        "INVALID": 0,
        "MALICIOUS": 0,
        "SANE": 0,
        "VALID": 0,
        "total": 68226
    },
    "percentage": {
        "ACTIVE": 44.32034708175769,
        "INACTIVE": 55.680469036277024,
        "INVALID": 0.0,
        "MALICIOUS": 0.0,
        "SANE": 0.0,
        "VALID": 0.0,
        "total": 100.00081611803472
    }
}