{
    "counter": {
        "ACTIVE": 35607,
        "INACTIVE": 44602,
        "INVALID": 0,
        "MALICIOUS": 0,
        "SANE": 0,
        "VALID": 0,
        "total": 80209
    },
    "percentage": {
        "ACTIVE": 44.39277387824309,
        "INACTIVE": 55.60722612175691,
        "INVALID": 0.0,
        "MALICIOUS": 0.0,
        "SANE": 0.0,
        "VALID": 0.0,
        "total": 100.0
    }
}