{
    "counter": {
        "ACTIVE": 35962,
        "INACTIVE": 45016,
        "INVALID": 0,
        "MALICIOUS": 0,
        "SANE": 0,
        "VALID": 0,
        "total": 80978
    },
    "percentage": {
        "ACTIVE": 44.40959272888933,
        "INACTIVE": 55.59040727111067,
        "INVALID": 0.0,
        "MALICIOUS": 0.0,
        "SANE": 0.0,
        "VALID": 0.0,
        "total": 100.0
    }
}