{
    "counter": {
        "ACTIVE": 3080,
        "INACTIVE": 3808,
        "INVALID": 0,
        "MALICIOUS": 0,
        "SANE": 0,
        "VALID": 0,
        "total": 6888
    },
    "percentage": {
        "ACTIVE": 44.71544715447155,
        "INACTIVE": 55.316676350958744,
        "INVALID": 0,
        "MALICIOUS": 0,
        "SANE": 0,
        "VALID": 0,
        "total": 100.03212350543029
    }
}