{
    "counter": {
        "ACTIVE": 17668,
        "INACTIVE": 22757,
        "INVALID": 0,
        "MALICIOUS": 0,
        "SANE": 0,
        "VALID": 0,
        "total": 40425
    },
    "percentage": {
        "ACTIVE": 43.70779011948643,
        "INACTIVE": 56.294372294372295,
        "INVALID": 0,
        "MALICIOUS": 0,
        "SANE": 0,
        "VALID": 0,
        "total": 100.00216241385873
    }
}