{
    "counter": {
        "ACTIVE": 29332,
        "INACTIVE": 37152,
        "INVALID": 0,
        "MALICIOUS": 0,
        "SANE": 0,
        "VALID": 0,
        "total": 66484
    },
    "percentage": {
        "ACTIVE": 44.11888574694663,
        "INACTIVE": 55.88195478543387,
        "INVALID": 0.0,
        "MALICIOUS": 0.0,
        "SANE": 0.0,
        "VALID": 0.0,
        "total": 100.0008405323805
    }
}