{
    "counter": {
        "ACTIVE": 41847,
        "INACTIVE": 55601,
        "INVALID": 0,
        "MALICIOUS": 0,
        "SANE": 0,
        "VALID": 0,
        "total": 97448
    },
    "percentage": {
        "ACTIVE": 42.94290288153682,
        "INACTIVE": 57.05709711846318,
        "INVALID": 0.0,
        "MALICIOUS": 0.0,
        "SANE": 0.0,
        "VALID": 0.0,
        "total": 100.0
    }
}