{
    "counter": {
        "ACTIVE": 13038,
        "INACTIVE": 16540,
        "INVALID": 0,
        "MALICIOUS": 0,
        "SANE": 0,
        "VALID": 0,
        "total": 29578
    },
    "percentage": {
        "ACTIVE": 44.08154985292626,
        "INACTIVE": 55.91994049631483,
        "INVALID": 0,
        "MALICIOUS": 0,
        "SANE": 0,
        "VALID": 0,
        "total": 100.0014903492411
    }
}