{
    "counter": {
        "ACTIVE": 14741,
        "INACTIVE": 19791,
        "INVALID": 0,
        "MALICIOUS": 0,
        "SANE": 0,
        "VALID": 0,
        "total": 34532
    },
    "percentage": {
        "ACTIVE": 42.69165049668395,
        "INACTIVE": 57.31205838063246,
        "INVALID": 0,
        "MALICIOUS": 0,
        "SANE": 0,
        "VALID": 0,
        "total": 100.0037088773164
    }
}