{
    "counter": {
        "ACTIVE": 34104,
        "INACTIVE": 42811,
        "INVALID": 0,
        "MALICIOUS": 0,
        "SANE": 0,
        "VALID": 0,
        "total": 76915
    },
    "percentage": {
        "ACTIVE": 44.33985568484691,
        "INACTIVE": 55.66014431515309,
        "INVALID": 0.0,
        "MALICIOUS": 0.0,
        "SANE": 0.0,
        "VALID": 0.0,
        "total": 100.0
    }
}