{
    "counter": {
        "ACTIVE": 13064,
        "INACTIVE": 16653,
        "INVALID": 0,
        "MALICIOUS": 0,
        "SANE": 0,
        "VALID": 0,
        "total": 29717
    },
    "percentage": {
        "ACTIVE": 43.9806086722327,
        "INACTIVE": 56.038631086583436,
        "INVALID": 0,
        "MALICIOUS": 0,
        "SANE": 0,
        "VALID": 0,
        "total": 100.01923975881613
    }
}