{
    "counter": {
        "ACTIVE": 18231,
        "INACTIVE": 23354,
        "INVALID": 0,
        "MALICIOUS": 0,
        "SANE": 0,
        "VALID": 0,
        "total": 41585
    },
    "percentage": {
        "ACTIVE": 43.84032704100036,
        "INACTIVE": 56.1610234705656,
        "INVALID": 0,
        "MALICIOUS": 0,
        "SANE": 0,
        "VALID": 0,
        "total": 100.00135051156596
    }
}