{
    "counter": {
        "ACTIVE": 16718,
        "INACTIVE": 21781,
        "INVALID": 0,
        "MALICIOUS": 0,
        "SANE": 0,
        "VALID": 0,
        "total": 38499
    },
    "percentage": {
        "ACTIVE": 43.42450453258526,
        "INACTIVE": 56.58431403112254,
        "INVALID": 0,
        "MALICIOUS": 0,
        "SANE": 0,
        "VALID": 0,
        "total": 100.00881856370779
    }
}