{
    "counter": {
        "ACTIVE": 23154,
        "INACTIVE": 28381,
        "INVALID": 0,
        "MALICIOUS": 0,
        "SANE": 0,
        "VALID": 0,
        "total": 51535
    },
    "percentage": {
        "ACTIVE": 44.928689240322115,
        "INACTIVE": 55.071310759677885,
        "INVALID": 0.0,
        "MALICIOUS": 0.0,
        "SANE": 0.0,
        "VALID": 0.0,
        "total": 100.0
    }
}