{
    "counter": {
        "ACTIVE": 39154,
        "INACTIVE": 48432,
        "INVALID": 0,
        "MALICIOUS": 0,
        "SANE": 0,
        "VALID": 0,
        "total": 87586
    },
    "percentage": {
        "ACTIVE": 44.7034914255703,
        "INACTIVE": 55.2965085744297,
        "INVALID": 0.0,
        "MALICIOUS": 0.0,
        "SANE": 0.0,
        "VALID": 0.0,
        "total": 100.0
    }
}