{
    "counter": {
        "ACTIVE": 32049,
        "INACTIVE": 40197,
        "INVALID": 0,
        "MALICIOUS": 0,
        "SANE": 0,
        "VALID": 0,
        "total": 72246
    },
    "percentage": {
        "ACTIVE": 44.36277563224119,
        "INACTIVE": 55.63906652271406,
        "INVALID": 0.0,
        "MALICIOUS": 0.0,
        "SANE": 0.0,
        "VALID": 0.0,
        "total": 100.00184215495526
    }
}