{
    "counter": {
        "ACTIVE": 9057,
        "INACTIVE": 12144,
        "INVALID": 0,
        "MALICIOUS": 0,
        "SANE": 0,
        "VALID": 0,
        "total": 21201
    },
    "percentage": {
        "ACTIVE": 42.71968303381916,
        "INACTIVE": 57.283018867924525,
        "INVALID": 0,
        "MALICIOUS": 0,
        "SANE": 0,
        "VALID": 0,
        "total": 100.00270190174368
    }
}