{
    "counter": {
        "ACTIVE": 20318,
        "INACTIVE": 25390,
        "INVALID": 0,
        "MALICIOUS": 0,
        "SANE": 0,
        "VALID": 0,
        "total": 45708
    },
    "percentage": {
        "ACTIVE": 44.451737113853156,
        "INACTIVE": 55.55312445300193,
        "INVALID": 0,
        "MALICIOUS": 0,
        "SANE": 0,
        "VALID": 0,
        "total": 100.00486156685508
    }
}