{
    "counter": {
        "ACTIVE": 41978,
        "INACTIVE": 55820,
        "INVALID": 0,
        "MALICIOUS": 0,
        "SANE": 0,
        "VALID": 0,
        "total": 97798
    },
    "percentage": {
        "ACTIVE": 42.923168162948116,
        "INACTIVE": 57.076831837051884,
        "INVALID": 0.0,
        "MALICIOUS": 0.0,
        "SANE": 0.0,
        "VALID": 0.0,
        "total": 100.0
    }
}