{
    "counter": {
        "ACTIVE": 7790,
        "INACTIVE": 10206,
        "INVALID": 0,
        "MALICIOUS": 0,
        "SANE": 0,
        "VALID": 0,
        "total": 17996
    },
    "percentage": {
        "ACTIVE": 43.28739719937764,
        "INACTIVE": 56.72521120497999,
        "INVALID": 0,
        "MALICIOUS": 0,
        "SANE": 0,
        "VALID": 0,
        "total": 100.01260840435762
    }
}