{
    "counter": {
        "ACTIVE": 7729,
        "INACTIVE": 10173,
        "INVALID": 0,
        "MALICIOUS": 0,
        "SANE": 0,
        "VALID": 0,
        "total": 17902
    },
    "percentage": {
        "ACTIVE": 43.1739470450229,
        "INACTIVE": 56.835577406559025,
        "INVALID": 0,
        "MALICIOUS": 0,
        "SANE": 0,
        "VALID": 0,
        "total": 100.00952445158192
    }
}