{
    "counter": {
        "ACTIVE": 27838,
        "INACTIVE": 35508,
        "INVALID": 0,
        "MALICIOUS": 0,
        "SANE": 0,
        "VALID": 0,
        "total": 63346
    },
    "percentage": {
        "ACTIVE": 43.945947652574745,
        "INACTIVE": 56.05759211897319,
        "INVALID": 0.0,
        "MALICIOUS": 0.0,
        "SANE": 0.0,
        "VALID": 0.0,
        "total": 100.00353977154793
    }
}