{
    "counter": {
        "ACTIVE": 3866,
        "INACTIVE": 4800,
        "INVALID": 0,
        "MALICIOUS": 0,
        "SANE": 0,
        "VALID": 0,
        "total": 8666
    },
    "percentage": {
        "ACTIVE": 44.63172477487878,
        "INACTIVE": 55.3888760673898,
        "INVALID": 0,
        "MALICIOUS": 0,
        "SANE": 0,
        "VALID": 0,
        "total": 100.02060084226858
    }
}