{
    "counter": {
        "ACTIVE": 11826,
        "INACTIVE": 14598,
        "INVALID": 0,
        "MALICIOUS": 0,
        "SANE": 0,
        "VALID": 0,
        "total": 26424
    },
    "percentage": {
        "ACTIVE": 44.759850119223344,
        "INACTIVE": 55.24523160762943,
        "INVALID": 0,
        "MALICIOUS": 0,
        "SANE": 0,
        "VALID": 0,
        "total": 100.00508172685278
    }
}