{
    "counter": {
        "ACTIVE": 3208,
        "INACTIVE": 3991,
        "INVALID": 0,
        "MALICIOUS": 0,
        "SANE": 0,
        "VALID": 0,
        "total": 7199
    },
    "percentage": {
        "ACTIVE": 44.56174468676205,
        "INACTIVE": 55.4459572103362,
        "INVALID": 0,
        "MALICIOUS": 0,
        "SANE": 0,
        "VALID": 0,
        "total": 100.00770189709826
    }
}