{
    "counter": {
        "ACTIVE": 36313,
        "INACTIVE": 45435,
        "INVALID": 0,
        "MALICIOUS": 0,
        "SANE": 0,
        "VALID": 0,
        "total": 81748
    },
    "percentage": {
        "ACTIVE": 44.42065860938494,
        "INACTIVE": 55.57934139061506,
        "INVALID": 0.0,
        "MALICIOUS": 0.0,
        "SANE": 0.0,
        "VALID": 0.0,
        "total": 100.0
    }
}