{
    "counter": {
        "ACTIVE": 41415,
        "INACTIVE": 55211,
        "INVALID": 0,
        "MALICIOUS": 0,
        "SANE": 0,
        "VALID": 0,
        "total": 96626
    },
    "percentage": {
        "ACTIVE": 42.86113468424647,
        "INACTIVE": 57.13886531575353,
        "INVALID": 0.0,
        "MALICIOUS": 0.0,
        "SANE": 0.0,
        "VALID": 0.0,
        "total": 100.0
    }
}