{
    "counter": {
        "ACTIVE": 11330,
        "INACTIVE": 14035,
        "INVALID": 0,
        "MALICIOUS": 0,
        "SANE": 0,
        "VALID": 0,
        "total": 25365
    },
    "percentage": {
        "ACTIVE": 44.67313303367242,
        "INACTIVE": 55.33215060122215,
        "INVALID": 0,
        "MALICIOUS": 0,
        "SANE": 0,
        "VALID": 0,
        "total": 100.00528363489457
    }
}