{
    "counter": {
        "ACTIVE": 39147,
        "INACTIVE": 48415,
        "INVALID": 0,
        "MALICIOUS": 0,
        "SANE": 0,
        "VALID": 0,
        "total": 87562
    },
    "percentage": {
        "ACTIVE": 44.707749937187366,
        "INACTIVE": 55.292250062812634,
        "INVALID": 0.0,
        "MALICIOUS": 0.0,
        "SANE": 0.0,
        "VALID": 0.0,
        "total": 100.0
    }
}