{
    "counter": {
        "ACTIVE": 41148,
        "INACTIVE": 54880,
        "INVALID": 0,
        "MALICIOUS": 0,
        "SANE": 0,
        "VALID": 0,
        "total": 96028
    },
    "percentage": {
        "ACTIVE": 42.85000208272587,
        "INACTIVE": 57.14999791727413,
        "INVALID": 0.0,
        "MALICIOUS": 0.0,
        "SANE": 0.0,
        "VALID": 0.0,
        "total": 100.0
    }
}