{
    "counter": {
        "ACTIVE": 41334,
        "INACTIVE": 55104,
        "INVALID": 0,
        "MALICIOUS": 0,
        "SANE": 0,
        "VALID": 0,
        "total": 96438
    },
    "percentage": {
        "ACTIVE": 42.86069806507808,
        "INACTIVE": 57.13930193492192,
        "INVALID": 0.0,
        "MALICIOUS": 0.0,
        "SANE": 0.0,
        "VALID": 0.0,
        "total": 100.0
    }
}