{
    "counter": {
        "ACTIVE": 12401,
        "INACTIVE": 15310,
        "INVALID": 0,
        "MALICIOUS": 0,
        "SANE": 0,
        "VALID": 0,
        "total": 27711
    },
    "percentage": {
        "ACTIVE": 44.754411923923634,
        "INACTIVE": 55.24881815885389,
        "INVALID": 0,
        "MALICIOUS": 0,
        "SANE": 0,
        "VALID": 0,
        "total": 100.00323008277752
    }
}