{
    "counter": {
        "ACTIVE": 14086,
        "INACTIVE": 18751,
        "INVALID": 0,
        "MALICIOUS": 0,
        "SANE": 0,
        "VALID": 0,
        "total": 32837
    },
    "percentage": {
        "ACTIVE": 42.89803873797052,
        "INACTIVE": 57.10326765538874,
        "INVALID": 0,
        "MALICIOUS": 0,
        "SANE": 0,
        "VALID": 0,
        "total": 100.00130639335927
    }
}