{
    "counter": {
        "ACTIVE": 4715,
        "INACTIVE": 6063,
        "INVALID": 0,
        "MALICIOUS": 0,
        "SANE": 0,
        "VALID": 0,
        "total": 10778
    },
    "percentage": {
        "ACTIVE": 43.74652069029504,
        "INACTIVE": 56.25869908137701,
        "INVALID": 0,
        "MALICIOUS": 0,
        "SANE": 0,
        "VALID": 0,
        "total": 100.00521977167205
    }
}