{
    "counter": {
        "ACTIVE": 11619,
        "INACTIVE": 14404,
        "INVALID": 0,
        "MALICIOUS": 0,
        "SANE": 0,
        "VALID": 0,
        "total": 26023
    },
    "percentage": {
        "ACTIVE": 44.65239614157796,
        "INACTIVE": 55.35103562233409,
        "INVALID": 0,
        "MALICIOUS": 0,
        "SANE": 0,
        "VALID": 0,
        "total": 100.00343176391205
    }
}