{
    "counter": {
        "ACTIVE": 7331,
        "INACTIVE": 9677,
        "INVALID": 0,
        "MALICIOUS": 0,
        "SANE": 0,
        "VALID": 0,
        "total": 17008
    },
    "percentage": {
        "ACTIVE": 43.10577997295231,
        "INACTIVE": 56.89675446848542,
        "INVALID": 0,
        "MALICIOUS": 0,
        "SANE": 0,
        "VALID": 0,
        "total": 100.00253444143773
    }
}