{
    "counter": {
        "ACTIVE": 34635,
        "INACTIVE": 43221,
        "INVALID": 0,
        "MALICIOUS": 0,
        "SANE": 0,
        "VALID": 0,
        "total": 77856
    },
    "percentage": {
        "ACTIVE": 44.48597410604192,
        "INACTIVE": 55.51402589395808,
        "INVALID": 0.0,
        "MALICIOUS": 0.0,
        "SANE": 0.0,
        "VALID": 0.0,
        "total": 100.0
    }
}