{
    "counter": {
        "ACTIVE": 43630,
        "INACTIVE": 58518,
        "INVALID": 0,
        "MALICIOUS": 0,
        "SANE": 0,
        "VALID": 0,
        "total": 102148
    },
    "percentage": {
        "ACTIVE": 42.71253475349493,
        "INACTIVE": 57.28746524650507,
        "INVALID": 0.0,
        "MALICIOUS": 0.0,
        "SANE": 0.0,
        "VALID": 0.0,
        "total": 100.0
    }
}