{
    "counter": {
        "ACTIVE": 148,
        "INACTIVE": 233,
        "INVALID": 0,
        "MALICIOUS": 0,
        "SANE": 0,
        "VALID": 0,
        "total": 381
    },
    "percentage": {
        "ACTIVE": 39.050131926121374,
        "INACTIVE": 61.15485564304462,
        "INVALID": 0,
        "MALICIOUS": 0,
        "SANE": 0,
        "VALID": 0,
        "total": 100.204987569166
    }
}