{
    "counter": {
        "ACTIVE": 26911,
        "INACTIVE": 34431,
        "INVALID": 0,
        "MALICIOUS": 0,
        "SANE": 0,
        "VALID": 0,
        "total": 61342
    },
    "percentage": {
        "ACTIVE": 43.87043135209155,
        "INACTIVE": 56.12956864790845,
        "INVALID": 0.0,
        "MALICIOUS": 0.0,
        "SANE": 0.0,
        "VALID": 0.0,
        "total": 100.0
    }
}