{
    "counter": {
        "ACTIVE": 21464,
        "INACTIVE": 26362,
        "INVALID": 0,
        "MALICIOUS": 0,
        "SANE": 0,
        "VALID": 0,
        "total": 47826
    },
    "percentage": {
        "ACTIVE": 44.87935432609878,
        "INACTIVE": 55.12064567390122,
        "INVALID": 0.0,
        "MALICIOUS": 0.0,
        "SANE": 0.0,
        "VALID": 0.0,
        "total": 100.0
    }
}