{
    "counter": {
        "ACTIVE": 41462,
        "INACTIVE": 55225,
        "INVALID": 0,
        "MALICIOUS": 0,
        "SANE": 0,
        "VALID": 0,
        "total": 96687
    },
    "percentage": {
        "ACTIVE": 42.88270398295531,
        "INACTIVE": 57.11729601704469,
        "INVALID": 0.0,
        "MALICIOUS": 0.0,
        "SANE": 0.0,
        "VALID": 0.0,
        "total": 100.0
    }
}