{
    "counter": {
        "ACTIVE": 18177,
        "INACTIVE": 23293,
        "INVALID": 0,
        "MALICIOUS": 0,
        "SANE": 0,
        "VALID": 0,
        "total": 41470
    },
    "percentage": {
        "ACTIVE": 43.832742530565,
        "INACTIVE": 56.16831444417652,
        "INVALID": 0,
        "MALICIOUS": 0,
        "SANE": 0,
        "VALID": 0,
        "total": 100.00105697474152
    }
}