{
    "counter": {
        "ACTIVE": 10964,
        "INACTIVE": 13745,
        "INVALID": 0,
        "MALICIOUS": 0,
        "SANE": 0,
        "VALID": 0,
        "total": 24709
    },
    "percentage": {
        "ACTIVE": 44.37249585171395,
        "INACTIVE": 55.63200712348727,
        "INVALID": 0,
        "MALICIOUS": 0,
        "SANE": 0,
        "VALID": 0,
        "total": 100.00450297520122
    }
}