{
    "counter": {
        "ACTIVE": 38115,
        "INACTIVE": 47142,
        "INVALID": 0,
        "MALICIOUS": 0,
        "SANE": 0,
        "VALID": 0,
        "total": 85257
    },
    "percentage": {
        "ACTIVE": 44.70600654491713,
        "INACTIVE": 55.29399345508287,
        "INVALID": 0.0,
        "MALICIOUS": 0.0,
        "SANE": 0.0,
        "VALID": 0.0,
        "total": 100.0
    }
}