{
    "counter": {
        "ACTIVE": 25553,
        "INACTIVE": 32380,
        "INVALID": 0,
        "MALICIOUS": 0,
        "SANE": 0,
        "VALID": 0,
        "total": 57933
    },
    "percentage": {
        "ACTIVE": 44.10784872179932,
        "INACTIVE": 55.89215127820068,
        "INVALID": 0.0,
        "MALICIOUS": 0.0,
        "SANE": 0.0,
        "VALID": 0.0,
        "total": 100.0
    }
}