{
    "counter": {
        "ACTIVE": 40539,
        "INACTIVE": 53704,
        "INVALID": 0,
        "MALICIOUS": 0,
        "SANE": 0,
        "VALID": 0,
        "total": 94243
    },
    "percentage": {
        "ACTIVE": 43.01539636896109,
        "INACTIVE": 56.98460363103891,
        "INVALID": 0.0,
        "MALICIOUS": 0.0,
        "SANE": 0.0,
        "VALID": 0.0,
        "total": 100.0
    }
}