{
    "counter": {
        "ACTIVE": 27807,
        "INACTIVE": 35477,
        "INVALID": 0,
        "MALICIOUS": 0,
        "SANE": 0,
        "VALID": 0,
        "total": 63284
    },
    "percentage": {
        "ACTIVE": 43.94071077540572,
        "INACTIVE": 56.05998356614626,
        "INVALID": 0.0,
        "MALICIOUS": 0.0,
        "SANE": 0.0,
        "VALID": 0.0,
        "total": 100.00069434155198
    }
}