{
    "counter": {
        "ACTIVE": 13519,
        "INACTIVE": 17670,
        "INVALID": 0,
        "MALICIOUS": 0,
        "SANE": 0,
        "VALID": 0,
        "total": 31189
    },
    "percentage": {
        "ACTIVE": 43.345410240790024,
        "INACTIVE": 56.65640631011928,
        "INVALID": 0,
        "MALICIOUS": 0,
        "SANE": 0,
        "VALID": 0,
        "total": 100.0018165509093
    }
}