{
    "counter": {
        "ACTIVE": 39388,
        "INACTIVE": 48959,
        "INVALID": 0,
        "MALICIOUS": 0,
        "SANE": 0,
        "VALID": 0,
        "total": 88347
    },
    "percentage": {
        "ACTIVE": 44.583290887070305,
        "INACTIVE": 55.416709112929695,
        "INVALID": 0.0,
        "MALICIOUS": 0.0,
        "SANE": 0.0,
        "VALID": 0.0,
        "total": 100.0
    }
}