{
    "counter": {
        "ACTIVE": 40178,
        "INACTIVE": 51713,
        "INVALID": 0,
        "MALICIOUS": 0,
        "SANE": 0,
        "VALID": 0,
        "total": 91891
    },
    "percentage": {
        "ACTIVE": 43.72354202261375,
        "INACTIVE": 56.27645797738625,
        "INVALID": 0.0,
        "MALICIOUS": 0.0,
        "SANE": 0.0,
        "VALID": 0.0,
        "total": 100.0
    }
}