{
    "counter": {
        "ACTIVE": 1672,
        "INACTIVE": 1839,
        "INVALID": 0,
        "MALICIOUS": 0,
        "SANE": 0,
        "VALID": 0,
        "total": 3511
    },
    "percentage": {
        "ACTIVE": 47.62176018228425,
        "INACTIVE": 52.39316239316239,
        "INVALID": 0,
        "MALICIOUS": 0,
        "SANE": 0,
        "VALID": 0,
        "total": 100.01492257544663
    }
}