{
    "counter": {
        "ACTIVE": 42913,
        "INACTIVE": 57159,
        "INVALID": 0,
        "MALICIOUS": 0,
        "SANE": 0,
        "VALID": 0,
        "total": 100072
    },
    "percentage": {
        "ACTIVE": 42.882124870093534,
        "INACTIVE": 57.117875129906466,
        "INVALID": 0.0,
        "MALICIOUS": 0.0,
        "SANE": 0.0,
        "VALID": 0.0,
        "total": 100.0
    }
}