{
    "counter": {
        "ACTIVE": 13363,
        "INACTIVE": 17313,
        "INVALID": 0,
        "MALICIOUS": 0,
        "SANE": 0,
        "VALID": 0,
        "total": 30676
    },
    "percentage": {
        "ACTIVE": 43.56174207849785,
        "INACTIVE": 56.440097799511,
        "INVALID": 0,
        "MALICIOUS": 0,
        "SANE": 0,
        "VALID": 0,
        "total": 100.00183987800885
    }
}