{
    "counter": {
        "ACTIVE": 5637,
        "INACTIVE": 7048,
        "INVALID": 0,
        "MALICIOUS": 0,
        "SANE": 0,
        "VALID": 0,
        "total": 12685
    },
    "percentage": {
        "ACTIVE": 44.44181646168401,
        "INACTIVE": 55.56168703192748,
        "INVALID": 0,
        "MALICIOUS": 0,
        "SANE": 0,
        "VALID": 0,
        "total": 100.00350349361149
    }
}