{
    "counter": {
        "ACTIVE": 39341,
        "INACTIVE": 48858,
        "INVALID": 0,
        "MALICIOUS": 0,
        "SANE": 0,
        "VALID": 0,
        "total": 88199
    },
    "percentage": {
        "ACTIVE": 44.6048141135387,
        "INACTIVE": 55.3951858864613,
        "INVALID": 0.0,
        "MALICIOUS": 0.0,
        "SANE": 0.0,
        "VALID": 0.0,
        "total": 100.0
    }
}