{
    "counter": {
        "ACTIVE": 8969,
        "INACTIVE": 12020,
        "INVALID": 0,
        "MALICIOUS": 0,
        "SANE": 0,
        "VALID": 0,
        "total": 20989
    },
    "percentage": {
        "ACTIVE": 42.731907189480204,
        "INACTIVE": 57.27627942437816,
        "INVALID": 0,
        "MALICIOUS": 0,
        "SANE": 0,
        "VALID": 0,
        "total": 100.00818661385836
    }
}