{
    "counter": {
        "ACTIVE": 33013,
        "INACTIVE": 41616,
        "INVALID": 0,
        "MALICIOUS": 0,
        "SANE": 0,
        "VALID": 0,
        "total": 74629
    },
    "percentage": {
        "ACTIVE": 44.236154845971406,
        "INACTIVE": 55.763845154028594,
        "INVALID": 0.0,
        "MALICIOUS": 0.0,
        "SANE": 0.0,
        "VALID": 0.0,
        "total": 100.0
    }
}