{
    "counter": {
        "ACTIVE": 35312,
        "INACTIVE": 44218,
        "INVALID": 0,
        "MALICIOUS": 0,
        "SANE": 0,
        "VALID": 0,
        "total": 79530
    },
    "percentage": {
        "ACTIVE": 44.40085502326166,
        "INACTIVE": 55.59914497673834,
        "INVALID": 0.0,
        "MALICIOUS": 0.0,
        "SANE": 0.0,
        "VALID": 0.0,
        "total": 100.0
    }
}