{
    "counter": {
        "ACTIVE": 3313,
        "INACTIVE": 4141,
        "INVALID": 0,
        "MALICIOUS": 0,
        "SANE": 0,
        "VALID": 0,
        "total": 7454
    },
    "percentage": {
        "ACTIVE": 44.445935068419644,
        "INACTIVE": 55.56151885146921,
        "INVALID": 0,
        "MALICIOUS": 0,
        "SANE": 0,
        "VALID": 0,
        "total": 100.00745391988886
    }
}