{
    "counter": {
        "ACTIVE": 36069,
        "INACTIVE": 45137,
        "INVALID": 0,
        "MALICIOUS": 0,
        "SANE": 0,
        "VALID": 0,
        "total": 81206
    },
    "percentage": {
        "ACTIVE": 44.41666871906017,
        "INACTIVE": 55.58333128093983,
        "INVALID": 0.0,
        "MALICIOUS": 0.0,
        "SANE": 0.0,
        "VALID": 0.0,
        "total": 100.0
    }
}