{
    "counter": {
        "ACTIVE": 23198,
        "INACTIVE": 28462,
        "INVALID": 0,
        "MALICIOUS": 0,
        "SANE": 0,
        "VALID": 0,
        "total": 51660
    },
    "percentage": {
        "ACTIVE": 44.90514905149052,
        "INACTIVE": 55.09485094850948,
        "INVALID": 0.0,
        "MALICIOUS": 0.0,
        "SANE": 0.0,
        "VALID": 0.0,
        "total": 100.0
    }
}