{
    "counter": {
        "ACTIVE": 375,
        "INACTIVE": 523,
        "INVALID": 0,
        "MALICIOUS": 0,
        "SANE": 0,
        "VALID": 0,
        "total": 898
    },
    "percentage": {
        "ACTIVE": 41.75946547884187,
        "INACTIVE": 58.30546265328874,
        "INVALID": 0,
        "MALICIOUS": 0,
        "SANE": 0,
        "VALID": 0,
        "total": 100.0649281321306
    }
}