{
    "counter": {
        "ACTIVE": 17662,
        "INACTIVE": 22746,
        "INVALID": 0,
        "MALICIOUS": 0,
        "SANE": 0,
        "VALID": 0,
        "total": 40408
    },
    "percentage": {
        "ACTIVE": 43.70916650168284,
        "INACTIVE": 56.29222659440196,
        "INVALID": 0,
        "MALICIOUS": 0,
        "SANE": 0,
        "VALID": 0,
        "total": 100.0013930960848
    }
}