{
    "counter": {
        "ACTIVE": 38884,
        "INACTIVE": 48003,
        "INVALID": 0,
        "MALICIOUS": 0,
        "SANE": 0,
        "VALID": 0,
        "total": 86887
    },
    "percentage": {
        "ACTIVE": 44.75237952743218,
        "INACTIVE": 55.24762047256782,
        "INVALID": 0.0,
        "MALICIOUS": 0.0,
        "SANE": 0.0,
        "VALID": 0.0,
        "total": 100.0
    }
}