{
    "counter": {
        "ACTIVE": 8468,
        "INACTIVE": 11334,
        "INVALID": 0,
        "MALICIOUS": 0,
        "SANE": 0,
        "VALID": 0,
        "total": 19802
    },
    "percentage": {
        "ACTIVE": 42.76335723664276,
        "INACTIVE": 57.23953335690117,
        "INVALID": 0,
        "MALICIOUS": 0,
        "SANE": 0,
        "VALID": 0,
        "total": 100.00289059354392
    }
}