{
    "counter": {
        "ACTIVE": 27213,
        "INACTIVE": 34854,
        "INVALID": 0,
        "MALICIOUS": 0,
        "SANE": 0,
        "VALID": 0,
        "total": 62067
    },
    "percentage": {
        "ACTIVE": 43.84455507757745,
        "INACTIVE": 56.15544492242255,
        "INVALID": 0.0,
        "MALICIOUS": 0.0,
        "SANE": 0.0,
        "VALID": 0.0,
        "total": 100.0
    }
}