{
    "counter": {
        "ACTIVE": 12991,
        "INACTIVE": 16452,
        "INVALID": 0,
        "MALICIOUS": 0,
        "SANE": 0,
        "VALID": 0,
        "total": 29443
    },
    "percentage": {
        "ACTIVE": 44.1225418605441,
        "INACTIVE": 55.88125403349071,
        "INVALID": 0,
        "MALICIOUS": 0,
        "SANE": 0,
        "VALID": 0,
        "total": 100.00379589403482
    }
}