{
    "counter": {
        "ACTIVE": 3605,
        "INACTIVE": 4384,
        "INVALID": 0,
        "MALICIOUS": 0,
        "SANE": 0,
        "VALID": 0,
        "total": 7989
    },
    "percentage": {
        "ACTIVE": 45.14149762083646,
        "INACTIVE": 54.87545374890475,
        "INVALID": 0,
        "MALICIOUS": 0,
        "SANE": 0,
        "VALID": 0,
        "total": 100.01695136974121
    }
}