{
    "counter": {
        "ACTIVE": 9853,
        "INACTIVE": 12838,
        "INVALID": 0,
        "MALICIOUS": 0,
        "SANE": 0,
        "VALID": 0,
        "total": 22691
    },
    "percentage": {
        "ACTIVE": 43.422502313692654,
        "INACTIVE": 56.58497884344147,
        "INVALID": 0,
        "MALICIOUS": 0,
        "SANE": 0,
        "VALID": 0,
        "total": 100.00748115713412
    }
}