{
    "counter": {
        "ACTIVE": 21814,
        "INACTIVE": 26788,
        "INVALID": 0,
        "MALICIOUS": 0,
        "SANE": 0,
        "VALID": 0,
        "total": 48602
    },
    "percentage": {
        "ACTIVE": 44.8829266285338,
        "INACTIVE": 55.1170733714662,
        "INVALID": 0.0,
        "MALICIOUS": 0.0,
        "SANE": 0.0,
        "VALID": 0.0,
        "total": 100.0
    }
}