{
    "counter": {
        "ACTIVE": 33076,
        "INACTIVE": 41688,
        "INVALID": 0,
        "MALICIOUS": 0,
        "SANE": 0,
        "VALID": 0,
        "total": 74764
    },
    "percentage": {
        "ACTIVE": 44.24054357712268,
        "INACTIVE": 55.75945642287732,
        "INVALID": 0.0,
        "MALICIOUS": 0.0,
        "SANE": 0.0,
        "VALID": 0.0,
        "total": 100.0
    }
}