{
    "counter": {
        "ACTIVE": 6459,
        "INACTIVE": 8337,
        "INVALID": 0,
        "MALICIOUS": 0,
        "SANE": 0,
        "VALID": 0,
        "total": 14796
    },
    "percentage": {
        "ACTIVE": 43.662543094706955,
        "INACTIVE": 56.3463098134631,
        "INVALID": 0,
        "MALICIOUS": 0,
        "SANE": 0,
        "VALID": 0,
        "total": 100.00885290817006
    }
}