{
    "counter": {
        "ACTIVE": 2420,
        "INACTIVE": 3154,
        "INVALID": 0,
        "MALICIOUS": 0,
        "SANE": 0,
        "VALID": 0,
        "total": 5574
    },
    "percentage": {
        "ACTIVE": 43.41585934696806,
        "INACTIVE": 56.604450825556356,
        "INVALID": 0,
        "MALICIOUS": 0,
        "SANE": 0,
        "VALID": 0,
        "total": 100.02031017252442
    }
}