{
    "counter": {
        "ACTIVE": 38985,
        "INACTIVE": 48183,
        "INVALID": 0,
        "MALICIOUS": 0,
        "SANE": 0,
        "VALID": 0,
        "total": 87168
    },
    "percentage": {
        "ACTIVE": 44.72398127753304,
        "INACTIVE": 55.27601872246696,
        "INVALID": 0.0,
        "MALICIOUS": 0.0,
        "SANE": 0.0,
        "VALID": 0.0,
        "total": 100.0
    }
}