{
    "counter": {
        "ACTIVE": 4897,
        "INACTIVE": 6225,
        "INVALID": 0,
        "MALICIOUS": 0,
        "SANE": 0,
        "VALID": 0,
        "total": 11122
    },
    "percentage": {
        "ACTIVE": 44.03776978417266,
        "INACTIVE": 55.97014925373134,
        "INVALID": 0,
        "MALICIOUS": 0,
        "SANE": 0,
        "VALID": 0,
        "total": 100.007919037904
    }
}