{
    "counter": {
        "ACTIVE": 21568,
        "INACTIVE": 26504,
        "INVALID": 0,
        "MALICIOUS": 0,
        "SANE": 0,
        "VALID": 0,
        "total": 48072
    },
    "percentage": {
        "ACTIVE": 44.866034281910466,
        "INACTIVE": 55.133965718089534,
        "INVALID": 0.0,
        "MALICIOUS": 0.0,
        "SANE": 0.0,
        "VALID": 0.0,
        "total": 100.0
    }
}