{
    "counter": {
        "ACTIVE": 19101,
        "INACTIVE": 24011,
        "INVALID": 0,
        "MALICIOUS": 0,
        "SANE": 0,
        "VALID": 0,
        "total": 43112
    },
    "percentage": {
        "ACTIVE": 44.306557491127556,
        "INACTIVE": 55.69447021710893,
        "INVALID": 0,
        "MALICIOUS": 0,
        "SANE": 0,
        "VALID": 0,
        "total": 100.00102770823648
    }
}