{
    "counter": {
        "ACTIVE": 21029,
        "INACTIVE": 25948,
        "INVALID": 0,
        "MALICIOUS": 0,
        "SANE": 0,
        "VALID": 0,
        "total": 46977
    },
    "percentage": {
        "ACTIVE": 44.76445920343998,
        "INACTIVE": 55.239068420828545,
        "INVALID": 0,
        "MALICIOUS": 0,
        "SANE": 0,
        "VALID": 0,
        "total": 100.00352762426853
    }
}