{
    "counter": {
        "ACTIVE": 29719,
        "INACTIVE": 37578,
        "INVALID": 0,
        "MALICIOUS": 0,
        "SANE": 0,
        "VALID": 0,
        "total": 67297
    },
    "percentage": {
        "ACTIVE": 44.16161436043747,
        "INACTIVE": 55.83904185922106,
        "INVALID": 0.0,
        "MALICIOUS": 0.0,
        "SANE": 0.0,
        "VALID": 0.0,
        "total": 100.00065621965854
    }
}