{
    "counter": {
        "ACTIVE": 7222,
        "INACTIVE": 9541,
        "INVALID": 0,
        "MALICIOUS": 0,
        "SANE": 0,
        "VALID": 0,
        "total": 16763
    },
    "percentage": {
        "ACTIVE": 43.08298037344151,
        "INACTIVE": 56.9204152249135,
        "INVALID": 0,
        "MALICIOUS": 0,
        "SANE": 0,
        "VALID": 0,
        "total": 100.00339559835501
    }
}