{
    "counter": {
        "ACTIVE": 22212,
        "INACTIVE": 27307,
        "INVALID": 0,
        "MALICIOUS": 0,
        "SANE": 0,
        "VALID": 0,
        "total": 49519
    },
    "percentage": {
        "ACTIVE": 44.855510006260225,
        "INACTIVE": 55.144489993739775,
        "INVALID": 0.0,
        "MALICIOUS": 0.0,
        "SANE": 0.0,
        "VALID": 0.0,
        "total": 100.0
    }
}