{
    "counter": {
        "ACTIVE": 33801,
        "INACTIVE": 42622,
        "INVALID": 0,
        "MALICIOUS": 0,
        "SANE": 0,
        "VALID": 0,
        "total": 76423
    },
    "percentage": {
        "ACTIVE": 44.228831634455595,
        "INACTIVE": 55.771168365544405,
        "INVALID": 0.0,
        "MALICIOUS": 0.0,
        "SANE": 0.0,
        "VALID": 0.0,
        "total": 100.0
    }
}