{
    "counter": {
        "ACTIVE": 24384,
        "INACTIVE": 30289,
        "INVALID": 0,
        "MALICIOUS": 0,
        "SANE": 0,
        "VALID": 0,
        "total": 54673
    },
    "percentage": {
        "ACTIVE": 44.59971100909041,
        "INACTIVE": 55.40028899090959,
        "INVALID": 0.0,
        "MALICIOUS": 0.0,
        "SANE": 0.0,
        "VALID": 0.0,
        "total": 100.0
    }
}