{
    "counter": {
        "ACTIVE": 24111,
        "INACTIVE": 29783,
        "INVALID": 0,
        "MALICIOUS": 0,
        "SANE": 0,
        "VALID": 0,
        "total": 53894
    },
    "percentage": {
        "ACTIVE": 44.73781868111478,
        "INACTIVE": 55.26218131888522,
        "INVALID": 0.0,
        "MALICIOUS": 0.0,
        "SANE": 0.0,
        "VALID": 0.0,
        "total": 100.0
    }
}