{
    "counter": {
        "ACTIVE": 35905,
        "INACTIVE": 44944,
        "INVALID": 0,
        "MALICIOUS": 0,
        "SANE": 0,
        "VALID": 0,
        "total": 80849
    },
    "percentage": {
        "ACTIVE": 44.40994941186656,
        "INACTIVE": 55.59005058813344,
        "INVALID": 0.0,
        "MALICIOUS": 0.0,
        "SANE": 0.0,
        "VALID": 0.0,
        "total": 100.0
    }
}