{
    "counter": {
        "ACTIVE": 34103,
        "INACTIVE": 42809,
        "INVALID": 0,
        "MALICIOUS": 0,
        "SANE": 0,
        "VALID": 0,
        "total": 76912
    },
    "percentage": {
        "ACTIVE": 44.34028500104015,
        "INACTIVE": 55.65971499895985,
        "INVALID": 0.0,
        "MALICIOUS": 0.0,
        "SANE": 0.0,
        "VALID": 0.0,
        "total": 100.0
    }
}