{
    "counter": {
        "ACTIVE": 10527,
        "INACTIVE": 13439,
        "INVALID": 0,
        "MALICIOUS": 0,
        "SANE": 0,
        "VALID": 0,
        "total": 23966
    },
    "percentage": {
        "ACTIVE": 43.93205909356481,
        "INACTIVE": 56.07527330384712,
        "INVALID": 0,
        "MALICIOUS": 0,
        "SANE": 0,
        "VALID": 0,
        "total": 100.00733239741193
    }
}