{
    "counter": {
        "ACTIVE": 31522,
        "INACTIVE": 39493,
        "INVALID": 0,
        "MALICIOUS": 0,
        "SANE": 0,
        "VALID": 0,
        "total": 71015
    },
    "percentage": {
        "ACTIVE": 44.388430450333736,
        "INACTIVE": 55.612194606773215,
        "INVALID": 0.0,
        "MALICIOUS": 0.0,
        "SANE": 0.0,
        "VALID": 0.0,
        "total": 100.00062505710696
    }
}