{
    "counter": {
        "ACTIVE": 40164,
        "INACTIVE": 51599,
        "INVALID": 0,
        "MALICIOUS": 0,
        "SANE": 0,
        "VALID": 0,
        "total": 91763
    },
    "percentage": {
        "ACTIVE": 43.76927519806458,
        "INACTIVE": 56.23072480193542,
        "INVALID": 0.0,
        "MALICIOUS": 0.0,
        "SANE": 0.0,
        "VALID": 0.0,
        "total": 100.0
    }
}