{
    "counter": {
        "ACTIVE": 41547,
        "INACTIVE": 55300,
        "INVALID": 0,
        "MALICIOUS": 0,
        "SANE": 0,
        "VALID": 0,
        "total": 96847
    },
    "percentage": {
        "ACTIVE": 42.899625181988085,
        "INACTIVE": 57.100374818011915,
        "INVALID": 0.0,
        "MALICIOUS": 0.0,
        "SANE": 0.0,
        "VALID": 0.0,
        "total": 100.0
    }
}