{
    "counter": {
        "ACTIVE": 31324,
        "INACTIVE": 39211,
        "INVALID": 0,
        "MALICIOUS": 0,
        "SANE": 0,
        "VALID": 0,
        "total": 70535
    },
    "percentage": {
        "ACTIVE": 44.409788187257206,
        "INACTIVE": 55.59084142624229,
        "INVALID": 0.0,
        "MALICIOUS": 0.0,
        "SANE": 0.0,
        "VALID": 0.0,
        "total": 100.0006296134995
    }
}