{
    "counter": {
        "ACTIVE": 13422,
        "INACTIVE": 17440,
        "INVALID": 0,
        "MALICIOUS": 0,
        "SANE": 0,
        "VALID": 0,
        "total": 30862
    },
    "percentage": {
        "ACTIVE": 43.49460449139635,
        "INACTIVE": 56.509623485192144,
        "INVALID": 0,
        "MALICIOUS": 0,
        "SANE": 0,
        "VALID": 0,
        "total": 100.0042279765885
    }
}