{
    "counter": {
        "ACTIVE": 42730,
        "INACTIVE": 56873,
        "INVALID": 0,
        "MALICIOUS": 0,
        "SANE": 0,
        "VALID": 0,
        "total": 99603
    },
    "percentage": {
        "ACTIVE": 42.900314247562825,
        "INACTIVE": 57.099685752437175,
        "INVALID": 0.0,
        "MALICIOUS": 0.0,
        "SANE": 0.0,
        "VALID": 0.0,
        "total": 100.0
    }
}