{
    "counter": {
        "ACTIVE": 33250,
        "INACTIVE": 41919,
        "INVALID": 0,
        "MALICIOUS": 0,
        "SANE": 0,
        "VALID": 0,
        "total": 75169
    },
    "percentage": {
        "ACTIVE": 44.233660152456466,
        "INACTIVE": 55.766339847543534,
        "INVALID": 0.0,
        "MALICIOUS": 0.0,
        "SANE": 0.0,
        "VALID": 0.0,
        "total": 100.0
    }
}