{
    "counter": {
        "ACTIVE": 31571,
        "INACTIVE": 39573,
        "INVALID": 0,
        "MALICIOUS": 0,
        "SANE": 0,
        "VALID": 0,
        "total": 71144
    },
    "percentage": {
        "ACTIVE": 44.376194759923536,
        "INACTIVE": 55.62536898034916,
        "INVALID": 0.0,
        "MALICIOUS": 0.0,
        "SANE": 0.0,
        "VALID": 0.0,
        "total": 100.0015637402727
    }
}