{
    "counter": {
        "ACTIVE": 39398,
        "INACTIVE": 48983,
        "INVALID": 0,
        "MALICIOUS": 0,
        "SANE": 0,
        "VALID": 0,
        "total": 88381
    },
    "percentage": {
        "ACTIVE": 44.577454430250846,
        "INACTIVE": 55.422545569749154,
        "INVALID": 0.0,
        "MALICIOUS": 0.0,
        "SANE": 0.0,
        "VALID": 0.0,
        "total": 100.0
    }
}