{
    "counter": {
        "ACTIVE": 28277,
        "INACTIVE": 36168,
        "INVALID": 0,
        "MALICIOUS": 0,
        "SANE": 0,
        "VALID": 0,
        "total": 64445
    },
    "percentage": {
        "ACTIVE": 43.87840605797281,
        "INACTIVE": 56.12227480797579,
        "INVALID": 0.0,
        "MALICIOUS": 0.0,
        "SANE": 0.0,
        "VALID": 0.0,
        "total": 100.0006808659486
    }
}