{
    "counter": {
        "ACTIVE": 43013,
        "INACTIVE": 57379,
        "INVALID": 0,
        "MALICIOUS": 0,
        "SANE": 0,
        "VALID": 0,
        "total": 100392
    },
    "percentage": {
        "ACTIVE": 42.84504741413659,
        "INACTIVE": 57.15495258586341,
        "INVALID": 0.0,
        "MALICIOUS": 0.0,
        "SANE": 0.0,
        "VALID": 0.0,
        "total": 100.0
    }
}