{
    "counter": {
        "ACTIVE": 40659,
        "INACTIVE": 54291,
        "INVALID": 0,
        "MALICIOUS": 0,
        "SANE": 0,
        "VALID": 0,
        "total": 94950
    },
    "percentage": {
        "ACTIVE": 42.821484992101105,
        "INACTIVE": 57.178515007898895,
        "INVALID": 0.0,
        "MALICIOUS": 0.0,
        "SANE": 0.0,
        "VALID": 0.0,
        "total": 100.0
    }
}