{
    "counter": {
        "ACTIVE": 35568,
        "INACTIVE": 44553,
        "INVALID": 0,
        "MALICIOUS": 0,
        "SANE": 0,
        "VALID": 0,
        "total": 80121
    },
    "percentage": {
        "ACTIVE": 44.39285580559404,
        "INACTIVE": 55.60714419440596,
        "INVALID": 0.0,
        "MALICIOUS": 0.0,
        "SANE": 0.0,
        "VALID": 0.0,
        "total": 100.0
    }
}