{
    "counter": {
        "ACTIVE": 5414,
        "INACTIVE": 6737,
        "INVALID": 0,
        "MALICIOUS": 0,
        "SANE": 0,
        "VALID": 0,
        "total": 12151
    },
    "percentage": {
        "ACTIVE": 44.55600362110114,
        "INACTIVE": 55.462254054499056,
        "INVALID": 0,
        "MALICIOUS": 0,
        "SANE": 0,
        "VALID": 0,
        "total": 100.0182576756002
    }
}