{
    "counter": {
        "ACTIVE": 1871,
        "INACTIVE": 2294,
        "INVALID": 0,
        "MALICIOUS": 0,
        "SANE": 0,
        "VALID": 0,
        "total": 4165
    },
    "percentage": {
        "ACTIVE": 44.94355032428537,
        "INACTIVE": 55.078031212484994,
        "INVALID": 0,
        "MALICIOUS": 0,
        "SANE": 0,
        "VALID": 0,
        "total": 100.02158153677036
    }
}