{
    "counter": {
        "ACTIVE": 4060,
        "INACTIVE": 5103,
        "INVALID": 0,
        "MALICIOUS": 0,
        "SANE": 0,
        "VALID": 0,
        "total": 9163
    },
    "percentage": {
        "ACTIVE": 44.30863254392666,
        "INACTIVE": 55.69744597249509,
        "INVALID": 0,
        "MALICIOUS": 0,
        "SANE": 0,
        "VALID": 0,
        "total": 100.00607851642175
    }
}