{
    "counter": {
        "ACTIVE": 33847,
        "INACTIVE": 42646,
        "INVALID": 0,
        "MALICIOUS": 0,
        "SANE": 0,
        "VALID": 0,
        "total": 76493
    },
    "percentage": {
        "ACTIVE": 44.24849332618671,
        "INACTIVE": 55.75150667381329,
        "INVALID": 0.0,
        "MALICIOUS": 0.0,
        "SANE": 0.0,
        "VALID": 0.0,
        "total": 100.0
    }
}