{
    "counter": {
        "ACTIVE": 10902,
        "INACTIVE": 13685,
        "INVALID": 0,
        "MALICIOUS": 0,
        "SANE": 0,
        "VALID": 0,
        "total": 24587
    },
    "percentage": {
        "ACTIVE": 44.340505144995326,
        "INACTIVE": 55.661758724477345,
        "INVALID": 0,
        "MALICIOUS": 0,
        "SANE": 0,
        "VALID": 0,
        "total": 100.00226386947267
    }
}