{
    "counter": {
        "ACTIVE": 37728,
        "INACTIVE": 46630,
        "INVALID": 0,
        "MALICIOUS": 0,
        "SANE": 0,
        "VALID": 0,
        "total": 84358
    },
    "percentage": {
        "ACTIVE": 44.723677659498804,
        "INACTIVE": 55.276322340501196,
        "INVALID": 0.0,
        "MALICIOUS": 0.0,
        "SANE": 0.0,
        "VALID": 0.0,
        "total": 100.0
    }
}