{
    "counter": {
        "ACTIVE": 8156,
        "INACTIVE": 10768,
        "INVALID": 0,
        "MALICIOUS": 0,
        "SANE": 0,
        "VALID": 0,
        "total": 18924
    },
    "percentage": {
        "ACTIVE": 43.11693804186932,
        "INACTIVE": 56.90128936799831,
        "INVALID": 0,
        "MALICIOUS": 0,
        "SANE": 0,
        "VALID": 0,
        "total": 100.01822740986762
    }
}