{
    "counter": {
        "ACTIVE": 19925,
        "INACTIVE": 25062,
        "INVALID": 0,
        "MALICIOUS": 0,
        "SANE": 0,
        "VALID": 0,
        "total": 44987
    },
    "percentage": {
        "ACTIVE": 44.29254195843059,
        "INACTIVE": 55.70942716784849,
        "INVALID": 0,
        "MALICIOUS": 0,
        "SANE": 0,
        "VALID": 0,
        "total": 100.00196912627908
    }
}