{
    "counter": {
        "ACTIVE": 34334,
        "INACTIVE": 43036,
        "INVALID": 0,
        "MALICIOUS": 0,
        "SANE": 0,
        "VALID": 0,
        "total": 77370
    },
    "percentage": {
        "ACTIVE": 44.37637327129379,
        "INACTIVE": 55.62362672870621,
        "INVALID": 0.0,
        "MALICIOUS": 0.0,
        "SANE": 0.0,
        "VALID": 0.0,
        "total": 100.0
    }
}