{
    "counter": {
        "ACTIVE": 40747,
        "INACTIVE": 54479,
        "INVALID": 0,
        "MALICIOUS": 0,
        "SANE": 0,
        "VALID": 0,
        "total": 95226
    },
    "percentage": {
        "ACTIVE": 42.78978430260643,
        "INACTIVE": 57.21021569739357,
        "INVALID": 0.0,
        "MALICIOUS": 0.0,
        "SANE": 0.0,
        "VALID": 0.0,
        "total": 100.0
    }
}