{
    "counter": {
        "ACTIVE": 23955,
        "INACTIVE": 29288,
        "INVALID": 0,
        "MALICIOUS": 0,
        "SANE": 0,
        "VALID": 0,
        "total": 53243
    },
    "percentage": {
        "ACTIVE": 44.9918299119133,
        "INACTIVE": 55.0081700880867,
        "INVALID": 0.0,
        "MALICIOUS": 0.0,
        "SANE": 0.0,
        "VALID": 0.0,
        "total": 100.0
    }
}