{
    "counter": {
        "ACTIVE": 23367,
        "INACTIVE": 28704,
        "INVALID": 0,
        "MALICIOUS": 0,
        "SANE": 0,
        "VALID": 0,
        "total": 52071
    },
    "percentage": {
        "ACTIVE": 44.87526646309846,
        "INACTIVE": 55.12473353690154,
        "INVALID": 0.0,
        "MALICIOUS": 0.0,
        "SANE": 0.0,
        "VALID": 0.0,
        "total": 100.0
    }
}