{
    "counter": {
        "ACTIVE": 12273,
        "INACTIVE": 15149,
        "INVALID": 0,
        "MALICIOUS": 0,
        "SANE": 0,
        "VALID": 0,
        "total": 27422
    },
    "percentage": {
        "ACTIVE": 44.75929978118162,
        "INACTIVE": 55.24396469987601,
        "INVALID": 0,
        "MALICIOUS": 0,
        "SANE": 0,
        "VALID": 0,
        "total": 100.00326448105763
    }
}