{
    "counter": {
        "ACTIVE": 38898,
        "INACTIVE": 48016,
        "INVALID": 0,
        "MALICIOUS": 0,
        "SANE": 0,
        "VALID": 0,
        "total": 86914
    },
    "percentage": {
        "ACTIVE": 44.75458499206112,
        "INACTIVE": 55.24541500793888,
        "INVALID": 0.0,
        "MALICIOUS": 0.0,
        "SANE": 0.0,
        "VALID": 0.0,
        "total": 100.0
    }
}