{
    "counter": {
        "ACTIVE": 39342,
        "INACTIVE": 48861,
        "INVALID": 0,
        "MALICIOUS": 0,
        "SANE": 0,
        "VALID": 0,
        "total": 88203
    },
    "percentage": {
        "ACTIVE": 44.60392503656338,
        "INACTIVE": 55.39607496343662,
        "INVALID": 0.0,
        "MALICIOUS": 0.0,
        "SANE": 0.0,
        "VALID": 0.0,
        "total": 100.0
    }
}