{
    "counter": {
        "ACTIVE": 8691,
        "INACTIVE": 11669,
        "INVALID": 0,
        "MALICIOUS": 0,
        "SANE": 0,
        "VALID": 0,
        "total": 20360
    },
    "percentage": {
        "ACTIVE": 42.68873716783732,
        "INACTIVE": 57.31335952848723,
        "INVALID": 0,
        "MALICIOUS": 0,
        "SANE": 0,
        "VALID": 0,
        "total": 100.00209669632454
    }
}