{
    "counter": {
        "ACTIVE": 7852,
        "INACTIVE": 10278,
        "INVALID": 0,
        "MALICIOUS": 0,
        "SANE": 0,
        "VALID": 0,
        "total": 18130
    },
    "percentage": {
        "ACTIVE": 43.30943188086045,
        "INACTIVE": 56.69682259488085,
        "INVALID": 0,
        "MALICIOUS": 0,
        "SANE": 0,
        "VALID": 0,
        "total": 100.0062544757413
    }
}