{
    "counter": {
        "ACTIVE": 28405,
        "INACTIVE": 36305,
        "INVALID": 0,
        "MALICIOUS": 0,
        "SANE": 0,
        "VALID": 0,
        "total": 64710
    },
    "percentage": {
        "ACTIVE": 43.89584299180961,
        "INACTIVE": 56.10502403066034,
        "INVALID": 0.0,
        "MALICIOUS": 0.0,
        "SANE": 0.0,
        "VALID": 0.0,
        "total": 100.00086702246995
    }
}