{
    "counter": {
        "ACTIVE": 12428,
        "INACTIVE": 15336,
        "INVALID": 0,
        "MALICIOUS": 0,
        "SANE": 0,
        "VALID": 0,
        "total": 27764
    },
    "percentage": {
        "ACTIVE": 44.76300244921481,
        "INACTIVE": 55.24296675191816,
        "INVALID": 0,
        "MALICIOUS": 0,
        "SANE": 0,
        "VALID": 0,
        "total": 100.00596920113297
    }
}