{
    "counter": {
        "ACTIVE": 16061,
        "INACTIVE": 21220,
        "INVALID": 0,
        "MALICIOUS": 0,
        "SANE": 0,
        "VALID": 0,
        "total": 37281
    },
    "percentage": {
        "ACTIVE": 43.091328611289974,
        "INACTIVE": 56.91907405917223,
        "INVALID": 0,
        "MALICIOUS": 0,
        "SANE": 0,
        "VALID": 0,
        "total": 100.01040267046221
    }
}