{
    "counter": {
        "ACTIVE": 6562,
        "INACTIVE": 8597,
        "INVALID": 0,
        "MALICIOUS": 0,
        "SANE": 0,
        "VALID": 0,
        "total": 15159
    },
    "percentage": {
        "ACTIVE": 43.28781581898542,
        "INACTIVE": 56.715925583850115,
        "INVALID": 0,
        "MALICIOUS": 0,
        "SANE": 0,
        "VALID": 0,
        "total": 100.00374140283554
    }
}