{
    "counter": {
        "ACTIVE": 26108,
        "INACTIVE": 33440,
        "INVALID": 0,
        "MALICIOUS": 0,
        "SANE": 0,
        "VALID": 0,
        "total": 59548
    },
    "percentage": {
        "ACTIVE": 43.84362195203869,
        "INACTIVE": 56.15637804796131,
        "INVALID": 0.0,
        "MALICIOUS": 0.0,
        "SANE": 0.0,
        "VALID": 0.0,
        "total": 100.0
    }
}