{
    "counter": {
        "ACTIVE": 2307,
        "INACTIVE": 3017,
        "INVALID": 0,
        "MALICIOUS": 0,
        "SANE": 0,
        "VALID": 0,
        "total": 5324
    },
    "percentage": {
        "ACTIVE": 43.3320811419985,
        "INACTIVE": 56.699868445780865,
        "INVALID": 0,
        "MALICIOUS": 0,
        "SANE": 0,
        "VALID": 0,
        "total": 100.03194958777937
    }
}