{
    "counter": {
        "ACTIVE": 22878,
        "INACTIVE": 27969,
        "INVALID": 0,
        "MALICIOUS": 0,
        "SANE": 0,
        "VALID": 0,
        "total": 50847
    },
    "percentage": {
        "ACTIVE": 44.993804944244495,
        "INACTIVE": 55.006195055755505,
        "INVALID": 0.0,
        "MALICIOUS": 0.0,
        "SANE": 0.0,
        "VALID": 0.0,
        "total": 100.0
    }
}