{
    "counter": {
        "ACTIVE": 17712,
        "INACTIVE": 22856,
        "INVALID": 0,
        "MALICIOUS": 0,
        "SANE": 0,
        "VALID": 0,
        "total": 40568
    },
    "percentage": {
        "ACTIVE": 43.66002760796687,
        "INACTIVE": 56.3455280544325,
        "INVALID": 0,
        "MALICIOUS": 0,
        "SANE": 0,
        "VALID": 0,
        "total": 100.00555566239936
    }
}