{
    "counter": {
        "ACTIVE": 12125,
        "INACTIVE": 14917,
        "INVALID": 0,
        "MALICIOUS": 0,
        "SANE": 0,
        "VALID": 0,
        "total": 27042
    },
    "percentage": {
        "ACTIVE": 44.84097633136095,
        "INACTIVE": 55.162340063604766,
        "INVALID": 0,
        "MALICIOUS": 0,
        "SANE": 0,
        "VALID": 0,
        "total": 100.00331639496571
    }
}