{
    "counter": {
        "ACTIVE": 12477,
        "INACTIVE": 15460,
        "INVALID": 0,
        "MALICIOUS": 0,
        "SANE": 0,
        "VALID": 0,
        "total": 27937
    },
    "percentage": {
        "ACTIVE": 44.66439949883659,
        "INACTIVE": 55.33879800980778,
        "INVALID": 0,
        "MALICIOUS": 0,
        "SANE": 0,
        "VALID": 0,
        "total": 100.00319750864438
    }
}