{
    "counter": {
        "ACTIVE": 15169,
        "INACTIVE": 20269,
        "INVALID": 0,
        "MALICIOUS": 0,
        "SANE": 0,
        "VALID": 0,
        "total": 35438
    },
    "percentage": {
        "ACTIVE": 42.80433433037982,
        "INACTIVE": 57.197279679431105,
        "INVALID": 0,
        "MALICIOUS": 0,
        "SANE": 0,
        "VALID": 0,
        "total": 100.00161400981092
    }
}