{
    "counter": {
        "ACTIVE": 24164,
        "INACTIVE": 29962,
        "INVALID": 0,
        "MALICIOUS": 0,
        "SANE": 0,
        "VALID": 0,
        "total": 54126
    },
    "percentage": {
        "ACTIVE": 44.64397886413184,
        "INACTIVE": 55.35602113586816,
        "INVALID": 0.0,
        "MALICIOUS": 0.0,
        "SANE": 0.0,
        "VALID": 0.0,
        "total": 100.0
    }
}