{
    "counter": {
        "ACTIVE": 5177,
        "INACTIVE": 6513,
        "INVALID": 0,
        "MALICIOUS": 0,
        "SANE": 0,
        "VALID": 0,
        "total": 11690
    },
    "percentage": {
        "ACTIVE": 44.285714285714285,
        "INACTIVE": 55.71905210026521,
        "INVALID": 0,
        "MALICIOUS": 0,
        "SANE": 0,
        "VALID": 0,
        "total": 100.0047663859795
    }
}