{
    "counter": {
        "ACTIVE": 28073,
        "INACTIVE": 35745,
        "INVALID": 0,
        "MALICIOUS": 0,
        "SANE": 0,
        "VALID": 0,
        "total": 63818
    },
    "percentage": {
        "ACTIVE": 43.989845965808485,
        "INACTIVE": 56.010843335736,
        "INVALID": 0.0,
        "MALICIOUS": 0.0,
        "SANE": 0.0,
        "VALID": 0.0,
        "total": 100.00068930154448
    }
}