{
    "counter": {
        "ACTIVE": 17972,
        "INACTIVE": 23100,
        "INVALID": 0,
        "MALICIOUS": 0,
        "SANE": 0,
        "VALID": 0,
        "total": 41072
    },
    "percentage": {
        "ACTIVE": 43.758369652552894,
        "INACTIVE": 56.24269575379821,
        "INVALID": 0,
        "MALICIOUS": 0,
        "SANE": 0,
        "VALID": 0,
        "total": 100.0010654063511
    }
}