{
    "counter": {
        "ACTIVE": 27481,
        "INACTIVE": 35207,
        "INVALID": 0,
        "MALICIOUS": 0,
        "SANE": 0,
        "VALID": 0,
        "total": 62688
    },
    "percentage": {
        "ACTIVE": 43.837736089841755,
        "INACTIVE": 56.162263910158245,
        "INVALID": 0.0,
        "MALICIOUS": 0.0,
        "SANE": 0.0,
        "VALID": 0.0,
        "total": 100.0
    }
}