{
    "counter": {
        "ACTIVE": 18014,
        "INACTIVE": 23149,
        "INVALID": 0,
        "MALICIOUS": 0,
        "SANE": 0,
        "VALID": 0,
        "total": 41163
    },
    "percentage": {
        "ACTIVE": 43.774300155521,
        "INACTIVE": 56.23739766294974,
        "INVALID": 0,
        "MALICIOUS": 0,
        "SANE": 0,
        "VALID": 0,
        "total": 100.01169781847074
    }
}