{
    "counter": {
        "ACTIVE": 9528,
        "INACTIVE": 12673,
        "INVALID": 0,
        "MALICIOUS": 0,
        "SANE": 0,
        "VALID": 0,
        "total": 22201
    },
    "percentage": {
        "ACTIVE": 42.92085229064372,
        "INACTIVE": 57.0830142786361,
        "INVALID": 0,
        "MALICIOUS": 0,
        "SANE": 0,
        "VALID": 0,
        "total": 100.00386656927982
    }
}