{
    "counter": {
        "ACTIVE": 40608,
        "INACTIVE": 53937,
        "INVALID": 0,
        "MALICIOUS": 0,
        "SANE": 0,
        "VALID": 0,
        "total": 94545
    },
    "percentage": {
        "ACTIVE": 42.950975725844835,
        "INACTIVE": 57.049024274155165,
        "INVALID": 0.0,
        "MALICIOUS": 0.0,
        "SANE": 0.0,
        "VALID": 0.0,
        "total": 100.0
    }
}