{
    "counter": {
        "ACTIVE": 22992,
        "INACTIVE": 28134,
        "INVALID": 0,
        "MALICIOUS": 0,
        "SANE": 0,
        "VALID": 0,
        "total": 51126
    },
    "percentage": {
        "ACTIVE": 44.97124750616125,
        "INACTIVE": 55.02875249383875,
        "INVALID": 0.0,
        "MALICIOUS": 0.0,
        "SANE": 0.0,
        "VALID": 0.0,
        "total": 100.0
    }
}