{
    "counter": {
        "ACTIVE": 21210,
        "INACTIVE": 26155,
        "INVALID": 0,
        "MALICIOUS": 0,
        "SANE": 0,
        "VALID": 0,
        "total": 47365
    },
    "percentage": {
        "ACTIVE": 44.78084621231315,
        "INACTIVE": 55.22009922938879,
        "INVALID": 0,
        "MALICIOUS": 0,
        "SANE": 0,
        "VALID": 0,
        "total": 100.00094544170193
    }
}