{
    "counter": {
        "ACTIVE": 15273,
        "INACTIVE": 20378,
        "INVALID": 0,
        "MALICIOUS": 0,
        "SANE": 0,
        "VALID": 0,
        "total": 35651
    },
    "percentage": {
        "ACTIVE": 42.84031303469748,
        "INACTIVE": 57.16129032258065,
        "INVALID": 0,
        "MALICIOUS": 0,
        "SANE": 0,
        "VALID": 0,
        "total": 100.00160335727813
    }
}