{
    "counter": {
        "ACTIVE": 40918,
        "INACTIVE": 54597,
        "INVALID": 0,
        "MALICIOUS": 0,
        "SANE": 0,
        "VALID": 0,
        "total": 95515
    },
    "percentage": {
        "ACTIVE": 42.83934460555933,
        "INACTIVE": 57.16065539444067,
        "INVALID": 0.0,
        "MALICIOUS": 0.0,
        "SANE": 0.0,
        "VALID": 0.0,
        "total": 100.0
    }
}