{
    "counter": {
        "ACTIVE": 1041,
        "INACTIVE": 1296,
        "INVALID": 0,
        "MALICIOUS": 0,
        "SANE": 0,
        "VALID": 0,
        "total": 2337
    },
    "percentage": {
        "ACTIVE": 44.54428754813864,
        "INACTIVE": 55.5746140651801,
        "INVALID": 0,
        "MALICIOUS": 0,
        "SANE": 0,
        "VALID": 0,
        "total": 100.11890161331874
    }
}