{
    "counter": {
        "ACTIVE": 27167,
        "INACTIVE": 34809,
        "INVALID": 0,
        "MALICIOUS": 0,
        "SANE": 0,
        "VALID": 0,
        "total": 61976
    },
    "percentage": {
        "ACTIVE": 43.834710210404026,
        "INACTIVE": 56.165289789595974,
        "INVALID": 0.0,
        "MALICIOUS": 0.0,
        "SANE": 0.0,
        "VALID": 0.0,
        "total": 100.0
    }
}