{
    "counter": {
        "ACTIVE": 12578,
        "INACTIVE": 15704,
        "INVALID": 0,
        "MALICIOUS": 0,
        "SANE": 0,
        "VALID": 0,
        "total": 28282
    },
    "percentage": {
        "ACTIVE": 44.478234732487,
        "INACTIVE": 55.52648327558164,
        "INVALID": 0,
        "MALICIOUS": 0,
        "SANE": 0,
        "VALID": 0,
        "total": 100.00471800806864
    }
}