{
    "counter": {
        "ACTIVE": 39490,
        "INACTIVE": 49224,
        "INVALID": 0,
        "MALICIOUS": 0,
        "SANE": 0,
        "VALID": 0,
        "total": 88714
    },
    "percentage": {
        "ACTIVE": 44.51383096241856,
        "INACTIVE": 55.48616903758144,
        "INVALID": 0.0,
        "MALICIOUS": 0.0,
        "SANE": 0.0,
        "VALID": 0.0,
        "total": 100.0
    }
}