{
    "counter": {
        "ACTIVE": 38819,
        "INACTIVE": 47938,
        "INVALID": 0,
        "MALICIOUS": 0,
        "SANE": 0,
        "VALID": 0,
        "total": 86757
    },
    "percentage": {
        "ACTIVE": 44.74451629263345,
        "INACTIVE": 55.25548370736655,
        "INVALID": 0.0,
        "MALICIOUS": 0.0,
        "SANE": 0.0,
        "VALID": 0.0,
        "total": 100.0
    }
}