{
    "counter": {
        "ACTIVE": 34448,
        "INACTIVE": 43138,
        "INVALID": 0,
        "MALICIOUS": 0,
        "SANE": 0,
        "VALID": 0,
        "total": 77586
    },
    "percentage": {
        "ACTIVE": 44.39976284381203,
        "INACTIVE": 55.60023715618797,
        "INVALID": 0.0,
        "MALICIOUS": 0.0,
        "SANE": 0.0,
        "VALID": 0.0,
        "total": 100.0
    }
}