{
    "counter": {
        "ACTIVE": 35559,
        "INACTIVE": 44541,
        "INVALID": 0,
        "MALICIOUS": 0,
        "SANE": 0,
        "VALID": 0,
        "total": 80100
    },
    "percentage": {
        "ACTIVE": 44.39325842696629,
        "INACTIVE": 55.60674157303371,
        "INVALID": 0.0,
        "MALICIOUS": 0.0,
        "SANE": 0.0,
        "VALID": 0.0,
        "total": 100.0
    }
}