{
    "counter": {
        "ACTIVE": 17354,
        "INACTIVE": 22443,
        "INVALID": 0,
        "MALICIOUS": 0,
        "SANE": 0,
        "VALID": 0,
        "total": 39797
    },
    "percentage": {
        "ACTIVE": 43.6063019825615,
        "INACTIVE": 56.39511508694341,
        "INVALID": 0,
        "MALICIOUS": 0,
        "SANE": 0,
        "VALID": 0,
        "total": 100.00141706950491
    }
}