{
    "counter": {
        "ACTIVE": 23980,
        "INACTIVE": 29328,
        "INVALID": 0,
        "MALICIOUS": 0,
        "SANE": 0,
        "VALID": 0,
        "total": 53308
    },
    "percentage": {
        "ACTIVE": 44.98386733698507,
        "INACTIVE": 55.01613266301493,
        "INVALID": 0.0,
        "MALICIOUS": 0.0,
        "SANE": 0.0,
        "VALID": 0.0,
        "total": 100.0
    }
}