{
    "counter": {
        "ACTIVE": 28438,
        "INACTIVE": 36340,
        "INVALID": 0,
        "MALICIOUS": 0,
        "SANE": 0,
        "VALID": 0,
        "total": 64778
    },
    "percentage": {
        "ACTIVE": 43.9013847507603,
        "INACTIVE": 56.09929296983544,
        "INVALID": 0.0,
        "MALICIOUS": 0.0,
        "SANE": 0.0,
        "VALID": 0.0,
        "total": 100.00067772059575
    }
}