{
    "counter": {
        "ACTIVE": 7364,
        "INACTIVE": 9730,
        "INVALID": 0,
        "MALICIOUS": 0,
        "SANE": 0,
        "VALID": 0,
        "total": 17094
    },
    "percentage": {
        "ACTIVE": 43.094569288389515,
        "INACTIVE": 56.92055692055692,
        "INVALID": 0,
        "MALICIOUS": 0,
        "SANE": 0,
        "VALID": 0,
        "total": 100.01512620894644
    }
}