{
    "counter": {
        "ACTIVE": 5807,
        "INACTIVE": 7267,
        "INVALID": 0,
        "MALICIOUS": 0,
        "SANE": 0,
        "VALID": 0,
        "total": 13074
    },
    "percentage": {
        "ACTIVE": 44.41639895976748,
        "INACTIVE": 55.58785282643617,
        "INVALID": 0,
        "MALICIOUS": 0,
        "SANE": 0,
        "VALID": 0,
        "total": 100.00425178620364
    }
}