{
    "counter": {
        "ACTIVE": 13726,
        "INACTIVE": 17977,
        "INVALID": 0,
        "MALICIOUS": 0,
        "SANE": 0,
        "VALID": 0,
        "total": 31703
    },
    "percentage": {
        "ACTIVE": 43.295587168406776,
        "INACTIVE": 56.70620150148255,
        "INVALID": 0,
        "MALICIOUS": 0,
        "SANE": 0,
        "VALID": 0,
        "total": 100.00178866988932
    }
}