{
    "counter": {
        "ACTIVE": 21629,
        "INACTIVE": 26590,
        "INVALID": 0,
        "MALICIOUS": 0,
        "SANE": 0,
        "VALID": 0,
        "total": 48219
    },
    "percentage": {
        "ACTIVE": 44.85576225139468,
        "INACTIVE": 55.14423774860532,
        "INVALID": 0.0,
        "MALICIOUS": 0.0,
        "SANE": 0.0,
        "VALID": 0.0,
        "total": 100.0
    }
}