{
    "counter": {
        "ACTIVE": 26339,
        "INACTIVE": 33730,
        "INVALID": 0,
        "MALICIOUS": 0,
        "SANE": 0,
        "VALID": 0,
        "total": 60069
    },
    "percentage": {
        "ACTIVE": 43.84790823885864,
        "INACTIVE": 56.15209176114136,
        "INVALID": 0.0,
        "MALICIOUS": 0.0,
        "SANE": 0.0,
        "VALID": 0.0,
        "total": 100.0
    }
}