{
    "counter": {
        "ACTIVE": 17856,
        "INACTIVE": 22980,
        "INVALID": 0,
        "MALICIOUS": 0,
        "SANE": 0,
        "VALID": 0,
        "total": 40836
    },
    "percentage": {
        "ACTIVE": 43.7282656609688,
        "INACTIVE": 56.273875991771966,
        "INVALID": 0,
        "MALICIOUS": 0,
        "SANE": 0,
        "VALID": 0,
        "total": 100.00214165274076
    }
}