{
    "counter": {
        "ACTIVE": 10275,
        "INACTIVE": 13204,
        "INVALID": 0,
        "MALICIOUS": 0,
        "SANE": 0,
        "VALID": 0,
        "total": 23479
    },
    "percentage": {
        "ACTIVE": 43.77183266592826,
        "INACTIVE": 56.23748881979641,
        "INVALID": 0,
        "MALICIOUS": 0,
        "SANE": 0,
        "VALID": 0,
        "total": 100.00932148572467
    }
}