{
    "counter": {
        "ACTIVE": 15341,
        "INACTIVE": 20542,
        "INVALID": 0,
        "MALICIOUS": 0,
        "SANE": 0,
        "VALID": 0,
        "total": 35883
    },
    "percentage": {
        "ACTIVE": 42.75521863939132,
        "INACTIVE": 57.24716439539615,
        "INVALID": 0,
        "MALICIOUS": 0,
        "SANE": 0,
        "VALID": 0,
        "total": 100.00238303478747
    }
}