{
    "counter": {
        "ACTIVE": 34132,
        "INACTIVE": 42839,
        "INVALID": 0,
        "MALICIOUS": 0,
        "SANE": 0,
        "VALID": 0,
        "total": 76971
    },
    "percentage": {
        "ACTIVE": 44.34397370438217,
        "INACTIVE": 55.65602629561783,
        "INVALID": 0.0,
        "MALICIOUS": 0.0,
        "SANE": 0.0,
        "VALID": 0.0,
        "total": 100.0
    }
}