{
    "counter": {
        "ACTIVE": 24977,
        "INACTIVE": 30935,
        "INVALID": 0,
        "MALICIOUS": 0,
        "SANE": 0,
        "VALID": 0,
        "total": 55912
    },
    "percentage": {
        "ACTIVE": 44.67198454714551,
        "INACTIVE": 55.32801545285449,
        "INVALID": 0.0,
        "MALICIOUS": 0.0,
        "SANE": 0.0,
        "VALID": 0.0,
        "total": 100.0
    }
}