{
    "counter": {
        "ACTIVE": 14993,
        "INACTIVE": 20102,
        "INVALID": 0,
        "MALICIOUS": 0,
        "SANE": 0,
        "VALID": 0,
        "total": 35095
    },
    "percentage": {
        "ACTIVE": 42.72118535403904,
        "INACTIVE": 57.28207904710341,
        "INVALID": 0,
        "MALICIOUS": 0,
        "SANE": 0,
        "VALID": 0,
        "total": 100.00326440114245
    }
}