{
    "counter": {
        "ACTIVE": 24297,
        "INACTIVE": 30229,
        "INVALID": 0,
        "MALICIOUS": 0,
        "SANE": 0,
        "VALID": 0,
        "total": 54526
    },
    "percentage": {
        "ACTIVE": 44.56039320691046,
        "INACTIVE": 55.43960679308954,
        "INVALID": 0.0,
        "MALICIOUS": 0.0,
        "SANE": 0.0,
        "VALID": 0.0,
        "total": 100.0
    }
}