{
    "counter": {
        "ACTIVE": 20869,
        "INACTIVE": 25791,
        "INVALID": 0,
        "MALICIOUS": 0,
        "SANE": 0,
        "VALID": 0,
        "total": 46660
    },
    "percentage": {
        "ACTIVE": 44.72567509644235,
        "INACTIVE": 55.276694243216596,
        "INVALID": 0,
        "MALICIOUS": 0,
        "SANE": 0,
        "VALID": 0,
        "total": 100.00236933965894
    }
}