{
    "counter": {
        "ACTIVE": 16428,
        "INACTIVE": 21521,
        "INVALID": 0,
        "MALICIOUS": 0,
        "SANE": 0,
        "VALID": 0,
        "total": 37949
    },
    "percentage": {
        "ACTIVE": 43.29195983872243,
        "INACTIVE": 56.71032174760863,
        "INVALID": 0,
        "MALICIOUS": 0,
        "SANE": 0,
        "VALID": 0,
        "total": 100.00228158633107
    }
}