{
    "counter": {
        "ACTIVE": 43641,
        "INACTIVE": 58524,
        "INVALID": 0,
        "MALICIOUS": 0,
        "SANE": 0,
        "VALID": 0,
        "total": 102165
    },
    "percentage": {
        "ACTIVE": 42.71619439142564,
        "INACTIVE": 57.28380560857436,
        "INVALID": 0.0,
        "MALICIOUS": 0.0,
        "SANE": 0.0,
        "VALID": 0.0,
        "total": 100.0
    }
}