{
    "counter": {
        "ACTIVE": 34785,
        "INACTIVE": 43390,
        "INVALID": 0,
        "MALICIOUS": 0,
        "SANE": 0,
        "VALID": 0,
        "total": 78175
    },
    "percentage": {
        "ACTIVE": 44.496322353693635,
        "INACTIVE": 55.503677646306365,
        "INVALID": 0.0,
        "MALICIOUS": 0.0,
        "SANE": 0.0,
        "VALID": 0.0,
        "total": 100.0
    }
}