{
    "counter": {
        "ACTIVE": 1902,
        "INACTIVE": 2392,
        "INVALID": 0,
        "MALICIOUS": 0,
        "SANE": 0,
        "VALID": 0,
        "total": 4294
    },
    "percentage": {
        "ACTIVE": 44.3666899930021,
        "INACTIVE": 55.70563577084304,
        "INVALID": 0,
        "MALICIOUS": 0,
        "SANE": 0,
        "VALID": 0,
        "total": 100.07232576384513
    }
}