{
    "counter": {
        "ACTIVE": 10167,
        "INACTIVE": 13101,
        "INVALID": 0,
        "MALICIOUS": 0,
        "SANE": 0,
        "VALID": 0,
        "total": 23268
    },
    "percentage": {
        "ACTIVE": 43.702716643741404,
        "INACTIVE": 56.30479628674575,
        "INVALID": 0,
        "MALICIOUS": 0,
        "SANE": 0,
        "VALID": 0,
        "total": 100.00751293048715
    }
}