{
    "counter": {
        "ACTIVE": 37775,
        "INACTIVE": 46737,
        "INVALID": 0,
        "MALICIOUS": 0,
        "SANE": 0,
        "VALID": 0,
        "total": 84512
    },
    "percentage": {
        "ACTIVE": 44.6977943960621,
        "INACTIVE": 55.3022056039379,
        "INVALID": 0.0,
        "MALICIOUS": 0.0,
        "SANE": 0.0,
        "VALID": 0.0,
        "total": 100.0
    }
}