{
    "counter": {
        "ACTIVE": 33227,
        "INACTIVE": 41897,
        "INVALID": 0,
        "MALICIOUS": 0,
        "SANE": 0,
        "VALID": 0,
        "total": 75124
    },
    "percentage": {
        "ACTIVE": 44.22954049305149,
        "INACTIVE": 55.77045950694851,
        "INVALID": 0.0,
        "MALICIOUS": 0.0,
        "SANE": 0.0,
        "VALID": 0.0,
        "total": 100.0
    }
}