{
    "counter": {
        "ACTIVE": 36970,
        "INACTIVE": 46017,
        "INVALID": 0,
        "MALICIOUS": 0,
        "SANE": 0,
        "VALID": 0,
        "total": 82987
    },
    "percentage": {
        "ACTIVE": 44.54914625182258,
        "INACTIVE": 55.45085374817742,
        "INVALID": 0.0,
        "MALICIOUS": 0.0,
        "SANE": 0.0,
        "VALID": 0.0,
        "total": 100.0
    }
}