{
    "counter": {
        "ACTIVE": 36484,
        "INACTIVE": 45616,
        "INVALID": 0,
        "MALICIOUS": 0,
        "SANE": 0,
        "VALID": 0,
        "total": 82100
    },
    "percentage": {
        "ACTIVE": 44.438489646772226,
        "INACTIVE": 55.561510353227774,
        "INVALID": 0.0,
        "MALICIOUS": 0.0,
        "SANE": 0.0,
        "VALID": 0.0,
        "total": 100.0
    }
}