{
    "counter": {
        "ACTIVE": 37817,
        "INACTIVE": 46802,
        "INVALID": 0,
        "MALICIOUS": 0,
        "SANE": 0,
        "VALID": 0,
        "total": 84619
    },
    "percentage": {
        "ACTIVE": 44.690908661175385,
        "INACTIVE": 55.309091338824615,
        "INVALID": 0.0,
        "MALICIOUS": 0.0,
        "SANE": 0.0,
        "VALID": 0.0,
        "total": 100.0
    }
}