{
    "counter": {
        "ACTIVE": 15698,
        "INACTIVE": 20998,
        "INVALID": 0,
        "MALICIOUS": 0,
        "SANE": 0,
        "VALID": 0,
        "total": 36696
    },
    "percentage": {
        "ACTIVE": 42.780836103995206,
        "INACTIVE": 57.221495530848046,
        "INVALID": 0,
        "MALICIOUS": 0,
        "SANE": 0,
        "VALID": 0,
        "total": 100.00233163484324
    }
}