{
    "counter": {
        "ACTIVE": 280,
        "INACTIVE": 388,
        "INVALID": 0,
        "MALICIOUS": 0,
        "SANE": 0,
        "VALID": 0,
        "total": 668
    },
    "percentage": {
        "ACTIVE": 41.97901049475262,
        "INACTIVE": 58.08383233532934,
        "INVALID": 0,
        "MALICIOUS": 0,
        "SANE": 0,
        "VALID": 0,
        "total": 100.06284283008196
    }
}