{
    "counter": {
        "ACTIVE": 18712,
        "INACTIVE": 23747,
        "INVALID": 0,
        "MALICIOUS": 0,
        "SANE": 0,
        "VALID": 0,
        "total": 42459
    },
    "percentage": {
        "ACTIVE": 44.07282662458488,
        "INACTIVE": 55.92924939353259,
        "INVALID": 0,
        "MALICIOUS": 0,
        "SANE": 0,
        "VALID": 0,
        "total": 100.00207601811746
    }
}